ID Number,Name,Fed,Sex,Title,WTit,OTit,Rating,Gms,K,RatingMonth,B-day,Flag
23776951,"Abdrakhmanova, Aidana",CZE,F,,,,1558,0,40,APR26,1996,wi
346489,"Abelyan, Murad",CZE,M,,,,1818,0,20,APR26,1998,i
23767294,"Abraham, Darien",CZE,M,,,,1503,5,40,APR26,2013,
307149,"Abraham, Karel",CZE,M,,,,1869,0,20,APR26,1940,i
23766301,"Abrahamek, David",CZE,M,,,,1581,0,20,APR26,1988,
393509,"Achylis, Milos",CZE,M,,,,1837,0,20,APR26,1944,i
23716851,"Adam, Dominik",CZE,M,,,,1626,0,20,APR26,2000,i
23754311,"Adam, Frantisek",CZE,M,,,,1699,0,40,APR26,2012,
343625,"Adamcik, Bohdan",CZE,M,,,,1835,0,20,APR26,1972,i
387622,"Adamcik, David",CZE,M,,,,1794,0,20,APR26,1987,i
23786876,"Adamcik, Jakub",CZE,M,,,,1431,0,40,APR26,2016,
393797,"Adamcik, Jan",CZE,M,,,,1521,0,20,APR26,1998,i
314706,"Adamcik, Martin",CZE,M,,NA,,2142,0,20,APR26,1965,i
345172,"Adamczyk, Martin",CZE,M,,,,1681,0,20,APR26,1999,i
335746,"Adame, Vladimir",CZE,M,,,,1941,0,20,APR26,1976,i
23752866,"Adamec, Ondrej",CZE,M,,,,1476,0,40,APR26,2006,i
23772735,"Adamec, Petr",CZE,M,,,,1489,0,40,APR26,2015,
23776307,"Adamek, Jan",CZE,M,,,,1750,0,40,APR26,2008,
315702,"Adamek, Jiri",CZE,M,FM,,,2268,0,20,APR26,1986,
23717890,"Adamek, Martin",CZE,M,,,,1524,0,20,APR26,1988,i
373354,"Adamek, Milan",CZE,M,,,,1899,0,20,APR26,1958,i
378690,"Adamek, Vladimir",CZE,M,,,,1956,0,20,APR26,1988,i
305065,"Adamek, Zdenek",CZE,M,,,,2126,0,20,APR26,1974,i
23744286,"Afacan, Erman Hasan",CZE,M,,,,1635,3,20,APR26,1988,
23761911,"Aggarwal, Atharv",CZE,M,,,,1439,0,40,APR26,2010,i
23777753,"Aghayev, Kamil",CZE,M,,,,1692,0,40,APR26,2010,i
337294804,"Ahmed, Unis",CZE,M,,,,1862,0,20,APR26,1985,i
23776960,"Akayay, Hasan Aras",CZE,M,,,,1590,0,40,APR26,2013,i
23734710,"Akerman, Jan",CZE,M,,,,1707,0,20,APR26,1954,i
23787155,"Akopashvili, Avtandil",CZE,M,,,,1524,0,40,APR26,1987,i
347744,"Al Masani, Abdul",CZE,M,,,,1882,0,20,APR26,1955,i
9400206,"Al-Dhabbi, Fares",CZE,M,,,,1828,0,20,APR26,1985,i
23775033,"Al-Kershi, Habib",CZE,M,,,,1550,0,40,APR26,2007,i
315699,"Albertovic, Lukas",CZE,M,,,,1894,0,20,APR26,1977,i
23766123,"Aleksandrov, Nedelko",CZE,M,,,,1617,0,20,APR26,1980,
23769416,"Alex, David",CZE,M,,,,1595,0,40,APR26,2008,i
375250,"Alexandr, Petr",CZE,M,,,,1725,0,20,APR26,1972,i
351083,"Alfimov, Igor",CZE,M,,,,1956,0,20,APR26,1995,i
23762519,"Aliyev, Ilkin",CZE,M,,,,1772,0,20,APR26,1981,i
23762624,"Alizada, Farhad",CZE,M,,,,1609,0,20,APR26,1991,i
382620,"Altman, Pavel",CZE,M,,,,1838,0,20,APR26,1964,
314463,"Ambroz, Antonin",CZE,M,,,,1989,0,20,APR26,1948,i
23755768,"Amin, Ibrahem",CZE,M,,,,1635,0,40,APR26,2005,i
357790,"Anaskin, Arsenij",CZE,M,,,,2202,0,20,APR26,2000,i
385565,"Andel, Vit",CZE,M,,,,1684,0,20,APR26,2003,i
23726024,"Andilova, Klara",CZE,F,,NA,,1607,0,40,APR26,2008,w
23753099,"Andres Cerezo, Juan",CZE,M,,,,1734,0,20,APR26,1980,i
23718749,"Andrle, Filip",CZE,M,,,,1919,0,40,APR26,2009,
23718757,"Andrle, Lukas",CZE,M,,,,1532,0,40,APR26,2006,i
23787546,"Andrs, Stepan",CZE,M,,,,1615,0,40,APR26,2009,i
34103708,"Andrusevych, Andriy",CZE,M,,,,1607,0,40,APR26,2008,i
23764740,"Anokhin, Daniel",CZE,M,,,,1572,0,40,APR26,2010,
23780606,"Ansh, Nair",CZE,M,,,,1464,6,40,APR26,2017,
23781351,"Antl, Frantisek",CZE,M,,,,1488,0,40,APR26,2011,
23710098,"Antl, Patrik",CZE,M,,,,1772,0,20,APR26,1991,i
23725117,"Antos, David",CZE,M,,,,1555,0,20,APR26,2000,i
23750804,"Antos, Jakub",CZE,M,,,,1657,3,40,APR26,2016,
23792647,"Arancio, Jeremy",CZE,M,,,,1611,0,40,APR26,1993,
23744707,"Archlebova, Eva",CZE,F,,,,1423,0,40,APR26,2011,w
23744715,"Archlebova, Iva",CZE,F,,,,1419,0,40,APR26,2011,w
23727039,"Archlebova, Stela",CZE,F,,,,1516,0,40,APR26,2008,wi
23732946,"Artamonov, Mikhail",CZE,M,,,,1917,6,40,APR26,2012,
391352,"Asatryan, Manvel",CZE,M,,,,1917,0,20,APR26,2003,i
363847,"Aubrecht, Petr",CZE,M,,,,1959,0,20,APR26,2000,
393657,"Aubrechtova, Zuzana",CZE,F,,,,1569,0,20,APR26,2004,wi
23780436,"Augsten, Eduard",CZE,M,,,,1435,0,40,APR26,2007,
23768428,"Augustyn, Ondrej",CZE,M,,,,1801,8,40,APR26,2011,
23768436,"Augustyn, Patrik",CZE,M,,,,1748,9,40,APR26,2011,
23732806,"Ausperger, Vit",CZE,M,,,,1614,0,40,APR26,2011,
385867,"Ayriyan, Bella",CZE,F,,,,1877,0,20,APR26,1986,wi
23790776,"Babchenko, Stanislav",CZE,M,,,,1446,0,40,APR26,1994,
23731320,"Babic, Danil",CZE,M,,,,1444,0,40,APR26,2006,
351849,"Babicka, Michal",CZE,M,,,,2004,0,20,APR26,1995,i
23774444,"Babicky, Jan",CZE,M,,,,1748,7,40,APR26,2009,
385964,"Babis, Zdenek",CZE,M,,,,1585,0,20,APR26,1946,
398322,"Babula, Matej",CZE,M,,,,1913,0,40,APR26,2009,
300632,"Babula, Milan",CZE,M,IM,,,2189,0,20,APR26,1950,
23730102,"Babula, Tomas",CZE,M,,,,1772,0,40,APR26,2011,
301264,"Babula, Vlastimil",CZE,M,GM,,,2511,0,10,APR26,1973,
391930,"Babula, Vlastimil",CZE,M,FM,,,2289,0,20,APR26,2006,
23751029,"Babulova, Mariana",CZE,F,,,,1782,0,20,APR26,1979,w
23720158,"Babusek, Libor",CZE,M,,,,1719,0,20,APR26,1965,i
315176,"Bacak, Petr",CZE,M,,,,1959,7,20,APR26,1982,
303232,"Bacak, Petr",CZE,M,,,,1939,0,20,APR26,1960,i
370037,"Bachan, Lukas",CZE,M,,,,1817,0,20,APR26,1987,
318124,"Bachorik, Otto",CZE,M,,,,2115,0,20,APR26,1962,i
23774517,"Baco, Jan",CZE,M,,,,1640,0,20,APR26,1957,
318736,"Badacova, Irena",CZE,F,,,,1785,0,20,APR26,1975,wi
366730,"Bagar, Miroslav",CZE,M,,,,1657,0,20,APR26,1951,i
310077,"Baier, Pavel",CZE,M,,,,2020,0,20,APR26,1975,i
335762,"Bainhofner, Jiri",CZE,M,,,,1750,0,20,APR26,1947,
343706,"Bajcar, Tomas",CZE,M,,,,1945,0,20,APR26,1975,
354481,"Bajer, Jiri",CZE,M,,,,1834,0,20,APR26,1956,
300594,"Bakalar, Petr",CZE,M,FM,,,2144,0,20,APR26,1970,i
23739398,"Bala, Matej",CZE,M,,,,1736,0,40,APR26,2010,i
23786167,"Balaban, Jiri",CZE,M,,,,1647,0,40,APR26,2015,
23786175,"Balaban, Jiri",CZE,M,,,,1590,0,40,APR26,1995,
327646,"Balacek, Tadeas",CZE,M,CM,FA,,2293,0,20,APR26,1995,
23707593,"Baladova, Jana",CZE,F,,,,1632,0,20,APR26,1981,wi
23782110,"Balaj, Jakub",CZE,M,,,,1562,0,40,APR26,2011,
394076,"Balalova, Adela",CZE,F,,,,1581,0,20,APR26,2001,wi
371262,"Balaz, Frantisek",CZE,M,,,,1897,0,20,APR26,1992,i
23793686,"Balaz, Jakub",CZE,M,,,,1777,5,40,APR26,2015,
318078,"Balazec, Ludovit",CZE,M,,,,1823,0,20,APR26,1964,
23720700,"Balazova, Viktorie",CZE,F,,,,1609,0,20,APR26,1997,wi
23700998,"Balcar, Michal",CZE,M,,,,1575,0,40,APR26,2005,i
23701005,"Balcar, Vojtech",CZE,M,,,,1629,0,20,APR26,2001,i
370886,"Balek, Filip",CZE,M,,,,1789,0,20,APR26,2000,i
370100,"Balek, Jiri",CZE,M,,,,1763,0,20,APR26,1977,i
380954,"Balin, Daniel",CZE,M,,,,1980,0,20,APR26,2003,i
315451,"Balin, Jan",CZE,M,,,,2328,0,20,APR26,1985,i
313785,"Balin, Kamil",CZE,M,,,,2068,0,20,APR26,1979,i
23768444,"Balko, Martin",CZE,M,,,,1467,0,40,APR26,1987,i
23762195,"Balmus, Alexa",CZE,F,,,,1770,11,40,APR26,2015,w
357901,"Balogh, Milan",CZE,M,,,,1849,0,20,APR26,1980,i
23772875,"Baloun, Milan",CZE,M,,,,1403,0,40,APR26,2013,i
318132,"Balsinek, Pavel",CZE,M,,,,2038,0,20,APR26,1975,i
23776978,"Baltynov, Madi",CZE,M,,,,1737,19,40,APR26,2018,
23775459,"Baltynov, Turar",CZE,M,,,,1752,17,20,APR26,1987,
351857,"Balvin, Rudolf",CZE,M,,,,1675,0,20,APR26,1952,
387070,"Bambousek, Zdenek",CZE,M,,,,1677,0,20,APR26,1950,
23754150,"Bambuch, Lukas",CZE,M,,,,1450,0,40,APR26,2010,i
23767561,"Bambuch, Patrik",CZE,M,,,,1488,0,40,APR26,2010,i
23724811,"Bambuch, Tomas",CZE,M,,,,1683,0,40,APR26,1979,i
23716150,"Bara, Jan",CZE,M,,,,2000,9,40,APR26,2012,
386316,"Bara, Josef",CZE,M,,,,1692,0,20,APR26,1999,i
377694,"Bara, Josef",CZE,M,,,,1638,0,20,APR26,1973,i
353396,"Barabas, Ales",CZE,M,,,,1798,6,20,APR26,1959,
387347,"Barak, David",CZE,M,,,,1986,0,20,APR26,2004,i
23793970,"Baran, Ladislav",CZE,M,,,,1503,2,40,APR26,1979,
23739134,"Baranek, Jan",CZE,M,,,,1621,5,40,APR26,2009,
23715910,"Barcik, Peter",CZE,M,,,,1473,8,20,APR26,1953,
345075,"Bares, Jachym",CZE,M,,,,1998,0,20,APR26,1999,i
23776315,"Bares, Ondrej",CZE,M,,,,1553,0,40,APR26,2010,i
339261,"Barg, Katerina",CZE,F,,,,1640,0,20,APR26,1992,wi
309141,"Bargel, Martin",CZE,M,,,,1986,0,20,APR26,1977,
23716169,"Barilo, Petr",CZE,M,,,,1543,0,40,APR26,2008,i
23739495,"Barina, Marek",CZE,M,,,,1633,0,20,APR26,1997,i
335789,"Barotek, Martin",CZE,M,,,,1955,0,20,APR26,1955,i
23761253,"Barrington, Juan",CZE,M,,,,1491,0,40,APR26,2007,
23760605,"Barta, Barnabas",CZE,M,,,,1582,0,40,APR26,2005,i
391360,"Barta, David",CZE,M,,,,1689,0,40,APR26,2008,i
23782838,"Barta, Filip",CZE,M,,,,1599,0,40,APR26,1978,
304433,"Barta, Jan",CZE,M,,,,1878,0,20,APR26,1955,i
23741155,"Barta, Radek",CZE,M,,,,1807,0,20,APR26,1993,i
23712252,"Bartak, Josef",CZE,M,,,,1840,0,40,APR26,2009,
356700,"Bartak, Pavel",CZE,M,,,,1990,0,20,APR26,1968,i
23753544,"Bartak, Tobias",CZE,M,,,,1691,0,40,APR26,2014,i
335797,"Bartas, Pavel",CZE,M,,,,1921,0,20,APR26,1990,i
343633,"Bartecek, Ladislav",CZE,M,,,,1774,0,20,APR26,1942,i
23731761,"Barteckova, Nikol",CZE,F,,,,1593,0,40,APR26,2011,wi
23724005,"Barteckova, Valerie",CZE,F,,,,1606,0,40,APR26,2010,wi
354317,"Bartek, Jan",CZE,M,,,,1942,0,20,APR26,1976,i
23749075,"Bartek, Tomas",CZE,M,,,,1641,0,40,APR26,1979,i
23724803,"Barth, Vit",CZE,M,,,,1651,7,20,APR26,1991,
23705655,"Bartkowicz, Lukasz",CZE,M,,,,1842,0,20,APR26,1985,i
349445,"Barton, Milan",CZE,M,,,,1782,0,20,APR26,1930,i
386332,"Barton, Vaclav",CZE,M,,,,1722,0,20,APR26,1947,i
398454,"Bartonek, Tomas",CZE,M,,,,1782,0,20,APR26,1988,i
304603,"Bartonicek, Zdenek",CZE,M,,,,1983,0,20,APR26,1978,i
317276,"Bartonicek, Zdenek",CZE,M,,,,1889,0,20,APR26,1953,
23760621,"Bartonickova, Anna",CZE,F,,,,1596,0,40,APR26,2009,w
23760630,"Bartonickova, Bara",CZE,F,,,,1483,0,40,APR26,2011,w
309150,"Bartos, Alois",CZE,M,,,,1897,0,20,APR26,1953,
23747579,"Bartos, Antonin",CZE,M,,,,1525,0,40,APR26,2012,i
23768770,"Bartos, Jan",CZE,M,,,,1574,0,40,APR26,2009,i
399990,"Bartos, Jan",CZE,M,,,,1570,0,20,APR26,1982,i
23730684,"Bartos, Jan",CZE,M,,,,1488,0,20,APR26,2002,i
344362,"Bartos, Karel",CZE,M,,,,1921,0,20,APR26,1982,i
23776560,"Bartos, Michael",CZE,M,,,,1486,0,40,APR26,2009,i
306452,"Bartos, Michal",CZE,M,,,,1816,0,20,APR26,1960,i
368954,"Bartos, Miroslav",CZE,M,,,,1950,0,20,APR26,1977,i
23764597,"Bartos, Pavel Josef",CZE,M,,,,1659,0,40,APR26,2009,
361453,"Bartos, Vaclav",CZE,M,,,,1936,0,20,APR26,1996,i
398764,"Bartos, Vaclav",CZE,M,,,,1831,0,20,APR26,2004,
23747587,"Bartos, Vojtech",CZE,M,,,,1646,0,40,APR26,2008,i
303283,"Bartosek, Ivan",CZE,M,,,,1751,0,20,APR26,1948,
388858,"Bartosek, Martin",CZE,M,,,,1852,0,20,APR26,1980,i
23773588,"Bartosik, Denis",CZE,M,,,,1634,5,40,APR26,2010,
394106,"Bartosova, Hana",CZE,F,,,,1849,0,20,APR26,2002,wi
327018,"Bartosova, Lucie",CZE,F,,,,2002,0,20,APR26,1989,wi
351792,"Bartosova, Veronika",CZE,F,,,,1692,0,20,APR26,1995,wi
361216,"Bartoszova, Jitka",CZE,F,,,,1852,0,20,APR26,1969,wi
393622,"Bartova, Eva",CZE,F,,,,1519,0,20,APR26,1945,w
23732695,"Bartova, Hana",CZE,F,,,,1800,0,40,APR26,2010,w
23719419,"Bartova, Leona Gabriela",CZE,F,,,,1640,0,40,APR26,2008,wi
359840,"Bartova, Sarka",CZE,F,,,,1741,0,20,APR26,1992,w
23732156,"Bartu, Jiri",CZE,M,,,,1774,0,20,APR26,1949,i
23718412,"Bartusik, Jan",CZE,M,,,,1408,0,20,APR26,1948,
23718420,"Basler, Jan Josef",CZE,M,,,,1785,0,40,APR26,2008,
23720719,"Bastarova, Petra",CZE,F,,,,1504,0,20,APR26,1984,wi
335800,"Bastyr, Pavel",CZE,M,,,,1635,0,20,APR26,1961,i
377830,"Bata, Jiri",CZE,M,,,,1692,0,20,APR26,1960,i
23760400,"Batrna, Mikulas",CZE,M,,,,1554,0,40,APR26,2009,i
385107,"Bauer, Jan",CZE,M,,,,1846,0,40,APR26,2005,i
328359,"Bauer, Jindrich",CZE,M,,,,2013,0,20,APR26,1985,i
377716,"Bauer, Miroslav",CZE,M,,,,1770,0,20,APR26,2001,i
368377,"Bauer, Ondrej",CZE,M,,,,1915,0,20,APR26,1996,i
328120,"Bauer, Pavel",CZE,M,,,,1866,0,20,APR26,1966,i
23745886,"Bauer, Sebastian",CZE,M,,,,1590,0,40,APR26,2008,i
306649,"Bauma, Jiri",CZE,M,FM,,,2107,0,20,APR26,1966,
315532,"Baumruk, Josef",CZE,M,,,,1948,0,20,APR26,1967,
23751983,"Baur, Radek",CZE,M,,,,1764,0,20,APR26,1976,i
358606,"Bausano, Michael",CZE,M,,,,1846,0,20,APR26,1996,i
23733390,"Bayer, Milan",CZE,M,,,,1575,0,20,APR26,1978,i
314471,"Bayer, Radek",CZE,M,,,,2007,0,20,APR26,1970,i
334049,"Bayer, Vlastimil",CZE,M,,,,1776,0,20,APR26,1950,i
329762,"Bazala, Vladimir",CZE,M,,,,1866,0,20,APR26,1945,i
23798068,"Bazant, Hynek",CZE,M,,,,1568,7,40,APR26,2017,
311766,"Bazant, Petr",CZE,M,,,,2281,0,20,APR26,1982,i
304166,"Bazant, Petr",CZE,M,,,,2164,0,20,APR26,1957,
23731176,"Bazant, Radek",CZE,M,,,,1533,0,40,APR26,2008,i
309354,"Bazantova, Marie",CZE,F,WFM,WFM,,1918,0,20,APR26,1963,w
391115,"Bazgier, Adam",CZE,M,,,,1534,0,20,APR26,2002,i
308889,"Bechyne, Jaroslav",CZE,M,,,,2044,0,20,APR26,1944,i
343730,"Bechynsky, Jan",CZE,M,,,,1965,0,20,APR26,1992,i
393592,"Becvar, Miroslav",CZE,M,,,,1917,0,20,APR26,1954,i
353450,"Becvar, Pavel",CZE,M,,,,1778,0,20,APR26,1956,i
393410,"Bednar, Filip",CZE,M,,,,1477,0,20,APR26,2001,i
322393,"Bednar, Jakub",CZE,M,,,,2137,0,20,APR26,1982,
396176,"Bednar, Jan",CZE,M,,,,1746,0,20,APR26,1972,i
363855,"Bednar, Matej",CZE,M,,,,1644,0,20,APR26,1995,
23779802,"Bednar, Milan",CZE,M,,,,1721,0,20,APR26,1990,
325570,"Bednar, Petr",CZE,M,,,,1884,0,20,APR26,1952,i
359017,"Bednarik, Josef",CZE,M,,,,2050,0,20,APR26,1996,
23736844,"Bednarik, Martin",CZE,M,,,,1680,0,40,APR26,2009,i
384976,"Bednarz, Roman",CZE,M,,,,1768,0,40,APR26,1963,i
320927,"Bednarz, Valdemar",CZE,M,,,,1939,0,20,APR26,1967,i
23723467,"Beer, Robin",CZE,M,,,,1587,0,40,APR26,2009,i
393517,"Beguivin, Alan",CZE,M,,,,1583,5,20,APR26,1974,
351865,"Beil, Richard",CZE,M,,,,1618,0,20,APR26,1974,
300667,"Beil, Zdenek",CZE,M,IM,,,2227,0,20,APR26,1953,i
23740736,"Beinhauer, Bernard",CZE,M,,,,1881,0,20,APR26,2002,i
23763337,"Bek, Matyas",CZE,M,,,,1524,0,40,APR26,2005,i
23738545,"Bela, Lukas",CZE,M,,,,1536,0,40,APR26,2008,i
23726873,"Belaska, Adam",CZE,M,,,,1650,0,40,APR26,2010,
300896,"Belaska, Premysl",CZE,M,,,,2198,9,20,APR26,1974,
23726881,"Belaska, Vaclav",CZE,M,,,,1943,9,40,APR26,2010,
23739843,"Belatkova, Marketa",CZE,F,,,,1408,0,20,APR26,2002,wi
23790989,"Belcik, Matej",CZE,M,,,,1630,0,40,APR26,2008,
23722827,"Bele, Jiri",CZE,M,,,,1814,0,20,APR26,1951,i
306460,"Belka, Lubomir",CZE,M,,,,1749,0,20,APR26,1965,
23735627,"Belko, Milos",CZE,M,,,,1867,0,40,APR26,1959,i
23792655,"Bellec, Thibault",CZE,M,,,,1560,0,40,APR26,1997,
23723475,"Belocky, Daniel",CZE,M,,,,1839,0,,APR26,2011,
23748923,"Belocky, Jaromir",CZE,M,,,,1538,0,40,APR26,1970,i
23760508,"Belohlavek, Jiri",CZE,M,,,,1789,0,20,APR26,1984,
317381,"Belousek, Michael",CZE,M,,,,1980,0,20,APR26,1966,i
23737034,"Belovsky, Pavel",CZE,M,,,,1539,0,40,APR26,2006,i
307432,"Belunek, Vladimir",CZE,M,FM,,,2188,0,20,APR26,1973,
369098,"Beluska, Tereza",CZE,F,,,,1969,0,20,APR26,1999,wi
335827,"Bem, David",CZE,M,,,,1944,0,20,APR26,1976,
23787937,"Bem, Filip",CZE,M,,,,1616,5,40,APR26,2017,
23761326,"Bem, Karel",CZE,M,,,,1520,0,20,APR26,1985,
388076,"Bem, Tadeas",CZE,M,,,,1661,0,20,APR26,2002,i
372668,"Bem, Tomas",CZE,M,,,,1609,0,20,APR26,1967,
317705,"Benco, Pavel",CZE,M,,,,2139,0,20,APR26,1980,i
571001840,"Benda, Jan",CZE,M,,,,1493,6,40,APR26,2010,
366129,"Benda, Martin",CZE,M,,,,1741,0,20,APR26,1978,i
23771364,"Benda, Matej",CZE,M,,,,1512,0,40,APR26,2014,
354490,"Benda, Vladimir",CZE,M,,,,1708,0,20,APR26,1947,i
23785799,"Benda, Vladimir",CZE,M,,,,1589,0,40,APR26,1982,
23766735,"Bendikova, Veronika",CZE,M,,,,1500,0,40,APR26,2001,i
23775971,"Beneda, Marek",CZE,M,,,,1705,0,40,APR26,2009,i
389404,"Benek, Jiri",CZE,M,,,,1665,0,20,APR26,1968,
351059,"Benes, Daniel",CZE,M,,,,1701,0,20,APR26,1973,
23736852,"Benes, David",CZE,M,,,,1778,0,20,APR26,2000,i
23710870,"Benes, Jachym",CZE,M,,,,2034,0,20,APR26,2006,
320978,"Benes, Jan",CZE,M,,,,1834,0,20,APR26,1937,i
23777745,"Benes, Jan Jeronym",CZE,M,,,,1661,0,40,APR26,2012,
23765160,"Benes, Jindrich",CZE,M,,,,1570,0,40,APR26,2011,i
332380,"Benes, Karel",CZE,M,,,,1698,0,20,APR26,1950,
23703563,"Benes, Matej",CZE,M,,,,1665,0,20,APR26,2003,i
302678,"Benes, Milan",CZE,M,,,,1988,0,20,APR26,1991,i
325945,"Benes, Miroslav",CZE,M,,,,1952,7,20,APR26,1978,
311812,"Benes, Petr",CZE,M,CM,,,1938,9,20,APR26,1960,
23775300,"Benes, Richard",CZE,M,,,,1436,0,40,APR26,2007,i
302368,"Benes, Viktor",CZE,M,,,,2177,0,20,APR26,1954,i
23700017,"Benisek, Frantisek",CZE,M,,,,1722,0,20,APR26,1949,
23775203,"Benke, Lukas",CZE,M,,,,1481,0,40,APR26,2011,
23747528,"Bennis, Daniel Sebastian",CZE,M,,,,1699,0,40,APR26,2006,i
23706872,"Beran, Daniel",CZE,M,,,,1652,0,20,APR26,2006,
23727071,"Beran, Jakub",CZE,M,,,,1750,0,40,APR26,2006,i
23720166,"Beran, Ludek",CZE,M,,,,1523,0,20,APR26,1967,i
316296,"Beran, Petr",CZE,M,,,,1968,0,20,APR26,1962,
304883,"Beranek, Josef",CZE,M,,,,1829,0,20,APR26,1950,i
301876,"Beranek, Ondrej",CZE,M,,,,1947,0,20,APR26,1990,i
23771372,"Berdnikov, Tsyren",CZE,M,,,,1518,0,40,APR26,2013,
378496,"Berezjuk, Rostislav",CZE,M,,FA,,1904,0,20,APR26,1999,i
312614,"Berezjuk, Sergej",CZE,M,IM,FST,,2354,0,10,APR26,1960,i
23785551,"Berger, Michael",CZE,M,,,,1822,0,40,APR26,2008,
357936,"Bergloviec, Jan",CZE,M,,,,1838,0,20,APR26,1982,
571000747,"Beric, Ivan",CZE,M,,,,1531,0,40,APR26,1994,
23722525,"Berka, Jiri",CZE,M,,,,1694,0,20,APR26,1962,
23722703,"Berka, Jiri",CZE,M,,,,1645,0,20,APR26,1975,i
368571,"Berka, Lubos",CZE,M,,,,1724,6,20,APR26,1963,
23701110,"Berky, Daniel",CZE,M,,,,1678,0,20,APR26,2000,i
311995,"Bernasek, Jan",CZE,M,GM,,,2505,0,10,APR26,1986,i
323217,"Bernasek, Vaclav",CZE,M,,,,1967,0,20,APR26,1957,i
23716860,"Bernt, Theodor",CZE,M,,,,1546,0,40,APR26,2008,i
376906,"Bertele, Erika",CZE,F,,,,1668,0,20,APR26,1996,wi
23776986,"Berton, Nicolas Luc",CZE,M,,,,1604,5,40,APR26,1981,
23762179,"Besleaga, Ala",CZE,F,,,,1443,0,40,APR26,2011,w
23787163,"Bessonov, Nikolai",CZE,M,,,,1691,5,40,APR26,2018,
23799889,"Bestak, Tobias",CZE,M,,,,1646,0,40,APR26,2008,
341681,"Beter, Arnost",CZE,M,,,,1950,0,20,APR26,1971,
23755369,"Bezdek, Daniel",CZE,M,,,,1480,0,40,APR26,2011,
23742046,"Bezdek, Dusan",CZE,M,,,,1587,0,20,APR26,1971,i
23733551,"Bezdek, Tomas",CZE,M,CM,,,1931,0,20,APR26,2007,
23790261,"Bezecny, Jan",CZE,M,,,,1445,0,40,APR26,2001,
327700,"Bezpalec, Vratislav",CZE,M,,,,1901,0,20,APR26,1940,i
23778091,"Bezucha, David",CZE,M,,,,1515,0,40,APR26,2008,i
356549,"Bican, Dominik",CZE,M,,,,1863,0,20,APR26,1986,i
328472,"Bicek, Richard",CZE,M,,,,2093,0,20,APR26,1985,i
23791411,"Bicik, Jonas",CZE,M,,,,1492,0,40,APR26,2004,
23754010,"Bicik, Martin",CZE,M,,,,1697,0,20,APR26,1976,i
23732261,"Bidlo, Jiri",CZE,M,,,,1666,0,20,APR26,1996,i
352179,"Bidovsky, Petr",CZE,M,,,,1819,0,20,APR26,1957,i
388092,"Biedla, Vojtech",CZE,M,,,,1560,0,20,APR26,1998,i
308072,"Bielavsky, Jiri",CZE,M,,,,1967,0,20,APR26,1944,i
393452,"Bienek, Petr",CZE,M,,,,1777,0,20,APR26,1956,
23774754,"Biernacki, Matyas",CZE,M,,,,1667,0,40,APR26,2012,
374458,"Bierska, Adela",CZE,F,,,,1787,0,20,APR26,2000,wi
366897,"Bierski, Jiri",CZE,M,,,,1572,0,20,APR26,2003,i
23741007,"Bihari, Matej",CZE,M,,,,1554,0,40,APR26,2005,i
388653,"Bikov, Roumen",CZE,M,,,,1653,0,20,APR26,1959,
23769629,"Bilek, Adam",CZE,M,,,,1504,0,40,APR26,2011,
23701129,"Bilek, Alexander",CZE,M,,,,1717,0,40,APR26,2007,i
23763493,"Bilek, Filip",CZE,M,,,,1617,0,40,APR26,2013,
23768720,"Bilek, Lukas",CZE,M,,,,1574,0,40,APR26,1982,
349690,"Bilek, Marek",CZE,M,,,,1611,0,20,APR26,2002,i
23740779,"Bilek, Petr",CZE,M,,,,1978,0,20,APR26,1979,i
23726067,"Bilek, Richard",CZE,M,,,,1726,0,20,APR26,1990,i
23794933,"Bilek, Stepan",CZE,M,,,,1520,0,40,APR26,2013,
23763264,"Bilik, Adam",CZE,M,,,,1411,0,40,APR26,2007,i
23779144,"Bilko, Jan",CZE,M,,,,1454,0,40,APR26,2010,
24202312,"Bilunov, Denis B.",CZE,M,,,,1895,0,20,APR26,1969,
383724,"Bily, Michal",CZE,M,,,,2008,0,20,APR26,1991,i
385263,"Binar, Vitezslav",CZE,M,,,,1764,0,20,APR26,1954,i
300756,"Biolek, Richard",CZE,M,IM,,,2405,0,10,APR26,1970,i
319996,"Biolek, Richard Jr.",CZE,M,IM,,,2358,0,10,APR26,1990,i
376353,"Biolkova, Jana",CZE,F,,,,1675,0,20,APR26,1970,wi
23754001,"Biskas, Evangelos",CZE,M,,,,1805,0,20,APR26,1994,i
23727780,"Bitta, Jan",CZE,M,,,,1572,0,20,APR26,1981,i
23716649,"Bitta, Ondrej",CZE,M,,,,1556,0,40,APR26,2008,i
23750677,"Bittner, Radim",CZE,M,,,,1474,0,40,APR26,2008,i
23725800,"Bjolek, Jan",CZE,M,,,,1980,0,20,APR26,2006,
23786337,"Blaha, David",CZE,M,,,,1520,0,40,APR26,2014,i
23731982,"Blaha, Filip",CZE,M,,,,1561,0,40,APR26,2006,i
23781211,"Blaha, Filip",CZE,M,,,,1631,0,40,APR26,2003,i
392260,"Blaha, Lukas",CZE,M,,,,1665,0,20,APR26,2005,i
392278,"Blaha, Marek",CZE,M,,,,1829,0,20,APR26,2004,i
23768169,"Blaha, Matej",CZE,M,,,,1599,0,40,APR26,2007,i
317390,"Blaha, Milan",CZE,M,,,,1967,0,20,APR26,1959,
310450,"Blaha, Petr",CZE,M,,,,1930,0,20,APR26,1942,
23767677,"Blahos, Michal",CZE,M,,,,1611,0,40,APR26,2009,i
302902,"Blahut, Jaroslav",CZE,M,,,,1962,0,20,APR26,1991,
391948,"Blahut, Vladislav",CZE,M,,,,1641,0,40,APR26,2006,i
334766,"Blahynka, Martin",CZE,M,IM,,,2269,0,20,APR26,1998,i
341177,"Blahynka, Svatopluk",CZE,M,,,,1683,0,20,APR26,1964,i
392669,"Blata, Frantisek",CZE,M,,,,1841,0,20,APR26,1992,
300047,"Blatny, Pavel",CZE,M,GM,,,2314,0,10,APR26,1968,
23718897,"Blazej, Josef",CZE,M,,,,1596,0,40,APR26,2005,i
23749466,"Blazek, Adam",CZE,M,,,,1647,0,20,APR26,1992,i
311480,"Blazek, Dusan",CZE,M,,,,2094,0,20,APR26,1973,i
23738995,"Blazek, Jaromir",CZE,M,,,,1731,0,20,APR26,1952,i
330515,"Blazek, Jiri",CZE,M,,,,2030,0,20,APR26,1989,i
23717670,"Blazek, Matej",CZE,M,,,,1901,0,20,APR26,2005,
365181,"Blazek, Michal",CZE,M,,,,1784,0,20,APR26,2001,i
335215,"Blazek, Miroslav",CZE,M,,,,1859,0,20,APR26,1983,i
320536,"Blazek, Pavel",CZE,M,,,,1802,6,20,APR26,1974,
23780070,"Blazek, Pavel",CZE,M,,,,1481,0,40,APR26,2014,
23768100,"Blazek, Stanislav",CZE,M,,,,1631,0,40,APR26,1959,i
23717688,"Blazek, Tomas",CZE,M,,,,1930,0,20,APR26,2005,i
23742240,"Blazek, Tomas",CZE,M,,,,1667,0,40,APR26,2000,i
23750170,"Blazeninova, Anna",CZE,F,,,,1432,0,40,APR26,2006,wi
23766824,"Blazicek, Petr",CZE,M,,,,1479,0,40,APR26,2002,i
327549,"Blecha, Josef",CZE,M,,,,1820,0,20,APR26,1954,i
311758,"Blecha, Miroslav",CZE,M,,NA,,2055,0,20,APR26,1980,i
385271,"Blokscha, Vladimir",CZE,M,,,,1556,0,20,APR26,1960,
23724447,"Bludsky, Hynek",CZE,M,,,,2024,0,40,APR26,2010,i
23724455,"Bludsky, Vit",CZE,M,,,,1795,0,40,APR26,2010,i
375489,"Blumel, Michal",CZE,M,,,,1891,0,20,APR26,1985,
303852,"Blumel, Otto",CZE,M,,,,1896,0,20,APR26,1961,i
335878,"Bobalik, Petr",CZE,M,,,,1924,0,20,APR26,1979,i
368601,"Bobek, Daniel",CZE,M,,,,1846,0,20,APR26,1997,i
23778059,"Bobek, Jonas",CZE,M,,,,1525,0,40,APR26,2015,
23712007,"Bobek, Matej",CZE,M,,,,1701,0,20,APR26,2003,i
23715774,"Bobek, Michal",CZE,M,,,,1882,0,20,APR26,1984,i
23778628,"Bobrakov-Timoskin, Alexandr",CZE,M,,,,1709,0,20,APR26,1978,
23778636,"Bobrakov-Timoskin, Denis",CZE,M,,,,1712,5,40,APR26,2017,
23739878,"Bocek, Adam",CZE,M,,,,1700,0,40,APR26,2007,i
346357,"Bocek, Lukas",CZE,M,,,,1792,0,20,APR26,1998,i
350435,"Bocek, Tadeas",CZE,M,,,,1928,0,20,APR26,1997,i
23778644,"Bochenin, Lev",CZE,M,,,,1596,3,40,APR26,2015,
360422,"Bodicky, Michal",CZE,M,CM,,,2009,0,20,APR26,1997,i
23739410,"Boff, Arnost",CZE,M,,,,1478,0,20,APR26,1967,
23733950,"Boff, Ondrej",CZE,M,,,,1876,0,40,APR26,2011,
23733969,"Boff, Vojtech",CZE,M,,,,1797,9,20,APR26,2007,
319040,"Bohac, Jaroslav",CZE,M,,,,1803,0,20,APR26,1947,
372676,"Bohac, Lubos",CZE,M,,,,1733,0,20,APR26,1949,i
320366,"Bohac, Vlastimil",CZE,M,,,,1861,0,20,APR26,1988,i
23727357,"Bohacek, Jan Andrej",CZE,M,CM,,,2049,7,20,APR26,2006,
371270,"Bohacek, Milan",CZE,M,,,,1977,0,20,APR26,1987,i
344001,"Bohanesova, Vendula",CZE,F,,,,1803,0,20,APR26,1998,wi
34137793,"Bohatyrov, Mykola",CZE,M,,,,1939,0,40,APR26,2009,
385972,"Bohdal, Karel",CZE,M,,,,1669,0,20,APR26,2001,
23773928,"Bohm, Ondrej",CZE,M,,,,1738,0,40,APR26,2014,
23762632,"Bohm, Petr",CZE,M,,,,1540,0,20,APR26,1972,i
23762640,"Bohm, Stepan",CZE,M,,,,1566,0,40,APR26,2007,i
23707968,"Bohunovska, Tereza",CZE,F,,,,1416,0,20,APR26,2002,wi
331260,"Bohuslav, Jan",CZE,M,,,,1921,0,20,APR26,1943,i
23717297,"Bojkova, Jana",CZE,F,,,,1455,0,20,APR26,1987,wi
372625,"Bok, Tomas",CZE,M,,,,1834,0,20,APR26,1965,
357952,"Bok, Zdenek",CZE,M,,,,1722,0,20,APR26,1965,i
14172976,"Bokhnak, Tymofii",CZE,M,FM,,,2147,0,20,APR26,2007,
23794917,"Bokoc, Oliver",CZE,M,,,,1487,5,40,APR26,2011,
308706,"Bolacky, Jiri",CZE,M,,NA,,2208,0,20,APR26,1975,i
23788011,"Boldy, Adrian",CZE,M,,,,1654,7,40,APR26,2008,
352187,"Boledovic, Jan",CZE,M,,,,1774,0,20,APR26,1957,i
320005,"Boleslav, Petr",CZE,M,,,,1964,0,20,APR26,1974,
23745037,"Boleslav, Petr",CZE,M,,,,1449,6,40,APR26,2014,
23791217,"Boncek, Richard",CZE,M,,,,1700,0,40,APR26,1958,
23765690,"Bondarenko, Vova",CZE,M,,,,1830,5,40,APR26,2009,
23723807,"Bonnett, Fareyd",CZE,M,,,,1752,0,20,APR26,1977,i
23739509,"Booth, Jordan",CZE,M,,,,1546,0,20,APR26,1993,i
23752670,"Borecky, Andrej",CZE,M,,,,1812,0,40,APR26,2011,
315575,"Borek, Pavel",CZE,M,,,,1923,0,20,APR26,1963,i
303194,"Bores, Roman",CZE,M,,,,2017,0,20,APR26,1963,i
23723696,"Borik, Vojtech",CZE,M,,,,1668,0,20,APR26,2002,i
307610,"Borkovec, Milan",CZE,M,,,,2124,0,20,APR26,1971,
23766832,"Borkovec, Nathan",CZE,M,,,,1536,0,40,APR26,2009,i
23733853,"Borkovec, Ondrej",CZE,M,,,,1807,0,20,APR26,2005,
23766840,"Borkovec, Simon",CZE,M,,,,1668,0,40,APR26,2002,i
23713364,"Borovansky, Simeon",CZE,M,,,,1614,0,40,APR26,2005,i
316393,"Borovicka, Bohumil",CZE,M,,,,1905,0,20,APR26,1961,i
23725532,"Borovicka, Tomas",CZE,M,,,,1844,0,20,APR26,1975,i
23726113,"Borovickova, Eva",CZE,F,,,,1579,0,40,APR26,1967,wi
23778806,"Borovikov, Danilo",CZE,M,,,,1513,0,40,APR26,2012,
330396,"Borovsky, Ivan",CZE,M,,,,1813,0,20,APR26,1967,
23787660,"Borski, Lukas",CZE,M,,,,1469,0,40,APR26,1979,
23786590,"Borski, Michal Jan",CZE,M,,,,1520,0,40,APR26,2017,
23733403,"Borsky, Patrik",CZE,M,,,,1587,0,20,APR26,1981,i
23708093,"Boruta , Jan",CZE,M,,,,1818,0,20,APR26,1958,i
23708573,"Boruta, Jan",CZE,M,,,,1788,0,40,APR26,2010,i
23712015,"Borysek, Martin",CZE,M,,,,1783,0,20,APR26,2001,i
314692,"Bosak, Jan",CZE,M,,NA,,2022,0,20,APR26,1961,
367036,"Bosak, Vladimir",CZE,M,,,,1678,0,20,APR26,1994,
389889,"Bosek, Vladimir",CZE,M,,,,1668,0,20,APR26,1999,
357960,"Bosnak, Ondrej",CZE,M,,,,1628,0,20,APR26,1969,i
23780703,"Bostl, Tadeas",CZE,M,,,,1703,6,40,APR26,2017,
23717432,"Botek, Jan",CZE,M,,,,1609,0,20,APR26,2003,i
378720,"Bouchal, Lukas",CZE,M,,,,1787,0,20,APR26,2001,i
388106,"Bouchal, Tomas",CZE,M,,,,1746,0,20,APR26,1966,i
317748,"Bouse, Vladimir",CZE,M,,,,1808,0,20,APR26,1963,i
23722223,"Bouska, Jiri",CZE,M,FM,,,2293,0,20,APR26,2011,
23722231,"Bouska, Jonas",CZE,M,,,,1458,0,40,APR26,2008,i
23717289,"Bouska, Petr",CZE,M,,,,1733,0,20,APR26,1979,i
23739371,"Brabcova, Nikola",CZE,F,,,,1499,0,40,APR26,2011,w
350150,"Brabec, Herbert",CZE,M,,,,1813,0,20,APR26,1935,i
23738880,"Brabec, Jiri",CZE,M,,,,1556,0,40,APR26,1966,
23767391,"Brabec, Matous",CZE,M,,,,1438,0,40,APR26,2016,
382019,"Brablec, Leos",CZE,M,,,,1842,0,20,APR26,1956,i
335894,"Bracha, Pavel",CZE,M,,,,1778,0,20,APR26,1963,
398500,"Brada, Zdenek",CZE,M,,,,1643,0,20,APR26,1963,i
333727,"Bradac, Adam",CZE,M,,,,1897,0,20,APR26,1989,i
23792590,"Bradac, Alexandr",CZE,M,,,,1494,0,40,APR26,2012,
333735,"Bradac, Daniel",CZE,M,,,,2053,0,20,APR26,1992,
324949,"Bradac, Roman",CZE,M,,,,1963,0,20,APR26,1970,i
23737050,"Branda, Zdenek",CZE,M,,,,1519,0,20,APR26,1981,i
23777842,"Brandys, Frantisek",CZE,M,,,,1578,0,40,APR26,1968,i
329029,"Braun, Marek",CZE,M,,,,2224,0,20,APR26,1994,i
23702877,"Bravansky, Lukas",CZE,M,,,,1772,0,20,APR26,2007,i
390275,"Bravansky, Michal",CZE,M,,,,1695,0,20,APR26,2003,i
23729201,"Brazda, Zdenek",CZE,M,,,,1613,0,40,APR26,2007,i
313351,"Brazdil, Roman",CZE,M,,,,2013,14,20,APR26,1968,
23778814,"Brazdil, Tomas",CZE,M,,,,1597,0,40,APR26,2004,
315923,"Brazina, David",CZE,M,,,,1975,0,20,APR26,1975,i
23791098,"Brcak, Alex",CZE,M,,,,1492,5,40,APR26,2016,
335916,"Brcak, Marek",CZE,M,,,,1979,0,20,APR26,1988,i
23791101,"Brcak, Max",CZE,M,,,,1503,5,40,APR26,2014,
23717319,"Brchan, Vojtech",CZE,M,,,,1565,0,40,APR26,2007,i
350796,"Brda, Vlastimil",CZE,M,,,,1695,0,20,APR26,1940,i
23765178,"Brdek, Alex",CZE,M,,,,1443,0,40,APR26,2010,
23786809,"Brdlikova, Eliska",CZE,F,,,,1457,0,40,APR26,2007,w
23781815,"Brecik, Simon",CZE,M,,,,1538,0,40,APR26,2015,i
312630,"Brecka, Ivan",CZE,M,FM,,,2219,0,20,APR26,1977,i
23786345,"Breh, Zdenek",CZE,M,,,,1477,0,40,APR26,2009,i
23745894,"Breiner, Daniel",CZE,M,,,,1761,0,20,APR26,2000,i
23725320,"Brejcha, Lukas",CZE,M,,,,1703,0,40,APR26,2010,
375845,"Brejcha, Simon",CZE,M,,,,1595,0,20,APR26,2002,i
362662,"Brejnik, Gustav",CZE,M,FM,,,2280,9,20,APR26,2000,
23788062,"Brettl, Ludek",CZE,M,,,,1763,0,40,APR26,1973,
23780037,"Brettlova, Barbora",CZE,F,,,,1528,0,40,APR26,2006,w
374903,"Brezik, Petr",CZE,M,,,,1792,0,20,APR26,1949,i
23727250,"Brezikova, Beata",CZE,F,,,,1868,6,,APR26,2009,w
23713313,"Brhel, Zdenek",CZE,M,,,,1505,0,20,APR26,1972,i
23735635,"Brichacek, Miroslav",CZE,M,,,,1830,0,20,APR26,1977,
23783133,"Brindza, Matej",CZE,M,,,,1519,0,40,APR26,2010,
324787,"Briza, Jiri",CZE,M,,,,1945,0,20,APR26,1948,i
388416,"Brnak, Jan",CZE,M,,,,1755,0,20,APR26,1945,i
349577,"Brndiar, Pavel",CZE,M,,,,1670,0,20,APR26,1975,i
23786370,"Brodsky, Jan",CZE,M,,,,1552,0,40,APR26,2012,
23726091,"Brodsky, Marek",CZE,M,,,,1464,0,20,APR26,2002,i
23787090,"Brokes, Frantisek",CZE,M,,,,1742,0,40,APR26,1973,
23756993,"Brokes, Matyas",CZE,M,,,,1424,0,40,APR26,2005,i
349160,"Broskevic, Lumir",CZE,M,,,,1670,0,20,APR26,1952,i
23741988,"Brotanek, Tomas",CZE,M,,,,1846,7,20,APR26,2004,
339555,"Broucek, Tomas",CZE,M,,NA,,2004,0,20,APR26,1981,
324957,"Brousek, Jan",CZE,M,,,,1670,0,20,APR26,1962,
23762934,"Brown, Matthew",CZE,M,,,,1413,0,40,APR26,2010,i
23738928,"Brown, Tomas Frantisek",CZE,M,,,,1447,0,20,APR26,2000,i
396435,"Broz, Jan",CZE,M,,,,1677,0,40,APR26,2006,i
23768320,"Broz, Jan",CZE,M,,,,1422,0,40,APR26,2013,
23768339,"Broz, Marek",CZE,M,,,,1504,0,40,APR26,2006,i
23763051,"Broz, Martin",CZE,M,,NA,,1713,7,20,APR26,1998,
23720727,"Broz, Mikulas",CZE,M,,,,1675,0,20,APR26,2002,i
324965,"Broz, Pavel",CZE,M,,,,1901,0,20,APR26,1975,i
23732024,"Broz, Pavel",CZE,M,,,,1550,0,40,APR26,2013,i
376850,"Broz, Petr",CZE,M,,,,2015,0,20,APR26,2002,
23763108,"Broza, Zdenek",CZE,M,,,,1616,0,20,APR26,1988,
23774665,"Brozik, Ondrej",CZE,M,,,,1432,0,40,APR26,2015,
398705,"Brozka, Karel",CZE,M,FM,,,2139,0,40,APR26,2008,
399604,"Brozka, Karel",CZE,M,,,,1821,0,20,APR26,1979,i
330663,"Brozova, Renata",CZE,F,,,,1781,0,20,APR26,1977,wi
23702680,"Brstak, Ondrej",CZE,M,,,,1890,0,20,APR26,1990,
23706899,"Bruckmann, Jan Gregor",CZE,M,,,,1576,0,20,APR26,2006,i
23745690,"Bruk, Martin",CZE,M,,,,1790,0,20,APR26,2002,i
23746734,"Bruna, Filip Frantisek",CZE,M,,,,1672,0,20,APR26,2002,i
23709545,"Bruna, Matous",CZE,M,,,,1930,0,20,APR26,2005,
392391,"Brunclik, Vladimir",CZE,M,,,,1623,0,20,APR26,1954,
360384,"Brunova, Blanka",CZE,F,,,,1929,0,20,APR26,2000,wi
23779284,"Bruzek, Ben",CZE,M,,,,1512,0,40,APR26,2010,i
326631,"Brych, Petr",CZE,M,,,,1825,0,40,APR26,1968,
23707500,"Brych, Tomas",CZE,M,,,,1630,0,20,APR26,1987,i
23785802,"Brychcin, Tomas",CZE,M,,,,1866,0,40,APR26,1986,
23742780,"Brychta, Adam",CZE,M,,,,1538,0,40,APR26,2011,
310727,"Brychta, David",CZE,M,,,,2164,0,20,APR26,1982,i
23742798,"Brychta, David",CZE,M,,,,1811,0,40,APR26,2010,
23799242,"Brychta, Filip",CZE,M,,,,1422,4,40,APR26,2013,
351873,"Bryda, Martin",CZE,M,,,,1726,0,20,APR26,1968,i
366544,"Brzezny, Petr",CZE,M,,NA,,1773,0,20,APR26,1978,
23787813,"Bubak, Tomas",CZE,M,,,,1693,0,40,APR26,1993,i
23773405,"Bubela, Alexander Georg",CZE,M,,,,1875,0,40,APR26,2010,
23767200,"Bubenicek, Miloslav",CZE,M,,,,1586,11,20,APR26,1957,
23727519,"Bubenicek, Simon",CZE,M,,,,1828,6,20,APR26,2007,
382540,"Bublik, Frantisek",CZE,M,,,,1891,0,20,APR26,1958,i
23735457,"Bucek, Jaromir",CZE,M,,,,1673,0,20,APR26,1968,i
23726938,"Bucek, Miroslav",CZE,M,,,,1703,0,20,APR26,1981,i
23750812,"Bucek, Vit",CZE,M,,,,1844,0,40,APR26,2014,
23771402,"Buchar, Jiri",CZE,M,,,,1559,16,40,APR26,2009,
312762,"Buchar, Petr",CZE,M,,,,1913,0,20,APR26,1960,i
328421,"Buchcar, Tomas",CZE,M,,,,2176,0,20,APR26,1988,
305235,"Buchnicek, Petr",CZE,M,FM,IA,,2212,0,20,APR26,1974,i
23702885,"Buchta, Bartolomej",CZE,M,,,,1746,0,40,APR26,2008,i
23723661,"Buchta, Ferdinand",CZE,M,,,,1531,0,20,APR26,2004,i
23718285,"Buchta, Josef",CZE,M,,,,1706,0,40,APR26,2006,i
23714220,"Buchta, Lukas",CZE,M,,,,1636,0,20,APR26,1973,i
372684,"Buchta, Martin",CZE,M,,,,1762,0,20,APR26,1974,i
23739118,"Buchta, Vaclav",CZE,M,,,,2112,0,40,APR26,2007,
23714786,"Buchtova, Viktorie",CZE,F,,,,1791,0,40,APR26,2010,w
23764325,"Bucik, Jaromir",CZE,M,,,,1545,0,40,APR26,1957,i
23744626,"Buckova, Barbora",CZE,F,,,,1578,0,40,APR26,2007,wi
23762659,"Buda, Milan",CZE,M,,,,1553,0,20,APR26,1964,
23785560,"Budar, Jakub",CZE,M,,,,1562,0,40,APR26,2010,
394980,"Budar, Jan",CZE,M,,,,1590,0,40,APR26,1951,
23776226,"Budil, Vaclav",CZE,M,,NA,,2050,7,40,APR26,2009,
23763345,"Budiman, Samuel",CZE,M,,,,1578,0,40,APR26,2009,i
353469,"Budinsky, Petr",CZE,M,,,,1930,0,20,APR26,1960,i
23707577,"Budka, Alexandr",CZE,M,,,,1747,0,20,APR26,1976,i
310190,"Budka, Jan",CZE,M,,,,2099,0,20,APR26,1972,i
23706902,"Budnik, Radek",CZE,M,,,,1500,0,20,APR26,2004,i
316318,"Bujak, Michal",CZE,M,,,,2079,0,20,APR26,1983,i
23766190,"Bujnoch, Adam",CZE,M,,,,1502,0,40,APR26,2012,
313300,"Bujnoch, Radek",CZE,M,FM,,,2197,0,20,APR26,1978,
23766204,"Bujnoch, Tomas",CZE,M,,,,1448,0,40,APR26,1986,
384445,"Buk, Pavel",CZE,M,,,,1738,0,20,APR26,1963,
319767,"Bukacek, Lubomir",CZE,M,,,,2123,0,20,APR26,1985,i
301914,"Bukacek, Lubomir",CZE,M,,,,1830,0,20,APR26,1947,i
23749660,"Bukovsky, Dmitri",CZE,M,,,,1821,6,40,APR26,2014,
326925,"Buksa, Jaromir",CZE,M,,,,1862,6,20,APR26,1953,
23718129,"Bukvaj, Jan",CZE,M,,,,1625,0,40,APR26,2009,i
23718137,"Bukvaj, Martin",CZE,M,,,,1648,0,40,APR26,2009,i
316644,"Bulava, Petr",CZE,M,,,,2031,0,20,APR26,1980,
23719249,"Bulawa, Adam",CZE,M,,,,1696,0,40,APR26,2011,i
23724188,"Bulawa, Dusan",CZE,M,,,,1473,0,20,APR26,1993,i
316903,"Bulawa, Marek",CZE,M,,,,1826,8,20,APR26,1966,
23749806,"Bulka, Ondrej",CZE,M,,,,1607,6,20,APR26,2004,
371610,"Bulockin, Martin",CZE,M,FM,,,2208,0,20,APR26,2002,
23701013,"Bulva, Frantisek",CZE,M,,,,1801,0,20,APR26,2002,i
23764961,"Bunda, Stepan",CZE,M,,,,1751,0,20,APR26,1967,
309966,"Buran, Jaroslav",CZE,M,,,,2013,0,20,APR26,1973,i
387088,"Burc, Zdenek",CZE,M,,,,1836,0,20,APR26,1948,
331686,"Burda, Josef",CZE,M,,,,1788,0,20,APR26,1950,
23708107,"Burda, Josef",CZE,M,,,,1601,0,20,APR26,1943,i
317764,"Burda, Otto",CZE,M,,,,1790,0,20,APR26,1954,
14121913,"Burdalev, Kirill",CZE,M,IM,,,2292,0,10,APR26,1991,
321257,"Burdik, Lubomir",CZE,M,,,,2050,0,20,APR26,1966,
335940,"Burdilak, Milan",CZE,M,,,,1787,0,20,APR26,1952,i
23777001,"Burdin, Danil",CZE,M,,,,1440,7,40,APR26,1996,
23754907,"Burel, Jan",CZE,M,,,,1691,0,40,APR26,2014,i
23754915,"Burel, Jiri",CZE,M,,,,1569,0,40,APR26,2012,i
23722266,"Bures, Daniel",CZE,M,,,,1482,0,20,APR26,2007,i
368733,"Bures, Jilji",CZE,M,,,,1897,0,20,APR26,1944,i
385948,"Bures, Karel",CZE,M,,,,1649,0,40,APR26,2007,i
304484,"Bures, Martin",CZE,M,,,,2051,0,20,APR26,1955,i
332925,"Bures, Martin",CZE,M,,,,1773,0,20,APR26,1998,i
387207,"Bures, Petr",CZE,M,,,,1696,0,20,APR26,1978,
23766743,"Bures, Richard",CZE,M,,,,1673,0,40,APR26,1969,i
309052,"Bures, Vit",CZE,M,CM,,,2137,7,20,APR26,1976,
312053,"Bures, Vladimir",CZE,M,,,,1986,0,20,APR26,1974,
373389,"Bures, Zbynek",CZE,M,,,,1676,0,20,APR26,1978,i
23728876,"Buresova, Beata",CZE,F,,,,1619,0,40,APR26,2009,wi
368989,"Burger, Krystof",CZE,M,,,,1612,0,20,APR26,1999,i
323608,"Burgermeister, Michal",CZE,M,,,,1819,7,20,APR26,1960,
341711,"Burian, Petr",CZE,M,,,,1748,0,20,APR26,1966,
23709979,"Burita, Dobroslav",CZE,M,,,,1734,0,20,APR26,1966,
23794968,"Burjanek, Tomas",CZE,M,,,,1413,0,40,APR26,2008,
23745916,"Bursa, Josef",CZE,M,,,,1538,0,40,APR26,2007,i
23745924,"Bursa, Lukas",CZE,M,,,,1520,0,20,APR26,1975,i
23715979,"Buryan, Petr",CZE,M,,,,1845,9,20,APR26,1972,
385573,"Busos, Daniel",CZE,M,,,,1717,4,20,APR26,2002,
23760648,"Buvalic, Josef",CZE,M,,,,1729,6,40,APR26,2012,
348228,"Bychkov, Igor",CZE,M,,,,1915,0,20,APR26,1988,i
388661,"Bydelsky, Tomas",CZE,M,,,,1441,0,40,APR26,1950,
23761954,"Bykov, Andrey",CZE,M,,,,1561,0,40,APR26,2007,i
23716657,"Byma, Michael",CZE,M,,,,1621,0,20,APR26,1990,i
315958,"Byma, Pavel",CZE,M,,NA,,1995,0,20,APR26,1985,i
23712899,"Byma, Pavel",CZE,M,,,,1747,0,20,APR26,1956,i
23764600,"Byrtus, Lukas",CZE,M,,,,1667,0,40,APR26,2000,
23752270,"Byrtus, Tadeusz",CZE,M,,,,1536,0,40,APR26,1993,i
24197939,"Bystrickiy, Daniil",CZE,M,,,,1907,0,20,APR26,2002,i
23762853,"Bystricky, Lukas",CZE,M,,,,1454,0,40,APR26,1994,i
23787988,"Bzoch, Martin",CZE,M,,,,1705,7,40,APR26,2012,
301485,"Cabart, Pavel",CZE,M,,,,1827,0,20,APR26,1964,i
23753552,"Cabela, Filip",CZE,M,,,,1916,0,20,APR26,2005,i
23734485,"Cabelka, Miroslav",CZE,M,,,,1737,0,20,APR26,1976,i
332933,"Cach, Jakub",CZE,M,,,,1937,0,20,APR26,1999,i
344834,"Cach, Ondrej",CZE,M,,,,1779,0,20,APR26,2001,i
316865,"Cagasik, Tomas",CZE,M,FM,,,2089,0,20,APR26,1977,
350699,"Caha, Martin",CZE,M,,,,1751,0,20,APR26,1996,i
23724013,"Cajka, Richard",CZE,M,,,,1479,0,40,APR26,2010,i
317900,"Cakl, Zdenek",CZE,M,,,,2075,0,20,APR26,1970,i
23731354,"Cala, Petr",CZE,M,,,,1687,0,20,APR26,1999,i
321133,"Caletka, Radomir",CZE,M,FM,,,2244,0,20,APR26,1986,
343986,"Caletkova, Michaela",CZE,F,,,,1727,0,20,APR26,1988,w
23766310,"Caloun, Matej",CZE,M,,,,1605,0,40,APR26,2007,i
23772891,"Cancik, Marek",CZE,M,,,,1608,9,40,APR26,2013,
332143,"Cantier, Jean-Francois",CZE,M,,,,1888,0,20,APR26,1963,i
344915,"Cap, Adam",CZE,M,FM,NA,,2181,0,20,APR26,1997,
328480,"Cap, Jaroslav",CZE,M,,,,1788,9,20,APR26,1958,
375276,"Cap, Simon",CZE,M,,,,1885,9,20,APR26,1997,
23766212,"Capek, Daniel",CZE,M,,,,1581,0,40,APR26,1992,i
23767863,"Capek, Pavel",CZE,M,,,,1702,0,20,APR26,1981,
23719338,"Capek, Robin",CZE,M,,,,1759,0,20,APR26,2003,i
300802,"Capek, Vladimir",CZE,M,,,,1649,0,20,APR26,1942,
23767871,"Capkova, Magdalena",CZE,F,,,,1519,0,40,APR26,2015,w
23767880,"Capkova, Valerie",CZE,F,,,,1525,0,40,APR26,2013,w
23732377,"Capla, Jiri",CZE,M,,,,1834,0,20,APR26,1934,i
23766689,"Capoun, Michal",CZE,M,,,,1550,0,40,APR26,2004,
347590,"Carboch, Ladislav",CZE,M,,,,1776,0,20,APR26,1946,
339474,"Carbol, Otmar",CZE,M,,,,1722,0,20,APR26,1957,
339407,"Carbol, Pavel",CZE,M,,,,1702,0,40,APR26,1993,i
23777478,"Carnevale, Dennis",CZE,M,,,,1457,0,40,APR26,2001,i
366099,"Cech, Jan",CZE,M,,,,1775,0,20,APR26,1993,i
23725893,"Cech, Jan",CZE,M,,,,1746,0,40,APR26,2008,
385980,"Cech, Jaroslav",CZE,M,,,,1793,0,20,APR26,1968,
23733160,"Cech, Karel",CZE,M,,,,1581,0,20,APR26,1995,i
366404,"Cech, Lubomir",CZE,M,,,,1782,0,20,APR26,1951,i
23764228,"Cech, Nicolas",CZE,M,,,,1626,0,40,APR26,2010,i
302139,"Cech, Pavel",CZE,M,IM,,,2371,0,10,APR26,1974,
23705213,"Cech, Petr",CZE,M,,,,1675,0,40,APR26,2005,i
23776900,"Cech, Stanislav",CZE,M,,,,1649,0,40,APR26,2014,i
377090,"Cechacek, Miroslav",CZE,M,,,,1669,0,20,APR26,1954,
23765216,"Cechacek, Radim",CZE,M,,,,1610,0,40,APR26,2010,
23724951,"Cechak , Jan",CZE,M,,,,1668,0,20,APR26,1957,i
571001565,"Cechovsky, Filip",CZE,M,,,,1565,7,40,APR26,2011,
571001182,"Cechovsky, Simon",CZE,M,,,,1535,7,40,APR26,2010,
314846,"Cechura, Petr",CZE,M,CM,,,2069,0,20,APR26,1979,i
331619,"Cecil, Pavel",CZE,M,,,,1866,0,20,APR26,1943,i
23780002,"Cejchan, Simeon",CZE,M,,,,1555,0,40,APR26,2019,
23776331,"Cejchan, Teodor",CZE,M,,,,1653,5,40,APR26,2015,
23752440,"Cejka, Jan",CZE,M,,,,1872,0,20,APR26,2007,
23750049,"Cejka, Jan",CZE,M,,,,1729,0,20,APR26,2004,i
302627,"Cejkova, Miroslava",CZE,F,,,,1977,0,20,APR26,1969,wi
323420,"Cejp, Jaroslav",CZE,M,,,,1802,7,20,APR26,1960,
23739916,"Cejpova, Melina",CZE,F,,,,1461,3,40,APR26,2012,w
367052,"Cekan, Petr",CZE,M,,,,1948,0,20,APR26,1987,i
368652,"Celba, Pavel",CZE,M,,,,1780,6,20,APR26,1983,
23707291,"Celinak, Martin",CZE,M,,,,1595,0,20,APR26,1999,i
371041,"Celko, Milan",CZE,M,,,,1628,0,20,APR26,1951,
300730,"Cempel, Jaroslav",CZE,M,FM,,,2023,9,20,APR26,1960,
23751479,"Cenek, Matyas",CZE,M,,,,1599,0,40,APR26,2010,
23787414,"Centik, Matej",CZE,M,,,,1592,0,40,APR26,2007,
317020,"Ceplecha, Tomas",CZE,M,,,,2006,0,20,APR26,1971,
23726954,"Cermak, Dusan",CZE,M,,,,1696,0,20,APR26,1974,
23739096,"Cermak, Filip",CZE,M,,,,1691,0,20,APR26,2007,i
350443,"Cermak, Jan",CZE,M,,,,1937,0,20,APR26,1995,
343935,"Cermak, Jan",CZE,M,,,,1924,0,20,APR26,1972,i
23712023,"Cermak, Petr",CZE,M,,,,1575,0,40,APR26,2007,i
23777605,"Cermak, Robert",CZE,M,,,,1449,0,40,APR26,2013,
367877,"Cermak, Tomas",CZE,M,,,,1840,0,20,APR26,1945,i
23787821,"Cerman, Jakub",CZE,M,,,,1537,0,40,APR26,1998,i
23732717,"Cerna, Miriam",CZE,F,,,,1546,0,40,APR26,2009,wi
371050,"Cernicek, Matyas",CZE,M,,,,1699,0,20,APR26,2002,i
23765224,"Cernik, Ondrej",CZE,M,,,,1612,0,20,APR26,2007,
312878,"Cernikova, Alena",CZE,F,,,,1951,0,20,APR26,1979,wi
23708298,"Cernoch, Vit",CZE,M,,,,1925,0,20,APR26,1987,i
311707,"Cernousek, Lukas",CZE,M,IM,,,2445,0,10,APR26,1983,i
302716,"Cernouskova, Alena",CZE,F,,,,1786,0,20,APR26,1982,wi
318167,"Cernovsky, Jiri",CZE,M,,,,2040,0,20,APR26,1974,
23765607,"Cerny, Bonifac",CZE,M,,,,1621,0,40,APR26,2011,i
23765372,"Cerny, Cenek",CZE,M,,,,1484,10,40,APR26,2014,
369551,"Cerny, David",CZE,M,,,,2038,0,20,APR26,2001,i
328987,"Cerny, Jakub",CZE,M,,,,1934,9,20,APR26,1991,
23757000,"Cerny, Jakub",CZE,M,,,,1510,0,40,APR26,2007,i
23707801,"Cerny, Jan",CZE,M,,,,1570,0,40,APR26,2005,i
342653,"Cerny, Josef",CZE,M,,,,1907,0,20,APR26,1992,i
23708301,"Cerny, Karel",CZE,M,,,,1902,0,20,APR26,1973,i
23727268,"Cerny, Karel Frantisek",CZE,M,,,,1548,0,40,APR26,2008,i
335983,"Cerny, Lumir",CZE,M,,,,1817,15,20,APR26,1970,
23759488,"Cerny, Martin",CZE,M,,,,1837,0,40,APR26,1969,i
23764449,"Cerny, Martin",CZE,M,,,,1666,0,40,APR26,1974,i
23727373,"Cerny, Michael",CZE,M,,,,1863,0,20,APR26,2004,i
391964,"Cerny, Michal",CZE,M,,,,1995,0,20,APR26,2006,
23735422,"Cerny, Michal",CZE,M,,,,1807,0,20,APR26,2002,i
23750057,"Cerny, Pavel",CZE,M,,,,1536,0,20,APR26,2003,i
23754559,"Cerny, Ren",CZE,M,,,,1732,0,40,APR26,2014,i
353850,"Cerny, Richard",CZE,M,,,,1861,0,20,APR26,1950,i
23746165,"Cerny, Rodan",CZE,M,,,,1667,5,40,APR26,2012,
23788950,"Cerny, Saul",CZE,M,,,,1485,5,40,APR26,2013,
335258,"Cerny, Stanislav",CZE,M,,,,1800,0,20,APR26,1947,i
23787732,"Cerny, Tobias",CZE,M,,,,1420,0,40,APR26,2010,
23753560,"Cerny, Tomas",CZE,M,,,,1446,0,40,APR26,2013,i
23735791,"Cerny, Viktor",CZE,M,,,,1638,0,40,APR26,2010,i
23739380,"Cerny, Zbysek",CZE,M,,,,1584,6,40,APR26,2011,
331651,"Cerovsky, Marek",CZE,M,,,,1879,8,20,APR26,1981,
23743077,"Cerulik, Lukas",CZE,M,,,,1610,0,40,APR26,1993,i
23790512,"Cerv, Vaclav",CZE,M,,,,1416,0,40,APR26,2010,
23764716,"Cervenka, Daniel",CZE,M,,,,1813,0,40,APR26,1975,i
23753420,"Cervenka, Ilja Filip",CZE,M,,,,1553,0,40,APR26,2007,i
23711264,"Cervenka, Jakub",CZE,M,,,,1593,0,40,APR26,2007,i
312444,"Cervenka, Petr",CZE,M,,,,1787,0,20,APR26,1964,
306436,"Cervenka, Roman",CZE,M,,NA,,1818,0,20,APR26,1950,i
23710470,"Cervenka, Tadeas",CZE,M,,,,1517,0,40,APR26,2007,i
321141,"Cerveny, Martin",CZE,M,IM,,,2387,9,10,APR26,1983,
23707941,"Cerveny, Miroslav",CZE,M,,,,1801,0,20,APR26,1978,i
322016,"Cerveny, Petr",CZE,M,FM,,,2225,0,20,APR26,1987,i
23768630,"Cerveny, Vojtech",CZE,M,,,,1841,0,40,APR26,2008,i
379727,"Cervicek, Bohumil",CZE,M,,,,1703,0,20,APR26,1949,i
307190,"Cervinka, Pavel",CZE,M,,,,1854,0,20,APR26,1984,i
23747617,"Cervinka, Vojtech",CZE,M,,,,1476,0,40,APR26,2011,
392405,"Cerych, Petr",CZE,M,,,,1653,0,20,APR26,2000,i
300900,"Cesal, Jaroslav",CZE,M,FM,,,2149,0,20,APR26,1950,
23726865,"Ceslikova, Marketa",CZE,F,,,,1556,0,20,APR26,1972,w
23749253,"Chadima, Lukas",CZE,M,,,,1679,0,20,APR26,2004,i
23771003,"Chadima, Ondrej",CZE,M,,,,1580,0,40,APR26,2010,
23749261,"Chadima, Vit",CZE,M,,,,1658,0,40,APR26,2007,i
321770,"Chaloupka, Frantisek",CZE,M,,NA,,1975,0,20,APR26,1955,i
353477,"Chaloupka, Josef",CZE,M,,,,1750,0,20,APR26,1943,
304212,"Chaloupka, Martin",CZE,M,,,,1962,0,20,APR26,1984,i
321265,"Chaloupka, Vladimir",CZE,M,,,,2015,0,20,APR26,1958,i
23762446,"Chalupa, Dominik",CZE,M,,,,1572,0,40,APR26,2008,
23741848,"Chalupa, Frantisek",CZE,M,,,,1851,0,20,APR26,1953,i
387428,"Chalupa, Karel",CZE,M,,,,1785,0,20,APR26,1999,i
349704,"Chalupa, Ondrej",CZE,M,,,,1814,0,40,APR26,1984,i
317039,"Chalupecky, Vladimir",CZE,M,,,,1932,0,20,APR26,1953,i
341720,"Chalupsky, Josef",CZE,M,,,,1856,0,20,APR26,1954,
311723,"Chalus, Karel",CZE,M,,,,2032,0,20,APR26,1965,i
23756780,"Chama, Vojtech",CZE,M,,,,1655,0,40,APR26,2006,i
23741708,"Chamoso, Javier",CZE,M,,,,1734,0,20,APR26,1975,
23714875,"Charalambidis, Pavlos",CZE,M,,,,1884,0,20,APR26,1936,i
23764970,"Charamza, Adam",CZE,M,,,,1532,0,40,APR26,2008,i
23733578,"Charousek, Dan",CZE,M,,,,1717,0,20,APR26,1995,i
345989,"Charvat, Jiri",CZE,M,,,,1912,0,20,APR26,1994,i
378704,"Charvatova, Lucie",CZE,F,,,,1924,0,20,APR26,2001,wi
23734256,"Chauvin, Franck",CZE,M,,,,1750,0,20,APR26,1973,i
23730137,"Chauvin, Leon",CZE,M,,,,1702,7,40,APR26,2009,
23739053,"Chauvin, Simon",CZE,M,,,,1612,0,40,APR26,2012,
391972,"Chelik, Andreas",CZE,M,,,,1559,0,40,APR26,2005,i
13734300,"Chernookov, Nikita",CZE,M,,,,1717,0,40,APR26,2005,i
23723785,"Chernyy, Andrey",CZE,M,,,,1983,0,40,APR26,2011,
312703,"Chladek, Vaclav",CZE,M,,,,2013,0,20,APR26,1954,i
321150,"Chladek, Vlastimil",CZE,M,,,,2054,0,20,APR26,1959,i
23790016,"Chlanda, Adam",CZE,M,,,,1513,0,40,APR26,2012,
317411,"Chlevistan, Jakub",CZE,M,,,,1974,9,20,APR26,1975,
357979,"Chlevistan, Jaromir",CZE,M,,,,1626,0,20,APR26,1954,i
336033,"Chliapas, Nikos",CZE,M,,,,1875,0,20,APR26,1949,i
383830,"Chloupek, Petr",CZE,M,,,,1795,0,20,APR26,1977,i
23798319,"Chlup, Patrik",CZE,M,,,,1622,0,40,APR26,2011,
23763930,"Chlupacek, Josef",CZE,M,,,,1947,0,40,APR26,2003,
344281,"Chmel, Kristian",CZE,M,,,,2102,0,20,APR26,1994,i
351512,"Chmelar, Josef",CZE,M,,,,1651,0,20,APR26,1954,i
360880,"Chmelar, Vitezslav",CZE,M,,,,1849,0,20,APR26,1987,
305723,"Chmelik, Jiri",CZE,M,,,,1944,0,20,APR26,1944,
345601,"Chmelik, Ladislav",CZE,M,,,,1769,0,20,APR26,1980,
23737131,"Chmelik, Ondrej",CZE,M,,,,1951,0,40,APR26,2004,i
23792078,"Chmelka, Dominik",CZE,M,,,,1581,0,40,APR26,2010,
23758589,"Chmelova, Klara",CZE,F,,,,1466,0,40,APR26,2014,w
383171,"Chmiel, Jan",CZE,M,,,,1677,9,20,APR26,1956,
350915,"Chmiel, Michael",CZE,M,,,,1662,0,40,APR26,1983,
307653,"Chochol, Libor",CZE,M,,,,2044,0,20,APR26,1965,i
23773847,"Chocholac, Josef",CZE,M,,,,1543,0,40,APR26,2012,i
23773855,"Chocholac, Lukas",CZE,M,,,,1549,0,40,APR26,1980,i
23743190,"Chodura, Michal",CZE,M,,,,1617,0,40,APR26,2008,i
23731559,"Chon, Jeremy",CZE,M,,,,1737,0,40,APR26,2010,i
23789212,"Chorvath, Ondrej",CZE,M,,,,1520,0,40,APR26,2017,
384097,"Chovan, Matous",CZE,M,,,,1563,0,20,APR26,2000,i
324442,"Chovanec, Karel",CZE,M,,,,1796,0,20,APR26,1944,i
334553,"Chrostek, Lukas",CZE,M,,,,1879,0,20,APR26,1993,i
23777451,"Chroustova, Marie",CZE,F,,,,1825,0,40,APR26,1939,w
23735988,"Chrz, Martin",CZE,M,,,,1842,0,20,APR26,1970,i
307980,"Chrz, Pavel",CZE,M,CM,,,1912,0,20,APR26,1967,
23790008,"Chu, Duc Anh David",CZE,M,,,,1651,0,40,APR26,2011,
23718250,"Chudek, Lubomir",CZE,M,,,,1862,0,20,APR26,1959,i
351911,"Chudina, Jan",CZE,M,,,,1625,0,20,APR26,1951,i
23730285,"Chugunov, Arkadiy",CZE,M,,,,1479,0,20,APR26,2004,i
335681,"Chura, Petra",CZE,F,,,,1711,0,20,APR26,1993,wi
366552,"Churova, Hana",CZE,F,,,,1633,0,20,APR26,1952,wi
345229,"Chury, Petr",CZE,M,,,,1890,0,20,APR26,1961,i
362000,"Chutny, Tomas",CZE,M,,,,1832,0,20,APR26,1945,i
321613,"Chvajova, Helena",CZE,F,,,,2014,0,20,APR26,1993,w
23777850,"Chval, Ladislav",CZE,M,,,,1471,0,40,APR26,1981,i
341738,"Chval, Petr",CZE,M,,,,1947,0,20,APR26,1974,i
23721430,"Chvatal, Jonas",CZE,M,,,,1577,0,40,APR26,2006,
395366,"Chveja, Roman",CZE,M,,,,1822,0,20,APR26,1969,i
331783,"Chwastek, Otto",CZE,M,,,,1860,0,20,APR26,1943,i
363871,"Chwistek, Karel",CZE,M,,,,1939,0,20,APR26,2001,i
23710780,"Chwistek, Marek",CZE,M,,,,1463,0,20,APR26,2004,i
23732636,"Chyska, Jan",CZE,M,,,,1456,0,20,APR26,2001,i
23764341,"Chystoprudov, Ihor",CZE,M,,,,1540,0,40,APR26,2005,i
377104,"Chytil, Petr",CZE,M,,,,1936,0,20,APR26,1998,i
23708042,"Cibulka, Josef",CZE,M,,,,1987,0,20,APR26,2004,i
23707534,"Cibulka, Michal",CZE,M,,,,1754,0,20,APR26,1989,i
23780967,"Cicha, Tomas",CZE,M,,,,1445,5,40,APR26,2008,
334847,"Cieslak, Leszek",CZE,M,,,,1879,0,20,APR26,1977,i
23792370,"Cifka, Petr",CZE,M,,,,1896,0,40,APR26,1985,
23777869,"Cihak, Tomas",CZE,M,,,,1501,0,40,APR26,1970,
23785497,"Cimala, Matej",CZE,M,,,,1558,0,40,APR26,2008,
23744073,"Cimbora, Matej",CZE,M,,,,1863,0,20,APR26,1990,
390283,"Cimburek, Jan",CZE,M,,,,2138,0,20,APR26,2006,
23736887,"Cimprich, Lukas",CZE,M,,,,1744,0,40,APR26,2010,i
378933,"Cimprich, Miroslav",CZE,M,,,,1852,0,20,APR26,1976,i
23725826,"Cinkova, Vicky",CZE,F,,,,1615,0,40,APR26,2008,w
23758341,"Cintl, Jakub",CZE,M,,NA,,1647,0,40,APR26,2007,i
308447,"Cip, Dalibor",CZE,M,,,,2130,0,20,APR26,1955,i
341746,"Cipera, Josef",CZE,M,,,,1733,0,20,APR26,1946,
347604,"Cisar, Jiri",CZE,M,,,,1906,0,20,APR26,1948,i
349399,"Cisar, Jiri",CZE,M,,,,1732,0,40,APR26,1969,i
327727,"Cisler, Michal",CZE,M,,,,1926,0,20,APR26,1989,
310212,"Cisler, Petr",CZE,M,,,,2092,0,20,APR26,1973,i
23774762,"Citovsky, Zdenek",CZE,M,,,,1672,0,20,APR26,1976,
372331,"Civin, Dominik",CZE,M,,,,1953,0,20,APR26,2000,i
305847,"Civin, Tomas",CZE,M,,,,2367,0,20,APR26,1976,i
23734264,"Ciz, Alexandr",CZE,M,,,,1635,0,20,APR26,2004,i
23744154,"Cizek, Filip",CZE,M,,,,1792,0,40,APR26,2011,
23768452,"Cizek, Jakub",CZE,M,,,,1672,0,40,APR26,1993,i
23717238,"Cizek, Jan",CZE,M,,,,1770,0,20,APR26,2001,i
23745703,"Cizek, Jan",CZE,M,,,,1701,0,20,APR26,1992,i
336068,"Cizek, Ondrej",CZE,M,,,,1924,0,20,APR26,1987,i
357987,"Cizek, Petr",CZE,M,,NA,,1904,0,20,APR26,1984,
23768460,"Cizek, Tomas",CZE,M,,,,1752,0,40,APR26,1999,i
23774673,"Cizikova, Klaudia",CZE,F,,,,1420,0,40,APR26,2016,w
302686,"Cizinsky, Petr",CZE,M,,,,2140,0,20,APR26,1995,i
378437,"Cizmarova, Zuzana",CZE,F,,,,1771,0,20,APR26,1991,wi
23762322,"Clifton, Sean Edvin",CZE,M,,,,1443,0,40,APR26,2008,i
23764619,"Cmiel, Marek",CZE,M,,,,1459,0,40,APR26,2006,i
313173,"Cmiko, Jakub",CZE,M,,,,2044,0,20,APR26,1978,i
336076,"Cominetti, Marco",CZE,M,,,,1771,0,20,APR26,1964,i
413038,"Constantinou, Peter",CZE,M,FM,,,2298,0,20,APR26,1988,i
313904,"Contos, Vaclav",CZE,M,,,,2006,0,20,APR26,1973,i
23744570,"Contos, Vaclav",CZE,M,,,,1424,0,40,APR26,2012,i
355739,"Cornyj, Milan",CZE,M,,,,1693,0,20,APR26,1950,
329924,"Coufal, Bohumir",CZE,M,,,,1755,0,20,APR26,1943,i
571000895,"Coufal, Jakub",CZE,M,,,,1530,0,40,APR26,1988,
23780134,"Coufalik, Jakub",CZE,M,,,,1590,6,40,APR26,2006,
23767570,"Coufalova, Aneta",CZE,F,,,,1509,0,40,APR26,2005,wi
307203,"Cozl, David",CZE,M,,,,1955,0,20,APR26,1976,i
23759437,"Craig, Jake Russell",CZE,M,,,,1444,0,40,APR26,2007,i
393185,"Crawley, Gregory",CZE,M,,,,1831,0,20,APR26,1977,i
374911,"Crha, Bretislav",CZE,M,,,,1687,0,20,APR26,1958,
23785896,"Crha, Filip",CZE,M,,,,1432,0,40,APR26,2014,
307220,"Crha, Ondrej",CZE,M,,,,2175,0,20,APR26,1978,i
324094,"Crha, Pavel",CZE,M,,,,2041,0,20,APR26,1973,i
23776099,"Crhova, Sofie",CZE,F,,,,1544,0,40,APR26,2017,w
392782,"Crlik, Filip",CZE,M,,,,1493,0,20,APR26,2004,i
23763116,"Ctrnact, Frantisek",CZE,M,,,,1641,0,20,APR26,2004,i
366153,"Ctrnact, Jiri",CZE,M,,,,1881,0,20,APR26,1976,i
23735171,"Ctveracek, Filip",CZE,M,,,,1588,0,40,APR26,2008,i
23788623,"Cuba, Daniel",CZE,M,,,,1423,0,40,APR26,2010,i
357995,"Cubok, Milan",CZE,M,,,,1868,0,20,APR26,1956,i
358002,"Cubok, Miroslav",CZE,M,,,,1663,0,20,APR26,1954,
315320,"Cubok, Zdenek",CZE,M,,,,1761,0,20,APR26,1946,
327735,"Cuhra, Martin",CZE,M,FM,,,2216,0,20,APR26,1989,i
307394,"Cujdik, Jiri",CZE,M,,,,1900,0,20,APR26,1961,i
23786795,"Cunek, Jan",CZE,M,,,,1449,0,40,APR26,2013,
23756284,"Cupa, Lubomir",CZE,M,,,,1515,0,20,APR26,1956,i
320935,"Cupek, Martin",CZE,M,,,,2115,0,20,APR26,1983,
377112,"Cupr, Radomir",CZE,M,,,,1723,0,20,APR26,1967,i
23785519,"Cupr, Tomas",CZE,M,,,,1459,0,40,APR26,2016,i
23761334,"Curin, Jan",CZE,M,,,,1644,0,40,APR26,2006,i
23735481,"Curin, Marek",CZE,M,,,,1427,0,40,APR26,2012,
353493,"Curin, Richard",CZE,M,,,,1809,0,20,APR26,1977,i
23760788,"Cvach, Zbynek",CZE,M,,,,1715,0,20,APR26,1972,i
23780142,"Cvak, Patrik",CZE,M,,,,1552,0,40,APR26,2008,i
329053,"Cvejn, Jaroslav",CZE,M,,,,1737,0,20,APR26,1957,
307424,"Cvek, Robert",CZE,M,GM,,,2449,0,10,APR26,1979,
23777010,"Cvetkovic, Boris",CZE,M,,,,1520,0,40,APR26,1994,i
375284,"Cvik, Stepan",CZE,M,,,,1925,0,20,APR26,1991,i
316407,"Cvikl, Michal",CZE,M,,,,1974,0,20,APR26,1971,
23750472,"Cvilink, Tomas",CZE,M,,,,1602,9,40,APR26,2011,
23734531,"Cyhelsky, Ludek",CZE,M,,,,1651,0,20,APR26,1954,
23786620,"Cymorek, Adrian",CZE,M,,,,1506,0,40,APR26,2016,
23791225,"Cymorek, Andrzej",CZE,M,,,,1579,0,40,APR26,1980,
358010,"Cyron, Karel",CZE,M,,,,1710,0,20,APR26,1948,
23765836,"Czech, Daniel",CZE,M,,,,1663,0,40,APR26,2010,
23702931,"Czepiec, Richard",CZE,M,,,,1569,0,40,APR26,2007,i
23760427,"Czerny, Kristian",CZE,M,,,,1483,0,40,APR26,2008,i
377910,"Dajcar, Vaclav",CZE,M,,,,1821,0,20,APR26,1986,i
309222,"Dalecky, Bretislav",CZE,M,,,,2012,0,20,APR26,1965,i
23734760,"Dancak, Stanislav",CZE,M,,,,1712,0,20,APR26,1984,i
365610,"Danek, Daniel",CZE,M,,,,1955,0,20,APR26,2000,i
320943,"Danek, Libor",CZE,M,,,,1978,0,20,APR26,1969,i
312410,"Danek, Pavel",CZE,M,,,,1902,9,20,APR26,1962,
23724404,"Danek, Roman",CZE,M,,,,1760,0,20,APR26,1968,i
23745223,"Danek, Roman",CZE,M,,,,1831,0,20,APR26,1993,i
336106,"Danek, Vaclav",CZE,M,,,,1906,0,20,APR26,1945,i
383376,"Danel, Petr",CZE,M,,,,1551,0,20,APR26,2001,i
319635,"Danes, Jaroslav",CZE,M,,,,2194,0,20,APR26,1978,i
371564,"Danhel, Jan",CZE,M,,,,1824,0,20,APR26,1957,i
23774312,"Danhel, Matej",CZE,M,,,,1500,0,40,APR26,2008,
392677,"Daniel, Antonin",CZE,M,,,,1666,0,20,APR26,1957,
309869,"Daniel, Jiri",CZE,M,,,,1877,9,20,APR26,1989,
316563,"Daniel, Jiri",CZE,M,,,,1872,0,20,APR26,1953,
308137,"Daniel, Martin",CZE,M,,,,2102,0,20,APR26,1978,i
362174,"Daniel, Michal",CZE,M,,,,1729,0,20,APR26,1980,i
365599,"Daniel, Robert",CZE,M,,,,1685,0,20,APR26,1976,
23718900,"Danilevic, Patrik",CZE,M,,,,1744,0,40,APR26,2005,i
367788,"Danilov, Viacheslav",CZE,M,,,,1937,0,20,APR26,1960,i
323845,"Danko, Jiri",CZE,M,,,,1908,0,20,APR26,1961,
23790997,"Daskin, Erdinc",CZE,M,,,,1584,5,40,APR26,2010,
23734280,"Davaakhuu, Anungoo",CZE,F,,,,1518,0,40,APR26,2009,wi
23704420,"David, Adam",CZE,M,,,,1725,0,40,APR26,2008,i
23753102,"David, Dominik",CZE,M,,,,1506,0,20,APR26,1995,i
382116,"David, Miroslav",CZE,M,,,,1665,0,20,APR26,2001,i
377937,"Davidek, Bohuslav",CZE,M,,,,1615,7,20,APR26,1949,
23785578,"Davidek, Jonas",CZE,M,,,,1543,6,40,APR26,2012,
23725001,"Davidek, Zdenek",CZE,M,,,,2227,0,40,APR26,2008,
23777028,"Davtyan, Narek",CZE,M,,,,1645,5,40,APR26,1995,
23726709,"Day, Sophia Olivia",CZE,F,,,,1469,0,40,APR26,2011,wi
23715197,"Day, Tim",CZE,M,,,,1704,0,20,APR26,1979,i
23716053,"Day, Timothy",CZE,M,,,,1754,0,20,APR26,1979,i
397709,"Day, Tobias",CZE,M,,,,1771,0,40,APR26,2008,i
347760,"Dbaly, Vaclav",CZE,M,,,,1825,0,20,APR26,1961,i
23751835,"De La Iglesia, Ruben",CZE,M,,,,1632,0,20,APR26,1989,i
23724986,"Dean, James",CZE,M,,,,1741,0,20,APR26,1983,i
23745932,"Decastelo, Filip",CZE,M,,,,1616,0,20,APR26,1989,i
309389,"Decka, Eliska",CZE,F,,,,2046,0,20,APR26,1982,wi
23745568,"Dedecek, Tomas",CZE,M,,,,1500,0,20,APR26,1990,i
23716061,"Dedek, Adam",CZE,M,,,,1695,0,40,APR26,2007,i
23779225,"Dedina, Miroslav",CZE,M,,,,1486,0,40,APR26,1952,i
23719222,"Dejmek, Tomas",CZE,M,,,,1674,0,20,APR26,2007,i
23727276,"Delgerdalai, Bayarjavkhlan",CZE,M,FM,,,2365,0,20,APR26,2010,
23790792,"Delgerdalai, Tuvshinsaikhan",CZE,M,,,,1449,0,40,APR26,2015,
371769,"Demko, Robert",CZE,M,,,,1899,0,20,APR26,2003,i
393223,"Demkova, Ester",CZE,F,,,,1540,0,20,APR26,2002,wi
375292,"Depta, Tomas",CZE,M,,,,1804,0,20,APR26,1963,i
23766859,"Desonov, Andrii",CZE,M,,,,1668,7,20,APR26,2005,
23774592,"Detsky, Jakub",CZE,M,,,,1441,0,40,APR26,2014,i
332429,"Devera, Filip",CZE,M,,,,1622,0,20,APR26,1985,
23734442,"Deverova, Tereza",CZE,F,,,,1444,0,40,APR26,1992,w
23751169,"Dezinsky, Filip",CZE,M,,,,1585,0,40,APR26,2012,i
366919,"Dibak, Jan",CZE,M,,,,1538,0,20,APR26,1967,
23719044,"Diblik, Radek",CZE,M,,,,1869,0,20,APR26,1969,i
312428,"Didi, Jan",CZE,M,,NA,,1961,9,20,APR26,1963,
23710799,"Digtyar, Alexander",CZE,M,,,,1637,0,20,APR26,1964,
23794348,"Dihtjar, Alexandr",CZE,M,,,,1499,0,40,APR26,1964,
23762527,"Dinu, Andrei",CZE,M,,,,1634,0,20,APR26,1987,i
23774320,"Disiuk, Ivan",CZE,M,,,,1430,0,40,APR26,2010,
316202,"Dittrich, Pavel",CZE,M,,,,2163,0,20,APR26,1981,i
385999,"Divinec, Milan",CZE,M,,,,1771,0,20,APR26,1964,i
23728655,"Divis, Jan",CZE,M,,,,1773,0,20,APR26,1988,
307262,"Divis, Jaroslav",CZE,M,,,,2007,0,20,APR26,1988,i
336122,"Divis, Jiri",CZE,M,,,,1804,0,20,APR26,1977,i
305677,"Divis, Libor",CZE,M,,,,1865,0,20,APR26,1956,
23767014,"Divis, Tomas",CZE,M,,,,1449,0,40,APR26,2008,i
14926059,"Dlasek, Jan",CZE,M,,,,1777,0,20,APR26,1985,i
23773391,"Dlaskova, Eliska",CZE,F,,,,1705,0,40,APR26,2008,wi
353876,"Dlouhy, David",CZE,M,,,,1878,0,20,APR26,1970,i
340570,"Dlouhy, Milan",CZE,M,,,,1678,0,20,APR26,1961,
315907,"Dlouhy, Ondrej",CZE,M,,,,1973,9,20,APR26,1972,
23786639,"Dluhos, Daniel",CZE,M,,,,1418,0,40,APR26,2016,
14116111,"Dmitruk, Volodymyr",CZE,M,,,,1735,0,20,APR26,1960,i
23707372,"Do The, Dan",CZE,M,,,,1806,0,20,APR26,1986,i
331163,"Dobes, Dusan",CZE,M,,,,2080,0,20,APR26,1972,i
377945,"Dobes, Jaroslav",CZE,M,,,,1870,0,20,APR26,1949,i
305090,"Dobes, Ludek",CZE,M,,,,1981,0,20,APR26,1963,i
23764457,"Dobes, Marek",CZE,M,,,,1703,0,20,APR26,2007,
333913,"Dobes, Vojtech",CZE,M,,,,2077,0,20,APR26,1996,
23724498,"Dobias, Patrik",CZE,M,,,,1737,0,20,APR26,1997,i
300250,"Dobrovolsky, Ladislav",CZE,M,IM,,,2220,0,20,APR26,1950,i
23709391,"Dobsa, Emma",CZE,F,,,,1866,0,40,APR26,2008,w
320625,"Docekal, Jan",CZE,M,,,,2201,0,20,APR26,1984,i
23779969,"Docekal, Michal",CZE,M,,,,1666,9,40,APR26,2009,
325600,"Docekalova, Alexandra",CZE,F,,,,1964,6,20,APR26,1986,w
23703660,"Dofek, Tomas",CZE,M,,,,1574,0,20,APR26,2005,
23754958,"Dokoupil, Marek",CZE,M,,,,1715,0,40,APR26,2010,
23744979,"Dolansky, Dominik",CZE,M,,,,1458,0,40,APR26,2009,i
367060,"Dolansky, Lukas",CZE,M,,,,2034,0,20,APR26,2002,i
399841,"Dolejs, Jakub",CZE,M,,,,1651,0,20,APR26,2004,i
399000,"Dolensky, Filip",CZE,M,CM,,,2087,0,20,APR26,2007,i
346560,"Dolensky, Milan",CZE,M,,,,1982,0,20,APR26,1971,i
362956,"Dolensky, Stepan",CZE,M,,,,1703,0,20,APR26,2002,i
23716665,"Dolezal, Daniel",CZE,M,,,,1419,0,40,APR26,2006,i
23780363,"Dolezal, Daniel",CZE,M,,,,1580,0,40,APR26,2012,i
23709987,"Dolezal, Eduard",CZE,M,,,,1632,7,20,APR26,2001,
23729627,"Dolezal, Oldrich",CZE,M,,,,1902,0,20,APR26,1978,
23707810,"Dolezal, Petr",CZE,M,,,,1894,0,20,APR26,1981,i
304735,"Dolezal, Radoslav",CZE,M,IM,,,2306,0,10,APR26,1977,
302945,"Dolezal, Rudolf",CZE,M,,,,1771,0,20,APR26,1963,
307289,"Dolezal, Vit",CZE,M,,,,1987,0,20,APR26,1973,i
350001,"Dolezalova, Lada",CZE,F,,,,1829,0,20,APR26,1999,wi
23771011,"Dolezel, Adam",CZE,M,,,,1508,0,40,APR26,2012,
346691,"Dolezel, Jiri",CZE,M,,,,1867,0,20,APR26,1957,i
377953,"Dolezel, Jiri",CZE,M,,,,1801,0,20,APR26,1980,
377961,"Dolezel, Lukas",CZE,M,,,,1633,0,20,APR26,1997,i
23702079,"Dolezel, Martin",CZE,M,,,,1584,0,20,APR26,1974,i
23763639,"Dolezi, Daniel",CZE,M,,,,1409,0,40,APR26,2013,i
23775777,"Dolezil, Martin",CZE,M,,,,1617,0,40,APR26,1973,i
23788127,"Dolog, Vasyl",CZE,M,,,,1669,0,40,APR26,1998,
398772,"Dome, Michal",CZE,M,,NA,,1922,0,20,APR26,2003,
23741821,"Dominikova, Denisa",CZE,F,,,,1714,0,40,APR26,2008,w
23715782,"Domkar, Igor",CZE,M,,,,1593,0,20,APR26,1973,i
23764058,"Donat, Ondrej",CZE,M,,,,1426,0,40,APR26,2007,i
23712341,"Donner, Jan",CZE,M,,,,1531,0,40,APR26,2007,i
23727624,"Dorazil, Tomas",CZE,M,,,,1661,0,20,APR26,1973,i
23739142,"Dorazilova, Kristyna",CZE,F,,,,1813,0,40,APR26,2009,w
23781122,"Dorchynets, Mykhaylo",CZE,M,,,,1533,0,40,APR26,2015,
23744162,"Dorey, Alex",CZE,M,,,,1581,6,40,APR26,2012,
23718781,"Dorey, Maxime",CZE,M,,,,1464,0,40,APR26,2009,i
305936,"Doring, Robert",CZE,M,,,,2126,0,20,APR26,1970,i
327026,"Dorjkhuu, Tuvshinbayar",CZE,M,,,,1969,0,20,APR26,1961,i
23787740,"Dorosenko, Petr Damir",CZE,M,,,,1408,0,40,APR26,2012,
332437,"Dosedel, Jiri",CZE,M,,,,1947,9,20,APR26,1966,
23744588,"Dosedel, Jiri",CZE,M,,,,1434,0,40,APR26,1995,
23799650,"Dosedel, Lukas",CZE,M,,,,1462,7,40,APR26,1998,
23709502,"Dostal, Jiri",CZE,M,,,,1821,0,20,APR26,1957,i
327743,"Dostal, Petr",CZE,M,,NA,,1902,0,20,APR26,1967,i
312240,"Dostal, Radim",CZE,M,,NA,,1937,9,20,APR26,1978,
23723432,"Dostal, Simon",CZE,M,,,,1634,0,40,APR26,2004,i
351431,"Dostalek, Petr",CZE,M,,,,1834,0,20,APR26,1975,i
332445,"Doubal, Petr",CZE,M,,,,1830,0,20,APR26,1958,i
23786043,"Doubek, David",CZE,M,,,,1499,0,40,APR26,2006,i
365211,"Doubek, Jakub",CZE,M,,,,1683,0,20,APR26,1999,i
23786051,"Doubek, Michal",CZE,M,,,,1554,0,40,APR26,2010,i
332453,"Doubrava, Pavel",CZE,M,,,,1917,0,20,APR26,1967,i
398667,"Doubravova, Olga",CZE,F,,,,1660,5,20,APR26,1969,w
23764988,"Douda, Michal",CZE,M,,,,1696,0,40,APR26,2008,i
23745231,"Drabek, Simon",CZE,M,,,,1590,0,40,APR26,2012,i
301604,"Drabek, Vojtech",CZE,M,,,,2078,0,20,APR26,1983,i
14961040,"Dracka, Alexander",CZE,M,,,,1661,0,20,APR26,1990,i
370150,"Dragon, Pavel",CZE,M,,,,1851,0,20,APR26,1953,i
345024,"Drahonovsky, Ivo",CZE,M,,,,1858,0,20,APR26,1976,i
326003,"Drahorad, Daniel",CZE,M,,,,1939,0,20,APR26,1982,i
23780460,"Drahosova, Anna",CZE,F,,,,1553,0,40,APR26,2015,w
23780479,"Drahosova, Zofie",CZE,F,,,,1404,0,40,APR26,2017,w
23793694,"Draslar, Dominik",CZE,M,,,,1477,0,40,APR26,2010,
371777,"Drasnar, Lukas",CZE,M,,,,1907,0,40,APR26,2005,i
336181,"Drasnar, Pavel",CZE,M,,,,1764,0,20,APR26,1972,i
336203,"Drastich, Tomas",CZE,M,,,,1828,0,20,APR26,1968,i
23728132,"Drda, Marek",CZE,M,,,,1722,0,20,APR26,1972,i
23731567,"Drda, Stepan",CZE,M,,,,1756,0,20,APR26,2004,
377597,"Drevo, Jakub",CZE,M,,,,1631,0,40,APR26,2001,
383392,"Drobnakova, Sandra",CZE,F,,,,1686,0,20,APR26,1998,wi
23740485,"Drozda, Antonin",CZE,M,,,,1692,0,20,APR26,1995,i
23720190,"Drtil, Lubomir",CZE,M,,,,1832,0,20,APR26,1964,i
376329,"Drysl, Frantisek",CZE,M,,,,1766,0,20,APR26,1946,i
348066,"Drysl, Radek",CZE,M,,,,1936,0,20,APR26,1974,i
302953,"Dub, Miroslav",CZE,M,,,,1947,0,20,APR26,1968,i
23776579,"Dub, Tomas",CZE,M,,,,1612,0,40,APR26,1999,i
309010,"Dubansky, Bohuslav",CZE,M,,,,2204,0,20,APR26,1975,
23768592,"Dubelcik, Lukas",CZE,M,,,,1530,0,40,APR26,2006,i
23780975,"Dubina, Pavel",CZE,M,,,,1407,0,40,APR26,2012,i
386340,"Dubnicka, Augustin",CZE,M,,,,1902,9,20,APR26,2000,
354341,"Dubovecky, Josef",CZE,M,,,,1923,0,20,APR26,1949,i
23732830,"Dubovy, Marek",CZE,M,,,,1618,0,20,APR26,1997,
23716908,"Dubsky, Lukas",CZE,M,,,,1680,6,40,APR26,2008,
23714921,"Dubsky, Tomas",CZE,M,,,,1402,0,40,APR26,2010,
332151,"Duch, Robert",CZE,M,,,,1777,0,20,APR26,1969,i
23749822,"Duda, Ales",CZE,M,,,,1556,0,40,APR26,2007,i
326720,"Duda, Antonin",CZE,M,,,,2014,7,20,APR26,1987,
23719192,"Duda, Jiri",CZE,M,,,,1837,0,20,APR26,1971,i
376108,"Duda, Ondrej",CZE,M,,,,1841,0,20,APR26,1996,i
23714930,"Dudarec, Elias",CZE,M,,,,1877,0,40,APR26,2009,
336238,"Dudek, Jaromir",CZE,M,,,,1939,0,20,APR26,1967,i
309982,"Dudek, Jaromir",CZE,M,,,,1822,0,20,APR26,1938,i
398780,"Dudek, Vojtech",CZE,M,,,,2094,0,20,APR26,2005,i
23773936,"Dudic, Jan",CZE,M,,,,1546,0,40,APR26,1993,
23718439,"Dudkova, Danka",CZE,F,,,,1764,0,20,APR26,1977,wi
23712350,"Dudkova, Josefina",CZE,F,,,,1730,0,40,APR26,2008,wi
371246,"Dudla, Martin",CZE,M,,,,1830,0,20,APR26,1976,
23758457,"Dudlova, Alexandra",CZE,F,,,,1670,0,40,APR26,2014,w
23732180,"Dudova, Anna",CZE,F,,,,1437,0,20,APR26,1965,w
394629,"Dudova, Pavlina",CZE,F,,,,1782,0,20,APR26,2005,w
321362,"Dufek, Martin",CZE,M,,,,1779,0,20,APR26,1959,i
393100,"Dufek, Tomas",CZE,M,,,,1706,0,20,APR26,1971,
23744383,"Dufkova, Tereza",CZE,F,,,,1547,0,40,APR26,2009,wi
23776340,"Duhaj, Tomas",CZE,M,,,,1616,5,40,APR26,1998,
360775,"Dumek, Ales",CZE,M,,,,1594,0,20,APR26,1973,i
361046,"Dumkova, Daniela",CZE,F,,,,1900,0,20,APR26,1997,wi
23709952,"Dunda, Andrej",CZE,M,,,,1681,0,40,APR26,2005,i
363901,"Dunder, Ondrej",CZE,M,,,,1802,0,20,APR26,1998,
334065,"Dungl, Petr",CZE,M,,,,1947,0,20,APR26,1965,i
372722,"Dupenopulos, Karel",CZE,M,,,,1825,0,20,APR26,1999,i
23727870,"Duran, Michal",CZE,M,,,,1613,0,40,APR26,2011,i
306894,"Duran, Tomas",CZE,M,,,,2076,0,20,APR26,1976,
23704438,"Duran, Tomas",CZE,M,,NA,,1570,0,40,APR26,2008,i
356778,"Duranova, Dana",CZE,F,,NA,,1622,0,20,APR26,1979,wi
333212,"Durchan, Milan",CZE,M,,,,1804,0,20,APR26,1961,
394130,"Duriancik, Michal",CZE,M,,,,1864,0,40,APR26,2006,i
23723386,"Durovic, Karel",CZE,M,,,,1729,0,20,APR26,1956,i
23749016,"Dusanek, Filip",CZE,M,,,,1785,0,40,APR26,2008,
23721022,"Dusanek, Michal",CZE,M,,,,1762,0,40,APR26,2009,i
314480,"Dusbaba, Karel",CZE,M,,NA,,2071,9,20,APR26,1971,
23722150,"Dusek, Bohuslav",CZE,M,,,,1499,0,20,APR26,2004,i
23766590,"Dusek, Jakub",CZE,M,,,,1758,0,40,APR26,2009,i
372730,"Dusek, Josef",CZE,M,,,,1812,0,20,APR26,1995,i
23755393,"Dusek, Matyas",CZE,M,,,,1615,0,40,APR26,2012,
319317,"Dusek, Vladimir",CZE,M,,,,1687,8,20,APR26,1957,
23777036,"Dusik, Stanislav",CZE,M,,,,1640,0,40,APR26,1998,
23794054,"Dvoracek, Ales",CZE,M,,,,1589,0,40,APR26,2007,
371319,"Dvoracek, Filip",CZE,M,,,,1891,0,20,APR26,1996,i
382329,"Dvoracek, Jan Matyas",CZE,M,,,,1883,0,20,APR26,2004,i
23726130,"Dvoracek, Matyas",CZE,M,,,,1909,0,20,APR26,2005,
23745940,"Dvoracek, Vojtech",CZE,M,,,,1678,0,20,APR26,1997,i
346497,"Dvorak, Adam",CZE,M,,,,2212,0,20,APR26,1998,i
23776200,"Dvorak, Adam",CZE,M,,,,1449,0,40,APR26,2016,i
380768,"Dvorak, Ales",CZE,M,,,,1828,0,20,APR26,1980,i
364878,"Dvorak, Alois",CZE,M,,,,1966,0,20,APR26,1951,i
348473,"Dvorak, Arnost",CZE,M,,,,1859,0,20,APR26,1947,i
378518,"Dvorak, Dominik",CZE,M,,,,1781,0,20,APR26,1997,i
336254,"Dvorak, Eduard",CZE,M,,,,1700,0,20,APR26,1953,
314870,"Dvorak, Jan",CZE,M,,,,2195,0,20,APR26,1980,i
23730722,"Dvorak, Jan",CZE,M,,,,1931,0,40,APR26,2008,
399060,"Dvorak, Jaroslav",CZE,M,,,,1596,0,20,APR26,1950,i
383180,"Dvorak, Josef",CZE,M,,,,1690,0,20,APR26,1951,i
316598,"Dvorak, Libor",CZE,M,,,,2053,0,20,APR26,1960,i
23722622,"Dvorak, Ludek",CZE,M,,,,1552,0,20,APR26,1957,i
327751,"Dvorak, Martin",CZE,M,,,,2170,0,20,APR26,1991,i
369594,"Dvorak, Milan",CZE,M,,,,1845,0,20,APR26,1973,
23734906,"Dvorak, Milan",CZE,M,,,,1411,0,40,APR26,2009,i
391379,"Dvorak, Pavel",CZE,M,,,,1806,0,20,APR26,1948,i
23792930,"Dvorak, Simon",CZE,M,,,,1520,0,40,APR26,2014,
23765526,"Dvorak, Tomas",CZE,M,,,,1522,0,40,APR26,1977,i
315745,"Dvorak, Vladimir",CZE,M,,,,1912,0,20,APR26,1954,i
383317,"Dvorak, Zdenek",CZE,M,,,,1813,0,20,APR26,1976,i
23791276,"Dvorak, Zdenek",CZE,M,,,,1769,0,40,APR26,1979,
317420,"Dvorakova Miculkova, Magdalena",CZE,F,,,,2012,0,20,APR26,1984,wi
383325,"Dvorakova, Olga",CZE,F,,,,1935,0,20,APR26,2004,wi
23711299,"Dvorny, Tomas",CZE,M,,,,1665,0,40,APR26,2005,i
326011,"Dvoulety, Tomas",CZE,M,,,,1920,0,20,APR26,1987,i
374920,"Dworok, Mieczyslaw",CZE,M,,,,1735,0,20,APR26,1947,i
23788020,"Dytrych, Marek",CZE,M,,,,1670,0,40,APR26,1994,i
23732849,"Dzialo, David",CZE,M,,,,1463,0,40,APR26,2013,i
23765240,"Dzyachenka, Mikita",CZE,M,,,,1453,0,40,APR26,2011,i
23706767,"Ecler, Matej",CZE,M,,,,1576,0,40,APR26,2005,i
376370,"Effenberger, Adam",CZE,M,,,,1863,0,20,APR26,1991,i
23779772,"Eger, Vojtech",CZE,M,,,,1475,0,40,APR26,2014,i
23778180,"Eger, Zigmund Bartolomej",CZE,M,,,,1457,0,40,APR26,2003,i
23785969,"Egerlova, Eliska",CZE,F,,,,1561,0,40,APR26,2010,w
329070,"Egri, Tomas",CZE,M,,,,1881,0,20,APR26,1986,i
349135,"Ehrlich, Tomas",CZE,M,,,,1569,0,20,APR26,1968,i
359238,"Eichler, Bretislav",CZE,M,,,,1835,16,20,APR26,1963,
23794445,"Eidelpes, Adam",CZE,M,,,,1690,6,40,APR26,1999,
331333,"Eisenbruk, Jakub",CZE,M,,,,2138,0,20,APR26,1990,i
328367,"Eisner, Oldrich",CZE,M,,,,1855,0,20,APR26,1955,i
384453,"Elias, Jakub",CZE,M,,,,1923,0,20,APR26,2000,i
368822,"Eliasek, Milan",CZE,M,,,,1690,0,20,APR26,1967,i
23724382,"Ellmrich, Gerhard",CZE,M,,,,1593,0,20,APR26,1939,i
23749890,"Elman, Tom",CZE,M,,,,1645,0,20,APR26,2004,i
23799145,"Elwaseef, Ahmed Ibrahim",CZE,M,,,,1603,0,40,APR26,1988,
392898,"Encinas, Michelle Diane",CZE,F,,,,1636,0,20,APR26,2002,wi
571001581,"Engel, Mai",CZE,M,,,,1497,7,40,APR26,2013,
378399,"Engel, Tomas",CZE,M,,,,1665,0,20,APR26,1999,i
23777044,"Enkhbaatar, Ganselem",CZE,M,,,,1484,0,40,APR26,1993,i
23789239,"Enkhbaatar, Munkhduuren",CZE,M,,,,1616,7,40,APR26,2017,
23786400,"Enkhbat, Tenuun",CZE,M,,,,1542,0,40,APR26,2017,
23768479,"Epperla, Chandra Prakash",CZE,M,,,,1496,0,40,APR26,1986,i
327778,"Erban, Dusan",CZE,M,,,,2051,0,20,APR26,1962,i
356565,"Erban, Jiri",CZE,M,,,,1841,0,20,APR26,1986,i
334910,"Erban, Stepan",CZE,M,,,,1906,0,20,APR26,1988,i
364495,"Eret, Jonas",CZE,M,,,,2137,0,20,APR26,2000,i
364509,"Eret, Matous",CZE,M,FM,,,2214,0,20,APR26,2002,
303380,"Eretova, Jana",CZE,F,,,,1943,0,20,APR26,1973,w
23707585,"Esnerova, Monika",CZE,F,,,,1698,0,20,APR26,1979,wi
372277,"Esterka, Jan",CZE,M,,,,1788,0,40,APR26,1969,
23788135,"Evdokimov, Ivan",CZE,M,,,,1647,0,40,APR26,1998,i
334375,"Everill, Clive",CZE,M,,,,1698,0,40,APR26,1959,
353884,"Fabian, Jan",CZE,M,,,,1866,0,20,APR26,1936,i
386014,"Fabik, Jan",CZE,M,,,,1806,0,20,APR26,1951,i
23775980,"Fabo, Oldrich",CZE,M,,,,1425,0,40,APR26,2006,i
23792795,"Facevic, Teodor",CZE,M,,,,1446,0,40,APR26,2017,
23749679,"Fadrny, Dalibor",CZE,M,,,,1483,0,20,APR26,1982,i
23744170,"Fadrny, Jachym",CZE,M,,,,1784,0,40,APR26,2013,
23791500,"Fadrny, Johan",CZE,M,,,,1512,7,40,APR26,2017,
23744189,"Fadrny, Jonas",CZE,M,,,,1544,0,40,APR26,2014,
23764465,"Faflik, Jaromir",CZE,M,,,,1784,0,40,APR26,2006,
376388,"Faja, Vilem",CZE,M,,,,1911,0,20,APR26,2005,
350176,"Fajfr, Jaroslav",CZE,M,,,,1788,0,20,APR26,1946,i
309826,"Fajman, Petr",CZE,M,,,,2077,0,20,APR26,1962,i
343293,"Fajova, Alice",CZE,F,,,,1566,0,20,APR26,1977,w
351610,"Fakan, Petr",CZE,M,,,,1607,0,20,APR26,1962,i
23773456,"Falc, Jaroslav",CZE,M,,,,1824,0,40,APR26,1977,i
386022,"Falhar, Bretislav",CZE,M,,,,1618,0,20,APR26,1950,i
398276,"Faltynek, David",CZE,M,,,,1685,0,20,APR26,2002,i
330850,"Fanta, Jiri",CZE,M,,,,1861,0,20,APR26,1941,i
34111115,"Fantaz, Maksim",CZE,M,,,,1973,0,20,APR26,1975,
367508,"Farek, Vladimir",CZE,M,,,,1682,0,20,APR26,1958,i
345245,"Fargac, Martin",CZE,M,FM,NA,,2321,0,20,APR26,1996,
23766603,"Farka, Jakub",CZE,M,,,,1570,0,40,APR26,2009,i
334138,"Farova, Jana",CZE,F,,,,2100,0,20,APR26,1996,wi
328847,"Fastova, Karolina",CZE,F,,,,1933,6,20,APR26,1986,w
14906996,"Federic, Pavol",CZE,M,,,,2174,0,20,APR26,1984,i
4188004,"Fedorov, Evgenii",CZE,M,FM,,,2188,0,20,APR26,1987,
327557,"Feierfeil, Jiri",CZE,M,,,,1755,0,20,APR26,1952,
23710454,"Feix, Vilem",CZE,M,,,,1755,0,40,APR26,1998,
393894,"Fek, Milan",CZE,M,,,,1762,8,20,APR26,1982,
23764996,"Fekar, Tomas",CZE,M,,,,1632,10,40,APR26,2013,
23755300,"Felcman, Miroslav",CZE,M,,,,1576,0,20,APR26,1999,i
339830,"Feldvabl, Vilem",CZE,M,,,,1869,0,20,APR26,1945,i
23786892,"Felzmann, David",CZE,M,,,,1496,0,20,APR26,2006,i
23787350,"Felzmann, Tobias",CZE,M,,,,1423,0,40,APR26,2009,i
23752874,"Fencl, Jonas",CZE,M,,,,1702,0,20,APR26,1999,i
23715790,"Fencl, Vitek",CZE,M,,,,1573,0,40,APR26,2008,i
23772301,"Feranec, Matyas",CZE,M,,,,1409,0,40,APR26,2007,i
23725346,"Ferenc, Denis",CZE,M,,,,1671,9,20,APR26,2000,
322660,"Fiala, Jan",CZE,M,,,,1923,0,20,APR26,1983,i
342777,"Fiala, Jan",CZE,M,,,,1922,0,20,APR26,1991,i
349950,"Fiala, Jan",CZE,M,,,,1745,0,20,APR26,2001,i
372412,"Fiala, Jan",CZE,M,,,,1833,0,20,APR26,1955,i
311715,"Fiala, Jiri",CZE,M,,,,2003,0,20,APR26,1949,i
392685,"Fiala, Lubomir",CZE,M,,,,1991,0,20,APR26,1958,i
384313,"Fiala, Michal",CZE,M,,,,1679,0,20,APR26,1974,i
346829,"Fiala, Milan",CZE,M,,,,1782,0,20,APR26,1973,
23739002,"Fiala, Milan",CZE,M,,,,1767,0,20,APR26,1982,i
300349,"Fiala, Petr",CZE,M,,,,1811,0,40,APR26,1995,i
23775785,"Fiala, Petr",CZE,M,,,,1532,0,40,APR26,1966,i
358029,"Fiala, Radovan",CZE,M,,,,1875,0,20,APR26,1982,i
393630,"Fiala, Rostislav",CZE,M,,,,1508,0,20,APR26,1953,
23770040,"Fiala, Tomas",CZE,M,,,,1669,0,40,APR26,2015,
331503,"Fiala, Vaclav",CZE,M,,,,2222,0,20,APR26,1991,i
330680,"Fiala, Zdenek",CZE,M,,IA,,1994,0,20,APR26,1965,i
349194,"Fialka, Adam",CZE,M,,NA,,1940,0,20,APR26,1999,
361089,"Fialova, Katerina",CZE,F,,,,1588,2,20,APR26,1996,w
23741554,"Fibich, Milan",CZE,M,,,,1540,0,20,APR26,1974,
372420,"Fica, Alexander",CZE,M,,,,1772,0,20,APR26,1947,
372285,"Ficenc, Libor",CZE,M,,,,1939,0,20,APR26,1972,i
23777052,"Fiedler, Christian",CZE,M,,,,1552,0,40,APR26,1979,i
321788,"Fikr, Lukas",CZE,M,,,,1942,0,20,APR26,1980,i
23799552,"Fiktus, Vojtech",CZE,M,,,,1562,0,40,APR26,1986,
23704845,"Fiktusova, Jana",CZE,F,,,,1674,0,40,APR26,1960,w
23773235,"Fila, Vojtech",CZE,M,,,,1717,0,40,APR26,2005,i
34159983,"Filindash, Nikita",CZE,M,CM,,,2142,0,40,APR26,2013,
23755415,"Filip, Damian",CZE,M,,,,1602,5,40,APR26,2012,
23787678,"Filip, Jakub",CZE,M,,,,1491,0,40,APR26,2010,i
367583,"Filip, Libor",CZE,M,,,,1940,0,20,APR26,1974,i
23755423,"Filip, Maxim",CZE,M,,,,1513,0,40,APR26,2008,
23765380,"Filip, Ondrej",CZE,M,,,,1657,0,40,APR26,1977,i
23707259,"Filip, Ondrej",CZE,M,,,,1545,0,20,APR26,2003,i
23776757,"Filip, Stepan",CZE,M,,,,1552,0,40,APR26,2009,
358037,"Filip, Tomas",CZE,M,,,,1886,0,20,APR26,2001,i
382779,"Filip, Tomas",CZE,M,,,,1808,0,20,APR26,1985,i
23705906,"Filipczyk, Jan",CZE,M,,,,1634,0,20,APR26,1951,i
23781602,"Filipczyk, Pavel",CZE,M,,,,1434,0,40,APR26,1976,
319600,"Filipi, Stepan",CZE,M,,,,2145,0,20,APR26,1986,i
23707542,"Filipova, Vanesa",CZE,F,,,,1519,0,40,APR26,2008,wi
23700785,"Filmak, Petr",CZE,M,,,,1753,0,20,APR26,1982,i
23780908,"Filzak, Matej",CZE,M,,,,1436,0,40,APR26,2014,
23718293,"Finek, Vaclav",CZE,M,IM,,,2454,0,10,APR26,2010,
341371,"Firla, Stanislav",CZE,M,,,,1930,0,20,APR26,1964,i
300268,"Firt, Stanislav",CZE,M,FM,,,2164,0,20,APR26,1962,i
322040,"Fisar, Josef",CZE,M,,,,2067,0,20,APR26,1985,
330604,"Fiser, Jiri",CZE,M,,,,1820,0,20,APR26,1942,
23782145,"Fiser, Lukas",CZE,M,,,,1487,0,40,APR26,1980,
23782773,"Fiser, Tobias",CZE,M,,,,1423,0,40,APR26,2018,
391980,"Fizer, Marek",CZE,M,CM,,,1915,0,40,APR26,2008,i
385115,"Fizerova, Lucie",CZE,F,WFM,WFM,,1947,0,20,APR26,2006,wi
391476,"Flajsman, Pavel",CZE,M,,NA,,2054,0,20,APR26,2002,
391484,"Flajsman, Petr",CZE,M,,NA,,1928,0,20,APR26,2005,i
332470,"Flasar, Jaroslav",CZE,M,,,,1982,0,20,APR26,1995,
386367,"Flek, Lukas",CZE,M,,,,1679,0,20,APR26,1997,i
23745240,"Flekac, Jakub",CZE,M,,,,1645,0,40,APR26,2005,i
303313,"Flekac, Milan",CZE,M,,,,1842,0,20,APR26,1960,
23790024,"Flicek, Vojtech",CZE,M,,,,1755,0,40,APR26,2008,
23750839,"Flidr, Jan",CZE,M,,,,1517,0,40,APR26,2014,
399612,"Flidr, Robert",CZE,M,,,,1738,0,40,APR26,1971,
571001417,"Florec, Ondrej",CZE,M,,,,1643,7,40,APR26,2006,
23735279,"Florianova, Barbora",CZE,F,,,,1543,0,40,APR26,2011,wi
23719834,"Flos, Pavel",CZE,M,,,,1587,0,20,APR26,2002,i
346837,"Flos, Petr",CZE,M,,,,1743,0,20,APR26,1953,i
386570,"Fojt, Petr",CZE,M,,,,1951,0,20,APR26,2003,i
23777770,"Fojticek, David",CZE,M,,,,1730,0,40,APR26,2008,i
395374,"Fojtik, Josef",CZE,M,,,,1719,0,20,APR26,1949,i
318590,"Fojtik, Tomas",CZE,M,,,,2051,0,20,APR26,1985,i
312290,"Fojtik, Vlastislav",CZE,M,,,,1996,0,20,APR26,1951,i
571000860,"Fokina, Yeva",CZE,F,,,,1510,4,40,APR26,2014,w
23751410,"Foldyna, Petr",CZE,M,,,,1433,0,20,APR26,1993,i
23742232,"Foldynova, Julie",CZE,F,,,,1464,0,40,APR26,2008,wi
302996,"Folk, Petr",CZE,M,,,,2160,0,20,APR26,1963,i
397458,"Folkova, Marketa",CZE,F,,,,1506,0,20,APR26,2006,wi
304271,"Folkova, Martina",CZE,F,WFM,WFM,,1971,0,20,APR26,1973,wi
336300,"Folta, Frantisek",CZE,M,,,,1816,0,20,APR26,1942,i
388890,"Folta, Jaroslav",CZE,M,,,,1876,0,20,APR26,1949,i
23775319,"Foltas, Ondrej",CZE,M,,,,1520,0,40,APR26,2008,i
23799838,"Foltyn, Jiri",CZE,M,,,,1446,0,40,APR26,2014,
23774339,"Foltyn, Pavel",CZE,M,,,,1702,0,20,APR26,1973,
391999,"Foltynek, Stanislav",CZE,M,,,,1591,0,20,APR26,2002,i
23706376,"Folwarczny, Jiri",CZE,M,,,,1783,8,20,APR26,1963,
23706910,"Fons , Rudolf",CZE,M,,,,1644,0,20,APR26,1979,i
23706945,"Fons, Daniel",CZE,M,,,,1446,0,40,APR26,2006,i
23706937,"Fons, Daniel",CZE,M,,,,1543,0,20,APR26,1978,i
23731915,"Fons, Rudolf",CZE,M,,,,1540,0,20,APR26,1979,i
23706929,"Fons, Rudolf",CZE,M,,,,1485,0,20,APR26,2005,i
23725354,"Fons, Rudolf",CZE,M,,,,1623,0,20,APR26,1955,i
23731923,"Fonsova, Alena",CZE,F,,,,1470,0,40,APR26,2006,wi
332488,"Forman, Daniel",CZE,M,,,,1949,0,20,APR26,1979,
303151,"Forman, Miroslav",CZE,M,,,,1906,0,20,APR26,1951,i
311677,"Forman, Stepan",CZE,M,FM,,,2249,0,20,APR26,1981,
23743182,"Formanek, Eduard",CZE,M,,,,1811,0,40,APR26,2011,
316768,"Formanek, Martin",CZE,M,,,,2194,0,20,APR26,1983,i
23768487,"Forsterevicz, Ondrej",CZE,M,,,,1602,0,40,APR26,2005,i
23790032,"Fort, Lukas",CZE,M,,,,1507,0,40,APR26,2002,
347183,"Fort, Tomas",CZE,M,,,,2017,0,20,APR26,1986,i
345423,"Foucek, Simon",CZE,M,,,,1816,0,20,APR26,1999,i
23753439,"Foukal, Jiri",CZE,M,,,,1566,0,20,APR26,1991,i
23736003,"Fousek, Petr",CZE,M,,,,1867,0,40,APR26,2009,
23786906,"Fox, Benjamin",CZE,M,,,,1448,0,40,APR26,2008,
23751053,"Fox, Viktor",CZE,M,,,,1658,0,20,APR26,2004,i
23741716,"Frajt, Richard",CZE,M,,,,1688,0,20,APR26,1948,
351520,"Frajt, Tomas",CZE,M,,,,1662,0,20,APR26,1948,i
321320,"Framberk, Jan",CZE,M,,,,2009,0,20,APR26,1977,i
23749830,"Frana, Jan",CZE,M,,,,1708,0,40,APR26,2011,
331872,"Franc, Lubor",CZE,M,,,,1819,0,20,APR26,1953,i
327786,"Francl, Zdenek",CZE,M,,,,1815,0,20,APR26,1956,i
384720,"Frank, Adam",CZE,M,IM,,,2260,0,20,APR26,2005,
386200,"Frank, Martin",CZE,M,,,,1589,0,20,APR26,1972,
356816,"Frank, Miroslav",CZE,M,,,,1886,0,20,APR26,1962,
23786493,"Frank, Radim",CZE,M,,,,1771,0,40,APR26,2010,i
23723815,"Frantis, Petr",CZE,M,,,,1907,0,20,APR26,1972,i
23764210,"Frantisek, Ondrej",CZE,M,,,,1831,0,40,APR26,1984,i
23736305,"Frantsev, Iegor",CZE,M,,,,1905,0,40,APR26,2012,
301477,"Freisler, Pavel",CZE,M,IM,,,2115,0,20,APR26,1963,
23767901,"Frejvald, Ludek",CZE,M,,,,1508,0,40,APR26,2009,i
23730455,"Fremr, Tomas",CZE,M,,,,1629,0,20,APR26,1983,i
332950,"Frgalova, Hana",CZE,F,,,,1746,0,20,APR26,1995,wi
340960,"Fridrich, Michal",CZE,M,,,,1890,0,20,APR26,1984,i
23737468,"Fridrich, Petr",CZE,M,,,,1770,0,40,APR26,2003,i
23714794,"Friedlova, Jana",CZE,F,,,,1529,0,40,APR26,2009,wi
336351,"Friedrich, Vladimir",CZE,M,,,,2034,0,20,APR26,1970,i
336360,"Friesecky, Tomas",CZE,M,,,,1786,0,20,APR26,1968,i
309583,"Friml, Antonin",CZE,M,,,,1942,0,20,APR26,1953,
390534,"Frk, Tomas",CZE,M,,,,1617,0,20,APR26,2004,i
23732148,"Frkan, Pavel",CZE,M,,,,1640,0,40,APR26,1967,i
23708182,"Frkova, Zuzana",CZE,F,,,,1573,0,20,APR26,2001,wi
314722,"Frnka, Rene",CZE,M,,,,2193,0,20,APR26,1973,
341819,"Frnoch, Vojtech",CZE,M,,,,1689,0,20,APR26,1951,
23794976,"Frohlich, Christian",CZE,M,,,,1422,0,40,APR26,2012,
23719311,"Frolik, Vojtech",CZE,M,,,,1431,0,40,APR26,2005,i
353906,"Frouz, Petr",CZE,M,,,,1809,0,20,APR26,1973,i
336394,"Frybort, Pavel",CZE,M,,,,1876,0,20,APR26,1949,i
23723955,"Fryc, Lukas",CZE,M,,,,1984,0,20,APR26,2002,i
312118,"Fryc, Miroslav",CZE,M,,,,2135,0,20,APR26,1976,i
23731389,"Frycek, Robert",CZE,M,,,,1812,0,20,APR26,1969,i
374490,"Fryda, Dominik",CZE,M,,,,1857,0,20,APR26,1999,i
385891,"Frys, Jiri",CZE,M,,,,1644,0,20,APR26,1940,i
322849,"Fuchs, Frantisek",CZE,M,,,,1875,8,20,APR26,1948,
23791535,"Fuchs, Michal",CZE,M,,,,1438,5,40,APR26,2013,
396486,"Fuciman, Ondrej",CZE,M,,,,1917,0,20,APR26,2003,i
23720760,"Fuka, Vojtech",CZE,M,,,,1827,0,40,APR26,2009,
23774690,"Fukala, Martin",CZE,M,,,,1622,0,40,APR26,1991,i
23748524,"Fuksa, Josef",CZE,M,,,,1579,0,40,APR26,1959,i
305197,"Fuksik, Jakub",CZE,M,,,,2084,0,20,APR26,1976,i
377457,"Funiok, Richard",CZE,M,,,,1885,0,20,APR26,1999,i
368830,"Furbacher, Miroslav",CZE,M,,,,1734,0,20,APR26,1950,
23757027,"Furst, Matyas",CZE,M,,,,1802,0,40,APR26,2009,i
300063,"Fuskova, Martina",CZE,F,,,,2043,0,20,APR26,1998,wi
23793988,"Fynn, Heinrich",CZE,M,,,,1640,0,40,APR26,2006,
332020,"Gabriel, Adam",CZE,M,FM,,,2135,0,20,APR26,1993,i
23777877,"Gabriel, Adam",CZE,M,,,,1606,0,40,APR26,2009,i
386375,"Gabrielova, Marketa",CZE,F,,,,1628,0,20,APR26,2001,wi
23752971,"Gabzdyl, Bedrich",CZE,M,,,,1428,0,40,APR26,1955,
23779381,"Gacho, Michal",CZE,M,,,,1533,0,40,APR26,2011,i
23718102,"Gacho, Ondrej",CZE,M,,,,1716,0,20,APR26,2006,
23715723,"Gadas, Lukas",CZE,M,,,,1634,8,20,APR26,1983,
350710,"Gaj, Milos",CZE,M,,,,1891,0,20,APR26,1976,
394793,"Gajda, Rostislav",CZE,M,,NA,,1692,7,20,APR26,1962,
346314,"Gajdos, Daniel",CZE,M,,,,1976,0,20,APR26,1992,i
23725230,"Gajdos, Marek",CZE,M,,,,1569,0,40,APR26,2010,i
23725249,"Gajdos, Matej",CZE,M,,,,1489,0,40,APR26,2008,i
23708468,"Galandak, Daniel",CZE,M,,,,1891,0,20,APR26,1987,i
303429,"Galandauer, Jan",CZE,M,,,,1915,0,20,APR26,1936,i
23742151,"Galia, Simon",CZE,M,,,,1577,0,40,APR26,2013,i
316342,"Galicek, Stanislav",CZE,M,,,,2079,0,20,APR26,1983,i
23774347,"Galis, Roman",CZE,M,,,,1531,0,40,APR26,2014,i
23785810,"Gallik, Matyas",CZE,M,,,,1563,0,40,APR26,2015,i
361160,"Gallik, Miroslav",CZE,M,,,,1972,0,20,APR26,1974,i
329100,"Galuska, Petr",CZE,M,,,,1824,0,20,APR26,1964,i
385212,"Gankhuyag, Munkhorgil",CZE,M,,,,1604,0,20,APR26,1991,i
23776064,"Gansukh, Buyanjargal",CZE,F,,,,1546,4,40,APR26,2009,w
23774886,"Gantulga, Amur",CZE,M,,,,1500,0,40,APR26,2010,i
23739924,"Gao, Tianle",CZE,M,,,,1498,0,40,APR26,2013,i
23717742,"Garabik, Marek",CZE,M,,NA,,2002,0,40,APR26,2009,
321494,"Garsic, Petr",CZE,M,,,,1922,0,20,APR26,1971,i
23732369,"Gatial, Miroslav",CZE,M,,,,1822,0,20,APR26,1966,i
23761571,"Gavac, Michal",CZE,M,,,,1583,0,40,APR26,2010,i
23767588,"Gavenda, Jakub",CZE,M,,,,1578,0,20,APR26,2007,i
358053,"Gavron, Ladislav",CZE,M,,,,1767,0,20,APR26,1946,i
23718323,"Gavrunova, Marie",CZE,F,,,,1586,0,40,APR26,2009,wi
351652,"Gawlas, Roman",CZE,M,,,,1962,0,20,APR26,1992,
303984,"Gdovin, Jan",CZE,M,,NA,,2048,0,20,APR26,1967,i
23702958,"Gebauer, Adam",CZE,M,,,,1760,0,40,APR26,2006,i
308684,"Geffert, Michal",CZE,M,,,,1899,0,20,APR26,1963,i
23766220,"Geldon, Martin",CZE,M,,,,1612,0,40,APR26,2005,i
358061,"Gemsa, Matous",CZE,M,,,,1696,0,20,APR26,1960,
356409,"Gemsa, Pavel",CZE,M,,,,1974,0,20,APR26,1999,
366579,"Gemsova, Tereza",CZE,F,,,,1670,0,20,APR26,2002,w
23707399,"Genserovsky, Milan",CZE,M,,,,1815,0,20,APR26,1960,i
393193,"Georgiev, Lukas",CZE,M,,,,1719,0,20,APR26,1970,i
23764473,"Gergely, Ladislav",CZE,M,,,,1740,0,40,APR26,1973,i
393851,"Gerlichova, Monika",CZE,F,,,,1659,0,20,APR26,1964,wi
310310,"Gernert, Otakar",CZE,M,,,,1941,0,20,APR26,1977,
23750219,"Gernert, Tomas",CZE,M,,,,1828,7,40,APR26,2013,
23787830,"Giancarlo, Marchello",CZE,M,,,,1453,0,40,APR26,1997,
23788240,"Gibala, Frantisek",CZE,M,,,,1514,0,40,APR26,2016,
301140,"Gibiec, Arnost",CZE,M,,,,2069,0,20,APR26,1958,
389439,"Glabasna, Tomas",CZE,M,,,,1675,0,20,APR26,1983,i
326020,"Glacner, Karel",CZE,M,,,,1519,12,20,APR26,1946,
23761016,"Glanc, Miroslav",CZE,M,,,,1831,0,20,APR26,1986,i
23771046,"Glasberger, Filip",CZE,M,,,,1459,0,40,APR26,2010,i
398799,"Glasberger, Roman",CZE,M,,,,1724,0,20,APR26,1971,i
23725184,"Glasbergerova, Lucie",CZE,F,,,,1568,0,40,APR26,2006,wi
23750227,"Glaser, Jan",CZE,M,,,,1626,9,20,APR26,1994,
331317,"Glaser, Jiri",CZE,M,,,,2154,0,20,APR26,1962,
355275,"Glembek, Bohumir",CZE,M,,,,1809,0,20,APR26,1941,i
388912,"Glinz, Leo",CZE,M,,,,1852,0,20,APR26,1982,i
355283,"Glockner, Jaromir",CZE,M,,,,1911,0,20,APR26,1940,i
23787112,"Glocknerova, Hana",CZE,F,,,,1567,0,40,APR26,2005,wi
23750847,"Glodzak, Vojtech",CZE,M,,,,1570,0,40,APR26,2015,
381420,"Gloser, David",CZE,M,FM,,,2165,0,20,APR26,2002,
23701781,"Gloser, Tomas",CZE,M,,,,1742,0,40,APR26,2006,i
374504,"Glozar, Petr",CZE,M,,,,2140,0,20,APR26,2004,i
351660,"Gnida, Patrik",CZE,M,CM,,,2146,0,20,APR26,1995,
371807,"Gnojek, Petr",CZE,M,IM,,,2357,0,20,APR26,2005,
383112,"Goc, Vlastimil",CZE,M,,,,1913,0,20,APR26,1955,i
23700645,"Godla, Milan",CZE,M,,,,1877,0,20,APR26,1982,
23708697,"Godlova, Kamila",CZE,F,,,,1492,7,20,APR26,1984,w
388920,"Godovsky, Jiri",CZE,M,,,,1854,0,20,APR26,1960,i
23705914,"Golasovsky, Jaroslav",CZE,M,,,,1728,0,20,APR26,1955,i
23769114,"Goldammer, Tomas",CZE,M,,,,1569,0,40,APR26,2010,i
396249,"Goliard, David",CZE,M,,,,1968,0,20,APR26,1993,i
23708522,"Golis, Petr",CZE,M,,,,1611,0,20,APR26,1996,i
376604,"Gombala, Marek",CZE,M,,,,1975,0,20,APR26,1976,i
362980,"Goncarov, Jan",CZE,M,,,,1763,0,20,APR26,1984,i
24182036,"Gorbunov, Artemiy",CZE,M,,,,1900,0,20,APR26,2001,i
23714573,"Gorej, Vojtech",CZE,M,,,,1579,0,40,APR26,2010,i
23741163,"Gottwald, Lubomir",CZE,M,,,,1737,0,20,APR26,1961,i
313122,"Grabarczyk, Sylwester",CZE,M,,,,1635,19,20,APR26,1980,
23710691,"Grac, Marek",CZE,M,,,,1717,0,20,APR26,1981,i
23731184,"Grausgruber, Jiri",CZE,M,,,,1622,0,40,APR26,2007,i
385581,"Grcek, Tomas",CZE,M,,,,1525,0,20,APR26,2004,i
310433,"Grecny, Karol",CZE,M,,,,1902,0,20,APR26,1959,i
332968,"Gregor, Jiri",CZE,M,,,,1794,0,20,APR26,1996,i
339997,"Gregor, Pavel",CZE,M,,,,1684,0,20,APR26,1961,
396788,"Gregurkova, Nikola",CZE,F,,,,1812,0,20,APR26,2004,wi
396168,"Grepl, Lukas",CZE,M,,,,1855,0,20,APR26,1986,
372145,"Grepl, Pavel",CZE,M,,,,1895,0,20,APR26,1969,i
392014,"Gres, Michal",CZE,M,,,,1636,0,40,APR26,2006,i
23750189,"Gresek, Oskar",CZE,M,,,,1963,0,40,APR26,2012,
371661,"Gresova, Zuzana",CZE,F,WCM,WCM,,1870,0,20,APR26,2002,wi
336440,"Griec, Milan",CZE,M,,,,1648,0,20,APR26,1954,
314595,"Grill, Roman",CZE,M,,,,2027,0,20,APR26,1960,
304557,"Groh, Jiri",CZE,M,,,,1908,9,20,APR26,1952,
369209,"Groh, Ladislav",CZE,M,,,,1824,0,20,APR26,1967,i
320900,"Gruber, Milos",CZE,M,,,,1950,0,20,APR26,1971,i
23731990,"Grund, Oliver",CZE,M,,,,1409,0,20,APR26,2003,i
376876,"Grundman, Vaclav",CZE,M,,,,1972,0,20,APR26,1999,i
23785713,"Grunnet-Jensen, Christian",CZE,M,,,,1629,0,40,APR26,2009,
321559,"Gruss, Petr",CZE,M,,,,1804,0,20,APR26,1968,i
360066,"Gruszka, Ales",CZE,M,,,,1781,0,20,APR26,1998,
391131,"Gruszka, Jiri",CZE,M,,,,1605,0,20,APR26,1969,
23709219,"Grycman, Ondrej",CZE,M,,,,1553,0,40,APR26,2005,i
23789735,"Gryga, Otakar",CZE,M,,,,1411,0,40,APR26,1997,
23778113,"Gulda, Stanislav",CZE,M,,,,1701,0,40,APR26,1975,i
23792035,"Guselnikova, Elena",CZE,M,,,,1429,0,40,APR26,1986,
309753,"Gutman, Petr",CZE,M,,,,2101,0,20,APR26,1973,i
341835,"Gutwirth, Jan",CZE,M,,,,1799,0,20,APR26,1955,i
383422,"Gvazava, Ketevan",CZE,F,,,,1614,0,40,APR26,2005,wi
383430,"Gvazava, Michail",CZE,M,,,,1729,0,20,APR26,2003,i
23713828,"Gvizdova, Michala",CZE,F,,,,1674,0,20,APR26,2003,w
388122,"Haas, Matous",CZE,M,,,,1586,0,40,APR26,2003,i
360392,"Haase, Pavel",CZE,M,CM,NA,,2004,0,20,APR26,2002,i
23777885,"Hab, Jachym Jan",CZE,M,,,,1451,0,40,APR26,2013,i
306118,"Haba, Zdenek",CZE,M,FM,,,2137,9,20,APR26,1963,
23787201,"Habart, Jan",CZE,M,,,,1644,0,40,APR26,2015,i
23709553,"Habenicht, Martin",CZE,M,,,,1936,0,20,APR26,2005,i
317659,"Habina, Martin",CZE,M,,,,2021,0,20,APR26,1965,i
392022,"Habinova, Alice",CZE,F,,,,1644,0,40,APR26,2005,wi
315796,"Hacha, Ales",CZE,M,,,,2049,0,20,APR26,1972,
23787848,"Hachard, Antoine",CZE,M,,,,1693,13,20,APR26,1993,
311642,"Hackel, Ludek",CZE,M,,,,1972,0,20,APR26,1963,i
23799560,"Hadackova, Katerina",CZE,F,,,,1642,0,40,APR26,2002,w
23754184,"Hadas, Hugo",CZE,M,,,,1462,0,40,APR26,2013,i
23765186,"Hadek, Jakub",CZE,M,,,,1482,0,40,APR26,2008,i
335070,"Haderka, Karel",CZE,M,,,,1878,0,20,APR26,1944,i
301663,"Hadraba, Vladimir",CZE,M,,,,2054,0,20,APR26,1957,
333484,"Hadrava, Jaroslav",CZE,M,,,,1954,0,20,APR26,1963,
23703679,"Hadrava, Lukas",CZE,M,,,,1632,0,40,APR26,2005,i
312983,"Hadzala, Daniel",CZE,M,,,,1998,0,20,APR26,1956,i
23731958,"Haidenko, Mykola",CZE,M,,,,1840,0,40,APR26,2008,
23763647,"Haivoronskyi, Bohdan",CZE,M,,,,1402,0,40,APR26,2010,i
23748885,"Hajdasz, Karolina",CZE,F,,,,1460,0,40,APR26,2007,wi
23781572,"Hajdovsky, Potapovic Vit",CZE,M,,,,1416,0,40,APR26,2009,
306770,"Hajek, Jaroslav",CZE,M,,,,1936,0,20,APR26,1941,i
317888,"Hajek, Jiri",CZE,M,,,,2082,0,20,APR26,1992,i
309621,"Hajek, Jiri",CZE,M,,,,2039,0,20,APR26,1952,i
320803,"Hajek, Jiri",CZE,M,,,,1800,0,20,APR26,1977,i
374512,"Hajek, Oskar",CZE,M,CM,,,2217,0,20,APR26,1996,
23726270,"Hajek, Petr",CZE,M,,,,1706,0,20,APR26,1980,i
23730005,"Hajicek, Jakub",CZE,M,,,,1735,0,40,APR26,2006,i
23764481,"Hajicek, Matyas",CZE,M,,,,1738,0,40,APR26,2010,
324795,"Hajny, Miloslav",CZE,M,,,,1977,0,20,APR26,1973,i
344427,"Hajsman, Martin",CZE,M,,,,1791,0,20,APR26,1965,i
377007,"Hak, David",CZE,M,FM,,,2239,7,20,APR26,2006,
23741970,"Hakl, Jaroslav",CZE,M,,,,1662,0,40,APR26,1989,i
368636,"Hala, Pavel",CZE,M,,,,1743,0,20,APR26,1949,i
386235,"Halacz, Martin",CZE,M,,,,1896,0,20,APR26,1978,i
397970,"Halama, Tomas",CZE,M,,,,1587,0,20,APR26,2007,i
392235,"Halama, Vladimir",CZE,M,,,,1822,0,20,APR26,1992,i
373796,"Halama, Vratislav",CZE,M,,,,1865,0,20,APR26,1960,i
23788267,"Halamicek, Alfred",CZE,M,,,,1616,0,40,APR26,2017,
371815,"Halamicek, Radek",CZE,M,,,,1824,0,20,APR26,2003,i
345687,"Halamka, Pavel",CZE,M,,,,1825,0,20,APR26,1971,i
23788437,"Halasek, Jan",CZE,M,,,,1429,0,40,APR26,2013,
378976,"Halbrstat, Karel",CZE,M,,,,1732,0,20,APR26,1955,i
367893,"Halbrstat, Petr",CZE,M,,,,1707,0,20,APR26,1967,i
327794,"Halla, Jiri",CZE,M,,,,1859,0,20,APR26,1947,i
387754,"Halmazna, Jiri",CZE,M,,,,1754,0,20,APR26,1972,i
23715987,"Halounek, Vaclav",CZE,M,,,,1776,0,20,APR26,1989,i
344800,"Halousek, Jaroslav",CZE,M,,,,1762,0,20,APR26,1991,i
321699,"Haman, Jakub",CZE,M,,NA,,2142,0,20,APR26,1996,i
23745738,"Hamernikova, Iris",CZE,F,,,,1719,0,40,APR26,2013,w
23799153,"Hampel, Radim",CZE,M,,,,1568,0,40,APR26,1979,
323853,"Hampel, Rudolf",CZE,M,,,,1752,0,20,APR26,1963,i
398802,"Hampl, David",CZE,M,,,,1834,0,20,APR26,2005,i
356328,"Hampl, Martin",CZE,M,,NA,,1638,0,20,APR26,1996,i
397288,"Hampl, Nikola",CZE,M,,,,1740,0,20,APR26,2007,
23713780,"Hampl, Pavel",CZE,M,,,,1760,0,20,APR26,2002,
23716673,"Hampl, Pavel",CZE,M,,,,1585,0,20,APR26,1958,i
23792094,"Hamsa, Vojtech",CZE,M,,,,1728,0,40,APR26,2005,
358070,"Hanak, Tomas",CZE,M,,,,1905,0,20,APR26,1995,
320056,"Handl, Martin",CZE,M,,,,1957,0,20,APR26,1980,i
385492,"Handl, Petr",CZE,M,,,,1775,0,20,APR26,2004,i
375896,"Hanel, Jaromir",CZE,M,,,,1647,7,40,APR26,1968,
23726288,"Hanika, Jiri",CZE,M,,,,1735,0,20,APR26,1974,i
23726296,"Hanika, Matej",CZE,M,,,,1692,0,40,APR26,2006,i
357510,"Hanl, Frantisek",CZE,M,CM,,,2064,0,20,APR26,1996,
23708476,"Hansen, Patrick",CZE,M,,,,1831,0,20,APR26,1992,i
300926,"Hanus, Jan",CZE,M,,,,1639,0,20,APR26,1934,i
399450,"Hanus, Karel",CZE,M,,,,1703,0,20,APR26,1954,i
23787473,"Hanyk, Stepan",CZE,M,,,,1619,12,40,APR26,2017,
23790911,"Hanykova, Klara",CZE,F,,,,1695,10,,APR26,2013,w
23777400,"Hanzalova, Izabela",CZE,F,,,,1437,0,40,APR26,2016,w
23748222,"Hanzel, Martin",CZE,M,,,,1461,0,40,APR26,2012,i
23751517,"Hanzelka, Vit",CZE,M,,,,1557,0,40,APR26,2011,
363944,"Hanzlik, Adam",CZE,M,,,,1811,0,20,APR26,2001,i
350931,"Hanzlik, Daniel",CZE,M,,,,1866,0,20,APR26,1997,i
350940,"Hanzlik, David",CZE,M,,,,1824,0,20,APR26,1973,i
23786132,"Hanzlik, David",CZE,M,,,,1403,0,40,APR26,2011,
345490,"Hanzlik, Jiri",CZE,M,,,,1689,0,20,APR26,1957,
23774975,"Hanzlik, Radek",CZE,M,,,,1664,0,40,APR26,2009,
350958,"Hanzlik, Tomas",CZE,M,,,,1838,0,20,APR26,1998,i
351121,"Hapka, Tomas",CZE,M,,,,1701,7,20,APR26,1974,
380660,"Harasta, Frantisek",CZE,M,,,,1572,7,20,APR26,1949,
23740582,"Harasta, Matej",CZE,M,,,,1603,0,40,APR26,2008,i
23778555,"Harazinova, Klara Anna",CZE,F,,,,1447,0,40,APR26,2015,w
386383,"Harcuba, Adam",CZE,M,,,,1845,0,20,APR26,2003,i
23752807,"Harcuba, Jakub",CZE,M,,,,1635,7,20,APR26,2007,
386391,"Harcuba, Jan",CZE,M,,,,1644,9,20,APR26,1973,
23781360,"Hart, Martin",CZE,M,,,,1569,0,40,APR26,2005,i
390542,"Hartinger, Antonin",CZE,M,,,,1840,0,20,APR26,2000,i
23733616,"Hartinger, Antonin",CZE,M,,,,1738,0,20,APR26,1970,i
377767,"Hartinger, Nikola",CZE,M,,,,1897,0,20,APR26,1964,i
369101,"Hartingerova, Martina",CZE,F,,,,1740,0,20,APR26,1999,wi
336483,"Hartman, Ivo",CZE,M,,,,1762,0,20,APR26,1966,i
23776943,"Hartos, Marek",CZE,M,,,,1560,0,40,APR26,2010,i
23735430,"Harutyunyan, Vache",CZE,M,,,,1515,0,20,APR26,2004,i
23753137,"Hasa, Miroslav",CZE,M,,,,1717,0,40,APR26,1994,
328383,"Hasek, Tomas",CZE,M,,,,1792,0,20,APR26,1961,
310271,"Hasek, Vaclav",CZE,M,,,,2094,0,20,APR26,1958,i
316849,"Hasik, Karel",CZE,M,,,,1902,0,20,APR26,1972,i
366587,"Haska, Filip",CZE,M,,,,1624,0,20,APR26,2002,i
385328,"Haska, Ivan",CZE,M,,,,1729,0,20,APR26,1964,i
352292,"Haslar, Svatopluk",CZE,M,,,,1871,0,20,APR26,1952,i
319074,"Haspl, Miroslav",CZE,M,,,,1966,0,20,APR26,1935,i
23725842,"Hastrman, Vojtech",CZE,M,,,,1623,0,40,APR26,2010,i
23776358,"Hasul, Martin",CZE,M,,,,1734,8,40,APR26,2009,
23781130,"Hasulova, Sara",CZE,F,,,,1585,0,40,APR26,2013,wi
316075,"Haupt, Jaromir",CZE,M,,,,1797,0,20,APR26,1980,
23751339,"Haupt, Richard",CZE,M,,,,1633,0,40,APR26,2013,
571001310,"Hauser, Marek",CZE,M,,,,1719,9,40,APR26,1976,
397989,"Hauser, Matthias",CZE,M,,,,1644,0,40,APR26,2006,i
326046,"Hava, Petr",CZE,M,,,,1904,0,20,APR26,1989,i
23787481,"Havel, Elias",CZE,M,,,,1678,0,40,APR26,2011,
367834,"Havel, Frantisek",CZE,M,,,,1917,0,20,APR26,1947,i
371335,"Havel, Jan",CZE,M,,,,1821,0,20,APR26,1985,i
23740825,"Havel, Jindrich",CZE,M,,,,1537,0,40,APR26,2007,i
395382,"Havel, Kristian",CZE,M,,,,1788,0,20,APR26,2001,i
23781149,"Havel, Milan",CZE,M,,,,1935,0,40,APR26,1958,
23785624,"Havel, Roman",CZE,M,,,,1702,0,40,APR26,1980,
23785632,"Havel, Tomas",CZE,M,,,,1413,0,40,APR26,2013,
371670,"Havelka, Frantisek",CZE,M,,,,1642,0,20,APR26,2002,i
360473,"Havelka, Jan",CZE,M,,,,2069,0,20,APR26,1998,i
23764007,"Havelka, Jan",CZE,M,,,,1735,0,40,APR26,2009,
363952,"Havelka, Jiri",CZE,M,,,,1750,0,20,APR26,2001,i
361097,"Havelka, Josef",CZE,M,FM,,,2291,0,20,APR26,1999,i
349526,"Havelka, Ondrej",CZE,M,,NA,,2101,0,20,APR26,2000,
323560,"Havelka, Petr",CZE,M,,,,1900,0,20,APR26,1965,i
23789816,"Havelka, Stepan",CZE,M,,,,1543,0,40,APR26,2010,
23709405,"Havelkova, Beata",CZE,F,,,,1734,0,20,APR26,2007,wi
23761350,"Havlak, Lubomir",CZE,M,,,,1675,0,20,APR26,1979,
385158,"Havlicek, Jiri",CZE,M,,,,1722,0,20,APR26,2004,i
359874,"Havlicek, Jiri",CZE,M,,,,1699,0,20,APR26,1986,i
23714506,"Havlickova, Alexandra",CZE,F,,,,1513,0,20,APR26,2002,wi
23751525,"Havlik, David",CZE,M,,,,1780,7,,APR26,2013,
328545,"Havlik, Frantisek",CZE,M,,,,1916,0,20,APR26,1983,
319783,"Havlik, Jan",CZE,M,FM,,,2394,0,10,APR26,1987,i
23774355,"Havlik, Martin",CZE,M,,,,1644,0,40,APR26,1972,
23775050,"Havlik, Ondrej",CZE,M,,,,1534,0,40,APR26,2006,i
358622,"Havlik, Vlastimil",CZE,M,,,,1796,0,20,APR26,1948,
23764147,"Havlin, Milan",CZE,M,,,,1648,0,40,APR26,1957,
23745550,"Havlova, Eva",CZE,F,,,,1624,0,20,APR26,1992,wi
23760796,"Havlu, Jakub",CZE,M,,,,1471,0,40,APR26,2013,
23743700,"Havranek, Jan",CZE,M,,,,1761,0,40,APR26,2006,
23720263,"Havranek, Lubos",CZE,M,,,,1660,0,20,APR26,1965,i
323713,"Havranek, Michal",CZE,M,,,,2051,0,20,APR26,1974,i
317110,"Havranek, Tomas",CZE,M,,,,2023,0,20,APR26,1977,i
307467,"Havrlik, Pavel",CZE,M,,,,1891,0,20,APR26,1944,i
336530,"Hecko, Miloslav",CZE,M,,,,1615,0,20,APR26,1928,i
23754206,"Hecl, Adam",CZE,M,,,,1573,0,40,APR26,2011,i
23742003,"Hecl, Adam",CZE,M,,,,1666,0,20,APR26,2004,i
23702109,"Hedanek, Daniel",CZE,M,,,,1720,0,20,APR26,1986,i
375918,"Heger, Jan",CZE,M,,,,1661,0,20,APR26,2003,i
340979,"Heger, Miroslav",CZE,M,,,,1710,0,20,APR26,1942,i
312819,"Hejda, Martin",CZE,M,,,,1782,0,20,APR26,1970,i
23713623,"Hejda, Ondrej",CZE,M,,,,1695,0,40,APR26,2008,
345032,"Hejduk, Miroslav",CZE,M,,,,1969,0,20,APR26,1999,i
23788992,"Hejkal, Jan",CZE,M,,,,1429,4,40,APR26,2014,
312533,"Hejkrlik, Filip",CZE,M,,,,2055,0,20,APR26,1979,i
23790628,"Hejkrlik, Lukas",CZE,M,,,,1477,0,40,APR26,2012,
324809,"Hejl, Jaroslav",CZE,M,,,,2084,0,20,APR26,1988,
378992,"Hejl, Petr",CZE,M,,,,1738,0,20,APR26,1974,i
333247,"Hejl, Vojtech",CZE,M,,,,1791,0,20,APR26,1991,
23750065,"Hejlik, Tomas",CZE,M,,,,1732,0,20,APR26,1991,i
325520,"Hejny, Jaroslav",CZE,M,,NA,,2044,0,20,APR26,1989,i
393207,"Hejny, Marek",CZE,M,,,,1791,0,20,APR26,1977,i
23747668,"Hejny, Matej",CZE,M,,,,1543,0,40,APR26,2007,i
23768185,"Hejpetr, David",CZE,M,,,,1479,0,40,APR26,2007,i
23774894,"Hejsek, Radim",CZE,M,,,,1540,0,40,APR26,2013,i
23749415,"Hejsler, Jan",CZE,M,,,,1774,0,20,APR26,2004,
23747986,"Heligman, Tomas",CZE,M,,,,1597,0,40,APR26,2010,i
372528,"Heller, Jan",CZE,M,,,,1942,0,20,APR26,1974,
343943,"Hellinger, Jan",CZE,M,,,,1751,0,20,APR26,1951,
23785829,"Hellmich, Jiri",CZE,M,,,,1748,0,40,APR26,2005,
336564,"Hemala, Lubos",CZE,M,,,,1898,0,20,APR26,1987,i
345431,"Hemalova, Lydie",CZE,F,,,,1734,0,20,APR26,1995,wi
364541,"Hemr, Adam",CZE,M,,,,1978,0,20,APR26,2000,
369004,"Hendrych, Radek",CZE,M,,,,1746,0,20,APR26,1987,i
383120,"Hendrychova, Kamila",CZE,F,,,,1612,0,20,APR26,1992,wi
23754630,"Hendrychova, Tereza",CZE,F,,,,1749,0,40,APR26,2010,w
23739070,"Hepnar, Lukas",CZE,M,,,,1741,0,40,APR26,2005,i
23778270,"Heral, Adam",CZE,M,,,,1562,0,40,APR26,2013,
330876,"Hercik, Petr",CZE,M,,,,1691,0,20,APR26,1963,i
23723700,"Hercik, Richard",CZE,M,,,,1621,0,20,APR26,1978,i
23757418,"Herich, Damian",CZE,M,,,,1459,0,40,APR26,2011,i
23760303,"Herich, Lukas",CZE,M,,NA,,1435,0,20,APR26,1977,i
23771062,"Herman, Michal",CZE,M,,,,1722,6,40,APR26,2010,
358088,"Herman, Pavel",CZE,M,,,,1852,0,20,APR26,1943,i
23752432,"Hermann, Tomas",CZE,M,,,,1732,0,40,APR26,2006,i
393908,"Hermansky, Milan",CZE,M,,,,1693,0,20,APR26,1976,i
23759950,"Herynkova, Barbora",CZE,F,,,,1577,0,40,APR26,2005,wi
399213,"Hetfleischova, Elen",CZE,F,,,,1573,0,40,APR26,2008,w
23715294,"Heusler, David",CZE,M,,,,1446,0,40,APR26,2008,i
23761210,"Hilmutdinova, Elmira",CZE,F,,,,1636,0,40,APR26,2007,wi
403938,"Hinks-Edwards, Thomas R J",CZE,M,IM,,,2314,0,10,APR26,1977,i
344893,"Hinz, Frantisek",CZE,M,,,,1860,0,20,APR26,1947,i
23787856,"Hix-Janssens, Thomas",CZE,M,,,,1540,0,40,APR26,1992,
305545,"Hladik, Josef",CZE,M,,,,2079,0,20,APR26,1958,i
23715464,"Hladik, Ludek",CZE,M,,,,1758,0,20,APR26,1970,i
306142,"Hladik, Lumir",CZE,M,,,,1813,0,20,APR26,1960,
312916,"Hladik, Oto",CZE,M,,,,2196,0,20,APR26,1967,i
349151,"Hladik, Pavel",CZE,M,,,,1979,0,20,APR26,1980,
23781246,"Hladik, Pavel",CZE,M,,,,1747,0,40,APR26,1969,
23783575,"Hladik, Samuel",CZE,M,,,,1568,0,40,APR26,2015,
352411,"Hladik, Vladimir",CZE,M,,,,1833,0,20,APR26,1953,i
23707216,"Hladky, Jiri",CZE,M,,,,1668,0,20,APR26,1975,i
397555,"Hladky, Milan",CZE,M,,,,1833,0,20,APR26,1957,i
327077,"Hladky, Miroslav",CZE,M,,,,1771,0,20,APR26,1944,i
23707224,"Hladky, Tadeas",CZE,M,,,,2031,0,40,APR26,2008,i
23780150,"Hlahulek, Josef",CZE,M,,,,1705,0,40,APR26,2004,i
23765950,"Hlas, Adam",CZE,M,,,,1437,0,40,APR26,2000,
304646,"Hlavac, Frantisek",CZE,M,,,,1939,0,20,APR26,1951,i
23778369,"Hlavac, Frantisek",CZE,M,,,,1802,0,40,APR26,1958,i
304891,"Hlavac, Rudolf",CZE,M,,,,1937,0,20,APR26,1953,
399981,"Hlavacek, Bedrich",CZE,M,,,,1684,0,20,APR26,1973,
309060,"Hlavacek, Jiri",CZE,M,,,,2026,0,20,APR26,1949,i
23754974,"Hlavacek, Jiri",CZE,M,,,,1633,0,40,APR26,2012,
392197,"Hlavacek, Ondrej",CZE,M,,,,1819,0,20,APR26,1999,i
23761768,"Hlavacek, Pavel",CZE,M,,,,1886,9,40,APR26,2015,
23761776,"Hlavacek, Pavel",CZE,M,,,,1816,0,20,APR26,1979,
390437,"Hlavacek, Petr",CZE,M,,,,1909,0,20,APR26,1985,i
332119,"Hlavacek, Tomas",CZE,M,,,,2083,0,20,APR26,1987,
23791420,"Hlavacek, Vit",CZE,M,,,,1601,0,40,APR26,1992,
571000410,"Hlavacek, Vladimir",CZE,M,,,,1681,0,40,APR26,1969,
23745045,"Hlavacikova, Lucia",CZE,F,,,,1561,0,40,APR26,2011,wi
316121,"Hlavacova, Lucie",CZE,F,,,,1915,0,20,APR26,1982,wi
393916,"Hlavaty, Jan",CZE,M,,,,1665,0,20,APR26,2001,i
363014,"Hlavaty, Jaroslav",CZE,M,,,,1690,0,20,APR26,1950,i
312517,"Hlavaty, Jiri",CZE,M,,,,2058,0,20,APR26,1976,i
319422,"Hlavica, Bretislav",CZE,M,,,,1606,7,20,APR26,1950,
23744812,"Hlavicka, Roman",CZE,M,,,,1729,0,20,APR26,1974,i
393045,"Hlavina, Lukas",CZE,M,,,,1437,0,20,APR26,2006,i
386650,"Hlavina, Matous",CZE,M,,,,2094,0,20,APR26,2006,i
320552,"Hlavinka, Zdenek",CZE,M,,,,1959,0,20,APR26,1959,i
336599,"Hlavsa, Filip",CZE,M,,,,1985,0,20,APR26,1992,
317438,"Hlavsa, Petr",CZE,M,,,,2057,0,20,APR26,1972,i
363022,"Hloucal, Antonin",CZE,M,,,,1860,0,20,APR26,1981,i
312932,"Hlousek, Zdenek",CZE,M,,,,1905,0,20,APR26,1976,
343951,"Hlousek, Zdenek",CZE,M,,,,1840,0,20,APR26,1956,i
384828,"Hlozek, David",CZE,M,,,,1921,0,20,APR26,2003,i
347949,"Hlozek, Jan",CZE,M,,,,1894,0,20,APR26,1984,
23706996,"Hlozek, Michal",CZE,M,CM,NA,,2045,0,20,APR26,2006,
23715472,"Hlubek, Jan",CZE,M,,,,1650,0,20,APR26,1994,i
394211,"Hlubucek, Vlastimil",CZE,M,,,,1699,0,40,APR26,1947,i
393924,"Hlubuckova, Zuzana",CZE,F,,,,1404,5,20,APR26,1996,w
361356,"Hmurcik-Solar, Jozef",CZE,M,,,,1804,0,20,APR26,1972,i
23733136,"Hnat, Miroslav",CZE,M,,,,1805,8,20,APR26,1958,
348902,"Hnat, Zdenek",CZE,M,,,,1848,0,20,APR26,1938,i
23775467,"Hnezdilov, Yevhen",CZE,M,,,,1747,0,40,APR26,1955,
23740540,"Hnidek, Jan",CZE,M,,,,1604,0,40,APR26,2006,
307360,"Hnilo, Jiri",CZE,M,,,,2032,0,20,APR26,1973,i
23700076,"Hnilo, Petr",CZE,M,,,,1812,0,20,APR26,1966,
361488,"Ho, Tuan Anh",CZE,M,,,,1795,0,20,APR26,1998,i
23766140,"Hoang, Bach",CZE,M,,,,1561,3,40,APR26,2009,
23726822,"Hoang, Do Ba Huy",CZE,M,,,,1633,0,40,APR26,2009,i
23740957,"Hoang, Michal",CZE,M,,,,1654,0,20,APR26,1989,i
23712384,"Hoang, Minh Khan Jan",CZE,M,,,,1529,0,20,APR26,2007,i
23764821,"Hoang, Phuc",CZE,M,,,,1617,0,40,APR26,2009,i
23726830,"Hoang, Van Tru",CZE,M,,,,1667,0,20,APR26,1989,i
23718080,"Hobza, Radek",CZE,M,,,,1597,0,20,APR26,1979,i
23709235,"Hobza, Richard",CZE,M,,,,1637,0,40,APR26,2009,i
23748230,"Hobza, Robert",CZE,M,,,,1449,0,40,APR26,2012,i
23709243,"Hobza, Vojtech",CZE,M,,,,1714,0,40,APR26,2007,i
23744804,"Hocek, Lukas",CZE,M,,,,1745,0,20,APR26,2002,i
330264,"Hoch, Vaclav",CZE,M,,,,1847,0,20,APR26,1954,i
341886,"Hochmann, Vladimir",CZE,M,,,,1872,0,20,APR26,1946,i
23700084,"Hochova, Ruzena",CZE,F,,,,1428,0,20,APR26,1945,w
324817,"Hodac, Pavel",CZE,M,,,,2079,0,20,APR26,1972,i
357731,"Hodan, Jiri",CZE,M,,,,1855,0,20,APR26,1994,
372757,"Hodek, Roman",CZE,M,,,,1759,0,20,APR26,1960,i
23721103,"Hodl, Vojtech",CZE,M,,,,1719,0,20,APR26,2005,i
317250,"Hodovsky, Jiri",CZE,M,,,,2097,0,20,APR26,1973,i
351741,"Hofirek, Benedikt",CZE,M,,,,2296,0,20,APR26,1999,i
23799161,"Hofirek, Jiri",CZE,M,,,,1707,0,40,APR26,2000,
381446,"Hofman, Krystof",CZE,M,,,,1920,0,20,APR26,2004,i
368741,"Hofner, Frantisek",CZE,M,,,,1857,0,20,APR26,1950,i
23727888,"Hofrichter, David",CZE,M,,,,1548,0,40,APR26,2009,i
23761024,"Hojgr, Karel",CZE,M,,,,1720,0,20,APR26,1950,i
330116,"Hojny, Zdenek",CZE,M,,,,1649,0,20,APR26,1963,
305006,"Hoke, Petr",CZE,M,,NA,,1993,0,20,APR26,1981,i
23734663,"Hokr, Matyas",CZE,M,,,,1718,0,40,APR26,2012,
23750685,"Holaj, Jaromir",CZE,M,,,,1509,0,40,APR26,2013,i
23707631,"Holan, Milos",CZE,M,,,,1728,0,20,APR26,1992,i
23715146,"Holan, Pavel",CZE,M,,,,1725,0,20,APR26,1968,i
23747676,"Holarova, Barbora",CZE,F,,,,1450,0,40,APR26,2008,wi
319805,"Holasek, Pavel",CZE,M,,,,2085,0,20,APR26,1972,
398381,"Holasek, Tomas",CZE,M,,,,1554,0,40,APR26,2008,i
355305,"Holasek, Vit",CZE,M,,,,1903,0,20,APR26,1999,
372765,"Holasek, Vojtech",CZE,M,,,,1909,0,20,APR26,2001,
376787,"Holaskova, Veronika",CZE,F,,,,1641,0,20,APR26,2003,wi
351415,"Holata, Miroslav",CZE,M,,,,1843,0,20,APR26,1960,i
23762780,"Holatova, Irena",CZE,F,,,,1702,0,40,APR26,2008,w
23750340,"Holba, Josef",CZE,M,,,,1871,0,40,APR26,2001,
23739223,"Holcman, Matej",CZE,M,,,,1525,0,40,APR26,2006,i
23703008,"Holecek, Dominik",CZE,M,,,,1780,0,20,APR26,2003,i
23760656,"Holecek, Jan",CZE,M,,,,1672,4,20,APR26,1994,
23726563,"Holecek, Jan",CZE,M,,,,1705,0,20,APR26,1962,i
311014,"Holecek, Vladimir",CZE,M,,,,1957,0,20,APR26,1936,i
316261,"Holeksa, Zdenek",CZE,M,FM,NA,,2220,0,20,APR26,1986,
307009,"Holemar, David",CZE,M,FM,,,2176,0,20,APR26,1973,i
23726075,"Holemy, Patrik",CZE,M,,,,1692,0,20,APR26,1992,i
23730730,"Holes, Vojta",CZE,M,,,,1791,0,40,APR26,2010,
23717157,"Holienka, Jan",CZE,M,,,,1709,0,20,APR26,1964,i
397121,"Holienka, Ladislav",CZE,M,,,,1786,0,20,APR26,1959,i
385506,"Holina, Martin",CZE,M,,,,1551,0,20,APR26,2001,i
23793104,"Holinka, Petr",CZE,M,,,,1633,0,40,APR26,2010,
358096,"Holis, Jaroslav",CZE,M,,,,1782,0,20,APR26,1963,i
23752378,"Holis, Matyas",CZE,M,,,,1544,0,40,APR26,2008,
571001190,"Hollan, Daniel",CZE,M,,,,1416,0,40,APR26,2010,
360937,"Hollan, Martin",CZE,M,FM,,,2289,0,20,APR26,1999,i
360945,"Hollan, Petr",CZE,M,FM,,,2288,0,20,APR26,1999,i
306053,"Hollmann, Zdenek",CZE,M,,,,1878,0,20,APR26,1940,i
350460,"Holman, Radek",CZE,M,,,,1881,0,20,APR26,1988,
23788895,"Holmdahl, Marcus",CZE,M,,,,1510,5,40,APR26,2012,
23775335,"Holodiuk, Boryslav",CZE,M,,,,1475,0,40,APR26,1993,i
23777060,"Holoiad, Artur",CZE,M,,,,1440,0,40,APR26,1998,i
23709073,"Holub, Adam",CZE,M,,,,2049,0,20,APR26,2005,
386405,"Holub, Antonin",CZE,M,,,,1544,7,20,APR26,1953,
23763655,"Holub, Dalibor",CZE,M,,,,1474,0,20,APR26,1975,
318841,"Holub, Jan",CZE,M,,,,1787,5,20,APR26,1936,
23773243,"Holub, Jan",CZE,M,,,,1466,0,40,APR26,2007,i
23734124,"Holub, Petr",CZE,M,,,,1661,13,40,APR26,2012,
571002375,"Holub, Stepan",CZE,M,,,,1710,6,40,APR26,1992,
23740493,"Holusa, Petr",CZE,M,,,,1623,0,20,APR26,1979,i
358762,"Holy, Filip",CZE,M,,,,2063,7,20,APR26,1994,
23717165,"Holzer, Herman",CZE,M,,,,1578,0,20,APR26,2000,i
393533,"Homola, Josef",CZE,M,,,,1734,0,20,APR26,1947,i
378500,"Homolkova, Ivana",CZE,F,,,,1739,0,20,APR26,1998,w
315613,"Hon, Jiri",CZE,M,,,,1785,0,20,APR26,1958,i
23786388,"Honchar, Denys",CZE,M,,,,1628,0,40,APR26,2015,
23746203,"Honcharov, Makar",CZE,M,,,,2045,7,40,APR26,2012,
23761784,"Honcu, James W.",CZE,M,,,,1567,0,40,APR26,2009,i
332518,"Honek, Jan",CZE,M,,,,1860,0,20,APR26,1959,i
379549,"Hons, Tomas",CZE,M,,,,1987,0,20,APR26,1998,i
312738,"Hora, Milan",CZE,M,,,,2140,0,20,APR26,1970,i
353523,"Horacek, David",CZE,M,,,,1886,0,20,APR26,1979,
23734493,"Horacek, Jaroslav",CZE,M,,,,1693,0,20,APR26,1964,i
332526,"Horacek, Michal",CZE,M,,,,2065,0,20,APR26,1990,
23751819,"Horacek, Vojtech",CZE,M,,NA,,1966,9,20,APR26,1998,
376884,"Horackova, Isabela",CZE,F,,,,1463,0,20,APR26,1964,w
23776366,"Horak, Adam",CZE,M,,,,1496,0,40,APR26,2009,i
348953,"Horak, Ales",CZE,M,,,,2085,0,20,APR26,1998,i
328553,"Horak, Bronislav",CZE,M,,,,1954,0,20,APR26,1971,i
23749482,"Horak, David",CZE,M,,,,1599,0,40,APR26,2005,i
23742836,"Horak, Hanus",CZE,M,,,,1702,0,40,APR26,2010,
390208,"Horak, Jan",CZE,M,,,,2081,0,20,APR26,2001,
23766867,"Horak, Jan",CZE,M,,,,1489,0,40,APR26,1995,i
349046,"Horak, Jaroslav",CZE,M,,,,1644,0,20,APR26,1941,i
303330,"Horak, Jiri",CZE,M,,,,2121,0,20,APR26,1958,i
370223,"Horak, Jiri",CZE,M,,,,1870,0,20,APR26,1971,i
300527,"Horak, Josef",CZE,M,,,,2057,0,20,APR26,1949,i
392693,"Horak, Karel",CZE,M,,,,1891,0,20,APR26,1937,i
367095,"Horak, Martin",CZE,M,FM,,,2091,0,20,APR26,1999,i
304450,"Horak, Michal",CZE,M,FM,,,2305,0,20,APR26,1974,i
330639,"Horak, Milos",CZE,M,,,,1698,0,20,APR26,1939,i
326941,"Horak, Miroslav",CZE,M,,,,1813,0,20,APR26,1948,i
319708,"Horak, Otakar",CZE,M,,,,1983,0,20,APR26,1956,i
23765844,"Horak, Robin",CZE,M,,,,1588,0,40,APR26,2003,i
23711736,"Horak, Vojtech",CZE,M,,,,1810,0,20,APR26,2003,i
23761105,"Hordejcuk, Ondrej",CZE,M,,,,1483,0,40,APR26,2009,i
323276,"Horinek, Karel",CZE,M,,,,1860,0,20,APR26,1959,
23712678,"Horkova, Tereza",CZE,F,,,,1812,0,40,APR26,2010,wi
23766328,"Horkovyi, Mykyta",CZE,M,,,,1796,0,40,APR26,2011,
23791438,"Horky, Karel",CZE,M,,,,1569,0,40,APR26,1956,
23750693,"Horna, Krystof",CZE,M,,,,1566,0,40,APR26,2007,i
23791292,"Horna, Matous",CZE,M,,,,1459,3,40,APR26,2013,
571000771,"Hornacek, Michal",CZE,M,,,,1668,0,40,APR26,1980,
23710101,"Hornak, Ondrej",CZE,M,,,,1695,0,20,APR26,1991,i
369616,"Horniakova, Dagmar",CZE,F,,,,1696,0,20,APR26,1957,wi
23762454,"Hornik, Marek",CZE,M,,,,1595,0,40,APR26,2009,i
23798122,"Horr, Ondrej",CZE,M,,,,1520,0,40,APR26,2015,
327573,"Horsak, Jan",CZE,M,,,,2088,0,20,APR26,1990,i
384402,"Hort, Jaroslav",CZE,M,,,,1517,0,40,APR26,1961,
334391,"Horvath, Filip",CZE,M,,,,1770,0,40,APR26,1978,i
23781335,"Horvath, Michal",CZE,M,,,,1509,0,40,APR26,2009,
358630,"Horvath, Tomas",CZE,M,,NA,,2023,0,20,APR26,2000,
23776242,"Horvath, Vit",CZE,M,,,,1612,0,40,APR26,2008,i
316369,"Horyna, Josef",CZE,M,,,,1828,0,20,APR26,1943,i
345652,"Hosek, Martin",CZE,M,,,,2046,0,20,APR26,1993,i
23749776,"Hosek, Martin",CZE,M,,,,1757,0,40,APR26,1971,i
330205,"Hoskova, Jana",CZE,F,,,,1969,0,20,APR26,1986,wi
23723769,"Hosnedl, Jiri",CZE,M,,,,1937,0,20,APR26,1994,i
23729635,"Hosnedl, Lubos",CZE,M,,,,1681,0,40,APR26,1962,i
390011,"Hosnedl, Matyas",CZE,M,,,,1945,0,20,APR26,2004,i
397717,"Hosova, Sandra",CZE,F,,,,1844,0,20,APR26,2006,w
346845,"Hospodka, Josef",CZE,M,,,,1894,0,20,APR26,1975,
359637,"Hostasa, Petr",CZE,M,,,,1694,0,20,APR26,1981,
302295,"Hosticka, Frantisek",CZE,M,,,,2078,0,20,APR26,1952,
382795,"Hotarek, Jaroslav",CZE,M,,,,1725,0,20,APR26,1950,i
342920,"Houdek, Daniel",CZE,M,,,,1827,0,20,APR26,1970,i
23726202,"Houfek, Vladimir",CZE,M,,,,1725,0,20,APR26,1954,i
23736356,"Housa, Jan",CZE,M,,,,1824,0,20,APR26,2006,
23736364,"Housa, Vojtech",CZE,M,,,,1812,0,20,APR26,2006,
385832,"Houser, Milan",CZE,M,,,,1590,0,20,APR26,2002,i
317055,"Houska, Bronislav",CZE,M,,,,2022,0,20,APR26,1980,i
23751550,"Houska, Daniel",CZE,M,,,,1596,0,40,APR26,2012,i
316377,"Houska, Jiri",CZE,M,,,,2135,0,20,APR26,1979,i
23764198,"Houska, Pavel",CZE,M,,,,1860,0,40,APR26,1980,
23773863,"Houst, Bartolomej Filip",CZE,M,,,,1539,0,40,APR26,2008,i
336670,"Hovad, Vaclav",CZE,M,,,,1670,0,20,APR26,1955,
23778024,"Hovhannisyan, Narek",CZE,M,,,,1570,0,40,APR26,2014,i
23782625,"Hovorka, Ondrej",CZE,M,,,,1739,0,40,APR26,2011,
321516,"Hozda, David",CZE,M,,,,1907,0,20,APR26,1979,i
23725958,"Hozda, Max",CZE,M,,,,2043,0,40,APR26,2008,
327816,"Hrabal, Ivan",CZE,M,,,,1898,0,20,APR26,1952,i
367796,"Hrabal, Matej",CZE,M,,,,1944,0,20,APR26,2003,
328561,"Hrabal, Michal",CZE,M,,,,2065,0,20,APR26,1988,i
23753226,"Hrabal, Nikola",CZE,M,,,,1575,0,40,APR26,2008,i
329150,"Hrabal, Radek",CZE,M,,NA,,1898,0,20,APR26,1967,i
361364,"Hrabal, Roman",CZE,M,,,,1939,0,20,APR26,1986,i
23732199,"Hrabe, Kristian",CZE,M,,,,1515,0,40,APR26,2009,i
23762861,"Hrabe, Tomas",CZE,M,,,,1467,0,40,APR26,2005,
23774363,"Hrabik, Tomas",CZE,M,,,,1577,0,40,APR26,2010,
306100,"Hrabovsky, Vladimir",CZE,M,,,,1919,0,20,APR26,1959,i
300071,"Hracek, Zbynek",CZE,M,GM,FT,,2559,0,10,APR26,1970,i
325015,"Hradecky, Ivo",CZE,M,,,,2074,0,20,APR26,1979,i
23753501,"Hradek, Martin",CZE,M,,,,1735,0,40,APR26,2014,i
23713836,"Hradek, Matyas",CZE,M,,,,1865,0,20,APR26,2004,i
23753510,"Hradek, Ondrej",CZE,M,,,,1719,0,40,APR26,2013,i
23713321,"Hradil, Jiri",CZE,M,,,,1506,0,20,APR26,1947,i
329169,"Hradil, Karel",CZE,M,,,,1784,0,20,APR26,1952,i
328570,"Hradsky, Ales",CZE,M,,,,1835,0,20,APR26,1980,i
379921,"Hrancik, Martin",CZE,M,,,,1689,0,40,APR26,1980,i
23718919,"Hranos, Jiri",CZE,M,,,,1518,0,20,APR26,1954,i
23732954,"Hrazdira, Matyas Josef",CZE,M,,,,1783,0,20,APR26,2005,
331392,"Hrbacek, Miroslav",CZE,M,,,,1961,0,20,APR26,1956,i
23709138,"Hrbek, Jachym",CZE,M,,,,1914,0,40,APR26,2009,i
393479,"Hrbek, Stepan",CZE,M,IM,,,2332,0,20,APR26,2006,i
383848,"Hrbek, Tomas",CZE,M,,,,1869,0,20,APR26,2004,i
23709146,"Hrbkova, Johana",CZE,F,,,,1515,0,40,APR26,2008,wi
300772,"Hrbolka, Ladislav",CZE,M,FM,,,2005,0,20,APR26,1958,
23763507,"Hrckova, Anna",CZE,F,WCM,WCM,,1919,9,40,APR26,2013,w
23705108,"Hrdina, Filip",CZE,M,,,,1714,0,20,APR26,2000,i
23731397,"Hrdina, Jan",CZE,M,,,,1628,0,40,APR26,2008,i
347213,"Hrdina, Petr",CZE,M,,,,1759,0,20,APR26,1968,i
339342,"Hrdina, Robin",CZE,M,,,,2081,0,20,APR26,1996,i
23722355,"Hrdlicka, Jakub",CZE,M,,,,1563,0,40,APR26,2005,
23722363,"Hrdlicka, Jan",CZE,M,,,,1789,0,40,APR26,2010,
343536,"Hrdlicka, Vaclav",CZE,M,,,,1786,0,20,APR26,1992,i
376566,"Hrdlicka, Vladan",CZE,M,,,,1894,0,20,APR26,1987,i
317926,"Hrebec, Vladimir",CZE,M,,,,1951,0,20,APR26,1958,i
23794100,"Hrebicek, Tibor",CZE,M,,,,1681,0,40,APR26,2011,
23710063,"Hrebicek, Vladislav",CZE,M,,,,1719,0,20,APR26,1979,i
23753110,"Hrechko, Maksym",CZE,M,,,,1428,0,40,APR26,2011,i
23725567,"Hric, Jan",CZE,M,,,,1802,0,20,APR26,1995,i
336688,"Hricko, Martin",CZE,M,,,,1968,0,20,APR26,1992,i
23790270,"Hrncir, Richard",CZE,M,,,,1699,0,40,APR26,2007,
326070,"Hrobar, Vlastimil",CZE,M,,,,1995,0,20,APR26,1986,i
23730757,"Hroch, Jiri",CZE,M,,,,1495,0,40,APR26,2007,i
23754982,"Hroch, Pavel",CZE,M,,,,1484,0,40,APR26,2014,
396990,"Hromada, Jan",CZE,M,,,,1801,0,20,APR26,1960,
314293,"Hromada, Pavel",CZE,M,,,,2208,0,20,APR26,1971,i
373699,"Hromadka, Jaromir",CZE,M,,,,1843,0,20,APR26,1961,i
23777893,"Hromadka, Milan",CZE,M,,,,1470,0,40,APR26,1956,i
335525,"Hromas, Jan",CZE,M,,,,1896,0,20,APR26,1979,i
387487,"Hronek, Martin",CZE,M,,,,1915,0,20,APR26,2000,i
23703024,"Hronek, Ondrej",CZE,M,,,,1912,0,20,APR26,2007,
23799501,"Hronik, Filip",CZE,M,,,,1880,14,40,APR26,2014,
336700,"Hronik, Petr",CZE,M,,,,1894,0,20,APR26,1980,
23763558,"Hronik, Petr",CZE,M,,,,1489,0,40,APR26,2015,
23778199,"Hronikova, Stella",CZE,F,,,,1413,0,40,APR26,2017,w
360376,"Hrouda, Jan",CZE,M,,,,1678,0,20,APR26,1972,i
23723840,"Hrouzek, Jan",CZE,M,,,,1699,0,20,APR26,1985,i
23717440,"Hrtan, Vladislav",CZE,M,,,,1876,0,20,APR26,1967,i
310484,"Hrtanek, Jiri",CZE,M,,,,1995,0,20,APR26,1960,i
14902583,"Hrtko, Vladimir",CZE,M,CM,NA,,2102,0,20,APR26,1970,i
23709820,"Hruban, Vladimir",CZE,M,,,,1708,0,20,APR26,1971,i
23707194,"Hrubec, Adam",CZE,M,,,,1605,0,40,APR26,2005,i
327204,"Hrubes, Pavel",CZE,M,,,,2093,0,20,APR26,1971,
23721480,"Hruby, Filip",CZE,M,,,,1848,0,40,APR26,2009,i
380679,"Hruby, Jan",CZE,M,,,,1713,0,20,APR26,1934,i
23724684,"Hruby, Martin",CZE,M,,,,1625,0,20,APR26,1974,i
23747072,"Hruby, Matej",CZE,M,,,,1825,0,20,APR26,2003,
322563,"Hruby, Milan",CZE,M,,,,2007,0,20,APR26,1976,
23771704,"Hruby, Petr",CZE,M,,,,1679,6,40,APR26,2012,
386138,"Hruska, Adam",CZE,M,,,,1673,0,20,APR26,2005,i
350729,"Hruska, Jan",CZE,M,,,,2189,0,20,APR26,1975,i
23741856,"Hruska, Jan",CZE,M,,,,1739,0,20,APR26,1984,i
23710233,"Hruska, Marek",CZE,M,,,,1660,0,20,APR26,2004,i
333506,"Hruska, Ondrej",CZE,M,,,,1924,0,20,APR26,1990,i
375420,"Hruska, Stanislav",CZE,M,,,,1544,0,20,APR26,1935,i
361747,"Hruska, Vladislav",CZE,M,,,,1726,0,40,APR26,1986,
365661,"Hruza, Dominik",CZE,M,,,,1869,0,20,APR26,1998,i
23744596,"Hubacek, Karel",CZE,M,,,,1728,0,20,APR26,1996,i
23758481,"Hubalek, David",CZE,M,,,,1560,0,40,APR26,2010,i
340995,"Hubeny, Pavel",CZE,M,,,,1813,0,20,APR26,1965,i
398675,"Hubik, Petr",CZE,M,,,,1746,0,20,APR26,1943,i
23778377,"Hubka, Antonin",CZE,M,,,,1605,0,40,APR26,2008,i
331406,"Hubka, Roland",CZE,M,,,,1932,0,20,APR26,1962,i
326747,"Hubner, Petr",CZE,M,,,,1872,0,20,APR26,1988,i
316610,"Hudacek, Josef",CZE,M,,,,2017,0,20,APR26,1970,i
23799099,"Hudak, Daniel",CZE,M,,,,1447,0,40,APR26,1997,
346365,"Hudec, Ondrej",CZE,M,,,,1915,0,20,APR26,1980,i
23769947,"Hudik, Martin",CZE,M,,,,1685,0,40,APR26,2010,
317934,"Hudousek, Vladimir",CZE,M,,,,1815,0,20,APR26,1965,
341444,"Hudsky, Milos",CZE,M,,,,1806,0,20,APR26,1949,i
336726,"Hudziec, Bronislav",CZE,M,,,,1853,0,20,APR26,1964,i
23768991,"Huja, Matej",CZE,M,,,,1711,0,40,APR26,2009,
23732725,"Hujerova, Melisa",CZE,F,,,,1442,0,40,APR26,2008,wi
23744936,"Hujova, Tess",CZE,F,,,,1806,0,40,APR26,2012,w
319830,"Hula, Lukas",CZE,M,,,,2120,0,20,APR26,1974,i
335533,"Hulin, Petr",CZE,M,,,,2021,0,20,APR26,1982,
23774770,"Hulman, Matyas",CZE,M,,,,1468,0,40,APR26,2009,
348538,"Hulovec, Miroslav",CZE,M,,,,1850,0,40,APR26,1964,i
23742194,"Hulva, Denny Gabriel",CZE,M,,,,1922,0,40,APR26,2010,
23734582,"Humhej, Jan",CZE,M,,,,1614,0,20,APR26,1988,i
397229,"Huna, Rostislav",CZE,M,,IA,,1581,0,,APR26,2001,i
332534,"Hunacek, Jaroslav",CZE,M,,,,1920,0,20,APR26,1956,i
23778202,"Hunak, Stanislav",CZE,M,,,,1415,0,40,APR26,1948,
385638,"Hung, Do",CZE,M,,,,1800,0,20,APR26,2000,i
361895,"Hurdzan, Tomas",CZE,M,FM,NA,,2258,0,20,APR26,2001,i
23779527,"Hurka, Alexej",CZE,M,,,,1403,0,40,APR26,2010,i
380369,"Hurta, Jiri",CZE,M,,,,1692,0,20,APR26,1960,
320072,"Hurta, Miroslav",CZE,M,,,,1855,0,20,APR26,1969,i
383309,"Hurtak, Otto",CZE,M,,,,1994,0,20,APR26,1963,i
397997,"Hurtik, Matej",CZE,M,,,,2009,9,20,APR26,2004,
393487,"Husa, Daniel",CZE,M,,,,1834,0,20,APR26,2005,
319090,"Husak, Antonin",CZE,M,,,,1941,0,20,APR26,1951,i
23780614,"Husak, Martin",CZE,M,,,,1720,0,40,APR26,1995,i
321796,"Husak, Vasil",CZE,M,,,,1622,0,20,APR26,1948,i
382728,"Husar, Ivo",CZE,M,,,,1875,0,20,APR26,1972,i
324140,"Husarik, Branko",CZE,M,,,,2124,0,20,APR26,1985,i
384054,"Husek, Martin",CZE,M,,,,2161,0,20,APR26,1999,i
376280,"Huskova, Agata",CZE,F,,,,1661,0,20,APR26,2004,wi
23762683,"Hutyra, Tomas",CZE,M,,,,1619,0,20,APR26,1985,
23740507,"Huvar, Jan",CZE,M,,,,1708,0,20,APR26,1999,i
23708883,"Hvolka, Kamil",CZE,M,,,,1713,0,20,APR26,2001,i
399337,"Hvozdovic, Jan",CZE,M,,,,1770,0,20,APR26,2004,i
23773413,"Hyam, Robin",CZE,M,,,,1889,0,40,APR26,2009,
23704608,"Hyks, Jan",CZE,M,,,,1800,0,20,APR26,2002,i
345148,"Hyks, Martin",CZE,M,,,,1942,0,20,APR26,1974,i
23715863,"Hyl, Jan",CZE,M,,,,1740,0,20,APR26,1992,i
23715871,"Hyl, Martin",CZE,M,,,,1775,0,20,APR26,1993,i
318191,"Hyrs, Martin",CZE,M,,,,1867,0,20,APR26,1974,i
356913,"Hysek, Stepan",CZE,M,,,,1519,0,20,APR26,1991,i
23745967,"Hyska, Melichar",CZE,M,,,,1443,0,40,APR26,2011,
23755857,"Hyza, Jiri",CZE,M,,,,1602,0,40,APR26,2008,
23776587,"Ibadli, Musa",CZE,M,,,,1416,0,40,APR26,2008,i
23776765,"Ibragimov, Ruslan",CZE,M,,,,1558,5,40,APR26,2012,
301795,"Illetsko, Jaroslav",CZE,M,CM,,,2111,0,20,APR26,1942,i
23777656,"Indra, Filip",CZE,M,,,,1447,4,40,APR26,2014,
23790040,"Indra, Martin",CZE,M,,,,1670,0,40,APR26,1981,
23753447,"Indrak, Jiri",CZE,M,,,,1706,0,20,APR26,1990,i
23765429,"Irber, Jonas",CZE,M,,,,1521,0,40,APR26,2014,
23778105,"Irinkov, Jakub",CZE,M,,,,1417,0,40,APR26,2011,i
326496,"Istel, Oldrich",CZE,M,,,,1762,0,20,APR26,1951,i
23780010,"Istvanek, Jiri",CZE,M,,,,1600,0,40,APR26,2015,i
393010,"Ivan, Laszlo",CZE,M,,,,1654,0,20,APR26,1998,i
23764490,"Ivanys, Artem",CZE,M,,,,1760,0,40,APR26,2006,i
23724692,"Ivashin, Alex",CZE,M,,,,1777,0,20,APR26,1997,i
23745754,"Iwanuszek, Jan",CZE,M,,,,1445,0,40,APR26,2013,
23764627,"Iwanuszek, Josef",CZE,M,,,,1482,0,40,APR26,1950,i
353957,"Izzo, Pierfrancesco",CZE,M,,,,1790,0,20,APR26,1969,i
309834,"Jablecnik, Gustav",CZE,M,,,,1904,0,20,APR26,1948,
305812,"Jacek, Martin",CZE,M,,,,2230,0,20,APR26,1977,i
306746,"Jacek, Miloslav",CZE,M,,,,1959,0,20,APR26,1939,i
355925,"Jacko, Pavel",CZE,M,,,,1664,0,40,APR26,1957,
23707690,"Jackovicova, Zuzana",CZE,F,,,,1609,0,40,APR26,2007,wi
307890,"Jadud, Oto",CZE,M,,,,1908,0,20,APR26,1963,i
336750,"Jaeger, Ludek",CZE,M,,,,2026,0,20,APR26,1962,i
23749903,"Jagur, Jurij",CZE,M,,NA,,1725,0,40,APR26,1980,
355933,"Jahodka, Josef",CZE,M,,,,1755,0,20,APR26,1962,i
23752050,"Jakir, Dino",CZE,M,,,,1903,6,20,APR26,1984,
332879,"Jakoubek, Jakub",CZE,M,,,,1746,0,20,APR26,1995,i
23755504,"Jakoubek, Petr",CZE,M,,,,1440,5,40,APR26,2012,
23742402,"Jakoubek, Stepan",CZE,M,,,,1649,0,40,APR26,2008,i
23771712,"Jakoubkova, Helena",CZE,F,,,,1480,0,40,APR26,2010,w
23734205,"Jaksl, Ondrej",CZE,M,,,,1641,0,20,APR26,2004,i
23742127,"Jakuba, Jiri",CZE,M,,,,1608,0,40,APR26,1997,i
23740558,"Jakubicek, Tomas",CZE,M,,,,1704,0,20,APR26,1991,i
23752068,"Jakubse, Jiri",CZE,M,,,,1572,0,20,APR26,1972,i
23745975,"Jakubse, Tamae Severina",CZE,F,WFM,WFM,,1807,0,40,APR26,2011,w
343374,"Jakus, Lubomir",CZE,M,,,,1486,13,20,APR26,1939,
393932,"Jalamudis, Polychronis",CZE,M,,,,1652,0,20,APR26,1946,i
23723718,"Janacek, Ales",CZE,M,,,,1708,0,20,APR26,1955,i
306681,"Janacek, Jaroslav",CZE,M,,,,1989,9,20,APR26,1964,
23735287,"Janacek, Vojtech",CZE,M,,,,1621,0,40,APR26,2006,
23793350,"Janacova, Elizabeth",CZE,F,,,,1448,0,40,APR26,2016,w
344583,"Janak, Josef",CZE,M,,,,1885,0,20,APR26,1984,i
336769,"Janas, Vladimir",CZE,M,,,,1864,0,20,APR26,1943,i
358118,"Jancalek, Jan",CZE,M,,,,1723,0,20,APR26,1946,
312304,"Jancalek, Petr",CZE,M,,,,2011,0,20,APR26,1976,i
23743492,"Jancik, Vojtech",CZE,M,,,,1636,0,40,APR26,2011,
23745576,"Janda, David",CZE,M,,,,1736,0,20,APR26,1996,i
319678,"Janda, Jiri",CZE,M,,,,2208,0,20,APR26,1969,i
393320,"Janda, Jiri",CZE,M,,,,1804,0,20,APR26,1975,i
23713399,"Janda, Krystof",CZE,M,,,,1734,0,20,APR26,1999,i
348082,"Janda, Lubos",CZE,M,,,,1869,0,40,APR26,1965,i
23700513,"Janda, Lukas",CZE,M,,,,1656,0,20,APR26,2001,i
23791756,"Janda, Lukas",CZE,M,,,,1697,9,40,APR26,2012,
307807,"Janda, Pavel",CZE,M,,,,2087,0,20,APR26,1967,
23718790,"Janda, Peter",CZE,M,,NA,,1490,4,40,APR26,1974,
23740159,"Janda, Viktor",CZE,M,,,,1437,0,40,APR26,2007,i
309303,"Janda, Zdenek",CZE,M,,,,2003,0,20,APR26,1951,i
23780800,"Jandacek, Krystof",CZE,M,,,,1816,7,40,APR26,2012,
23753013,"Jandecka, Miroslav",CZE,M,,,,1634,0,20,APR26,2006,
396850,"Jandl, Miroslav",CZE,M,,,,1857,0,20,APR26,1929,i
23740167,"Jandl, Patrik",CZE,M,,,,1482,0,40,APR26,2007,i
344923,"Jandl, Vojtech",CZE,M,,,,1939,0,20,APR26,1998,i
304930,"Jandourek, Lukas",CZE,M,,NA,,2131,0,20,APR26,1971,
23787210,"Jandourek, Rostislav",CZE,M,,,,1510,0,40,APR26,2016,i
330884,"Janecek, Frantisek",CZE,M,,,,1777,0,20,APR26,1949,i
316458,"Janecek, Josef",CZE,M,,,,2062,0,20,APR26,1967,i
23757485,"Janecek, Matyas",CZE,M,,,,1547,0,40,APR26,2008,i
376116,"Janecek, Miroslav",CZE,M,,,,1829,0,20,APR26,1999,i
355313,"Janecek, Ondrej",CZE,M,,,,1672,0,20,APR26,1952,i
355135,"Janecek, Pavel",CZE,M,,,,1863,0,20,APR26,1970,i
344435,"Janecek, Vaclav",CZE,M,,,,1854,0,20,APR26,1984,i
369977,"Janecky, Jaroslav",CZE,M,,,,1747,0,40,APR26,1952,
386030,"Janes, Martin",CZE,M,,,,1605,0,20,APR26,1965,i
23744944,"Jangl, Thomas Ernest",CZE,M,,,,1561,0,40,APR26,2010,i
319120,"Janicek, Jindrich",CZE,M,,,,2013,0,20,APR26,1973,i
23727845,"Janicki, Marko",CZE,M,,,,1695,0,20,APR26,1978,i
23731443,"Janik, Libor",CZE,M,,,,1928,0,20,APR26,1981,i
23707496,"Janik, Miroslav",CZE,M,,,,1741,0,20,APR26,1950,
23799900,"Janik, Sebastian",CZE,M,,,,1521,6,40,APR26,2008,
336785,"Janko, Jan",CZE,M,,,,1690,0,20,APR26,1959,
23718803,"Jankovska, Hana",CZE,F,,,,1503,0,20,APR26,2003,wi
23700521,"Jankovsky, Zbynek",CZE,M,,,,1731,7,,APR26,1962,
320099,"Janocko, Petr",CZE,M,,,,2049,0,20,APR26,1971,i
358800,"Janos, Marek",CZE,M,,,,1740,0,20,APR26,1999,i
371840,"Janosova, Katerina Anna",CZE,F,,,,1547,0,20,APR26,2003,wi
379000,"Janota, Jiri",CZE,M,,,,1655,0,20,APR26,1958,
392049,"Janotka, Jakub",CZE,M,,,,1506,0,40,APR26,2006,i
387355,"Janotka, Oldrich",CZE,M,,,,1639,0,20,APR26,2004,i
387363,"Janotkova, Katerina",CZE,F,,,,1508,0,20,APR26,2003,wi
390216,"Janouch, Jachym Stepan",CZE,M,,,,1874,0,20,APR26,2004,i
23786078,"Janour, Jakub",CZE,M,,,,1506,0,40,APR26,2015,i
23709650,"Janous, Marek",CZE,M,FM,,,2073,0,20,APR26,2007,
389846,"Janous, Petr",CZE,M,,,,1959,0,20,APR26,1967,
344443,"Janousek, Ladislav",CZE,M,,,,1651,0,20,APR26,1955,
23767022,"Janousek, Matej",CZE,M,,,,1555,0,40,APR26,2016,
311634,"Janousek, Petr",CZE,M,,,,2082,0,20,APR26,1970,
379964,"Janousek, Petr",CZE,M,,,,1764,0,20,APR26,1992,i
345288,"Janousek, Roman",CZE,M,,,,1909,0,20,APR26,1959,
23709804,"Janouskova, Adela",CZE,F,,,,1827,0,40,APR26,2008,w
23715553,"Janouskova, Eliska",CZE,F,,,,1782,0,40,APR26,2012,w
300128,"Jansa, Vlastimil",CZE,M,GM,,,2385,0,10,APR26,1942,
345563,"Janska, Jitka",CZE,F,WFM,WFM,,2075,0,20,APR26,1999,wi
23726210,"Jansky, Adam",CZE,M,,,,1662,0,40,APR26,2010,i
23754664,"Jansta, Dominik",CZE,M,,,,1475,0,40,APR26,2013,
23761504,"Jansta, Jakub",CZE,M,,,,1694,0,40,APR26,1979,i
23787562,"Janza, Daniel",CZE,M,,,,1666,0,40,APR26,2010,i
23768193,"Jares, Jakub",CZE,M,,,,1493,0,40,APR26,1995,i
330426,"Jares, Jiri",CZE,M,,,,2013,0,20,APR26,1988,i
341932,"Jares, Jiri",CZE,M,,,,1920,0,20,APR26,1958,
386839,"Jares, Michal",CZE,M,FM,,,2274,0,20,APR26,2005,
386847,"Jares, Ondrej",CZE,M,,,,1641,0,20,APR26,1975,i
385336,"Jarkulis, Vojtech",CZE,M,,NA,,1806,0,20,APR26,1991,i
344451,"Jarolim, Jan",CZE,M,,,,1963,0,20,APR26,1992,i
319945,"Jaros, Bohumil",CZE,M,,,,1855,0,20,APR26,1948,
23752572,"Jarosik, Karel",CZE,M,,,,1440,5,20,APR26,1971,
23745983,"Jaruska, Adam",CZE,M,,,,1558,0,40,APR26,2006,i
4135822,"Jascenko, Olga",CZE,F,WIM,WIM,,2087,0,20,APR26,1974,wi
23750545,"Jasiok, Michael",CZE,M,,,,1406,0,40,APR26,2013,
311030,"Jasny, Stanislav",CZE,M,IM,,,2348,0,20,APR26,1978,
23710748,"Jasso, Matej",CZE,M,,,,1994,0,40,APR26,2009,i
358134,"Jasso, Slavomir",CZE,M,,,,1772,0,20,APR26,1980,
336815,"Javor, Jan",CZE,M,,,,1840,0,20,APR26,1954,
23744642,"Javorik, Viktor",CZE,M,,,,1514,0,20,APR26,1993,
23783214,"Javurek, Jan",CZE,M,,,,1599,0,40,APR26,2009,
571001492,"Jebousek, Jakub",CZE,M,,,,1621,8,40,APR26,1995,
23736674,"Jebousek, Zdenek",CZE,M,,,,1710,0,20,APR26,1958,i
336823,"Jecha, Petr",CZE,M,,,,1859,8,20,APR26,1963,
304824,"Jedlicka, Ales",CZE,M,FM,,,2134,0,20,APR26,1971,
336840,"Jedlicka, Lubos",CZE,M,,,,2186,0,20,APR26,1980,i
356930,"Jedlicka, Vladimir",CZE,M,,,,2083,0,20,APR26,1949,i
346195,"Jedlickova, Petra",CZE,F,,,,1803,0,20,APR26,1994,wi
23788291,"Jekl, Jiri",CZE,M,,,,1636,0,40,APR26,2015,
313327,"Jelagin, Konstantin",CZE,M,,,,1938,0,20,APR26,1948,i
23734132,"Jelinek, Ctibor",CZE,M,,,,1607,0,20,APR26,1966,
23799170,"Jelinek, Filip",CZE,M,,,,1696,0,40,APR26,2005,
23766662,"Jelinek, Jakub",CZE,M,,,,1446,0,40,APR26,2014,i
23728094,"Jelinek, Jan",CZE,M,,,,1797,0,20,APR26,1986,i
339512,"Jelinek, Marek",CZE,M,,IO,,2013,0,20,APR26,1971,
23781157,"Jelinek, Martin",CZE,M,,,,1571,0,40,APR26,2017,
360953,"Jelinek, Michal",CZE,M,,,,2014,0,20,APR26,2000,i
393541,"Jelinek, Oliver",CZE,M,,,,1764,0,20,APR26,2004,i
23781165,"Jelinek, Petr",CZE,M,,,,1749,0,40,APR26,1982,i
397130,"Jelinek, Tomas",CZE,M,,,,1656,0,20,APR26,1977,i
317454,"Jelinek, Vaclav",CZE,M,,,,1923,0,20,APR26,1951,i
23734779,"Jemelka, Adam",CZE,M,,,,1774,0,20,APR26,2004,i
316784,"Jemelka, Jan",CZE,M,,,,1932,0,20,APR26,1974,i
331376,"Jenc, Milan",CZE,M,,,,1893,0,20,APR26,1975,
23752343,"Jencova, Anna",CZE,F,,,,1488,0,40,APR26,2012,wi
23759860,"Jenikova, Sabina",CZE,F,,,,1607,7,40,APR26,2012,w
23760206,"Jerabek, Jakub",CZE,M,,,,1636,0,40,APR26,2011,
378011,"Jerabek, Jan",CZE,M,,,,1655,0,20,APR26,1967,i
23707704,"Jerabek, Petr",CZE,M,,,,1684,0,20,APR26,1977,i
378020,"Jerabkova, Julia",CZE,F,,,,1759,0,20,APR26,1999,w
314510,"Jerman, Richard",CZE,M,,,,1980,0,20,APR26,1953,i
336866,"Jesensky, Jaromir",CZE,M,,,,1695,0,20,APR26,1956,i
23723513,"Jez, Jan",CZE,M,,,,1497,8,40,APR26,2011,
329185,"Jezbera, Jiri",CZE,M,,,,2106,0,20,APR26,1976,i
23739037,"Jezek, Erik",CZE,M,,,,1530,0,40,APR26,2007,i
23747498,"Jezek, Jakub",CZE,M,,,,1753,0,40,APR26,2010,i
379018,"Jezek, Jakub",CZE,M,,,,1802,0,20,APR26,2000,i
23754672,"Jezek, Jiri",CZE,M,,,,1608,0,40,APR26,2012,i
356948,"Jezek, Ludek",CZE,M,,,,1782,0,20,APR26,1943,i
348333,"Jezek, Milan",CZE,M,,,,1757,0,20,APR26,1960,i
392901,"Jezek, Stanislav",CZE,M,,,,1750,0,20,APR26,2002,i
302074,"Jezek, Zdenek",CZE,M,,,,1916,0,20,APR26,1989,i
23716690,"Jeziorski, Pavel",CZE,M,,,,1593,0,40,APR26,2006,i
399027,"Jeziorski, Piotr",CZE,M,,,,1651,0,20,APR26,1978,
23707518,"Jilek, Jan",CZE,M,,,,1780,0,20,APR26,1979,i
398128,"Jilek, Marcel",CZE,M,,,,1738,0,20,APR26,2004,
23734043,"Jilek, Pavel",CZE,M,,,,1468,0,20,APR26,1955,
376400,"Jilma, Petr",CZE,M,,,,1585,0,20,APR26,1960,
23743409,"Jina, Jakub",CZE,M,,,,1699,6,40,APR26,2010,
310697,"Jina, Lubos",CZE,M,,,,1737,0,20,APR26,1942,i
23781173,"Jindra, Karel",CZE,M,,,,1417,0,40,APR26,2007,i
369632,"Jindrasek, Mojmir",CZE,M,,,,1834,0,20,APR26,1957,i
23711850,"Jindriskova, Charlotte",CZE,F,,,,1456,0,40,APR26,2005,wi
316466,"Jinova, Lucie",CZE,F,,,,2031,9,20,APR26,1983,w
23734787,"Jirak, Miroslav",CZE,M,,,,1609,0,20,APR26,1970,i
354619,"Jirak, Ota",CZE,M,,,,1696,0,20,APR26,1983,
336874,"Jirasek, Jiri",CZE,M,,,,1781,7,20,APR26,1951,
23718331,"Jirasek, Oskar",CZE,M,,,,1573,0,40,APR26,2006,i
319848,"Jirasek, Pavel",CZE,M,FM,,,2293,0,20,APR26,1985,i
571001328,"Jirasek, Pavel",CZE,M,,,,1545,7,40,APR26,1954,
363596,"Jirasko, Martin",CZE,M,,,,1711,0,40,APR26,1989,i
23729414,"Jirasko, Miroslav",CZE,M,,,,2018,0,20,APR26,2006,i
365718,"Jires, Jiri",CZE,M,,,,2013,0,20,APR26,1995,i
377040,"Jiricek, Jakub",CZE,M,,,,1913,0,20,APR26,2000,
377066,"Jiricek, Vojtech",CZE,M,,,,1710,0,20,APR26,2002,i
393118,"Jirik, Radovan",CZE,M,,,,1630,0,20,APR26,1951,
317977,"Jirik, Vlastimil",CZE,M,,,,1947,0,20,APR26,1968,i
311731,"Jirka, Jiri",CZE,M,IM,,,2419,0,10,APR26,1983,
311553,"Jirkovsky, Tomas",CZE,M,,,,1982,0,20,APR26,1969,i
23759992,"Jirman, Jonas",CZE,M,,,,1909,0,40,APR26,2009,
339563,"Jirman, Pavel",CZE,M,,,,1941,0,20,APR26,1976,i
23713402,"Jirotova, Eliska",CZE,F,,,,1672,0,40,APR26,2006,wi
378771,"Jirousek, Jan",CZE,M,,,,2026,0,,APR26,2004,
23738049,"Jirousek, Jiri",CZE,M,,,,1575,0,40,APR26,1957,i
23713518,"Jirovec, Jakub",CZE,M,,,,1696,0,20,APR26,1991,i
303224,"Jirovsky, Milos",CZE,M,GM,,,2466,0,10,APR26,1974,i
303291,"Jirovsky, Pavel",CZE,M,IM,,,2142,0,20,APR26,1973,
23745819,"Jiru, Ondrej",CZE,M,,,,1568,0,20,APR26,2004,i
309273,"Jiruse, Josef",CZE,M,,,,1993,0,20,APR26,1972,i
347639,"Jirusek, Zdenek",CZE,M,,,,1878,0,20,APR26,1950,i
23718927,"Jodas, Daniel",CZE,M,,,,1740,0,20,APR26,2005,
23767219,"John, Jiri",CZE,M,,,,1645,0,40,APR26,1996,i
378038,"John, Richard",CZE,M,,,,1867,0,20,APR26,1979,i
300012,"Johnova, Eliska",CZE,F,,,,1911,0,20,APR26,1996,wi
23767600,"Jonasek, Petr",CZE,M,,,,1415,0,40,APR26,1980,i
23732857,"Jordan, Mathias",CZE,M,,,,1891,0,40,APR26,2012,
23727950,"Jordan, Pavel",CZE,M,,,,1501,0,20,APR26,2004,i
23753870,"Jordan, Tobias",CZE,M,,,,1638,0,40,APR26,2009,
571001883,"Josifek, Adam",CZE,M,,,,1521,6,40,APR26,2013,
336912,"Josko, Jiri",CZE,M,,,,1735,0,20,APR26,1962,i
23733799,"Jouja, Matyas",CZE,M,,,,1779,0,40,APR26,2008,
376736,"Joukl, Jakub",CZE,M,,,,1777,0,20,APR26,2000,i
376744,"Joukl, Martin",CZE,M,,,,1747,0,20,APR26,2000,i
304247,"Joukl, Zdenek",CZE,M,,,,1972,0,20,APR26,1941,i
373494,"Jouza, Petr",CZE,M,,,,1803,0,20,APR26,1962,i
571001590,"Jovcic, Stefan",CZE,M,,,,1803,7,40,APR26,1992,
398284,"Juchelka, Marek",CZE,M,,,,1832,0,20,APR26,2006,i
336920,"Juchelka, Petr",CZE,M,,,,1715,0,20,APR26,1969,i
23718765,"Juhanak, Daniel",CZE,M,FM,,,1957,0,40,APR26,2009,i
23781289,"Jukl, Jakub",CZE,M,,,,1614,0,40,APR26,1985,
345296,"Jukl, Karel",CZE,M,,,,1830,0,20,APR26,1975,i
23764899,"Jukl, Karel",CZE,M,,,,1529,0,40,APR26,1953,i
23709510,"Jun, Robert",CZE,M,,,,1746,0,40,APR26,2008,
23719524,"Jun, Rostislav",CZE,M,,,,1675,0,40,APR26,2010,i
376612,"Jun, Rudolf",CZE,M,FM,NA,,2231,0,20,APR26,2005,
23739282,"Junek, Petr",CZE,M,,,,1762,0,20,APR26,1979,i
341959,"Junek, Vladimir",CZE,M,,,,1666,0,40,APR26,1954,
23754990,"Junova, Alexandra",CZE,F,,,,1510,0,40,APR26,2013,wi
23776048,"Juppa, Rudolf",CZE,M,,,,1459,0,40,APR26,2014,i
23708972,"Juracak, David",CZE,M,,,,1813,0,40,APR26,2008,i
336939,"Jurak, Stanislav",CZE,M,,,,1876,0,20,APR26,1962,
23740787,"Juranek, Ondrej",CZE,M,,,,1677,0,20,APR26,1982,i
305618,"Jurasek, Miroslav",CZE,M,FM,,,2214,0,20,APR26,1976,i
365726,"Jurasek, Vojtech",CZE,M,,,,1874,0,20,APR26,2001,i
23703059,"Jurca, Radek",CZE,M,,,,1637,11,40,APR26,2005,
23760044,"Jurcek, Adrian",CZE,M,,,,1826,0,40,APR26,2008,
23706783,"Jurcek, Pavel",CZE,M,,,,1612,0,20,APR26,1962,i
373710,"Jurecek, Daniel",CZE,M,,,,1775,0,20,APR26,1970,i
300993,"Jurek, Josef",CZE,M,IM,,,2177,0,20,APR26,1954,
322075,"Jurek, Miroslav",CZE,M,,,,2077,0,20,APR26,1985,i
571001603,"Juriga, Richard",CZE,M,,,,1584,7,40,APR26,1977,
366889,"Juriga, Tomas",CZE,M,,,,1820,6,20,APR26,1985,
571001204,"Jurigova, Magdalena",CZE,F,,,,1505,12,40,APR26,2008,w
23780983,"Jurkovic, Ondrej",CZE,M,,,,1474,0,40,APR26,2015,
23741023,"Jurok, Vojtech",CZE,M,,,,1798,0,20,APR26,2006,i
359505,"Juros, Zbynek",CZE,M,,,,1681,0,20,APR26,1991,
23707364,"Jusko, Jindrich",CZE,M,,,,1663,0,20,APR26,2007,i
323721,"Just, Pavel",CZE,M,,,,1917,0,20,APR26,1947,i
320986,"Kabat, Josef",CZE,M,,,,1812,8,20,APR26,1954,
23773944,"Kabela, Adam",CZE,M,,,,1785,0,40,APR26,1987,i
355666,"Kabela, Milan",CZE,M,,,,1963,0,20,APR26,1978,i
23709731,"Kabelac, Tomas",CZE,M,,,,1628,0,20,APR26,2005,i
358541,"Kabelka, Ondrej",CZE,M,,,,1951,0,20,APR26,1999,i
380482,"Kabelka, Tomas",CZE,M,,,,1759,0,20,APR26,2002,i
358142,"Kacir, Tomas",CZE,M,,,,1660,0,20,APR26,1968,
389900,"Kacirek, Jakub",CZE,M,,,,1826,0,20,APR26,2004,
23713925,"Kacirek, Pavel",CZE,M,,,,1922,0,20,APR26,2004,i
305340,"Kacirek, Petr",CZE,M,FM,,,2197,0,20,APR26,1976,i
23766875,"Kacman, Platon",CZE,M,,,,1594,0,40,APR26,2005,i
23709570,"Kacmar, Pavel",CZE,M,,,,1703,7,20,APR26,2002,
302970,"Kacr, Zbynek",CZE,M,,,,1698,0,20,APR26,1954,i
306711,"Kaderabek, Jiri",CZE,M,,,,2028,0,20,APR26,1969,
340740,"Kaderavek, Jan",CZE,M,,,,2110,0,20,APR26,1977,i
23739533,"Kadlcek, Pavel",CZE,M,,,,1725,0,20,APR26,1972,i
23715731,"Kadlcik, Marek",CZE,M,,,,1568,0,20,APR26,1983,
23715740,"Kadlcik, Petr",CZE,M,,,,1697,0,20,APR26,1981,
23769980,"Kadlec, Pavel",CZE,M,,,,1649,0,40,APR26,1957,
391522,"Kadlec, Rudolf",CZE,M,,,,1626,0,20,APR26,1948,i
23793210,"Kadlecik, Oskar",CZE,M,,,,1744,0,40,APR26,2004,
23748257,"Kadlecova, Alena",CZE,F,,,,1464,0,40,APR26,2012,wi
23776137,"Kadlecova, Amanda",CZE,F,,,,1450,0,40,APR26,2016,w
23776145,"Kadlecova, Katerina",CZE,F,,,,1512,0,40,APR26,2014,w
23740400,"Kadlecova, Samantha",CZE,F,,,,1463,0,40,APR26,2014,w
23777079,"Kadlik, Jan",CZE,M,,,,1558,0,40,APR26,1989,i
23750235,"Kafka, Ales",CZE,M,,,,1626,0,20,APR26,1989,i
377600,"Kafura, Juraj",CZE,M,,,,1908,9,20,APR26,1953,
380245,"Kain, Michal",CZE,M,,,,1601,0,40,APR26,1987,
23753897,"Kala, Jakub",CZE,M,,,,1987,0,40,APR26,2012,
23707780,"Kalaidzidis, Mikis",CZE,M,,,,1666,0,20,APR26,1973,i
23723726,"Kalas , Pavel",CZE,M,,,,1632,0,20,APR26,1951,i
23790059,"Kalat, Martin",CZE,M,,,,1461,0,40,APR26,2007,
391140,"Kalcovsky, Petr",CZE,M,,,,1693,0,20,APR26,1974,i
23793368,"Kalenda, Alex",CZE,M,,,,1493,0,40,APR26,2011,
321095,"Kalendovsky, Jan",CZE,M,,,,1938,0,20,APR26,1947,i
23725850,"Kalensky, Denis",CZE,M,,,,1590,0,20,APR26,2001,i
386413,"Kaliciak, Jozef",CZE,M,,,,1733,0,20,APR26,1963,i
23741660,"Kalina, Vojtech",CZE,M,,,,1428,0,40,APR26,1993,
349291,"Kalinova, Eliska",CZE,F,,,,1611,0,20,APR26,2000,wi
318990,"Kalmar, Martin",CZE,M,,,,1879,0,20,APR26,1970,i
336963,"Kalod, Michal",CZE,M,,,,1897,0,20,APR26,1982,i
305421,"Kalod, Radek",CZE,M,GM,,,2504,0,10,APR26,1978,
23745134,"Kalod, Radek",CZE,M,,,,1492,0,40,APR26,2013,
23778865,"Kalous, Ruben",CZE,M,,,,1585,0,40,APR26,2016,
379026,"Kalousek, Miroslav",CZE,M,,,,1836,0,20,APR26,1979,i
308650,"Kalousek, Vladimir",CZE,M,,,,1924,0,20,APR26,1969,i
331341,"Kalousek, Zdenek",CZE,M,,,,2005,0,20,APR26,1982,
23736070,"Kalousova, Eva Jirina",CZE,F,,,,1699,0,40,APR26,2007,wi
381454,"Kalousova, Julie Antonie",CZE,F,,,,1795,0,20,APR26,2002,w
352845,"Kaluzny, Jiri",CZE,M,,,,1878,0,20,APR26,1964,i
339350,"Kaluzny, Matyas",CZE,M,,,,2111,0,20,APR26,1997,i
330000,"Kaluzny, Michal",CZE,M,,,,1831,0,20,APR26,1991,i
317284,"Kalvach, Ladislav",CZE,M,,,,1829,0,,APR26,1953,
23713194,"Kalyncukova, Katerina",CZE,F,,,,1621,7,40,APR26,2008,w
345091,"Kamarad, Frantisek",CZE,M,,,,1937,0,20,APR26,1996,i
23771097,"Kameneckyi, Vladyslav",CZE,M,,,,1746,19,40,APR26,2012,
23764791,"Kamenetskyi, Vladislav",CZE,M,,,,1423,0,40,APR26,2012,i
346870,"Kamenik, David",CZE,M,,FA,,1897,0,20,APR26,1977,i
310719,"Kamenik, Martin",CZE,M,,,,2022,0,20,APR26,1951,
317462,"Kaminsky, Rudolf",CZE,M,,,,2019,0,20,APR26,1948,i
308536,"Kamlach, Miroslav",CZE,M,,,,1956,0,20,APR26,1947,i
23737336,"Kammova, Katerina",CZE,F,,,,1855,0,40,APR26,2010,w
23761091,"Kammova, Natalie",CZE,F,,,,1410,0,40,APR26,2013,wi
397474,"Kampik, David",CZE,M,,,,1757,0,20,APR26,1997,i
23733187,"Kamran, Aghamammadou",CZE,M,,,,1888,0,20,APR26,1972,i
305430,"Kana, Pavel",CZE,M,,,,1940,0,20,APR26,1965,i
319309,"Kana, Zdenek",CZE,M,,,,2147,0,20,APR26,1969,i
372633,"Kana, Zdenek",CZE,M,,,,1682,0,20,APR26,1941,i
358150,"Kanak, Filip",CZE,M,,,,1946,0,20,APR26,1997,i
398349,"Kanak, Matyas",CZE,M,,,,1670,0,20,APR26,2007,i
350486,"Kanakova, Natalie",CZE,F,WIM,WIM,,2047,0,20,APR26,1999,w
23769300,"Kancko, Tomas",CZE,M,,,,1440,0,40,APR26,1997,i
571000879,"Kancler, Viktor",CZE,M,,,,1817,0,40,APR26,2004,
368644,"Kandalec, Stefan",CZE,M,,,,1805,0,20,APR26,1953,i
336971,"Kandrik, Antonin",CZE,M,,,,2027,0,20,APR26,1987,i
355968,"Kandrik, Antonin",CZE,M,,,,1814,0,20,APR26,1957,i
23706791,"Kanka, Lukas",CZE,M,,,,1813,0,20,APR26,2003,i
312312,"Kanok, Jaroslav",CZE,M,,,,2128,0,20,APR26,1959,
324493,"Kanovsky, Jan",CZE,M,,,,1870,0,20,APR26,1947,i
23760524,"Kanovsky, Petr",CZE,M,,,,1661,0,20,APR26,1976,i
330914,"Kantor, Pavel",CZE,M,,,,1840,0,20,APR26,1979,
322946,"Kantor, Petr",CZE,M,,,,2028,0,20,APR26,1981,i
323454,"Kaplan, Daniel",CZE,M,,,,1980,9,20,APR26,1977,
385093,"Kaplan, Milan",CZE,M,,,,1855,0,20,APR26,1973,i
314927,"Kaplan, Tomas",CZE,M,,,,1948,0,20,APR26,1969,i
23735589,"Kaplanek, Jan",CZE,M,,,,1804,0,40,APR26,2006,i
23737344,"Kaplanova, Dominika",CZE,F,,,,1738,0,40,APR26,2009,w
374997,"Kaplita, Ladislav",CZE,M,,,,1807,0,20,APR26,1986,
23714468,"Kapolka, Stefan",CZE,M,,,,1652,0,20,APR26,1952,
360651,"Kapoun, Vit",CZE,M,,,,1879,0,20,APR26,1995,i
315222,"Kapusta, Petr",CZE,M,,,,2065,0,20,APR26,1983,
23741775,"Kapustova, Ema",CZE,F,,,,1471,0,40,APR26,2010,w
23780487,"Kapustova, Petra",CZE,F,,,,1421,0,40,APR26,2011,w
23789620,"Karafiat, Jan",CZE,M,,,,1517,0,40,APR26,1986,
23774908,"Karafiat, Martin",CZE,M,,,,1500,0,40,APR26,1976,i
335274,"Karafiat, Vaclav",CZE,M,,,,1585,0,20,APR26,1949,
23726237,"Karafiat, Vojtech",CZE,M,,,,1711,0,40,APR26,2009,i
14928558,"Karas, Marek",CZE,M,FM,FT,,2228,7,20,APR26,1999,
384747,"Karasek, Jaroslav",CZE,M,,,,1587,0,20,APR26,1955,
325031,"Karasek, Lukas",CZE,M,FM,,,2238,0,20,APR26,1987,i
23714093,"Karasek, Vit",CZE,M,,,,1805,0,20,APR26,2003,i
23787066,"Karch, Jonas",CZE,M,,,,1924,0,40,APR26,2005,
23781378,"Kareis, Jakub",CZE,M,,,,1529,0,40,APR26,2016,
306401,"Karhanek, Pavel",CZE,M,,,,2106,0,20,APR26,1966,i
23738065,"Karlicek, David",CZE,M,,,,1807,0,40,APR26,2010,
334936,"Karlicek, Pavel",CZE,M,,,,2000,0,20,APR26,1976,
339296,"Karlik, Ondrej",CZE,M,CM,,,2166,0,20,APR26,1995,i
23710853,"Karlik, Petr",CZE,M,,,,1737,0,20,APR26,1989,
301027,"Karlik, Vladimir",CZE,M,FM,,,2224,0,20,APR26,1951,i
23744430,"Karmazin, Ondrej",CZE,M,,,,1661,0,40,APR26,2000,i
2056356,"Karneges, William",CZE,M,,,,1793,0,20,APR26,1955,i
304093,"Karnik, Pavel",CZE,M,,,,2229,0,20,APR26,1972,
23722940,"Karolyi, Lukas",CZE,M,,,,1875,0,20,APR26,2004,
23781610,"Karpeta, Tobias",CZE,M,,,,1456,0,40,APR26,2002,
336980,"Kasalicky, Petr",CZE,M,,,,2052,0,20,APR26,1962,i
306592,"Kasik, Josef",CZE,M,,,,1620,0,20,APR26,1960,
390224,"Kasik, Martin",CZE,M,,,,1707,0,20,APR26,2002,i
324515,"Kasik, Miroslav",CZE,M,,,,1931,0,20,APR26,1959,
322091,"Kasik, Miroslav",CZE,M,,,,1789,0,20,APR26,1948,i
23753889,"Kasik, Stepan",CZE,M,,,,1556,0,40,APR26,2007,i
23780851,"Kasinsky, Simon",CZE,M,,,,1415,0,40,APR26,2017,
23761580,"Kasny, Rene",CZE,M,,,,1416,0,40,APR26,2009,i
23745991,"Kaspar, Adam",CZE,M,,,,1493,0,40,APR26,2011,i
23737689,"Kaspar, Josef",CZE,M,,,,1515,0,40,APR26,2011,i
319295,"Kaspar, Ladislav",CZE,M,,,,1857,0,20,APR26,1973,i
387371,"Kaspar, Lukas",CZE,M,,,,1865,0,20,APR26,2002,i
23746009,"Kaspar, Maros",CZE,M,,,,1545,0,20,APR26,1990,i
336998,"Kasparek, Ivo",CZE,M,,,,1772,0,20,APR26,1972,i
303542,"Kasparek, Ondrej",CZE,M,,,,1889,13,20,APR26,1987,
23786914,"Kasperlik, Roman",CZE,M,,,,1664,0,40,APR26,1967,i
349305,"Kastl, Daniel",CZE,M,,,,1893,0,20,APR26,1999,i
23751843,"Kastl, Jan",CZE,M,,,,1561,0,20,APR26,1984,i
319538,"Kastner, Jan",CZE,M,,,,1953,0,20,APR26,1980,i
307971,"Kastner, Oldrich",CZE,M,,,,2017,9,20,APR26,1961,
318930,"Kastner, Vojtech",CZE,M,,,,2047,0,20,APR26,1989,i
302104,"Kastnerova, Zuzana",CZE,F,,,,1866,0,20,APR26,1992,wi
23740795,"Katasonov, Mikhail",CZE,M,,,,1582,2,20,APR26,1982,
23734981,"Katasonova, Olga",CZE,F,,,,1522,4,40,APR26,2011,w
23727543,"Katrenak, Stanislav",CZE,M,,,,1780,0,20,APR26,2000,i
393940,"Katsap, Vitaly",CZE,M,,,,1845,0,20,APR26,1971,i
380695,"Katsianikos, Konstantinos",CZE,M,,,,1814,0,20,APR26,1939,i
380709,"Katzer, Radovan",CZE,M,,,,1911,0,20,APR26,1963,i
23799749,"Kavalek, Radim",CZE,M,,,,1598,0,40,APR26,2002,
23773642,"Kavaliery, Robert",CZE,M,,,,1504,0,40,APR26,2008,i
328588,"Kavalir, Jan",CZE,M,,,,1960,0,20,APR26,1989,i
23749687,"Kavan, Florian Viktor",CZE,M,,,,1510,0,40,APR26,2008,i
23745517,"Kavanova, Anezka",CZE,F,,,,1564,0,40,APR26,2008,wi
23745525,"Kavanova, Valentyna",CZE,F,,,,1539,0,40,APR26,2010,wi
302546,"Kawaciukova, Zuzana",CZE,F,,,,2064,0,20,APR26,1975,wi
373729,"Kawulok, Ales",CZE,M,,,,1671,0,20,APR26,1978,i
337005,"Kawulok, Marek",CZE,M,,NA,,2134,0,20,APR26,1993,i
23715111,"Kazyrevich, Andrew",CZE,M,,,,1755,0,20,APR26,1982,i
23755903,"Kec, Ondrej",CZE,M,,,,1608,0,40,APR26,2009,i
360236,"Kejdus, Radomir",CZE,M,,,,1741,0,20,APR26,1946,i
23734477,"Kennedy, Ingrid",CZE,F,,,,1408,0,40,APR26,2008,wi
23771445,"Keprt, Dominik",CZE,M,,,,1673,0,40,APR26,2012,
23771453,"Keprt, Ondrej",CZE,M,,,,1468,0,40,APR26,2010,i
306533,"Keprt, Pavel",CZE,M,,,,1843,0,20,APR26,1959,
23751428,"Keprt, Tadeas",CZE,M,,,,1622,0,40,APR26,2013,
23731060,"Kerej, Junus Tulengaliuly",CZE,M,,,,1604,0,20,APR26,2004,
23785837,"Kesner, Jakub",CZE,M,,,,1744,0,40,APR26,2010,
399078,"Khadash, Kamil",CZE,M,,,,1848,0,20,APR26,2002,i
399086,"Khadash, Samuel",CZE,M,,,,1838,0,20,APR26,2004,i
23777087,"Kharchuk, Vitalii",CZE,M,,,,1581,0,40,APR26,1998,i
315605,"Khmelevski, Serguei",CZE,M,,,,2165,0,20,APR26,1974,i
23732962,"Khoury, Emir Nabil",CZE,M,,,,1596,0,40,APR26,2006,i
359882,"Khun, Radoslav",CZE,M,,,,1645,0,40,APR26,1994,
23790202,"Khurelbaatar, Ugtakhbayar",CZE,M,,,,1788,7,40,APR26,1992,
353574,"Kicmer, Libor",CZE,M,,,,1964,0,20,APR26,1956,
325406,"Kicmer, Petr",CZE,M,,,,2177,0,20,APR26,1974,i
23773952,"Kidanova, Sofia",CZE,M,,,,1495,0,40,APR26,2013,i
23759429,"Kiedron, Jakub",CZE,M,,,,1530,0,20,APR26,1995,i
23750499,"Kiedron, Jakub",CZE,M,,,,1468,0,20,APR26,1996,i
23787430,"Kiedron, Jan",CZE,M,,,,1513,0,40,APR26,1995,i
375438,"Kielar, Jan",CZE,M,,,,1432,0,40,APR26,1985,
23706970,"Kijonka, Jiri",CZE,M,,,,1439,0,20,APR26,1972,i
375624,"Kijonka, Ondrej",CZE,M,,NA,,1765,0,20,APR26,2004,i
23786205,"Kiko, Pavel",CZE,M,,,,1479,0,40,APR26,1986,i
23749849,"Kilian, Zdenek",CZE,M,,,,1572,7,20,APR26,1964,
358843,"Kincl, Dobromir",CZE,M,,,,1702,0,20,APR26,1953,i
324671,"Kindl, Frantisek",CZE,M,,,,1902,0,20,APR26,1953,i
23707470,"Kindler, Mikhail",CZE,M,,,,1953,0,20,APR26,1960,i
376418,"Kirs, Dusan",CZE,M,,,,1717,0,20,APR26,1937,i
23789824,"Kis, Denis",CZE,M,,,,1478,0,40,APR26,2011,
14108801,"Kislinsky, Alexey",CZE,M,GM,,,2321,23,10,APR26,1984,
378046,"Klaban, Roman",CZE,M,,,,1787,0,20,APR26,1969,
376639,"Klabenes, Petr",CZE,M,,,,1770,0,20,APR26,2002,i
359750,"Kladnak, Martin",CZE,M,,,,1964,0,20,APR26,1998,i
23793805,"Klan, Lukas",CZE,M,,,,1753,0,40,APR26,2011,
23712937,"Klapuch, Dominik",CZE,M,,,,1813,0,20,APR26,2005,i
353590,"Klaus, Vaclav",CZE,M,,,,1905,0,20,APR26,1969,i
380261,"Klazar, Vaclav",CZE,M,,,,1830,0,20,APR26,1969,i
23750707,"Klecka, Rudolf",CZE,M,,,,1482,0,20,APR26,1951,i
23707836,"Klega, Tomas",CZE,M,,,,1421,3,20,APR26,2004,
23716703,"Klein, Jiri",CZE,M,,,,1807,0,20,APR26,1977,i
345300,"Klejna, Ales",CZE,M,,,,1739,0,40,APR26,1984,i
368857,"Klement, Ivo",CZE,M,,,,1783,0,20,APR26,1977,
23745371,"Klement, Jonas",CZE,M,,,,1510,0,40,APR26,2012,
305049,"Klement, Lukas",CZE,M,,,,2273,0,20,APR26,1992,i
23774916,"Klement, Tomas",CZE,M,,,,1602,0,40,APR26,1984,i
23779551,"Klement, Viktor",CZE,M,,,,1554,0,40,APR26,2013,i
23756390,"Klepac, Vojtech",CZE,M,,,,1413,0,40,APR26,2012,i
330973,"Klepal, Martin",CZE,M,,,,1766,0,20,APR26,1970,i
393231,"Kleprlik, Jan",CZE,M,,,,1769,0,20,APR26,1962,i
376760,"Klezl, Frantisek",CZE,M,,,,1674,0,20,APR26,1946,
23798157,"Klicka, Martin",CZE,M,,,,1633,3,40,APR26,2017,
23798165,"Klicka, Ondrej",CZE,M,,,,1598,12,40,APR26,2015,
370240,"Klicka, Pavel",CZE,M,,,,1971,0,20,APR26,1965,i
23738162,"Klikar, Jiri",CZE,M,,,,1493,0,40,APR26,2010,i
23778458,"Klima, Dusan",CZE,M,,,,1700,0,40,APR26,1997,i
307548,"Klima, Lukas",CZE,M,IM,,,2198,0,20,APR26,1977,i
23709022,"Klima, Matej",CZE,M,,,,1942,0,20,APR26,1993,i
347230,"Klima, Miloslav",CZE,M,,,,1999,0,20,APR26,1964,i
355976,"Klima, Vaclav",CZE,M,,,,1799,0,20,APR26,1946,i
23731788,"Klimanek, Frantisek",CZE,M,,,,1418,0,40,APR26,2011,
23760109,"Klimcik, Jiri",CZE,M,,,,1586,0,20,APR26,1955,i
23750243,"Klimecky, Tomas",CZE,M,,,,1558,7,40,APR26,1976,
322105,"Klimek, Petr",CZE,M,,,,1872,0,20,APR26,1987,
351555,"Klimes, Jan",CZE,M,,,,1785,0,20,APR26,1950,i
334200,"Klimes, Jiri",CZE,M,,,,1735,0,20,APR26,1947,
23746017,"Klimes, Martin",CZE,M,,,,1652,17,40,APR26,2008,
23768207,"Klimes, Petr",CZE,M,,,,1552,0,40,APR26,2010,
23726628,"Klimes, Roman",CZE,M,,,,1677,0,20,APR26,1989,
34364188,"Klimov, Egor",CZE,M,,,,1500,0,40,APR26,2007,i
23751207,"Klimov, Renat",CZE,M,,,,1498,0,40,APR26,2012,i
321923,"Klimsa, Jiri",CZE,M,,,,1897,0,20,APR26,1946,i
322598,"Klimsa, Pavel",CZE,M,,,,1689,0,40,APR26,1981,
23753900,"Klimus, Radek",CZE,M,,,,1549,0,40,APR26,2012,
385352,"Klobouk, Jiri",CZE,M,,,,1925,0,20,APR26,1971,i
23750502,"Klobouk, Richard",CZE,M,,,,1489,0,20,APR26,2004,i
23755741,"Klocurek, Daniel",CZE,M,,,,1496,0,40,APR26,2007,i
23752815,"Kloubek, Vit",CZE,M,,,,1473,6,40,APR26,2014,
23714514,"Kloucek, Prokop",CZE,M,,,,1542,0,20,APR26,2003,i
23779209,"Klozova, Zuzana",CZE,F,,,,1754,17,20,APR26,1968,w
23780495,"Kluba, Matyas",CZE,M,,,,1591,0,40,APR26,2008,i
23778717,"Klubal, Jan",CZE,M,,,,1608,4,40,APR26,1984,
376647,"Klubal, Jiri",CZE,M,,,,1893,0,20,APR26,2002,i
23746670,"Klubert, Lukas",CZE,M,,,,1421,0,40,APR26,2008,i
23716398,"Klubert, Pavel",CZE,M,,,,1759,0,20,APR26,1976,i
322601,"Klus, Jan",CZE,M,,,,1716,0,20,APR26,1949,
358177,"Klus, Milan",CZE,M,,,,1655,0,20,APR26,1955,i
23761385,"Klusacek, Ondrej",CZE,M,,,,1542,0,40,APR26,2005,i
23779179,"Kluz, Nataniel",CZE,M,,,,1445,0,40,APR26,2012,
23776536,"Kluz, Rostislav",CZE,M,,,,1503,0,20,APR26,1993,
23785977,"Klymenko, Valerii",CZE,M,,,,1436,0,40,APR26,2010,i
23791586,"Kment, Jan",CZE,M,,,,1593,0,40,APR26,2011,
360120,"Kment, Michal",CZE,M,,,,1797,0,20,APR26,1999,i
23777672,"Kminek, Krystof",CZE,M,,,,1463,0,40,APR26,2011,
23799803,"Knap, Jiri",CZE,M,,,,1703,0,40,APR26,1971,
23734329,"Knapek, Jan",CZE,M,,,,1861,0,40,APR26,2011,
23758350,"Kner, Matous",CZE,M,,,,1581,0,40,APR26,2009,
23734990,"Knespl, Adam",CZE,M,,,,1936,0,20,APR26,2002,i
23716487,"Knettig, Matyas",CZE,M,,,,1718,0,40,APR26,2008,
382817,"Knettig, Vojtech",CZE,M,,,,1598,0,40,APR26,2005,i
23734825,"Knichal, Jiri",CZE,M,,,,1702,0,40,APR26,1963,i
394173,"Kniezkova, Jitka",CZE,F,,,,1761,0,20,APR26,1956,wi
328596,"Knize, Vaclav",CZE,M,,,,1899,0,20,APR26,1989,i
23729120,"Knizner, Michal",CZE,M,,,,1733,0,40,APR26,2009,
23742631,"Knizner, Tomas",CZE,M,,,,1662,0,40,APR26,2011,
23753714,"Knobloch, Lukas",CZE,M,,,,1630,0,20,APR26,1992,i
23751584,"Knop, Matej",CZE,M,,,,1779,0,40,APR26,2009,
375004,"Knopp, Rene",CZE,M,,,,1893,0,20,APR26,1973,i
322113,"Knotek, Josef",CZE,M,,,,1818,0,20,APR26,1955,
23747501,"Kobersky, Matyas",CZE,M,,,,1569,0,40,APR26,2014,
385816,"Kobersky, Petr",CZE,M,,,,1627,0,40,APR26,1967,
386421,"Koblasa, Josef",CZE,M,,,,1849,0,20,APR26,1962,i
335622,"Koblizek, Lubomir",CZE,M,,,,1833,0,20,APR26,1952,i
399647,"Kobr, Matej",CZE,M,,,,1663,0,40,APR26,2007,i
23759550,"Koca, Filip",CZE,M,,,,1815,0,20,APR26,2005,i
23775793,"Koch, Pavel",CZE,M,,,,1435,5,20,APR26,1997,
23763060,"Kochan, Filip",CZE,M,,NA,,1761,0,40,APR26,2001,
347647,"Kochanek, Antonin",CZE,M,,,,1767,0,20,APR26,1952,i
23781297,"Koci, Matyas",CZE,M,,,,1666,0,40,APR26,2009,
393444,"Koci, Milos",CZE,M,,,,1591,0,20,APR26,1960,i
368598,"Koci, Tereza",CZE,F,,,,1754,0,20,APR26,2000,wi
375314,"Koci, Tomas",CZE,M,,,,1761,0,20,APR26,1962,i
365734,"Koci, Tomas",CZE,M,,,,1652,0,20,APR26,2003,i
335282,"Koci, Vladimir",CZE,M,,,,1808,0,20,APR26,1977,i
369985,"Koci, Vladimir",CZE,M,,,,1760,0,20,APR26,1960,i
571000780,"Koci, Vladimir",CZE,M,,,,1574,0,40,APR26,1965,
303577,"Kocian, Miroslav",CZE,M,,NA,,1956,0,20,APR26,1972,i
23790822,"Kocicka, Pavel",CZE,M,,,,1825,0,40,APR26,1969,
322121,"Kociscak, Jiri",CZE,M,IM,,,2427,0,10,APR26,1993,i
14912511,"Kociscakova, Alexandra",CZE,F,,,,1996,0,20,APR26,1991,wi
23735732,"Kocman, Patrik",CZE,M,,,,1813,0,20,APR26,2007,
23728183,"Kocmanek, Lukas",CZE,M,,,,1764,0,20,APR26,1993,i
23751924,"Kocmanek, Tomas",CZE,M,,,,1758,0,20,APR26,1989,i
23706988,"Kocur, Petr",CZE,M,,,,1699,0,20,APR26,1955,
382825,"Kocur, Radim",CZE,M,,,,1752,0,20,APR26,1974,i
314200,"Kocur, Valter",CZE,M,,,,1980,0,20,APR26,1960,i
23766751,"Kocurek, Bohuslav",CZE,M,,,,1457,0,40,APR26,1963,
23702737,"Kodet, Jaromir",CZE,M,,,,1687,0,40,APR26,2007,i
23703733,"Kodetova, Adriana",CZE,F,,,,1462,0,40,APR26,2009,wi
23773383,"Kodydek, Filip",CZE,M,,,,1570,0,40,APR26,2011,
351423,"Kodys, Stanislav",CZE,M,,,,1854,0,20,APR26,1943,i
332550,"Kofranek, David",CZE,M,,,,1780,0,20,APR26,1976,i
23714115,"Kohout, Filip",CZE,M,,,,1698,0,40,APR26,2005,i
311499,"Kohout, Jan",CZE,M,,,,1871,9,20,APR26,1949,
318051,"Kohout, Josef",CZE,M,,,,1861,0,20,APR26,1953,i
23762977,"Kohout, Lukas",CZE,M,,,,1564,0,40,APR26,2008,i
309818,"Kohout, Vratislav",CZE,M,,,,2052,0,20,APR26,1965,i
23708140,"Kohut, Ondrej",CZE,M,,,,1654,0,20,APR26,2001,i
386049,"Kohut, Pavel",CZE,M,,,,1681,0,20,APR26,2002,i
23764635,"Kohut, Rafael",CZE,M,,,,1468,0,40,APR26,1990,i
330019,"Kohut, Vasil",CZE,M,,,,1739,0,20,APR26,1940,i
309524,"Kojetsky, Pavel",CZE,M,,,,1924,0,20,APR26,1969,
23771747,"Kojnok, Pavel",CZE,M,,,,1628,0,40,APR26,2007,
312550,"Kokes, Bohuslav",CZE,M,,,,1937,0,20,APR26,1968,
330434,"Kokta, Marcel",CZE,M,,,,1857,0,20,APR26,1932,i
23741252,"Kokta, Milan",CZE,M,,,,1807,0,20,APR26,1982,i
345008,"Kokula, Filip",CZE,M,,,,1537,0,20,APR26,1993,i
343668,"Kolacek, Miroslav",CZE,M,,,,1622,0,20,APR26,1948,i
325643,"Kolar, Dan",CZE,M,,,,1924,0,20,APR26,1975,i
342718,"Kolar, Daniel",CZE,M,,,,1953,0,20,APR26,1993,i
23746238,"Kolar, Edvard",CZE,M,,,,1899,0,40,APR26,2013,
378054,"Kolar, Jan",CZE,M,,,,1987,0,20,APR26,2005,i
368288,"Kolar, Ladislav",CZE,M,,,,1617,0,20,APR26,1948,i
23778393,"Kolar, Lubos",CZE,M,,,,1529,0,40,APR26,1979,i
23760532,"Kolar, Matej",CZE,M,,,,1585,0,20,APR26,2001,i
23733624,"Kolar, Matous",CZE,M,,,,1604,0,40,APR26,2005,i
378062,"Kolar, Radomir",CZE,M,,NA,,1810,0,20,APR26,2001,i
310964,"Kolar, Stanislav",CZE,M,,,,1918,0,20,APR26,1962,
23733632,"Kolar, Vojtech",CZE,M,,,,1480,0,20,APR26,2003,i
23770805,"Kolarik, Prokop",CZE,M,,,,1906,0,40,APR26,2009,
366609,"Kolarik, Tomas",CZE,M,,,,1745,0,20,APR26,1967,i
23739720,"Kolarikova, Karolina",CZE,F,,,,1578,0,40,APR26,2008,wi
571001611,"Kolbaba, Simon",CZE,M,,,,1417,9,40,APR26,2012,
23717645,"Kolbusovsky, Michal",CZE,M,,NA,,1976,0,20,APR26,2005,
23715901,"Kolbusovsky, Petr",CZE,M,,,,1809,0,20,APR26,1961,i
23753781,"Kolder, Vojtech",CZE,M,,,,1533,0,40,APR26,2014,
395862,"Kolecek, Jiri",CZE,M,,,,1806,0,20,APR26,1955,i
23725508,"Koleckar, Lukas",CZE,M,,,,1537,0,20,APR26,2007,i
23726164,"Koleckar, Pavel",CZE,M,,,,1876,0,20,APR26,1969,i
23724471,"Koleckar, Pavel",CZE,M,,,,1497,0,20,APR26,2003,i
305863,"Kolek, Josef",CZE,M,,,,1856,0,20,APR26,1950,i
23788038,"Kolin, Jaroslav",CZE,M,,,,1553,0,40,APR26,1972,i
571001336,"Kolinsky, Tomas",CZE,M,,,,1420,8,40,APR26,2012,
23766611,"Kolman, Jiri",CZE,M,,NA,,1619,0,20,APR26,2007,
23749490,"Kolman, Martin",CZE,M,,,,1458,0,40,APR26,2009,i
23765780,"Kolman, Pavel Petr",CZE,M,,,,1817,0,40,APR26,2007,
23701269,"Kolomaznik, Jiri",CZE,M,,,,1581,0,20,APR26,2004,i
365297,"Kolomy, Adam",CZE,M,,,,1783,0,20,APR26,2000,i
386880,"Kolomy, Robert",CZE,M,,,,1663,0,20,APR26,1927,i
303593,"Kolouch, Jiri",CZE,M,,,,1887,0,20,APR26,1968,i
309265,"Komarek, David",CZE,M,,,,2175,0,20,APR26,1976,i
376779,"Komarek, Jiri",CZE,M,,,,1953,0,20,APR26,1973,i
308030,"Komarek, Michal",CZE,M,,,,1793,0,20,APR26,1984,i
23777443,"Komarek, Oliver",CZE,M,,,,1422,0,40,APR26,2016,
23726970,"Komarek, Tobias",CZE,M,,,,1586,0,,APR26,2011,i
318183,"Komarkova, Magdalena",CZE,F,,,,2039,0,20,APR26,1977,wi
23767030,"Komarkova, Maja",CZE,F,,,,1608,0,40,APR26,2016,w
23756322,"Komkov, Bohdan",CZE,M,,,,1533,0,40,APR26,2006,i
23716576,"Komora, Matej",CZE,M,,,,1719,0,40,APR26,2007,i
324841,"Komprda, Pavel",CZE,M,,,,2001,0,20,APR26,1959,i
23786558,"Komrska, Radim",CZE,M,,,,1554,0,40,APR26,2015,i
23786256,"Komzik, Matej",CZE,M,,,,1629,0,40,APR26,2001,
23717580,"Konarik, Filip",CZE,M,,,,1769,6,20,APR26,1999,
23767618,"Konarik, Jan",CZE,M,,,,1482,0,40,APR26,2000,i
23779403,"Koncicky, Vojtech",CZE,M,,,,1607,0,40,APR26,2010,
394637,"Konderla, Maciej",CZE,M,,,,1582,0,40,APR26,2005,i
361399,"Kondula, Dominik",CZE,M,,,,1847,0,20,APR26,1990,i
23707313,"Kondula, Jan",CZE,M,,,,1621,0,20,APR26,1960,i
335460,"Kondula, Lukas",CZE,M,,,,1914,0,20,APR26,1983,i
23740515,"Kondula, Tomas",CZE,M,,,,1464,0,20,APR26,1985,i
23729317,"Konecny, Jakub",CZE,M,,,,1636,0,20,APR26,2002,i
316792,"Konecny, Martin",CZE,M,,,,1942,0,20,APR26,1965,i
23788909,"Konecny, Michal",CZE,M,,,,1490,0,40,APR26,2012,
337064,"Konecny, Vladimir",CZE,M,,,,1934,0,20,APR26,1958,i
23732164,"Konecny, Zdenek",CZE,M,,,,1783,0,20,APR26,1953,i
23772441,"Konicek, Marian",CZE,M,,,,1473,0,40,APR26,2009,i
396877,"Konig, Robert",CZE,M,,,,1992,0,20,APR26,1975,i
355186,"Konig, Vlastislav",CZE,M,,,,1687,0,20,APR26,1957,
308633,"Konopka, Michal",CZE,M,IM,FST,,2342,0,10,APR26,1966,
312940,"Konrad, Frantisek",CZE,M,,,,1925,0,20,APR26,1981,i
23739738,"Konsel, Filip",CZE,M,,,,1593,0,20,APR26,1978,
342955,"Konvalinka, Vladislav",CZE,M,,,,1862,0,20,APR26,1953,i
380903,"Konvickova, Dana",CZE,F,,,,1794,0,20,APR26,1969,wi
372439,"Kopal, Jiri",CZE,M,,,,1822,0,20,APR26,1961,i
350257,"Kopcil, Ondrej",CZE,M,,,,1850,0,20,APR26,1983,i
23783958,"Kopcil, Tobias",CZE,M,,,,1738,6,40,APR26,2011,
363774,"Kopcova, Ludmila",CZE,F,WCM,WCM,,1901,0,20,APR26,2001,wi
365319,"Kopczyk, Pavel",CZE,M,,,,1538,0,40,APR26,1996,i
312649,"Kopec, Ladislav",CZE,M,,,,2045,0,20,APR26,1969,i
366617,"Kopec, Ladislav",CZE,M,,,,1801,0,20,APR26,2003,i
359246,"Kopecek, Ivan",CZE,M,,,,1983,0,20,APR26,1949,i
23767740,"Kopecka, Anna",CZE,F,,,,1405,0,40,APR26,2008,wi
23748826,"Kopecka, Libuse",CZE,F,,,,1524,0,40,APR26,2010,w
365033,"Kopecky, Frantisek",CZE,M,,,,1822,0,20,APR26,1947,i
317152,"Kopecky, Jiri",CZE,M,,,,1878,8,20,APR26,1967,
23733640,"Kopecky, Jiri",CZE,M,,,,1675,0,20,APR26,1963,i
23703113,"Kopecky, Matej",CZE,M,,,,1747,0,20,APR26,2007,i
23716711,"Kopecky, Michal",CZE,M,,,,1473,0,20,APR26,1964,
23749857,"Kopecky, Petr",CZE,M,,,,1518,0,20,APR26,1970,i
356360,"Kopecky, Roman",CZE,M,,,,1983,0,20,APR26,1975,i
332569,"Kopecky, Tomas",CZE,M,,,,1878,0,20,APR26,1963,
351326,"Kopecky, Zdenek",CZE,M,,,,1773,0,20,APR26,1962,i
23765003,"Kopelzon, Mykhailo",CZE,M,,,,1579,0,40,APR26,2011,i
306606,"Koper, Stefan",CZE,M,,,,1970,0,20,APR26,1955,
323748,"Kopkan, Pavel",CZE,M,,,,1938,0,20,APR26,1970,i
357740,"Kopriva, Martin",CZE,M,,NA,,2091,0,20,APR26,1996,
335029,"Kopriva, Petr",CZE,M,,,,2035,0,20,APR26,1958,i
328910,"Kopta, Jiri",CZE,M,,,,1914,0,20,APR26,1987,i
309109,"Kopta, Pavel",CZE,M,FM,,,2176,0,20,APR26,1968,
23785756,"Kopyta, Radovan",CZE,M,,,,1586,0,40,APR26,2011,i
23767227,"Koranda, Adam",CZE,M,,,,1841,0,40,APR26,2011,
23772948,"Koranda, Kosma",CZE,M,,,,1879,9,40,APR26,2009,
23770562,"Korbel, Adam",CZE,M,,,,1651,0,40,APR26,2008,i
357537,"Korbel, Jiri",CZE,M,,,,1603,0,20,APR26,1955,i
380563,"Korbel, Richard",CZE,M,,,,1536,0,20,APR26,2002,i
23768690,"Korchak, Yevhenii",CZE,M,,,,1576,4,40,APR26,2009,
23729333,"Kordik, Jan",CZE,M,,,,1639,0,40,APR26,2008,i
347930,"Korecek, Michail",CZE,M,,,,1595,0,40,APR26,1946,
23766247,"Korecky, Tomas",CZE,M,,,,1419,0,40,APR26,2007,
23717327,"Koren, Jaroslav",CZE,M,,,,1689,0,20,APR26,1987,i
308897,"Korenek, Frantisek",CZE,M,,,,1952,0,20,APR26,1957,
368563,"Korenova, Karolina",CZE,F,,,,1618,0,20,APR26,2004,wi
368555,"Korenova, Magdalena",CZE,F,,,,1618,0,20,APR26,2001,wi
302805,"Korenova, Martina",CZE,F,WIM,WIM,,2108,0,20,APR26,1975,wi
23768525,"Korensky, Karel",CZE,M,,,,1510,7,40,APR26,2014,
571000909,"Korinek, Ales",CZE,M,,,,1494,0,40,APR26,1982,
315486,"Korinek, Bohuslav",CZE,M,,,,1901,0,20,APR26,1934,i
23707640,"Korinek, Jachym",CZE,M,,,,1689,0,40,APR26,2005,i
319856,"Korinek, Ondrej",CZE,M,FM,,,2271,0,20,APR26,1985,i
331139,"Korinek, Pavel",CZE,M,,,,1981,9,20,APR26,1982,
23757310,"Korinek, Teodor",CZE,M,,,,1608,0,40,APR26,2007,i
377414,"Korinek, Vojtech",CZE,M,,,,1714,0,20,APR26,2002,i
354678,"Korinkova, Eva",CZE,F,,,,1795,0,20,APR26,1965,w
23757094,"Korinkova, Pavla",CZE,F,,,,1427,6,40,APR26,2012,w
383490,"Kormanos, Samuel",CZE,M,,,,1654,0,20,APR26,2004,i
349712,"Kormoutova, Adela",CZE,F,,,,1683,0,20,APR26,1985,wi
14155656,"Korniichuk, Oleksandra",CZE,F,,,,1950,0,20,APR26,2002,w
312568,"Korsa, Jindrich",CZE,M,,,,2088,0,20,APR26,1970,i
364010,"Korsa, Jiri",CZE,M,,,,1888,0,20,APR26,1998,i
305057,"Korschner, Miroslav",CZE,M,,,,2019,0,20,APR26,1993,
23750073,"Korselt, Ondrej",CZE,M,,,,1441,0,20,APR26,2004,i
385735,"Korsinskij, Marek",CZE,M,,,,1705,0,20,APR26,2007,i
385743,"Korsinskij, Nikolas",CZE,M,,,,1673,0,20,APR26,2006,i
23766255,"Korunka, Simon",CZE,M,,,,1433,0,40,APR26,2009,i
23778881,"Kos, Michael",CZE,M,,,,1769,13,40,APR26,2012,
571001638,"Kosata, Ondrej",CZE,M,,,,1455,7,40,APR26,2013,
23751401,"Koscielnik, Ondrej",CZE,M,,,,1580,0,40,APR26,2013,
312746,"Kosek, Jiri",CZE,M,,NA,,2100,0,20,APR26,1960,i
337080,"Kosek, Lubomir",CZE,M,,,,1729,0,20,APR26,1943,i
337099,"Kosek, Marek",CZE,M,,,,2031,0,20,APR26,1993,i
376159,"Kosicar, Milan",CZE,M,,,,1788,0,20,APR26,1973,i
23739550,"Kosina, Jakub",CZE,M,,,,1713,0,20,APR26,1983,i
322130,"Kosina, Vladimir",CZE,M,,,,1822,0,20,APR26,1939,i
23719109,"Kosinka, Vladimir",CZE,M,,,,1774,0,20,APR26,1992,i
23751606,"Koslerova, Denisa Annie",CZE,F,,,,1641,6,40,APR26,2009,w
389595,"Kosnovsky, Radim",CZE,M,,,,1740,0,20,APR26,1990,i
393258,"Kostal, Zdislav",CZE,M,,,,1762,0,20,APR26,1950,
23724196,"Kostka, Jakub",CZE,M,,,,1782,0,20,APR26,1996,i
23740620,"Kostka, Jan",CZE,M,,,,1711,0,20,APR26,2007,
23724200,"Kostka, Jan",CZE,M,,,,1637,0,20,APR26,1996,i
23752475,"Kostka, Jiri",CZE,M,,,,1728,0,20,APR26,1990,
349232,"Kostka, Vit",CZE,M,FM,,,2153,0,20,APR26,1998,
23729902,"Kostkova, Katerina",CZE,F,,,,1434,0,40,APR26,2006,wi
326763,"Kostlan, Jan",CZE,M,,,,1900,0,20,APR26,1978,i
23740078,"Kostukevic, Sergej",CZE,M,,,,1498,6,20,APR26,1980,
354686,"Kosut, Tomas",CZE,M,,,,1944,0,20,APR26,1996,i
346543,"Kosutova, Jitka",CZE,F,,,,1760,0,20,APR26,1993,wi
23708050,"Kotajny, Samuel",CZE,M,,,,1495,0,40,APR26,2006,i
391530,"Kotal, Petr",CZE,M,,,,1751,0,20,APR26,1974,i
388491,"Kotal, Vaclav",CZE,M,,,,2100,0,20,APR26,2000,
391549,"Kotal, Vit",CZE,M,,,,1938,0,20,APR26,2005,
360783,"Kotas, Marian",CZE,M,,,,1487,0,20,APR26,1976,
375713,"Kotas, Oliver",CZE,M,,,,1429,0,20,APR26,2003,i
23732466,"Kotas, Vojtech",CZE,M,,,,1700,0,20,APR26,1991,i
23761598,"Kotaska, Jiri",CZE,M,,,,1424,0,20,APR26,1990,i
23777540,"Koten, Vojtech",CZE,M,,,,1781,0,40,APR26,2008,
23753960,"Koterova, Hana",CZE,F,,,,1554,0,20,APR26,1987,wi
388025,"Kotik, Veroslav",CZE,M,,,,1902,0,20,APR26,1953,i
23741449,"Kotisa, Jan",CZE,M,,,,1838,0,,APR26,2010,
343315,"Kotlant, Tomas",CZE,M,,,,1785,0,20,APR26,1988,i
23724706,"Kotlar, Adrian",CZE,M,,,,1798,0,20,APR26,2003,i
331899,"Kotlar, Jarmil",CZE,M,,,,1903,0,20,APR26,1964,
23735570,"Kotleska, Roman",CZE,M,,,,1923,0,20,APR26,1973,i
366633,"Kotoucek, Jiri",CZE,M,,,,1834,0,20,APR26,1966,i
330957,"Kotrba, Matej",CZE,M,,,,1990,0,20,APR26,1992,i
302210,"Kotrba, Tomas",CZE,M,,,,1885,0,20,APR26,1957,
23781300,"Kotrc, Ladislav",CZE,M,,,,1612,0,40,APR26,2010,
23790547,"Kottink, Nicolas",CZE,M,,,,1527,0,40,APR26,2009,
23751045,"Kotula, Josef",CZE,M,,,,1672,0,20,APR26,1956,i
322148,"Kotva, Milan",CZE,M,,,,1941,0,20,APR26,1948,i
23753722,"Kotvalt, Antonin",CZE,M,,,,1561,0,40,APR26,2005,i
23780991,"Kotyk, Michal",CZE,M,,,,1655,0,40,APR26,1978,i
23781009,"Kotyk, Stepan",CZE,M,,,,1466,0,40,APR26,2012,i
384232,"Kotyk, Vaclav",CZE,M,,,,2064,0,20,APR26,1996,i
327840,"Kotyza, Bohumil",CZE,M,,,,1915,0,20,APR26,1955,i
571001646,"Kouba, Frantisek",CZE,M,,,,1742,7,40,APR26,2011,
23798173,"Kouba, Jonas",CZE,M,,,,1581,4,40,APR26,2017,
359297,"Kouba, Libor",CZE,M,,,,1909,0,20,APR26,1973,i
328952,"Kouba, Petr",CZE,M,,,,1831,0,20,APR26,1965,i
316474,"Koubek, Vaclav",CZE,M,,,,1866,0,20,APR26,1982,
381470,"Koubova, Anna Marie",CZE,F,,NA,,2003,0,20,APR26,2003,wi
23751215,"Koudelka, Jiri",CZE,M,,,,1666,0,40,APR26,2009,i
23794488,"Koudelka, Jiri",CZE,M,,,,1640,9,40,APR26,1992,
361100,"Koukal, Ondrej",CZE,M,,,,1751,0,20,APR26,1999,i
23764066,"Koukola, Stepan",CZE,M,,,,1689,12,40,APR26,2013,
306673,"Koukolik, Alexander",CZE,M,,,,1867,0,20,APR26,1954,
368229,"Koukolik, Antonin",CZE,M,,,,1825,0,20,APR26,1957,i
23764350,"Koumar, Jan",CZE,M,,,,1459,0,40,APR26,1997,i
23793643,"Koupil, Adam",CZE,M,,,,1498,0,40,APR26,2011,
23742119,"Koupil, Stepan",CZE,M,,,,1728,0,40,APR26,2012,
4211626,"Kourousis, Epameinondas",CZE,M,IM,,,2348,0,10,APR26,1991,
23768355,"Koutecky, Filip",CZE,M,,,,1457,0,40,APR26,2011,i
335630,"Koutecky, Jiri",CZE,M,,,,1758,0,20,APR26,1947,i
23740418,"Koutna, Simona",CZE,F,,,,1475,0,40,APR26,2012,wi
23789018,"Koutnik, Jakub",CZE,M,,,,1474,0,40,APR26,2013,
23775068,"Koutny, Tomas",CZE,M,,,,1658,0,40,APR26,2011,
23734680,"Kovac, Pavel",CZE,M,,,,1590,0,40,APR26,2011,i
23729228,"Kovacovsky, Jan",CZE,M,,,,1783,0,20,APR26,1998,i
370061,"Kovacs, Ivan",CZE,M,,,,1703,0,20,APR26,1966,i
388980,"Kovacs, Viliam",CZE,M,,,,1757,0,20,APR26,1958,
14911019,"Koval, Michal",CZE,M,,,,2012,0,20,APR26,1988,
394440,"Koval, Nikita",CZE,M,,,,1767,0,20,APR26,2003,i
23748656,"Kovalcik, Adam",CZE,M,,,,1975,0,20,APR26,2007,
390429,"Kovalcik, Rene",CZE,M,,,,1818,0,20,APR26,1973,i
23766786,"Kovanda, Simon",CZE,M,,,,1564,0,40,APR26,2011,i
307068,"Kovar, Jan",CZE,M,,,,1982,0,20,APR26,1974,i
344370,"Kovar, Jan",CZE,M,,,,2031,0,20,APR26,1993,i
354015,"Kovar, Jan",CZE,M,,NA,,1784,0,20,APR26,1959,
333794,"Kovar, Jindrich",CZE,M,,,,1782,0,20,APR26,1956,
319864,"Kovar, Josef",CZE,M,,,,2065,0,20,APR26,1985,
312142,"Kovar, Ladislav",CZE,M,,,,1942,0,20,APR26,1958,i
23714867,"Kovar, Marek",CZE,M,,,,1599,0,20,APR26,1976,i
317470,"Kovar, Oldrich",CZE,M,,,,1943,0,20,APR26,1953,i
23712422,"Kovar, Pavel",CZE,M,,,,1548,0,20,APR26,2006,i
321524,"Kovar, Petr",CZE,M,,,,1941,0,20,APR26,1947,i
342017,"Kovar, Petr",CZE,M,,,,1968,0,20,APR26,1965,i
23767308,"Kovar, Petr",CZE,M,,,,1527,0,40,APR26,1979,i
367150,"Kovar, Vaclav",CZE,M,,,,1795,0,20,APR26,1953,i
314943,"Kovar, Vojtech",CZE,M,,,,2225,0,20,APR26,1982,i
378305,"Kovar, Zdenek",CZE,M,,,,1806,0,20,APR26,1959,i
392855,"Kovarik, David",CZE,M,,NA,,1789,0,20,APR26,2000,
384542,"Kovarik, Jan",CZE,M,,,,1839,0,20,APR26,1947,i
23706589,"Kovarik, Jan",CZE,M,,,,1411,0,20,APR26,1999,i
571000798,"Kovarik, Ludvik",CZE,M,,,,1613,8,40,APR26,2011,
23779187,"Kovarik, Martin",CZE,M,,,,1609,0,40,APR26,1977,
377635,"Kovarik, Vojtech",CZE,M,,,,1821,0,20,APR26,2002,i
23721952,"Kovarikova, Eliska",CZE,F,,,,1531,0,20,APR26,2004,wi
320595,"Kovarova, Oxana",CZE,F,,,,1847,0,20,APR26,1982,wi
23791233,"Kowalczyk, Tadeas",CZE,M,,,,1492,0,40,APR26,1980,
23725389,"Kowolowski, Michal",CZE,M,,,,1497,0,20,APR26,2000,i
307335,"Koys, Milan",CZE,M,,,,2121,0,20,APR26,1964,i
23777095,"Koys, Samuel",CZE,M,,,,1795,7,40,APR26,1996,
348970,"Kozak, David",CZE,M,,,,1897,0,20,APR26,1994,i
321826,"Kozak, Karel",CZE,M,,,,1926,0,20,APR26,1969,i
361402,"Kozak, Lubomir",CZE,M,,,,1912,0,20,APR26,1958,i
353647,"Kozak, Martin",CZE,M,,,,1861,0,20,APR26,1969,i
303267,"Kozak, Milos",CZE,M,FM,,,2010,0,20,APR26,1959,i
311278,"Kozak, Pavel",CZE,M,,,,1946,0,20,APR26,1959,i
23753730,"Kozbert, Filip",CZE,M,,,,1667,0,40,APR26,2009,i
364029,"Kozbert, Tomas",CZE,M,,,,1913,0,20,APR26,2001,i
23737913,"Kozdon, Marek",CZE,M,,,,1909,0,40,APR26,2011,
375020,"Kozdon, Petr",CZE,M,,,,1940,0,20,APR26,1971,i
337153,"Kozel, Jiri",CZE,M,,,,1989,0,20,APR26,1996,i
337161,"Kozel, Miroslav",CZE,M,,,,1872,0,20,APR26,1971,i
23799382,"Kozel, Vojtech",CZE,M,,,,1512,8,40,APR26,2016,
23778067,"Kozelek, Jonas",CZE,M,,,,1613,0,40,APR26,2013,
23789336,"Kozelek, Tomas",CZE,M,,,,1439,0,40,APR26,2018,
23786418,"Kozelkova, Daniela",CZE,F,,,,1546,0,40,APR26,2015,w
23719290,"Kozelsky, Antonin",CZE,M,,,,1558,0,40,APR26,2006,i
382833,"Kozelsky, Marek",CZE,M,,,,1805,0,20,APR26,1973,
23799935,"Kozelsky, Matyas",CZE,M,,,,1460,0,40,APR26,2013,
23740000,"Kozelsky, Robert",CZE,M,,,,1565,0,20,APR26,1953,i
351318,"Kozeny, Vaclav",CZE,M,,,,1807,0,20,APR26,1977,i
349720,"Kozlova, Lucie",CZE,F,,,,1747,0,20,APR26,1982,wi
23708743,"Kozmin, Josef",CZE,M,,,,1524,0,20,APR26,1998,i
23730382,"Kozohorsky, Jan",CZE,M,,,,1647,0,20,APR26,1986,
303623,"Kozojed, Vlastislav",CZE,M,,,,1896,0,20,APR26,1942,i
23744022,"Kozubik, Pavel",CZE,M,,,,1666,0,40,APR26,1994,i
23763388,"Kozubkova, Evelina",CZE,F,,,,1577,0,40,APR26,2012,wi
23732750,"Kozumplik, Ales",CZE,M,,,,1640,0,20,APR26,2007,i
351440,"Kozusek, Slavomir",CZE,M,,,,1859,0,20,APR26,1974,i
23731796,"Kozusnik, Jan",CZE,M,,,,1665,0,40,APR26,2013,
23765259,"Kozusnik, Jan",CZE,M,,,,1472,0,40,APR26,1978,i
23715090,"Kozusnik, Zbynek",CZE,M,,,,1436,0,40,APR26,1959,
23729279,"Kozusnikova, Daniela",CZE,F,,,,1722,0,40,APR26,2010,wi
310816,"Kracik, Dobroslav",CZE,M,,,,1983,0,20,APR26,1978,
325414,"Kracik, Martin",CZE,M,,,,1900,0,20,APR26,1963,i
23789743,"Kracmer, Daniel",CZE,M,,,,1884,0,40,APR26,1987,
393355,"Krahula, Jiri",CZE,M,,,,1637,0,40,APR26,2002,i
327859,"Krahula, Pavel",CZE,M,,,,1861,0,20,APR26,1971,i
315338,"Krajcovic, Filip",CZE,M,,,,1694,0,20,APR26,1977,
365769,"Krajicek, Filip",CZE,M,,,,1770,0,20,APR26,1998,i
23750375,"Krajicek, Matej",CZE,M,,,,1774,0,40,APR26,2009,
23740175,"Krajicek, Matthew",CZE,M,,,,1561,0,40,APR26,2009,i
23750383,"Krajicek, Roman",CZE,M,,,,1791,0,20,APR26,1978,i
302112,"Krajina, Ales",CZE,M,,,,2135,0,20,APR26,1958,
326097,"Kral, David",CZE,M,,,,2011,0,20,APR26,1979,i
352063,"Kral, Jaromir",CZE,M,,,,1810,0,20,APR26,1936,i
343676,"Kral, Jiri",CZE,M,,,,1734,0,20,APR26,1965,i
375446,"Kral, Jiri",CZE,M,,,,1709,0,20,APR26,1963,
23747404,"Kral, Kevin",CZE,M,,,,1808,0,20,APR26,1993,i
333280,"Kral, Ladislav",CZE,M,,,,1696,0,20,APR26,1954,i
23757566,"Kral, Matyas",CZE,M,,,,1825,0,40,APR26,2008,i
23768363,"Kral, Matyas",CZE,M,,,,1690,0,40,APR26,2011,i
23752084,"Kral, Michal",CZE,M,,,,1643,0,40,APR26,2012,i
310611,"Kral, Pavel",CZE,M,,,,1877,0,20,APR26,1970,i
328618,"Kral, Petr",CZE,M,,,,1962,0,20,APR26,1978,i
386723,"Kral, Radovan",CZE,M,,,,1884,0,20,APR26,1975,i
23705574,"Kral, Zdenek",CZE,M,,,,1655,0,20,APR26,1978,i
347485,"Kralik, Frantisek",CZE,M,,,,1917,0,20,APR26,1990,
23774789,"Kralik, Jan",CZE,M,,,,1662,0,40,APR26,1992,
23792221,"Kralik, Lukas",CZE,M,,,,1540,0,40,APR26,2008,
377643,"Kralik, Vladimir",CZE,M,,,,1909,0,20,APR26,1956,i
23706570,"Kralova, Gabriela",CZE,F,,,,1800,0,20,APR26,2002,wi
398683,"Kralovic, Milan",CZE,M,,,,1722,0,20,APR26,1976,i
319155,"Kralovsky, Martin",CZE,M,,,,1836,0,20,APR26,1978,
337170,"Kram, Jiri",CZE,M,,,,1880,0,20,APR26,1964,
349380,"Kramar, Filip",CZE,M,,,,1762,0,40,APR26,1993,
385360,"Kramar, Lumir",CZE,M,,,,1853,0,20,APR26,1985,i
23710594,"Krampla, Jan",CZE,M,,,,1721,0,20,APR26,1978,
344311,"Krampol, Vladimir",CZE,M,,,,1755,9,20,APR26,1960,
23738952,"Krapf, Jan",CZE,M,,,,1765,0,20,APR26,1999,i
332577,"Krasa, Marek",CZE,M,,,,1770,6,20,APR26,1981,
23765437,"Krasa, Mikulas",CZE,M,,,,1609,0,40,APR26,2005,i
23759569,"Krasa, Petr",CZE,M,,,,1642,0,40,APR26,1984,
346071,"Krasny, Drahomir",CZE,M,,NA,,1962,0,20,APR26,1994,i
23755032,"Kratka, Tereza",CZE,F,,,,1527,0,40,APR26,2011,w
353655,"Kratky, Jiri",CZE,M,,,,2140,0,20,APR26,1969,i
349593,"Kratky, Josef",CZE,M,,,,1995,0,20,APR26,1993,i
365327,"Kratky, Matej",CZE,M,,,,1600,0,40,APR26,2000,i
23724676,"Kratochvil, David",CZE,M,,,,1548,0,40,APR26,2007,i
321001,"Kratochvil, Jakub",CZE,M,,,,2116,0,20,APR26,1987,i
23781017,"Kratochvil, Jakub",CZE,M,,,,1520,0,40,APR26,2012,i
328626,"Kratochvil, Josef",CZE,M,FM,,,2231,0,20,APR26,1992,i
325546,"Kratochvil, Karel",CZE,M,,,,2169,0,20,APR26,1988,
393029,"Kratochvil, Marek",CZE,M,,,,1584,0,20,APR26,1982,i
331015,"Kratochvil, Milan",CZE,M,,,,2163,0,20,APR26,1991,i
306240,"Kratochvil, Milos",CZE,M,,,,1971,0,20,APR26,1966,i
333808,"Kratochvil, Vit",CZE,M,,,,2194,0,20,APR26,1998,i
390526,"Kratochvilova, Magdalena",CZE,F,,,,1741,0,20,APR26,1971,wi
312070,"Kraus, Frantisek",CZE,M,,,,2010,0,20,APR26,1951,i
333166,"Kraus, Ondrej",CZE,M,,,,1983,0,20,APR26,1993,i
341487,"Kraus, Petr",CZE,M,,,,1880,0,20,APR26,1988,i
23714565,"Kraus, Petr",CZE,M,,,,1574,6,20,APR26,1973,
332585,"Kraus, Roman",CZE,M,,,,1870,0,20,APR26,1960,i
397636,"Kraus, Rudolf",CZE,M,,,,1516,0,40,APR26,2006,i
331708,"Kraus, Tomas",CZE,M,GM,,,2384,0,10,APR26,1995,
349003,"Krauskopfova, Lenka",CZE,F,,,,1956,0,20,APR26,1996,wi
352110,"Krausz, Milan",CZE,M,,,,1673,0,20,APR26,1967,i
23766808,"Krautman, Patrick Joseph",CZE,M,,,,1588,0,40,APR26,2001,i
23726008,"Krautschneider, Daniel Jan",CZE,M,,,,1729,0,40,APR26,2010,
23701293,"Krautstengl, Alan",CZE,M,,,,1428,0,40,APR26,2006,i
23716983,"Kravchenko, Andrey",CZE,M,,,,1795,0,,APR26,2011,
329258,"Krbusik, Marian",CZE,M,,,,1915,0,20,APR26,1958,
310794,"Krca, Milan",CZE,M,,,,1988,0,20,APR26,1952,i
23719095,"Krch, Ladislav",CZE,M,,,,1753,0,20,APR26,1969,i
337196,"Krch, Lukas",CZE,M,,,,1956,0,20,APR26,1984,i
23717459,"Krchnacek, Jakub",CZE,M,,,,1804,0,40,APR26,2005,i
332593,"Krchnak, Jan",CZE,M,,,,1885,0,20,APR26,1994,
23779489,"Krcil, Michal",CZE,M,,,,1657,0,40,APR26,2010,
23762357,"Krcka, Jan Tomas",CZE,M,,,,1440,0,40,APR26,2008,
372846,"Krcmar, Stanislav",CZE,M,,,,1740,0,20,APR26,1972,i
23755318,"Krecmer, Roman",CZE,M,,,,1716,0,40,APR26,2008,
315893,"Kredl, Karel",CZE,M,,,,2020,0,20,APR26,1975,
371866,"Krefky, Jakub",CZE,M,,,,1519,0,20,APR26,2003,i
385379,"Krefky, Manfred",CZE,M,,,,1785,0,20,APR26,1964,i
389447,"Krefky, Ondrej",CZE,M,,,,1508,0,40,APR26,2005,i
351474,"Krehla, Milan",CZE,M,,,,1880,0,20,APR26,1981,i
393959,"Krejbich, Lukas",CZE,M,,,,1610,0,20,APR26,1988,i
365777,"Krejca, Jakub",CZE,M,,NA,,2090,0,20,APR26,1998,i
322156,"Krejci, Jan",CZE,M,GM,,,2479,0,10,APR26,1992,i
316873,"Krejci, Jan",CZE,M,,,,2097,0,20,APR26,1962,i
344613,"Krejci, Jan",CZE,M,,,,1660,0,20,APR26,1949,i
343790,"Krejci, Martin",CZE,M,,,,2031,0,20,APR26,1993,i
1651935,"Krejci, Vera Marie",CZE,F,,,,1813,0,40,APR26,2008,w
305081,"Krejci, Vladimir",CZE,M,,,,1836,0,20,APR26,1965,i
313890,"Krejcik, Jiri",CZE,M,,,,2120,0,20,APR26,1972,i
368679,"Krejcik, Miroslav",CZE,M,,,,1890,0,,APR26,1964,i
346888,"Krejcik, Tomas",CZE,M,,NA,,1895,0,20,APR26,1980,i
316890,"Krejcirik, Radim",CZE,M,,,,1965,0,20,APR26,1967,i
23765011,"Krejcirik, Vojtech",CZE,M,,,,1471,0,40,APR26,2013,
363324,"Krejnicky, Martin",CZE,M,,,,1812,0,20,APR26,1998,i
23767928,"Krelina, Jakub Pavel",CZE,M,,,,1604,0,40,APR26,2010,
23730943,"Krelina, Jan",CZE,M,,,,1875,0,20,APR26,2007,
23771755,"Krelina, Josef",CZE,M,,,,1518,0,40,APR26,2013,
23788593,"Kremel, Martin",CZE,M,,,,1458,0,40,APR26,2012,
23764651,"Krempek, Jan",CZE,M,,,,1485,0,40,APR26,2008,i
23773987,"Kremser, Jiri",CZE,M,,,,1613,0,40,APR26,1985,i
329266,"Krena, Bohuslav",CZE,M,,,,1986,0,20,APR26,1977,i
393967,"Krencil, Vladimir",CZE,M,,,,1735,0,20,APR26,1956,i
23726571,"Krenek, Jiri",CZE,M,,,,1642,0,20,APR26,1954,i
310760,"Krepelka, Petr",CZE,M,,,,1774,0,20,APR26,1985,i
23746262,"Kreuzman, Daniel",CZE,M,,,,1592,0,40,APR26,2012,i
23773898,"Kricensky, Lukas",CZE,M,,,,1719,0,40,APR26,2010,
304492,"Kriebel, Rudolf",CZE,M,,,,1748,0,20,APR26,1960,
330027,"Kriebel, Tadeas",CZE,M,IM,,,2419,0,10,APR26,1995,
23740140,"Krieg, David",CZE,M,,,,1815,0,20,APR26,2000,
376175,"Krieger, Miroslav",CZE,M,,,,1752,0,20,APR26,1950,i
342025,"Kriha, Pavel",CZE,M,,,,1776,0,20,APR26,1948,
391158,"Krikava, Vaclav",CZE,M,,,,1840,0,20,APR26,1959,i
306703,"Krischke, Arnold",CZE,M,,,,1977,0,20,APR26,1963,i
23741040,"Krisica, Jan",CZE,M,,,,1608,0,20,APR26,1979,
23740639,"Krisica, Lukas",CZE,M,,,,1632,0,40,APR26,2012,
23740647,"Krisicova, Neli",CZE,F,,,,1643,0,40,APR26,2010,w
370681,"Krisman, Ondrej",CZE,M,,,,1742,0,20,APR26,1993,
23794623,"Krist, Milos",CZE,M,,,,1718,6,40,APR26,1976,
23707950,"Kristen, Vojtech",CZE,M,,,,1847,0,20,APR26,1984,i
23703130,"Kristl, Matej",CZE,M,,,,1666,0,20,APR26,2004,i
23735147,"Kristl, Simon",CZE,M,,,,1731,0,40,APR26,2007,i
378801,"Kristl, Vaclav",CZE,M,,,,1770,0,20,APR26,1991,i
23761962,"Kristl, Zachariah Tobias",CZE,M,,,,1553,0,40,APR26,2008,i
23775700,"Kristof, Tobias",CZE,M,,,,1545,0,40,APR26,2009,
23743530,"Krivacek, Jonas",CZE,M,,,,1611,0,40,APR26,2005,i
326445,"Krivanek, Vladimir",CZE,M,,,,2158,0,20,APR26,1987,i
23778903,"Krivda, Tomas",CZE,M,,,,1432,9,40,APR26,2015,
23780053,"Krivka, Jakub",CZE,M,,,,1548,0,40,APR26,2013,i
23771143,"Krivka, Jan",CZE,M,,,,1783,0,40,APR26,2010,
23752092,"Krivka, Lukas",CZE,M,,,,1639,0,40,APR26,2014,
23752106,"Krivka, Matej",CZE,M,,,,1855,0,40,APR26,2011,
23768533,"Krivka, Vladimir",CZE,M,,,,1550,0,40,APR26,1984,i
23714670,"Krivohlavek, David",CZE,M,,,,1886,0,20,APR26,1989,i
350753,"Krivohlavek, Josef",CZE,M,,,,1624,0,20,APR26,1951,
331554,"Krivos, Rudolf",CZE,M,,,,1910,0,20,APR26,1977,i
23742518,"Krivsky, Jan",CZE,M,,,,1666,0,40,APR26,2009,
352144,"Krivsky, Jiri",CZE,M,,FA,,1722,0,20,APR26,1975,i
23742526,"Krivsky, Matej",CZE,M,,,,1466,0,40,APR26,2009,
324698,"Kriz, Daniel",CZE,M,,NA,,1992,0,20,APR26,1992,
23767537,"Kriz, Denis",CZE,M,,,,1836,0,40,APR26,2009,
23774371,"Kriz, Dominik",CZE,M,,,,1556,0,40,APR26,2018,
312479,"Kriz, Lubos",CZE,M,CM,NA,,2013,0,20,APR26,1967,
326798,"Kriz, Milan",CZE,M,,,,1791,8,20,APR26,1952,
364916,"Kriz, Pavel",CZE,M,,,,1906,0,20,APR26,1967,
23709847,"Kriz, Petr",CZE,M,,,,1653,0,20,APR26,1984,i
23795433,"Kriz, Petr",CZE,M,,,,1560,0,40,APR26,1951,
364037,"Kriz, Vojtech",CZE,M,,,,1784,0,20,APR26,2001,i
23717017,"Krizan, Jakub",CZE,M,,,,1558,0,40,APR26,2009,
322962,"Krizek, Frantisek",CZE,M,,,,1926,0,20,APR26,1946,i
398837,"Krizek, Frantisek",CZE,M,,,,1481,0,20,APR26,1932,i
366226,"Krizek, Jaroslav",CZE,M,,,,1866,0,20,APR26,1964,i
23701307,"Krizek, Krystof",CZE,M,,,,1956,0,20,APR26,2004,
23714646,"Krizek, Pavel",CZE,M,,,,1744,0,40,APR26,1971,
390232,"Krizek, Vladimir",CZE,M,,,,1746,0,20,APR26,1999,i
371580,"Krkoska, Jaroslav",CZE,M,,,,1878,0,20,APR26,1983,i
349461,"Krnak, Vladimir",CZE,M,,,,1728,0,20,APR26,1947,
301515,"Krnavek, Lubomir",CZE,M,FM,,,2189,0,20,APR26,1953,i
376825,"Krobot, Jan",CZE,M,,,,1796,0,20,APR26,1981,i
385387,"Krobot, Stepan",CZE,M,,,,1569,0,20,APR26,1997,i
386243,"Krocek, Ivan",CZE,M,,NA,,1765,0,20,APR26,2002,
23727900,"Krofta, Oldrich",CZE,M,,,,1558,0,20,APR26,1949,i
23762470,"Kroliczek, Daniel",CZE,M,,,,1524,0,40,APR26,2007,i
384011,"Krolop, Petr",CZE,M,,,,1925,0,20,APR26,1957,i
385514,"Kronowetter, Ales",CZE,M,,,,1612,0,20,APR26,2002,i
385522,"Kronowetter, Borivoj",CZE,M,,,,1918,0,20,APR26,2000,i
23745380,"Kroo, Andrey",CZE,M,,,,1830,0,20,APR26,1965,i
23745398,"Kroo, Michail",CZE,M,,,,2003,0,20,APR26,1989,i
392715,"Kropac, Jiri",CZE,M,,,,1816,0,20,APR26,1939,i
370282,"Kropac, Zdenek",CZE,M,,,,1822,0,20,APR26,1958,i
23723572,"Krotki, Lukas",CZE,M,,,,1599,0,40,APR26,2008,i
392618,"Krotky, David",CZE,M,,,,1839,0,20,APR26,1983,i
23725460,"Kroulik, Stepan",CZE,M,,,,1806,0,40,APR26,2013,
23725478,"Kroulik, Vaclav",CZE,M,,,,2086,0,40,APR26,2011,
23767448,"Kroutil, Vojtech",CZE,M,,,,1573,0,40,APR26,2013,
23788151,"Krouza, Jan",CZE,M,,,,1593,0,40,APR26,1990,i
23775076,"Krouzek, Jindrich Frantisek",CZE,M,,,,1413,0,40,APR26,2010,i
301566,"Krouzel, Jaroslav",CZE,M,FM,,,2035,0,20,APR26,1948,i
23792043,"Krpata, Jakub",CZE,M,,,,1586,0,40,APR26,2007,
23767545,"Krsek, Tomas",CZE,M,,,,1770,0,40,APR26,2010,
301108,"Krtous, Zdenek",CZE,M,,,,2002,0,20,APR26,1993,i
23709421,"Krulis, Jiri Daniel",CZE,M,,,,1589,0,20,APR26,1998,
55705073,"Krupa, Petr",CZE,M,,,,1471,0,40,APR26,2012,i
347108,"Krupa, Radim",CZE,M,,,,2001,0,20,APR26,1975,i
23717629,"Krupala, Vladimir",CZE,M,,,,1555,0,40,APR26,2005,i
345709,"Krupansky, Jaromir",CZE,M,,,,1800,0,20,APR26,1961,i
314951,"Krupica, Pavel",CZE,M,,,,1891,0,20,APR26,1976,i
360503,"Krupicka, Josef",CZE,M,,,,2014,0,20,APR26,1998,i
349992,"Krupicka, Josef",CZE,M,,,,1928,0,20,APR26,1965,i
23788046,"Krupicka, Tomas",CZE,M,,,,1593,6,40,APR26,1993,
346080,"Krusina, Patrik",CZE,M,,,,1921,0,20,APR26,1994,i
398292,"Kruta, Jaromir",CZE,M,,,,1642,0,20,APR26,2003,i
393975,"Kruta, Jaroslav",CZE,M,,,,1875,0,20,APR26,1979,i
23743956,"Krutil, Ladislav",CZE,M,,,,1705,0,20,APR26,1975,
23793376,"Krutilek, Petr",CZE,M,,,,1524,0,40,APR26,1984,
318230,"Krutina, Ivan",CZE,M,,,,1956,0,20,APR26,1951,
361526,"Krutsky, Martin",CZE,M,,,,1994,0,20,APR26,1999,i
23733217,"Krygiel, Robin",CZE,M,,,,1732,0,20,APR26,1988,i
308064,"Kryspin, Libor",CZE,M,,,,2072,0,20,APR26,1962,i
359947,"Kryst, Konrad",CZE,M,,,,1665,0,20,APR26,1937,
363626,"Krystian, Josef",CZE,M,,,,1798,0,20,APR26,1943,i
399094,"Krystl, Jaromir",CZE,M,,,,1833,0,20,APR26,1956,i
23765020,"Krzystek, Rudolf",CZE,M,,,,1508,0,40,APR26,2008,i
323756,"Ksana, Vaclav",CZE,M,,,,2103,0,20,APR26,1979,i
318248,"Kuba, Jindrich",CZE,M,FM,,,2168,0,20,APR26,1986,i
23778911,"Kubakova, Laura",CZE,F,,,,1440,0,40,APR26,2015,w
376060,"Kubala, Karel",CZE,M,,,,1889,0,20,APR26,1951,i
23759879,"Kubalova, Nikol",CZE,F,,,,1411,0,40,APR26,2012,w
395587,"Kubanek, Ales",CZE,M,,,,1879,0,40,APR26,2001,
571001654,"Kubanek, Jakub",CZE,M,,,,1636,7,40,APR26,2009,
23746866,"Kubanyi, Robert",CZE,M,,,,1740,0,20,APR26,2005,
23731664,"Kubasek, Rene",CZE,M,,,,1756,0,20,APR26,1976,i
23714956,"Kubat, Frantisek",CZE,M,,,,1575,0,40,APR26,2008,i
23764830,"Kubat, Jonas",CZE,M,,,,1642,0,40,APR26,2012,
365343,"Kubat, Martin",CZE,M,,,,1910,0,20,APR26,2000,i
364606,"Kubat, Martin",CZE,M,,,,1559,0,40,APR26,1998,
326577,"Kubat, Miroslav",CZE,M,,,,1951,0,20,APR26,1988,i
325678,"Kubat, Pavel",CZE,M,,NA,,1995,0,20,APR26,1983,i
23724064,"Kubatova, Beta",CZE,F,,,,1683,0,40,APR26,2010,wi
23724072,"Kubatova, Ema",CZE,F,,,,1598,0,40,APR26,2010,wi
23776412,"Kubecek, Michal",CZE,M,,NA,,1464,0,40,APR26,1974,i
366650,"Kubelka, Jaroslav",CZE,M,,,,1447,5,20,APR26,1948,
387835,"Kubelka, Martin",CZE,M,,,,1736,0,20,APR26,1976,
367486,"Kubelova, Sona",CZE,F,,NA,,1646,0,20,APR26,1969,w
23734841,"Kubes, Patrik",CZE,M,,,,1701,0,20,APR26,2001,i
23787449,"Kubicek, Ales",CZE,M,,,,1713,0,20,APR26,1987,
301213,"Kubicek, Antonin",CZE,M,,,,2054,0,20,APR26,1946,
23718838,"Kubicek, Daniel",CZE,M,,,,1776,0,20,APR26,2006,
354724,"Kubicek, Filip",CZE,M,,,,1875,0,20,APR26,1990,i
349739,"Kubicek, Martin",CZE,M,,,,1662,0,20,APR26,1973,
23787368,"Kubicek, Michal",CZE,M,,,,1535,0,40,APR26,2006,i
23736917,"Kubicek, Ondrej",CZE,M,,,,1586,0,40,APR26,2010,i
324230,"Kubicek, Pavel",CZE,M,,,,1879,0,20,APR26,1964,i
23762705,"Kubicek, Rafael",CZE,M,,,,1485,0,40,APR26,2009,i
361232,"Kubicek, Vlastimil",CZE,M,,,,1762,0,20,APR26,1959,i
23768940,"Kubiena, Roman",CZE,M,,,,1693,0,40,APR26,2004,i
23710578,"Kubik, Jan",CZE,M,,,,1663,0,20,APR26,1939,i
375039,"Kubik, Jan",CZE,M,,,,1750,0,20,APR26,1936,i
344320,"Kubik, Michael",CZE,M,,,,2188,0,20,APR26,1997,i
350966,"Kubik, Miroslav",CZE,M,,,,1782,0,20,APR26,1970,i
302597,"Kubikova, Hana",CZE,F,WFM,WFM,,1915,0,20,APR26,1962,w
23709359,"Kubin, Jiri",CZE,M,,,,1539,0,20,APR26,1972,i
23703792,"Kubin, Lukas",CZE,M,,,,1648,0,20,APR26,2004,i
23708930,"Kubin, Tomas Daniel",CZE,M,,,,1798,0,40,APR26,2008,i
379697,"Kubin, Vladimir",CZE,M,,,,1999,0,20,APR26,1975,i
371254,"Kubista, Ladislav",CZE,M,,,,1921,0,20,APR26,1994,i
389005,"Kubita, Daniel",CZE,M,,,,1803,0,20,APR26,1994,i
360899,"Kubitova, Alzbeta",CZE,F,,,,1666,0,20,APR26,1993,wi
389013,"Kubna, Lucie",CZE,F,,,,1702,0,20,APR26,1981,wi
316938,"Kubos, Rostislav",CZE,M,,NA,,2004,0,20,APR26,1970,
23738200,"Kucera, Bohuslav",CZE,M,,,,1690,0,40,APR26,1978,
23793856,"Kucera, Cyril",CZE,M,,,,1527,0,40,APR26,2010,
358193,"Kucera, Daniel",CZE,M,,,,1867,0,20,APR26,1975,i
396494,"Kucera, David",CZE,M,,NA,,1876,0,20,APR26,2005,
23750260,"Kucera, Doman",CZE,M,,,,1539,0,40,APR26,1992,i
23718277,"Kucera, Ivan",CZE,M,,,,1864,0,20,APR26,1961,i
383813,"Kucera, Jan",CZE,M,,,,1879,0,20,APR26,1986,i
23700386,"Kucera, Jan",CZE,M,,,,1784,0,20,APR26,1948,i
330442,"Kucera, Jaroslav",CZE,M,,,,1916,0,20,APR26,1954,
383031,"Kucera, Jaroslav",CZE,M,,,,1939,0,20,APR26,1976,i
23793864,"Kucera, Jindrich",CZE,M,,,,1575,0,40,APR26,2008,
23725125,"Kucera, Jiri",CZE,M,,,,1890,0,20,APR26,1956,i
23754290,"Kucera, Krystof",CZE,M,,,,1476,0,40,APR26,2011,i
23739010,"Kucera, Michal",CZE,M,,,,1758,0,20,APR26,1994,i
362220,"Kucera, Miloslav",CZE,M,,,,1809,0,20,APR26,1974,i
23731699,"Kucera, Pavel",CZE,M,,,,1749,7,20,APR26,2005,
333840,"Kucera, Petr",CZE,M,FM,,,2263,0,20,APR26,1988,
300551,"Kucera, Petr",CZE,M,FM,,,2213,0,20,APR26,1964,i
376574,"Kucera, Petr",CZE,M,,,,2001,0,20,APR26,1974,i
23787317,"Kucera, Petr",CZE,M,,,,1782,0,40,APR26,2010,
23761792,"Kucera, Simon",CZE,M,,,,1747,0,20,APR26,2007,
395390,"Kucera, Tomas",CZE,M,,,,1927,0,20,APR26,2003,
311065,"Kucera, Tomas",CZE,M,,NA,,1967,0,20,APR26,1972,i
383872,"Kucera, Tomas",CZE,M,,,,1679,0,20,APR26,1946,i
328634,"Kucera, Vladimir",CZE,M,,,,1941,0,20,APR26,1960,i
378445,"Kucerova, Jana",CZE,F,,,,1642,0,20,APR26,1959,wi
23749989,"Kuchar, Jan",CZE,M,,,,1654,0,40,APR26,2008,i
358207,"Kuchar, Matej",CZE,M,,,,2090,0,20,APR26,2000,i
361534,"Kuchar, Tomas",CZE,M,,,,1919,0,20,APR26,1997,i
305901,"Kucharik, Jan",CZE,M,,,,1846,0,20,APR26,1941,i
337226,"Kuchta, Jiri",CZE,M,,,,1764,0,20,APR26,1972,i
321400,"Kuchynka, Lubos",CZE,M,,,,1927,0,20,APR26,1966,i
325058,"Kuchynka, Lukas",CZE,M,FM,,,2343,0,20,APR26,1992,i
333573,"Kuchynkova, Lucie",CZE,F,,,,1734,0,20,APR26,1995,wi
23793384,"Kucian, Milos",CZE,M,,,,1764,12,40,APR26,1976,
23730951,"Kucina, Ondrej",CZE,M,,,,1667,0,40,APR26,2009,i
23707739,"Kuda, Pavel",CZE,M,,,,1645,0,20,APR26,1964,i
312436,"Kudela, Stanislav",CZE,M,,,,1891,0,20,APR26,1950,i
571000917,"Kudelnak, Miroslav",CZE,M,,,,1503,0,40,APR26,2003,
23750391,"Kudera, Zbynek",CZE,M,,,,1699,0,20,APR26,1960,i
337105193,"Kudla, Martin",CZE,M,,,,1808,0,,APR26,1988,i
330701,"Kudla, Richard",CZE,M,,,,2020,0,20,APR26,1991,
318540,"Kudlacek, Jaroslav",CZE,M,,,,1969,0,20,APR26,1964,i
386626,"Kudlacek, Martin",CZE,M,,,,1698,0,20,APR26,1999,i
392057,"Kudlicka, Robert",CZE,M,,,,1572,0,20,APR26,2003,i
329290,"Kudr, Roman",CZE,M,,,,1936,0,20,APR26,1961,i
315990,"Kudrlicka, Ladislav",CZE,M,,,,1993,0,20,APR26,1957,i
321010,"Kudrna, Jakub",CZE,M,,,,1902,0,20,APR26,1985,
23750715,"Kudrna, Roman",CZE,M,,,,1681,0,20,APR26,2000,
360830,"Kudrna, Zdenek",CZE,M,,,,1851,0,20,APR26,1971,i
23776676,"Kudzialevich, Yakau",CZE,M,,,,1634,0,40,APR26,2003,i
23740019,"Kufa, Marian",CZE,M,,,,1584,0,40,APR26,2006,i
23788607,"Kufa, Ondrej",CZE,M,,,,1569,0,40,APR26,2012,
310069,"Kufa, Pavel",CZE,M,,,,2076,0,20,APR26,1970,
373745,"Kufa, Vaclav",CZE,M,,,,1764,0,20,APR26,1963,i
393983,"Kuhnmund, Ivan",CZE,M,,,,1765,0,20,APR26,1945,i
23767626,"Kujal, Frantisek",CZE,M,,,,1441,0,40,APR26,2011,i
301655,"Kukacka, Ladislav",CZE,M,,,,1690,0,20,APR26,1972,
23725869,"Kukla, Josef",CZE,M,,,,1615,0,40,APR26,2008,i
334952,"Kukla, Petr",CZE,M,,,,2122,0,20,APR26,1976,
325430,"Kukuczka, Milan",CZE,M,,,,1941,0,20,APR26,1951,i
23741058,"Kukuczka, Pawel Jan",CZE,M,,,,1464,0,40,APR26,2008,i
344338,"Kula, Dominik",CZE,M,,,,2099,0,20,APR26,1998,i
23716193,"Kulhanek, Jachym",CZE,M,,,,1911,0,20,APR26,2005,i
23735759,"Kulhanek, Jaromir",CZE,M,,,,1664,0,20,APR26,1967,i
23761601,"Kulhanek, Matous",CZE,M,,,,1593,0,40,APR26,2008,i
23710900,"Kulhanek, Otokar",CZE,M,,,,1611,0,40,APR26,1948,i
309656,"Kulhanek, Tomas",CZE,M,IM,,,2295,0,20,APR26,1978,i
23773995,"Kulhavy, Hynek",CZE,M,,,,1538,0,40,APR26,2012,i
23715928,"Kuligova, Petra",CZE,F,,,,1590,0,20,APR26,1975,wi
23719184,"Kulik, Michal",CZE,M,,,,1729,0,20,APR26,1968,i
23790733,"Kulis, Karel",CZE,M,,,,1430,0,40,APR26,1976,
23779829,"Kulisek, Cestmir",CZE,M,,,,1734,0,40,APR26,1977,
23766263,"Kulisek, Jan",CZE,M,,,,1449,0,40,APR26,2008,
318779,"Kulovana, Eva",CZE,F,WGM,WGM,,2076,0,20,APR26,1987,wi
23774924,"Kulovany, Matej",CZE,M,,,,1610,0,40,APR26,2010,i
354732,"Kulovany, Radek",CZE,M,,,,1803,0,40,APR26,1989,i
327891,"Kulovany, Radomir",CZE,M,,,,1706,0,20,APR26,1963,i
23751363,"Kulynych, Mykola",CZE,M,,,,1687,0,40,APR26,2007,i
23772034,"Kunc, Jakub",CZE,M,,,,1553,0,40,APR26,2006,i
364045,"Kunc, Jan",CZE,M,,,,1978,7,20,APR26,1999,
303682,"Kunc, Miroslav",CZE,M,,,,2031,0,20,APR26,1960,i
23741074,"Kunc, Ondrej",CZE,M,,,,1410,0,40,APR26,2009,i
23731451,"Kunc, Pavel",CZE,M,,,,1936,0,20,APR26,1963,i
23719206,"Kunc, Petr",CZE,M,,,,1905,0,20,APR26,1970,i
321117,"Kuncar, Petr",CZE,M,,,,2090,0,20,APR26,1986,
23762713,"Kuncicky, Radim",CZE,M,,,,1413,0,20,APR26,2007,i
23774177,"Kuncik, Milan",CZE,M,,,,1603,0,40,APR26,2009,i
389030,"Kundrat, Jiri",CZE,M,,,,1707,0,20,APR26,1964,i
23767936,"Kundrat, Libor",CZE,M,,,,1463,8,20,APR26,1999,
23710500,"Kundrat, Ondrej",CZE,M,,,,2057,0,20,APR26,1982,i
323764,"Kunes, Jan",CZE,M,,,,1910,0,20,APR26,1957,i
23792230,"Kunitskyi, Ivan",CZE,M,,,,1463,0,40,APR26,2008,
23786353,"Kunstovny, Matous",CZE,M,,,,1487,0,40,APR26,2011,i
319376,"Kupcik, Zdenek",CZE,M,,,,1994,0,20,APR26,1959,i
312061,"Kupilik, Jiri",CZE,M,,,,1894,0,20,APR26,1959,i
23737522,"Kupka, Alexandr",CZE,M,,,,1604,0,40,APR26,2011,
309540,"Kupka, Frantisek",CZE,M,,,,2010,0,20,APR26,1978,
23707011,"Kupka, Michael",CZE,M,,,,1635,0,20,APR26,2001,i
374040,"Kupsa, Matej",CZE,M,,,,2110,0,20,APR26,2001,
23720220,"Kupsky, Petr",CZE,M,,,,1722,0,20,APR26,2000,i
23774819,"Kurek, Dalibor",CZE,M,,,,1582,0,40,APR26,1976,i
382396,"Kurek, Pavel",CZE,M,,,,1904,0,20,APR26,2003,
23726385,"Kurek, Vaclav",CZE,M,,,,1631,0,20,APR26,1956,i
386065,"Kures, Michael",CZE,M,,,,1965,0,20,APR26,2006,i
23707844,"Kures, Miroslav",CZE,M,,,,1653,0,20,APR26,1965,i
23703156,"Kurfurst, Adam",CZE,M,,,,1490,0,40,APR26,2007,i
368296,"Kuril, Rudolf",CZE,M,,,,1696,0,20,APR26,1935,i
23766344,"Kurinnyi, Mykhailo",CZE,M,,,,1409,0,40,APR26,2014,i
571001662,"Kuritka, Vojtech",CZE,M,,,,1560,7,40,APR26,2009,
23733802,"Kurka, Marek",CZE,M,,,,1585,0,40,APR26,2007,i
23768606,"Kurka, Michal",CZE,M,,,,1739,0,40,APR26,1975,i
23717823,"Kurka, Petr",CZE,M,,,,1488,0,20,APR26,1974,i
23763329,"Kursa, Pavlo",CZE,M,,,,1621,0,20,APR26,1989,i
23792248,"Kurtman, Emre",CZE,M,,,,1638,0,40,APR26,1986,
337269,"Kuru, Martin",CZE,M,,,,1936,0,20,APR26,1975,i
395595,"Kusa, Jakub",CZE,M,IM,,,2308,0,20,APR26,2005,
380865,"Kusak, Lubomir",CZE,M,,,,1829,0,20,APR26,1946,i
23775475,"Kuschel, Derek",CZE,M,,,,1436,3,40,APR26,2010,
23776773,"Kusnirenko, Ivan",CZE,M,,,,1421,0,40,APR26,2015,
23733705,"Kusova, Nikola",CZE,F,,,,1704,0,40,APR26,2012,w
23725540,"Kusyn, Oliver",CZE,M,,,,1611,0,40,APR26,2009,
23763680,"Kusynova, Pavla",CZE,F,,,,1425,0,40,APR26,1974,wi
342050,"Kuta, Miroslav",CZE,M,,,,1761,0,20,APR26,1953,i
23725265,"Kutac, Jakub",CZE,M,,,,1456,0,40,APR26,2009,i
23741473,"Kutak, Jaroslav",CZE,M,,,,1507,0,20,APR26,1956,i
366943,"Kutalek, Jan",CZE,M,,,,1803,0,20,APR26,1998,i
366951,"Kutalkova, Sarka",CZE,F,,,,1746,0,20,APR26,1998,wi
394220,"Kutek, Jiri",CZE,M,,,,1665,9,20,APR26,1990,
23798181,"Kutina, Tomas",CZE,M,,,,1692,12,40,APR26,2015,
23726768,"Kutlak, Filip",CZE,M,,,,1603,0,20,APR26,2003,i
23702761,"Kuttner, Jaromir",CZE,M,,,,1687,0,20,APR26,1964,i
23744090,"Kuzel, Martin",CZE,M,,,,1417,0,40,APR26,2008,i
23715758,"Kuzela, Josef",CZE,M,,,,1542,0,20,APR26,1969,i
23731400,"Kuzelka, Krystof",CZE,M,,,,1764,0,20,APR26,1989,
23721596,"Kuzelka, Vladimir",CZE,M,,,,1553,0,40,APR26,2008,
23723300,"Kuzilek, Martin",CZE,M,,,,1545,0,20,APR26,2003,i
23786922,"Kuzma, Vit",CZE,M,,,,1408,0,40,APR26,2016,
367630,"Kuzmin, Sergej",CZE,M,,,,1957,0,20,APR26,1981,i
380466,"Kuznetsov, Mikhail",CZE,M,,,,2076,0,20,APR26,1980,i
23764660,"Kuznik, Jakub",CZE,M,,,,1549,0,40,APR26,2001,
23756438,"Kuznik, Jan",CZE,M,,,,1540,0,20,APR26,1990,i
23747099,"Kvaca, Frantisek",CZE,M,,,,1669,0,40,APR26,2007,i
23780509,"Kvapil, Adam",CZE,M,,,,1736,28,40,APR26,2013,
23726733,"Kvapil, Gabriel Paul",CZE,M,,,,1641,8,40,APR26,2009,
386448,"Kvapil, Jaroslav",CZE,M,,,,1704,8,20,APR26,1954,
340138,"Kvapil, Pavel",CZE,M,,,,1624,4,20,APR26,1950,
356530,"Kvapil, Petr",CZE,M,,,,1785,0,20,APR26,1950,i
23744731,"Kvapil, Stanley",CZE,M,,,,1434,0,40,APR26,2013,i
23745061,"Kvapilova, Lucie",CZE,F,,,,1721,0,40,APR26,2009,w
23717335,"Kvarda, Roman",CZE,M,,,,1687,0,20,APR26,1984,i
23717343,"Kvarda, Tomas",CZE,M,,,,1668,0,20,APR26,1985,i
23799757,"Kvasnicak, Josef",CZE,M,,,,1685,11,20,APR26,1986,
23746025,"Kvet, Ivo",CZE,M,,,,1673,0,20,APR26,1954,i
571001670,"Kyaw Kyaw, Zin Phyo",CZE,M,,,,1759,7,40,APR26,1990,
23755970,"Kyjovska, Sarka",CZE,F,,,,1483,0,40,APR26,2014,wi
359300,"Kykal, Vojtech",CZE,M,,,,1962,9,20,APR26,1997,
355500,"Kykal, Zbynek",CZE,M,,,,1887,9,20,APR26,1964,
329797,"Kylar, Miroslav",CZE,M,,,,1926,0,20,APR26,1957,i
331058,"Kylar, Pavel",CZE,M,,,,1867,0,20,APR26,1954,i
326887,"Kympergr, Vojtech",CZE,M,,,,1611,0,20,APR26,1932,i
23715480,"Kypast, Daniel",CZE,M,,,,1541,0,40,APR26,2009,i
23722088,"Kyr, Michal",CZE,M,,,,1561,0,20,APR26,2004,i
332062,"Kyselak, Pavel",CZE,M,,,,1828,0,20,APR26,1951,i
337293,"Kyselka, Daniel",CZE,M,,,,1926,0,20,APR26,1991,i
23746874,"Kyska, Jakub",CZE,M,,,,1412,0,40,APR26,2006,i
23789140,"Kyska, Jan",CZE,M,,,,1654,0,40,APR26,1954,
23785985,"Kyuchukov, Petko",CZE,M,,,,1514,0,40,APR26,1988,i
355763,"Laban, Vladimir",CZE,M,,,,1899,0,20,APR26,1975,i
23716088,"Labos, Marek",CZE,M,,,,1755,0,20,APR26,1983,i
23785934,"Lacaille, Florent",CZE,M,,,,1573,0,40,APR26,1975,
311251,"Lacha, Jan",CZE,M,,,,1878,0,20,APR26,1951,i
311570,"Lacha, Josef",CZE,M,,,,1972,0,20,APR26,1947,i
393991,"Lachman, Vaclav",CZE,M,,,,1991,0,20,APR26,1941,i
305693,"Lacina, Adolf",CZE,M,FM,,,2186,0,20,APR26,1955,i
327433,"Lacina, Filip",CZE,M,,,,1936,0,20,APR26,1980,
23716720,"Lacina, Josef",CZE,M,,,,1653,0,20,APR26,2000,i
23774100,"Lacko, Lubos",CZE,M,,,,1568,5,40,APR26,2014,
23731800,"Lackova, Lucie",CZE,F,,,,1865,0,40,APR26,2012,w
23731818,"Lackova, Ludmila",CZE,F,,,,1722,8,40,APR26,2009,w
365793,"Ladicky, Milan",CZE,M,,,,1705,0,20,APR26,1998,i
355798,"Ladra, Antonin",CZE,M,,,,1796,0,20,APR26,1948,i
23779497,"Lahoda, Jan",CZE,M,,,,1600,0,40,APR26,2007,
390240,"Lajbl, Jan",CZE,M,FM,,,2169,9,20,APR26,2002,
349747,"Lajsek, Tomas",CZE,M,,,,1744,0,20,APR26,1981,i
14910683,"Lakatos, Tomas",CZE,M,,,,2063,0,20,APR26,1987,i
345067,"Lamac, Stanislav",CZE,M,,,,1809,0,20,APR26,1973,i
23753234,"Lamla, Frantisek",CZE,M,,,,1806,0,20,APR26,2000,
324531,"Lamper, Vlastimil",CZE,M,,,,1947,0,20,APR26,1958,i
322164,"Lampir, Tomas",CZE,M,,,,2038,0,20,APR26,1987,i
23729910,"Lana, Vincent",CZE,M,,,,1756,0,40,APR26,2008,i
317373,"Lanc, Rudolf",CZE,M,,,,1953,0,20,APR26,1958,
392065,"Lanca, Petr David",CZE,M,,,,1657,0,20,APR26,2004,i
14932571,"Lancaric, Tomas",CZE,M,,,,1929,0,,APR26,1992,
366234,"Landa, Jiri",CZE,M,,NA,,1965,0,20,APR26,1969,
23778920,"Landeros Romero, Antonio",CZE,M,,,,1555,2,40,APR26,2017,
23755075,"Landsman, Hynek",CZE,M,,,,1596,0,40,APR26,2012,i
23717939,"Landsmannova, Marie Magdalena",CZE,F,,,,1626,0,20,APR26,2002,wi
23771771,"Lang, Christian",CZE,M,,,,1633,0,40,APR26,2012,i
389935,"Lang, David",CZE,M,,,,1689,0,20,APR26,2002,i
23712449,"Lang, Simon",CZE,M,,,,2029,0,20,APR26,2007,
23770619,"Langer, Adam",CZE,M,,,,1701,0,40,APR26,2007,
23727705,"Langmaier, Michal",CZE,M,,,,1907,0,40,APR26,2009,
23727713,"Langmaier, Pavel",CZE,M,,,,1607,0,20,APR26,1982,
397920,"Langmajer, Jan",CZE,M,,,,1899,0,40,APR26,2005,i
330124,"Langner, Jakub",CZE,M,,,,2011,0,20,APR26,1995,i
300403,"Langner, Ladislav",CZE,M,IM,,,2283,0,10,APR26,1969,
23723823,"Langner, Laura",CZE,F,,,,1544,0,40,APR26,2012,wi
23713763,"Langova, Hana",CZE,F,,,,1417,0,20,APR26,1970,wi
23732121,"Langr, Ales",CZE,M,,,,1603,0,40,APR26,2005,i
23743735,"Langr, Filip",CZE,M,,,,1709,0,40,APR26,2009,i
332160,"Langr, Jiri",CZE,M,,,,1788,0,20,APR26,1944,i
372870,"Langr, Petr",CZE,M,,,,1736,0,20,APR26,1969,
23748001,"Lankoc, Ondrej",CZE,M,,,,1572,0,20,APR26,2007,
315354,"Lansky, Petr",CZE,M,,,,1761,0,20,APR26,1953,i
350877,"Lapacek, Lubos",CZE,M,,,,1671,0,20,APR26,1939,i
349321,"Lapcik, Zdenek",CZE,M,,,,1688,0,20,APR26,1967,i
23752114,"Larionov, Bjorn",CZE,M,,,,1470,9,40,APR26,2015,
23791020,"Larionov, Bjorrn",CZE,M,,,,1688,0,40,APR26,2015,
23777109,"Larsen, Frederik Hedegard",CZE,M,,,,1626,0,40,APR26,1998,i
393460,"Lasak, Petr",CZE,M,,,,1555,0,20,APR26,1964,i
349755,"Lasek, Frantisek",CZE,M,,,,1861,0,20,APR26,1978,i
23752130,"Lashchinin, Pavel",CZE,M,,,,1486,0,20,APR26,1980,i
23752149,"Lashchinin, Vladislav",CZE,M,,,,1531,0,40,APR26,2014,i
340618,"Laska, Tomas",CZE,M,,,,1955,0,20,APR26,1973,
23762870,"Laska, Vaclav",CZE,M,,,,1598,0,20,APR26,2004,
368148,"Laska, Zdenek",CZE,M,,,,1882,0,20,APR26,1946,i
391166,"Lasota, Jakub",CZE,M,,,,1665,0,20,APR26,2000,i
391174,"Lasotova, Kristyna",CZE,F,,,,1598,0,20,APR26,2000,wi
348104,"Lastovicka, Frantisek",CZE,M,,,,1905,0,20,APR26,1954,i
313190,"Lastovka, Jan",CZE,M,,,,2041,0,20,APR26,1973,i
23761520,"Lata, Artem",CZE,M,,,,1509,0,40,APR26,2012,
23763698,"Latka, Petr",CZE,M,,,,1566,0,20,APR26,2002,i
23746033,"Laube, Tomas",CZE,M,,,,1686,0,40,APR26,2011,i
333301,"Lauko, Marian",CZE,M,,,,1950,0,20,APR26,1946,i
368270,"Laurincova, Kristyna",CZE,F,WFM,WFM,,1980,0,20,APR26,2003,wi
330280,"Lausman, Petr",CZE,M,,,,1992,0,20,APR26,1969,
23777125,"Lausman, Petr",CZE,M,,,,1441,0,40,APR26,2016,
376426,"Lautrbach, Martin",CZE,M,,,,1586,0,20,APR26,1966,
23731460,"Lavicka, Zbynek",CZE,M,,,,1538,0,20,APR26,1995,i
320188,"Lavrincik, Pavel",CZE,M,,,,1762,0,20,APR26,1961,
383260,"Lavrincik, Radek",CZE,M,,,,1727,0,20,APR26,2000,i
306657,"Lavrisin, Jan",CZE,M,,,,1579,0,20,APR26,1947,
23756462,"Lazar, Patrik",CZE,M,,,,1490,0,40,APR26,2012,
23739851,"Laznicka, Ladislav",CZE,M,,,,1460,0,20,APR26,1960,
316385,"Laznicka, Viktor",CZE,M,GM,,,2639,0,10,APR26,1988,i
23784512,"Lazor, Thomas",CZE,M,,,,1633,0,40,APR26,2013,
23733560,"Le, Anh Dung",CZE,M,CM,,,2030,0,20,APR26,2006,
23790482,"Le, Daniel",CZE,M,,,,1480,0,40,APR26,2011,
23761989,"Le, Duc Thang",CZE,M,,,,1808,12,20,APR26,2006,
23751100,"Le, Quoc Nghia",CZE,M,,,,1625,0,40,APR26,2009,i
23763078,"Le, Tuan Anh",CZE,M,,,,1722,0,40,APR26,1996,i
23742283,"Le, Viet Cuong",CZE,M,,,,1746,0,20,APR26,1995,i
23781343,"Lebeda, Frantisek Jiri",CZE,M,,,,1823,7,40,APR26,2011,
23798327,"Lebis, David",CZE,M,,,,1490,0,40,APR26,2010,
23753595,"Lebl, Martin",CZE,M,,,,1568,0,40,APR26,2009,
300217,"Lechtynsky, Jiri",CZE,M,GM,,,2302,0,20,APR26,1947,i
23766980,"Lednicky, Adam",CZE,M,,,,1598,0,40,APR26,2008,
23709065,"Legkostup, Maxim",CZE,M,,,,1862,0,20,APR26,1992,i
23776420,"Legner, Jakub",CZE,M,,,,1453,0,40,APR26,2010,i
23731281,"Lehky, Martin",CZE,M,,,,1597,0,20,APR26,1975,i
382051,"Lejsal, Slavomir",CZE,M,,,,1744,0,20,APR26,1961,
395714,"Leksova, Sona",CZE,F,,,,1813,0,20,APR26,2004,w
23745541,"Lemrova, Viktorie",CZE,F,,,,1559,5,40,APR26,2009,w
332631,"Lenc, Zdenek",CZE,M,,,,1918,0,20,APR26,1968,i
23752483,"Lengal, Marek",CZE,M,,,,1509,0,40,APR26,2007,i
23755989,"Leonovec, Andrij",CZE,M,,,,1728,0,40,APR26,2008,i
307742,"Lepik, Jaroslav",CZE,M,,,,1899,0,20,APR26,1954,i
23766883,"Lepsik, Martin",CZE,M,,,,1712,0,40,APR26,1976,i
23703814,"Les, Jiri",CZE,M,,,,1554,0,40,APR26,2006,i
23736429,"Lesage, David",CZE,M,,,,1657,0,40,APR26,2010,i
301850,"Lesak, Jiri",CZE,M,,,,1963,0,20,APR26,1989,i
320544,"Lesak, Ondrej",CZE,M,,,,1939,0,20,APR26,1986,i
23780720,"Lescinskij, Maksim",CZE,M,,,,1531,0,40,APR26,2015,i
23711469,"Lesek, Viktor",CZE,M,,,,1529,0,40,APR26,2006,i
340774,"Leseticky, Vladimir",CZE,M,,,,1780,0,20,APR26,1952,i
380296,"Lesk, Martin",CZE,M,,,,1886,0,20,APR26,1982,i
23707429,"Lestina, Petr",CZE,M,,,,1638,0,20,APR26,1971,i
397725,"Lestina, Petr",CZE,M,,NA,,1597,0,20,APR26,2005,i
23713437,"Lev, Lukas",CZE,M,,,,1809,0,40,APR26,2007,i
23760311,"Levchenko, Alisa",CZE,F,,,,1741,0,40,APR26,2012,w
310999,"Levinsky, Ladislav",CZE,M,,,,1689,0,20,APR26,1956,i
23726989,"Levkovits, Juri",CZE,M,,,,1571,0,20,APR26,1959,i
313661,"Lexa, Vaclav",CZE,M,,,,1815,0,20,APR26,1949,i
23733195,"Lhota, Vojtech",CZE,M,,,,1806,0,20,APR26,1987,i
376183,"Lhotska, Anna",CZE,F,WFM,WFM,,2026,0,20,APR26,2005,wi
23703822,"Lhotsky, Frantisek",CZE,M,,NA,,1912,0,20,APR26,2002,
367184,"Lhotsky, Zdenek",CZE,M,,,,1844,0,20,APR26,2000,i
23753242,"Libal, Manfred",CZE,M,,,,1531,0,40,APR26,2014,i
23747536,"Licek, Prokop",CZE,M,,,,1743,0,40,APR26,2007,i
395412,"Licka, Alfons",CZE,M,,,,1635,0,20,APR26,1953,i
23709251,"Licka, Denis",CZE,M,,,,1672,0,20,APR26,2007,i
358223,"Licka, Radek",CZE,M,,,,1682,0,20,APR26,1979,i
305944,"Licka, Vlastimil",CZE,M,,,,1959,0,20,APR26,1939,i
23744359,"Lickova, Anna",CZE,F,,,,1807,7,,APR26,2012,w
332976,"Liduch, Filip",CZE,M,,,,1928,0,20,APR26,1997,i
23700688,"Lieber, Lukas",CZE,M,,,,2029,0,20,APR26,2004,
23766271,"Liebich, Jachym",CZE,M,,,,1579,0,40,APR26,2003,i
23710268,"Liewehr, Robert",CZE,M,,,,1453,0,40,APR26,2005,i
23726997,"Lihotsky, Jiri",CZE,M,,,,1698,0,20,APR26,1966,i
23727004,"Lihotsky, Lukas",CZE,M,,,,2020,0,20,APR26,2005,
319732,"Ling, Bronislav",CZE,M,,,,1942,0,20,APR26,1966,i
325074,"Linhart, Jan",CZE,M,,,,1974,0,20,APR26,1987,i
332178,"Linhart, Jaroslav",CZE,M,,,,1876,0,20,APR26,1987,i
23752882,"Linhart, Jiri",CZE,M,,,,1739,0,20,APR26,1991,i
14932970,"Lintner, Igor",CZE,M,,,,2159,7,20,APR26,2000,
339865,"Lipavsky, Dusan",CZE,M,,,,1985,0,20,APR26,1968,i
23732881,"Lipka, Richard",CZE,M,,,,1444,0,40,APR26,2011,i
23732601,"Lipovska, Viktorie",CZE,F,,,,1461,0,40,APR26,2008,wi
306720,"Lipovsky, Tomas",CZE,M,,,,1801,0,20,APR26,1959,
23716207,"Lipovy, Jakub",CZE,M,,,,1591,0,40,APR26,2008,i
329312,"Lipus, Drahomir",CZE,M,,,,1710,0,20,APR26,1944,i
23706058,"Lipus, Petr",CZE,M,,,,1708,0,20,APR26,2004,i
23751436,"Lisican, Martin",CZE,M,,,,1816,0,20,APR26,2000,i
14916258,"Lisik, Miroslav",CZE,M,,,,1838,0,20,APR26,1990,
23746041,"Liska, David",CZE,M,,,,1440,0,20,APR26,1990,i
350206,"Liska, Jiri",CZE,M,FM,,,2214,0,20,APR26,2000,i
368709,"Liska, Jiri",CZE,M,,,,1807,0,20,APR26,1968,i
337331,"Liska, Karel",CZE,M,,,,1878,0,20,APR26,1947,
376434,"Liska, Krystof",CZE,M,,,,1777,0,20,APR26,2003,
326356,"Liska, Martin",CZE,M,,,,1840,0,20,APR26,1970,i
381721,"Liska, Martin",CZE,M,,,,1579,0,20,APR26,1999,i
313556,"Liska, Milan",CZE,M,,,,1790,0,20,APR26,1948,i
23776617,"Liska, Vaclav",CZE,M,,,,1490,0,40,APR26,2009,i
392146,"Lisko, Petr",CZE,M,,,,1703,0,20,APR26,1957,
383538,"Liskova, Tereza",CZE,F,,,,1557,0,40,APR26,2006,wi
23708530,"Listak, Bretislav",CZE,M,,,,1706,0,20,APR26,1964,i
23733810,"Listvan, David",CZE,M,,,,1534,0,40,APR26,2009,i
23741520,"Litavsky, Lukas",CZE,M,,,,1763,6,40,APR26,2008,
387843,"Literak, Jaromir",CZE,M,,,,1722,0,20,APR26,1944,i
23789034,"Livora, Matyas",CZE,M,,,,1485,1,40,APR26,2014,
23772450,"Lizuch, Lukas",CZE,M,,,,1707,7,40,APR26,2009,
318760,"Lnenicka, Petr",CZE,M,,,,1809,0,40,APR26,1967,i
308366,"Lnenickova, Gabriela",CZE,F,WIM,WIM,,2124,0,20,APR26,1979,wi
302503,"Lochman, Vaclav",CZE,M,,NA,,1902,0,20,APR26,1983,i
23791241,"Lohn, Vojtech",CZE,M,,,,1605,0,40,APR26,2008,
358649,"Lojek, Marek",CZE,M,,,,1972,0,20,APR26,2000,
23795891,"Lojka, Dominik",CZE,M,,,,1552,0,40,APR26,2008,
333310,"Lomsky, Radek",CZE,M,,,,1865,0,20,APR26,1981,
368075,"Londin, Milan",CZE,M,,,,1797,0,20,APR26,1946,i
368083,"Londin, Simon",CZE,M,,,,1975,0,20,APR26,2001,i
318256,"Londyn, Radek",CZE,M,FM,,,2368,0,20,APR26,1985,i
23707658,"Loquens, Ladislav",CZE,M,,,,1777,0,20,APR26,1953,i
376892,"Lorenc, Adam",CZE,M,,,,1926,0,20,APR26,1997,i
333581,"Lorenc, David",CZE,M,,,,1813,0,20,APR26,1994,i
361240,"Lorenc, Josef",CZE,M,,,,1873,0,20,APR26,1993,i
372889,"Lorenc, Josef",CZE,M,,,,1605,0,20,APR26,1962,
23763396,"Lorenc, Lukas",CZE,M,,,,1666,0,40,APR26,2005,
23772468,"Lorenc, Matej",CZE,M,,,,2000,0,40,APR26,2010,
306932,"Lorenc, Oldrich",CZE,M,,,,2073,0,20,APR26,1955,i
313203,"Lorenc, Tomas",CZE,M,,NA,,2102,0,20,APR26,1967,
372897,"Lorencova, Jitka",CZE,F,,,,1556,0,20,APR26,1966,w
321397,"Lorencova, Vera",CZE,F,,NA,,1862,0,20,APR26,1975,w
23748982,"Lorinc, Lukas",CZE,M,,,,1589,0,40,APR26,2010,
319570,"Loskot, Petr",CZE,M,,,,2053,0,20,APR26,1976,i
23792817,"Loubal, Michael",CZE,M,,,,1550,0,40,APR26,2016,
337295015,"Loucan, Jan",CZE,M,,,,1694,0,20,APR26,1972,i
23731575,"Loucky, Tomas",CZE,M,,,,1677,0,20,APR26,1989,i
23791144,"Loukotka, Jan",CZE,M,,,,1694,0,40,APR26,1966,
393266,"Lousa, Jan",CZE,M,,,,1811,0,20,APR26,1976,i
23710918,"Loutchan, Ladislav",CZE,M,,,,1602,0,20,APR26,1934,i
367923,"Louzil, Filip",CZE,M,,,,1839,0,20,APR26,1997,i
23768045,"Lovcinsky, Martin",CZE,M,,,,1662,0,40,APR26,2003,i
23754052,"Lovcinsky, Miroslav",CZE,M,,,,1744,0,40,APR26,2009,i
23740744,"Lubanda, Daniel",CZE,M,,,,1738,0,20,APR26,2004,i
23719354,"Lubelec, Lukas",CZE,M,,,,1543,0,40,APR26,2007,i
390356,"Luc, Martin",CZE,M,,,,1777,0,20,APR26,2006,
23740752,"Luchenko, Maksym",CZE,M,,,,1554,0,20,APR26,1999,i
23725087,"Luci, Jakub",CZE,M,,,,1488,0,20,APR26,2001,i
337358,"Luczyk, Petr",CZE,M,,,,1948,0,20,APR26,1993,i
326127,"Ludvicek, Josef",CZE,M,,,,1878,0,20,APR26,1937,i
23759887,"Ludvik, Ladislav",CZE,M,,,,1718,7,40,APR26,2012,
23793589,"Ludvik, Patrik",CZE,M,,,,1521,0,40,APR26,1993,
367664,"Ludvik, Tomas",CZE,M,FM,,,2120,0,20,APR26,2002,
360864,"Ludvova, Marie",CZE,F,,,,1498,0,20,APR26,1950,w
334146,"Ludwig, Petr",CZE,M,,,,1916,0,20,APR26,1956,
23738677,"Lukac, Jakub",CZE,M,,,,1731,0,20,APR26,1989,
398357,"Lukas, Vojtech",CZE,M,,,,1633,0,40,APR26,2005,i
23743026,"Lukastik, Ondrej",CZE,M,,,,1691,0,40,APR26,2010,i
385751,"Lukes, Martin",CZE,M,,,,1776,0,20,APR26,2001,i
23795042,"Lukes, Vojtech",CZE,M,,,,1490,4,40,APR26,2013,
23755997,"Lukesz, Maxmilian",CZE,M,,,,1657,0,40,APR26,2008,i
331716,"Luksa, Ales",CZE,M,,,,1745,0,20,APR26,1963,i
23729309,"Luksova, Elen Sofie",CZE,F,,,,1476,0,40,APR26,2008,wi
23766298,"Luong, Ngoc Quy",CZE,M,,,,1486,0,40,APR26,2008,
23774827,"Lupac, Viktor",CZE,M,,,,1444,0,40,APR26,2011,
23788771,"Lupan, Deniys",CZE,M,,,,1602,5,40,APR26,2015,
4177495,"Lupik, Marina",CZE,F,WIM,WIM,,2010,0,20,APR26,1987,wi
23732423,"Lust, Dominik",CZE,M,,,,1660,0,20,APR26,1997,i
23785640,"Lustyk, Vitek",CZE,M,,,,1601,0,40,APR26,1999,i
23744294,"Lutskiy, Konstantin",CZE,M,,,,1632,0,20,APR26,1983,i
23744308,"Lutskiy, Mikhail",CZE,M,,,,1762,5,40,APR26,2015,
23780878,"Luu Thien Phuc, Filip",CZE,M,,,,1402,0,40,APR26,2015,
346373,"Luzik, Libor",CZE,M,,,,1789,0,20,APR26,1973,i
23733179,"Lyga, Tomas",CZE,M,,,,1660,0,20,APR26,1991,i
302244,"Lys, Josef",CZE,M,FM,,,2093,9,20,APR26,1957,
372560,"Lysek, Lukas",CZE,M,,,,1988,0,20,APR26,1983,i
23777486,"Lysek, Vaclav",CZE,M,,,,1489,0,40,APR26,2012,i
23768126,"Lytviak, Serhii",CZE,M,,,,2028,0,20,APR26,1984,
23735015,"Lytvynov, Natan",CZE,M,,,,1772,7,,APR26,2011,
23714697,"Maatova, Alice",CZE,F,,,,1616,0,20,APR26,1971,wi
354759,"Maca, Kamil",CZE,M,,,,1627,14,20,APR26,1976,
23729139,"Macan, Tomas",CZE,M,,,,1598,0,40,APR26,2007,i
369314,"Macek, Jaroslav",CZE,M,,,,1827,0,20,APR26,1994,
23717831,"Macek, Jaroslav",CZE,M,,,,1688,0,20,APR26,1962,
327441,"Macek, Kamil",CZE,M,,,,1933,0,20,APR26,1980,i
339415,"Macek, Oldrich",CZE,M,,,,1756,0,20,APR26,1962,
384356,"Macek, Ondrej",CZE,M,,,,1872,0,20,APR26,2002,i
23752173,"Macek, Petr",CZE,M,,,,1677,7,20,APR26,1972,
23780525,"Macek, Tomas",CZE,M,,,,1708,0,40,APR26,1973,i
23749504,"Macela, Lukas",CZE,M,,,,1526,0,40,APR26,2007,i
396605,"Mach, David",CZE,M,,,,1633,0,40,APR26,2005,i
337366,"Mach, Jan",CZE,M,,,,1827,0,20,APR26,1975,i
361038,"Mach, Michal",CZE,M,,,,1708,0,20,APR26,1976,i
347116,"Mach, Milan",CZE,M,,,,1825,0,20,APR26,1955,i
23746050,"Mach, Miroslav",CZE,M,,,,1637,0,20,APR26,1949,i
372358,"Mach, Ondrej",CZE,M,,,,1895,7,20,APR26,1994,
383546,"Mach, Petr",CZE,M,CM,,,2059,0,20,APR26,2005,
391344,"Mach, Petr",CZE,M,,,,1768,0,20,APR26,1964,i
23787627,"Mach, Petr",CZE,M,,,,1528,0,40,APR26,1994,i
23768223,"Mach, Rene",CZE,M,,,,1722,0,40,APR26,2009,
330728,"Macha, Martin",CZE,M,,,,1708,0,20,APR26,1967,i
23702214,"Macha, Vaclav",CZE,M,,,,1830,0,20,APR26,1983,
384062,"Machacek, Antonin",CZE,M,,,,1575,0,40,APR26,1962,i
23717700,"Machacek, Jan",CZE,M,,,,2141,0,20,APR26,2005,
23780380,"Machacek, Jiri",CZE,M,,,,1487,0,40,APR26,1955,i
337382,"Machacek, Ludek",CZE,M,,,,1933,0,20,APR26,1962,i
377210,"Machacek, Lukas",CZE,M,,,,1765,0,20,APR26,2003,i
23749180,"Machacek, Ondrej",CZE,M,,,,1669,0,20,APR26,2004,
378623,"Machacek, Otakar",CZE,M,,,,1954,0,20,APR26,1967,i
23718935,"Machacka, Petr",CZE,M,,,,1629,0,40,APR26,2006,i
23717467,"Machala, Matej",CZE,M,,,,1771,0,20,APR26,1996,
302147,"Machala, Miroslav",CZE,M,,,,1876,0,20,APR26,1958,i
23748664,"Machala, Petr",CZE,M,,,,1652,0,20,APR26,1966,i
327255,"Machala, Vladislav",CZE,M,,,,1922,0,20,APR26,1961,
334774,"Machan, Jan",CZE,M,FM,,,2203,0,20,APR26,1997,i
337390,"Machan, Vaclav",CZE,M,,,,1861,0,20,APR26,1968,i
23766697,"Macharacek, Jakub",CZE,M,,,,1675,0,40,APR26,2015,
314935,"Machek, Josef",CZE,M,,,,1548,6,20,APR26,1949,
23738243,"Machka, Roman",CZE,M,,,,1552,0,20,APR26,1970,i
23738251,"Machka, Vit",CZE,M,,,,1627,0,40,APR26,2007,i
1110403,"Machlowski, Slawomir",CZE,M,,NA,,1991,0,20,APR26,1971,i
23740183,"Machnik, Jaroslav",CZE,M,,,,1588,6,40,APR26,2007,
23757256,"Macho, Michal",CZE,M,,,,1835,0,40,APR26,2010,
350974,"Macho, Miloslav",CZE,M,,,,1760,0,20,APR26,1966,
394246,"Machovec, Lubos",CZE,M,,,,1636,0,40,APR26,1950,i
366676,"Machura, Jaroslav",CZE,M,,,,1493,7,20,APR26,1948,
311049,"Machycek, Lubomir",CZE,M,,,,2006,0,20,APR26,1962,
398624,"Macik, Milan",CZE,M,,,,1688,0,20,APR26,1975,i
23756004,"Macik, Stanislav",CZE,M,,,,1447,0,40,APR26,2013,
4138740,"Macikova, Ksenia",CZE,F,WFM,WFM,,2079,0,20,APR26,1983,wi
23708204,"Macko, Martin",CZE,M,,,,1825,0,20,APR26,1964,i
23776684,"Macku, Lukas",CZE,M,,,,1764,0,40,APR26,2009,
23730463,"Macosek, Alex",CZE,M,,,,1861,0,40,APR26,2010,
23709081,"Macoun, Jiri",CZE,M,,,,1688,0,20,APR26,1944,
23715588,"Macova, Marketa",CZE,F,,,,1558,0,20,APR26,2007,w
321680,"Macura, Emil",CZE,M,,,,1934,0,20,APR26,1934,i
23708581,"Macura, Jiri",CZE,M,,,,1688,0,20,APR26,1969,i
395420,"Macura, Jiri",CZE,M,,,,1776,0,20,APR26,1971,i
23762365,"Macura, Vojtech",CZE,M,,,,1618,0,40,APR26,2006,
329959,"Madar, Vladimir",CZE,M,,,,1824,0,20,APR26,1955,i
345504,"Madera, Stanislav",CZE,M,,,,1794,0,20,APR26,1951,i
393886,"Madle, Robin",CZE,M,,,,1898,0,20,APR26,2006,
23759453,"Madmar, Adam",CZE,M,,,,1614,0,40,APR26,2006,i
389056,"Magal, Ladislav",CZE,M,,,,1784,0,20,APR26,1948,i
310360,"Maglia, Pavel",CZE,M,,,,1917,0,20,APR26,1952,i
378330,"Magsumov, Rinat",CZE,M,,,,1838,0,20,APR26,1976,
23752181,"Mahdal, Petr",CZE,M,,,,1698,0,20,APR26,1975,i
23778466,"Mai, Anh Tu",CZE,M,,,,1491,0,40,APR26,2011,
23706694,"Maitner, Vit",CZE,M,,,,1504,0,20,APR26,2002,i
23767634,"Maiwald, Arnost",CZE,M,,,,1529,0,40,APR26,2012,
363359,"Maj, Dalibor",CZE,M,,,,1705,0,40,APR26,1988,
23799587,"Majchrak, Michal",CZE,M,,,,1669,0,40,APR26,1983,
23720832,"Majer, Jakub",CZE,M,,,,1569,0,20,APR26,2002,i
314978,"Majer, Jiri",CZE,M,,NA,,2047,0,20,APR26,1951,i
23791608,"Majer, Matyas",CZE,M,,,,1608,11,20,APR26,2005,
23756330,"Majer, Michal",CZE,M,,,,1503,0,20,APR26,1994,i
323470,"Majerik, Vladimir",CZE,M,,,,1894,0,20,APR26,1948,i
23749296,"Major, Filip",CZE,M,,,,1642,0,40,APR26,2007,i
23749210,"Majstr, Tomas",CZE,M,,,,1495,0,40,APR26,1976,i
351709,"Majstrova, Alzbeta",CZE,F,,,,1719,0,20,APR26,1957,wi
374571,"Makalous, Dan",CZE,M,,,,1795,0,20,APR26,1996,i
23726849,"Makarov, Aleksandr",CZE,M,,,,1608,0,20,APR26,1984,i
23765453,"Makharadze, Amelia",CZE,F,,,,1468,0,40,APR26,2013,wi
23765461,"Makharadze, Levan",CZE,M,,,,1636,0,40,APR26,1989,i
316920,"Makovicka, Tadeas",CZE,M,,,,1965,0,20,APR26,1949,i
23793520,"Makovy, Matous",CZE,M,,,,1692,7,40,APR26,2013,
23721030,"Makyta, Jan",CZE,M,,,,1472,3,40,APR26,1955,
322385,"Mala, Anna",CZE,F,,,,1952,0,20,APR26,1990,wi
23793449,"Mala, Marek",CZE,M,,,,1848,0,40,APR26,1989,
23763710,"Malaczynski, Alex",CZE,M,,,,1545,0,40,APR26,2008,i
337404,"Malar, Josef",CZE,M,,,,1764,0,20,APR26,1986,i
330140,"Malarova, Katerina",CZE,F,,,,2060,0,20,APR26,1990,wi
23761806,"Malcharek, David",CZE,M,,,,1431,0,40,APR26,2010,i
312576,"Malec, Jan",CZE,M,,,,1913,0,20,APR26,1969,i
395480,"Malecek, Erik",CZE,M,,,,1472,0,20,APR26,2002,i
23712465,"Malecek, Patrik",CZE,M,,,,1533,0,40,APR26,2005,i
23742720,"Malek, Daniel",CZE,M,,,,1676,0,40,APR26,2012,
23752890,"Malek, Jan",CZE,M,,,,1524,0,40,APR26,2007,i
23727640,"Malek, Jiri",CZE,M,,,,1681,0,20,APR26,1958,i
310875,"Malijevsky, Alexandr",CZE,M,,,,2084,0,20,APR26,1977,
313602,"Malijevsky, Anatol",CZE,M,,,,1763,0,20,APR26,1943,i
317500,"Malik, Jan",CZE,M,FM,,,2204,0,20,APR26,1985,
23733977,"Malik, Vojtech",CZE,M,,,,1716,0,40,APR26,2008,i
335266,"Malikova, Katerina",CZE,F,,,,1897,0,20,APR26,1982,wi
23778032,"Malina, Jakub",CZE,M,,,,1435,0,40,APR26,2016,
366455,"Malina, Jan",CZE,M,,,,1558,0,20,APR26,1979,i
375330,"Malina, Roman",CZE,M,,NA,,1691,0,20,APR26,1973,
314307,"Malinovsky, Petr",CZE,M,,,,1987,0,20,APR26,1960,i
23726261,"Malir, Michael",CZE,M,,,,1873,0,,APR26,2000,
363642,"Malirsky, Josef",CZE,M,,,,1676,0,40,APR26,1958,
388181,"Malkova, Barbora",CZE,F,,,,1556,0,20,APR26,2004,wi
23775890,"Mallein, Gabriel",CZE,M,,,,1757,10,40,APR26,2016,
23790849,"Maloun, Nicolas",CZE,M,,,,1603,0,40,APR26,1997,
23769157,"Malucha, Daniel",CZE,M,,,,1541,0,40,APR26,2014,
342971,"Maly, Dusan",CZE,M,,,,1837,0,20,APR26,1957,i
385026,"Maly, Evzen",CZE,M,,,,1704,0,20,APR26,1950,i
329800,"Maly, Filip",CZE,M,,,,1966,0,20,APR26,1986,
369756,"Maly, Jan",CZE,M,,,,1842,0,20,APR26,1996,
23741236,"Maly, Jiri",CZE,M,,,,1732,0,40,APR26,2011,
305286,"Maly, Jiri",CZE,M,,,,1793,0,20,APR26,1938,i
23741244,"Maly, Jiri",CZE,M,,FA,,1658,0,20,APR26,1972,
23786221,"Maly, Jiri",CZE,M,,,,1605,0,40,APR26,1980,i
344079,"Maly, Marek",CZE,M,,,,2052,0,20,APR26,1993,
342092,"Maly, Pavel",CZE,M,,,,1903,0,20,APR26,1986,i
301671,"Maly, Petr",CZE,M,,,,1739,0,20,APR26,1962,i
23710195,"Mametev, Artem",CZE,M,,,,2204,0,20,APR26,2007,
23789840,"Manas, Tomas",CZE,M,,,,1719,0,40,APR26,2008,
23762721,"Mandrysz, Marek",CZE,M,,,,1483,8,20,APR26,1998,
23780630,"Manerikar, Nishad Dilip",CZE,M,,,,1674,0,40,APR26,1982,
23750553,"Manner, Tomas",CZE,M,,,,1534,0,20,APR26,2004,i
341517,"Manuch, Miroslav",CZE,M,,,,1861,0,20,APR26,1969,i
342980,"Mar, Tomas",CZE,M,,,,1753,0,20,APR26,1988,i
23707135,"Mara, Jiri",CZE,M,,,,1764,0,20,APR26,1941,i
369764,"Marak, David",CZE,M,,,,1854,0,20,APR26,1991,i
390674,"Marak, Jakub",CZE,M,,,,2055,0,20,APR26,2005,
23792051,"Marcelli, Antoine",CZE,M,,,,1806,0,40,APR26,2004,
23791845,"Marchal, David",CZE,M,,,,1584,0,40,APR26,2015,
23712953,"Marcik, Miroslav",CZE,M,,,,1801,0,20,APR26,1948,i
371408,"Marcikan, Tomas",CZE,M,,,,1867,0,20,APR26,1986,i
333182,"Marcinko, Patrik",CZE,M,,,,1852,0,20,APR26,1993,i
23719036,"Marcol, Vaclav",CZE,M,,,,1592,0,20,APR26,1975,i
327930,"Mareckova, Martina",CZE,F,WFM,WFM,,2061,0,20,APR26,1990,wi
362247,"Marek, Ales",CZE,M,,,,1665,0,20,APR26,1948,i
23782722,"Marek, Antonin",CZE,M,,,,1614,0,40,APR26,2010,
350702,"Marek, Jakub",CZE,M,,NA,,1864,0,20,APR26,1999,i
23745606,"Marek, Jakub",CZE,M,,,,1756,0,20,APR26,1994,i
317004,"Marek, Jiri",CZE,M,,,,2056,0,20,APR26,1958,i
23736925,"Marek, Ladislav",CZE,M,,,,1707,0,20,APR26,1963,i
398462,"Marek, Libor",CZE,M,,,,1697,0,20,APR26,1966,i
335398,"Marek, Matyas",CZE,M,IM,,,2295,0,20,APR26,1999,i
23708999,"Marek, Miroslav",CZE,M,,,,1556,0,20,APR26,1970,i
23752190,"Marek, Oldrich",CZE,M,,,,1518,0,40,APR26,2007,i
23722096,"Marek, Patrik",CZE,M,,,,1533,0,40,APR26,2008,i
387878,"Marek, Roman",CZE,M,,,,1813,0,20,APR26,1968,i
384879,"Marek, Roman",CZE,M,,,,1721,0,20,APR26,1957,i
23757167,"Mares, Adam",CZE,M,,,,1701,0,40,APR26,2005,i
23773758,"Mares, David",CZE,M,,,,1605,0,40,APR26,2005,i
325104,"Mares, Ilja",CZE,M,,,,1767,0,20,APR26,1954,i
333611,"Mares, Jan",CZE,M,,,,1945,0,20,APR26,1994,i
393720,"Mares, Matej",CZE,M,,,,1689,0,20,APR26,2002,i
350214,"Mares, Otakar",CZE,M,,,,1915,0,20,APR26,1954,i
333638,"Mares, Petr",CZE,M,,,,1977,0,20,APR26,1955,i
392162,"Mares, Petr",CZE,M,,,,1667,0,20,APR26,1975,i
388688,"Mares, Stepan",CZE,M,,,,1869,0,20,APR26,1997,i
23734698,"Maresova, Denisa",CZE,F,,,,1404,0,40,APR26,2011,wi
23761040,"Maresova, Valentyna Marie",CZE,F,,,,1636,0,40,APR26,2005,wi
23741112,"Marhold, Ondrej",CZE,M,,,,1563,0,20,APR26,2001,i
23761245,"Marhold, Vojtech",CZE,M,,,,1772,0,40,APR26,2006,i
304727,"Marik, Jiri",CZE,M,,,,1984,0,20,APR26,1941,i
330299,"Marik, Miloslav",CZE,M,,,,1982,0,20,APR26,1957,i
340197,"Marinov, Peter",CZE,M,,,,1857,0,20,APR26,1958,i
23744014,"Markina, Sofiia",CZE,F,,,,1901,0,40,APR26,2011,w
389293,"Marko, Daniel",CZE,M,,,,1947,0,20,APR26,2000,i
23733292,"Marko, Ondrej",CZE,M,,,,1705,0,20,APR26,1960,i
23708751,"Markova, Karolina",CZE,F,,,,1731,0,20,APR26,2006,wi
23713496,"Markova, Katerina",CZE,F,,,,1490,0,20,APR26,2004,wi
371904,"Markova, Kristyna",CZE,F,,,,1769,0,20,APR26,2003,wi
306282,"Markovic, Ivan",CZE,M,FM,,,1968,0,20,APR26,1966,
305103,"Markovic, Milan",CZE,M,,,,2112,0,20,APR26,1963,i
23727586,"Markovic, Nikola",CZE,M,,,,1743,7,,APR26,1983,
23792060,"Marmolejo Valencia, Andres Felipe",CZE,M,,,,1580,0,40,APR26,1990,
312096,"Maroszczyk, Wieslaw",CZE,M,,,,1752,0,20,APR26,1935,
23749814,"Marous, Roman",CZE,M,,,,1741,0,20,APR26,1985,i
23767944,"Marovec, Andreas",CZE,M,,,,1513,0,40,APR26,2013,i
571000801,"Marrero Trapaga, Yiromer",CZE,M,,,,1762,8,40,APR26,1978,
23710209,"Marsa, Alexandr",CZE,M,,,,1944,0,20,APR26,1951,i
23766891,"Marsalek, Dan",CZE,M,,,,1581,0,40,APR26,1994,i
23717351,"Marsalek, David",CZE,M,,,,1599,0,20,APR26,1994,i
316482,"Marsalek, Lubos",CZE,M,,,,1941,0,20,APR26,1960,i
361917,"Marsalek, Miroslav",CZE,M,,,,1606,0,20,APR26,1954,i
23725516,"Marsalek, Pavel",CZE,M,,,,1564,0,20,APR26,2003,i
305715,"Marsalek, Zdenek",CZE,M,,NA,,2188,0,20,APR26,1966,
23766158,"Marsik, Dominik",CZE,M,,,,1440,0,40,APR26,2011,i
23718340,"Marsik, Matej",CZE,M,,,,1693,8,20,APR26,2005,
23718358,"Marsik, Ondrej",CZE,M,,,,1670,0,40,APR26,2009,
383791,"Martan, Marek",CZE,M,,,,1612,0,20,APR26,1996,i
23715677,"Martens, Ray",CZE,M,,,,1763,0,20,APR26,1980,i
23739436,"Martikan, Jan",CZE,M,,,,1442,0,20,APR26,1988,
23739444,"Martikan, Jiri",CZE,M,,,,1581,0,20,APR26,1975,i
23790636,"Martikan, Miroslav",CZE,M,,,,1508,0,40,APR26,1984,
23789409,"Martikan, Tomas",CZE,M,,,,1422,0,40,APR26,2018,
23741724,"Martikanova, Amalie",CZE,F,,,,1452,0,40,APR26,2013,wi
23725575,"Martinak, Tomas",CZE,M,,,,1683,0,20,APR26,1975,i
332186,"Martinec, Jan",CZE,M,,,,1753,0,20,APR26,1969,
337420,"Martinec, Karel",CZE,M,,,,1843,0,20,APR26,1940,i
327948,"Martinec, Tomas",CZE,M,,NA,,1776,0,20,APR26,1977,i
23716223,"Martinek, Denis",CZE,M,,,,1573,0,40,APR26,2010,i
23778040,"Martinek, Filip",CZE,M,,,,1780,0,40,APR26,2012,
331570,"Martinek, Lubomir",CZE,M,,,,1798,0,20,APR26,1944,i
23721170,"Martinek, Lukas",CZE,M,,,,1645,0,40,APR26,2005,i
23766280,"Martinek, Michal",CZE,M,,,,1610,0,40,APR26,2002,i
23774193,"Martinek, Ondrej",CZE,M,,,,1428,4,40,APR26,2012,
23710144,"Martinka, Jakub",CZE,M,,NA,,1869,0,20,APR26,1997,i
1347063,"Martinkova, Klara",CZE,F,,,,1493,0,40,APR26,2010,wi
23701366,"Martinkova, Magdalena",CZE,F,,,,1685,0,40,APR26,2007,wi
23728019,"Martinkovic, Adam",CZE,M,,,,1801,0,40,APR26,2008,
23715596,"Martinkovicova, Nela",CZE,F,,,,1430,0,40,APR26,2010,w
337447,"Martinovsky, Miroslav",CZE,M,,,,1905,0,20,APR26,1946,i
371912,"Martirosyan, Ara",CZE,M,,,,1932,0,20,APR26,2003,i
397822,"Martirosyan, Artyom",CZE,M,,,,1613,0,20,APR26,1977,
23714980,"Martirosyan, David",CZE,M,,,,2035,0,40,APR26,2010,
23774207,"Martsi, Artemij",CZE,M,,,,1466,0,40,APR26,2008,i
396885,"Martyniuk, Vladislav",CZE,M,,,,1824,0,20,APR26,2003,i
23764074,"Marutyan, David",CZE,M,,,,1447,0,40,APR26,2009,i
23701862,"Marxova, Sarka",CZE,F,,,,1619,7,20,APR26,2006,w
23760885,"Maryniok, Filip",CZE,M,,,,1410,0,40,APR26,2014,
342114,"Maryska, Vaclav",CZE,M,,,,1897,0,20,APR26,1945,i
319384,"Masak, Pavel",CZE,M,,,,2079,0,20,APR26,1970,i
367494,"Masakova, Petra",CZE,F,,,,1733,0,20,APR26,2001,wi
327964,"Mascak, Milan",CZE,M,,NA,,1580,0,20,APR26,1972,
357073,"Masek, Arnost",CZE,M,,,,1799,0,20,APR26,1939,i
387231,"Masek, Daniel",CZE,M,,,,1837,0,20,APR26,2002,i
318515,"Masek, Jan",CZE,M,,,,1944,0,20,APR26,1956,i
308862,"Masek, Miroslav",CZE,M,,,,2201,0,20,APR26,1965,i
376809,"Masek, Stanislav",CZE,M,,,,1743,0,20,APR26,1993,i
23755580,"Masek, Tomas",CZE,M,,,,1622,0,40,APR26,2007,i
23725591,"Mashkov, Dmitry",CZE,M,,,,1757,0,20,APR26,1986,i
378461,"Maskova, Marketa",CZE,F,,,,1525,0,20,APR26,1983,wi
23763922,"Maslak, Patrik",CZE,M,,,,1454,0,40,APR26,2010,i
368440,"Maslo, Ondrej",CZE,M,,,,1852,0,20,APR26,1998,i
327450,"Mastalir, Josef",CZE,M,,,,1687,0,20,APR26,1971,i
23703873,"Mastny, Theodor",CZE,M,,,,1686,0,20,APR26,2004,i
23739320,"Mastny, Vaclav",CZE,M,,,,1890,0,20,APR26,1968,
332640,"Matas, Stanislav",CZE,M,,,,1786,0,20,APR26,1957,i
23712473,"Matej, Daniel",CZE,M,,,,1527,0,20,APR26,2004,i
23701374,"Matej, Erik",CZE,M,,,,1668,0,20,APR26,2006,i
23774460,"Mateja, Vaclav",CZE,M,,,,1412,0,40,APR26,2010,i
23796316,"Matejcek, Adam",CZE,M,,,,1596,8,40,APR26,2010,
23771780,"Matejicek, Daniel",CZE,M,,,,1533,0,40,APR26,2010,i
23788780,"Matejicek, Martin",CZE,M,,,,1414,2,40,APR26,2018,
320200,"Matejka, Frantisek",CZE,M,,,,1733,0,20,APR26,1967,i
23719370,"Matejka, Matyas",CZE,M,,,,1647,5,20,APR26,2003,
315095,"Matejka, Pavel",CZE,M,,,,2131,0,20,APR26,1974,
310883,"Matejka, Petr",CZE,M,,,,2028,0,20,APR26,1959,
333328,"Matejka, Radek",CZE,M,,,,1924,0,20,APR26,1976,
346241,"Matejka, Vladimir",CZE,M,,,,1939,0,20,APR26,1949,i
323624,"Matejovsky, Ondrej",CZE,M,,,,1959,7,20,APR26,1975,
392804,"Mateju, Roman",CZE,M,,,,1587,0,20,APR26,2001,i
23778938,"Mateju, Vincent",CZE,M,,,,1525,2,40,APR26,2012,
337463,"Mates, Miroslav",CZE,M,,,,1714,0,20,APR26,1945,i
313599,"Mathon, Dimitrij",CZE,M,,,,1806,0,20,APR26,1927,i
23768371,"Matlach, Samuel",CZE,M,,,,1450,0,40,APR26,2011,
384755,"Matlocha, Lubomir",CZE,M,,,,1725,0,20,APR26,1959,i
23705736,"Matlocha, Lubomir",CZE,M,,,,1662,0,20,APR26,1984,i
367818,"Matonoha, Petr",CZE,M,,,,1965,0,20,APR26,1999,i
385034,"Matoulek, Vaclav",CZE,M,,,,1724,0,20,APR26,1952,
347809,"Matous, Rudolf",CZE,M,,,,1919,0,20,APR26,1953,i
23766352,"Matousek, Jakub",CZE,M,,,,1485,0,40,APR26,2009,
314447,"Matousek, Petr",CZE,M,,,,2062,0,20,APR26,1971,
23780169,"Matouskova, Romana",CZE,M,,,,1487,0,40,APR26,1975,
309125,"Matras, Ondrej",CZE,M,FM,,,2140,0,20,APR26,1978,i
369349,"Matras, Vojtech",CZE,M,,,,1738,0,20,APR26,1994,i
24146501,"Matsenko, Andrei",CZE,M,FM,,,2214,0,20,APR26,1996,
23727829,"Mattivi, Jaroslav",CZE,M,,,,1446,0,20,APR26,1946,i
384291,"Matula, Roman",CZE,M,,,,1837,0,20,APR26,1972,i
389307,"Matula, Tomas",CZE,M,,,,1785,0,20,APR26,1979,i
23782218,"Matulik, Jaroslav",CZE,M,,,,1652,0,40,APR26,1999,i
398179,"Matus, Filip",CZE,M,,,,1858,0,20,APR26,2003,
23709260,"Matus, Jakub",CZE,M,,,,1559,0,40,APR26,2008,i
23717475,"Matus, Marek",CZE,M,,,,1607,0,20,APR26,1977,i
23724528,"Matusik, Jiri",CZE,M,,,,1719,0,20,APR26,1976,i
23720360,"Matusik, Milan",CZE,M,,,,1600,0,20,APR26,1953,i
23710756,"Matusik, Ondrej",CZE,M,,,,1699,0,40,APR26,2008,i
23716509,"Matusik, Petr",CZE,M,,,,1443,0,40,APR26,2010,i
23763248,"Matuska, Vit",CZE,M,,,,1671,0,40,APR26,2005,i
330450,"Matusu, Dalibor",CZE,M,,,,1875,0,20,APR26,1975,i
392421,"Matyas, Matej",CZE,M,,,,1568,0,40,APR26,2005,i
377155,"Matys, Michal",CZE,M,,,,1845,0,20,APR26,1969,i
309370,"Matyska, Jiri",CZE,M,,,,1823,0,20,APR26,1954,
23716100,"Matyskova, Romana",CZE,F,,,,1726,0,20,APR26,1967,w
346330,"Matzner, Radomil",CZE,M,,,,1718,0,20,APR26,1963,
23735309,"Mauder, Karel",CZE,M,,,,1772,0,40,APR26,2009,
23723858,"Mauer, Pavel",CZE,M,,,,1573,0,40,APR26,2008,i
23768703,"Maule, Jakub",CZE,M,,,,1577,0,40,APR26,2013,i
23744200,"Mauric, Jan",CZE,M,,,,1735,7,40,APR26,2013,
23762268,"Mauricova, Ivana",CZE,F,,,,1612,6,40,APR26,2015,w
386260,"Mavrev, David",CZE,M,,,,1909,0,20,APR26,2003,i
384461,"May, David",CZE,M,,,,1711,0,20,APR26,1973,i
353051,"Mayer, Daniel",CZE,M,,,,1798,0,20,APR26,1994,i
310972,"Mayer, Josef",CZE,M,,,,1984,0,20,APR26,1958,i
23766620,"Mazac, Antonin",CZE,M,,,,1610,0,40,APR26,2012,
23766638,"Mazac, Antonin",CZE,M,,,,1449,0,40,APR26,1976,
399108,"Mazanec, Karel",CZE,M,,,,1737,0,20,APR26,1951,i
314757,"Mazoch, Jiri",CZE,M,,NA,,2015,0,20,APR26,1972,i
348910,"Mazuch, Jan",CZE,M,,,,1909,0,20,APR26,1965,i
372927,"Mazura, Jaroslav",CZE,M,,,,1794,0,20,APR26,1935,i
23786930,"Mazura, Marek",CZE,M,,,,1673,0,40,APR26,1971,
322741,"Mazura, Tomas",CZE,M,,,,1910,0,20,APR26,1978,i
23724790,"Mazurek, Petr",CZE,M,,,,1701,0,20,APR26,1975,i
23742160,"Mazurek, Richard",CZE,M,,,,1759,0,40,APR26,2011,
13909428,"Mazuret, Maxim",CZE,M,,,,1578,0,20,APR26,2007,i
23748907,"Mazurkova, Viktorie",CZE,F,,,,1482,0,40,APR26,2013,wi
23718021,"McEvoy, Thomas James",CZE,M,,,,1571,0,40,APR26,2008,i
23739800,"Meca, Viktor",CZE,M,,,,1795,0,40,APR26,2008,
23725672,"Meca, Viktor",CZE,M,,,,1812,0,20,APR26,1975,
335312,"Med, Ladislav",CZE,M,,,,1854,0,20,APR26,1960,i
23707267,"Medek, Ondrej",CZE,M,,,,1678,0,40,APR26,2007,i
23739657,"Medek, Robert",CZE,M,,,,1457,0,40,APR26,2011,
23780312,"Medina Alegria, Gerardo Arturo",CZE,M,,,,1713,0,40,APR26,1989,i
333972,"Meduna, Eduard",CZE,M,,,,2072,8,20,APR26,1995,
315141,"Medunova, Vera",CZE,F,WIM,WIM,,2105,0,20,APR26,1965,wi
23746068,"Medvetskyy, Danylo",CZE,M,,,,1490,0,40,APR26,2010,i
23761199,"Mehlhose, Maik",CZE,M,,,,1582,0,20,APR26,1992,
23765062,"Meinczinger, Tibor",CZE,M,,,,1594,0,40,APR26,1972,i
398268,"Meinel, Mario",CZE,M,,,,1798,0,20,APR26,1963,i
385395,"Meisel, Karel",CZE,M,,,,1718,0,20,APR26,1964,
571001514,"Mejsnarova, Alzbeta",CZE,F,,,,1439,7,40,APR26,1975,w
368318,"Mejta, Frantisek",CZE,M,,,,1881,0,20,APR26,1959,i
319562,"Mejzlik, Ondrej",CZE,M,FM,,,2321,0,20,APR26,1987,i
319198,"Mejzlik, Vojtech",CZE,M,,,,2159,0,20,APR26,1985,i
342998,"Mejzr, Jan",CZE,M,,,,1859,0,20,APR26,1987,
23735236,"Melc, Tomas",CZE,M,,,,1638,0,40,APR26,2007,i
317519,"Melecky, Jaroslav",CZE,M,,,,1938,0,20,APR26,1966,i
23708590,"Melecky, Martin",CZE,M,,,,1446,0,40,APR26,2007,i
371416,"Melesko, Andrij",CZE,M,,,,1983,0,20,APR26,1971,i
305758,"Melich, Jindrich",CZE,M,,,,1951,0,20,APR26,1950,i
23793546,"Melichar, Jan",CZE,M,,,,1515,8,40,APR26,2008,
389803,"Melichar, Jiri",CZE,M,,,,1782,0,20,APR26,1985,
332984,"Melichar, Vojtech",CZE,M,,,,1971,0,20,APR26,1997,i
350044,"Melichar, Zdenek",CZE,M,,,,1627,0,20,APR26,1967,i
23749695,"Melicharova, Veronika",CZE,F,,,,1559,0,40,APR26,2013,w
23776781,"Mellander, Simon",CZE,M,,,,1645,0,40,APR26,2008,i
316539,"Melzer, Jan",CZE,M,,,,2045,0,20,APR26,1933,i
345326,"Melzer, Patrik",CZE,M,,,,2093,0,20,APR26,1996,i
358240,"Melzer, Petr",CZE,M,,,,1781,0,20,APR26,1965,i
374652,"Mencik, Pavel",CZE,M,,,,1813,7,20,APR26,1976,
23763400,"Menkov, Ivan",CZE,M,,,,1755,14,40,APR26,2014,
23731478,"Mentzl, Matous",CZE,M,,,,1523,0,40,APR26,2009,
399230,"Merinska, Julie",CZE,F,,,,1473,0,40,APR26,2005,wi
390062,"Merinsky, Vaclav",CZE,M,,,,1826,0,40,APR26,2005,i
23790288,"Merta, David",CZE,M,,,,1520,0,40,APR26,2014,
361259,"Merta, Josef",CZE,M,,,,1876,0,20,APR26,1950,i
23765267,"Mesic, Patrik",CZE,M,,,,1547,0,40,APR26,2011,
342122,"Mesicek, Josef",CZE,M,,,,1811,0,20,APR26,1950,i
346624,"Messerschmidt, Stanislav",CZE,M,,,,1966,0,20,APR26,1956,i
363367,"Mestl, Martin",CZE,M,,,,1883,0,20,APR26,1988,
308153,"Meszaros, Ludek",CZE,M,,,,1989,0,20,APR26,1950,
23792671,"Meyerfeld, Gaspar",CZE,M,,,,1451,6,40,APR26,1994,
382884,"Mica, Marek",CZE,M,FM,,,2288,0,20,APR26,2004,
23727799,"Mica, Petr",CZE,M,,,,1507,0,20,APR26,1978,i
23764376,"Micanek, Ondrej",CZE,M,,,,1442,0,40,APR26,1995,i
314790,"Micanek, Tomas",CZE,M,,,,2011,0,20,APR26,1979,
346926,"Michal, Milan",CZE,M,,,,1670,0,20,APR26,1961,i
23778946,"Michalec, Antonin",CZE,M,,,,1458,0,40,APR26,2014,
303976,"Michalek, Jan",CZE,M,IM,,,2263,0,20,APR26,1969,
23731362,"Michalek, Jiri",CZE,M,,,,1845,0,20,APR26,1999,i
23791624,"Michalek, Matyas",CZE,M,,,,1449,0,40,APR26,2014,
337501,"Michalek, Milos",CZE,M,,,,1660,0,40,APR26,1982,
326976,"Michalek, Miroslav",CZE,M,,,,1777,0,20,APR26,1959,i
23767642,"Michalica, Stepan",CZE,M,,,,1566,0,40,APR26,2009,i
331767,"Michalik, Antonin",CZE,M,,,,1666,0,40,APR26,1981,
329363,"Michel, Ladislav",CZE,M,,,,1670,6,20,APR26,1964,
23775483,"Michl, Marek",CZE,M,,,,1540,0,40,APR26,1992,i
23750723,"Michna, Kamil",CZE,M,,,,1603,0,20,APR26,1977,i
392340,"Micka, Josef",CZE,M,,,,1585,0,20,APR26,1948,i
23717360,"Micova, Barbora",CZE,F,,,,1453,0,40,APR26,2010,wi
23725559,"Micova, Marketa",CZE,F,,,,1600,0,20,APR26,2004,wi
332658,"Miculka, David",CZE,M,,,,2023,0,20,APR26,1998,i
361151,"Miculka, Ivo",CZE,M,,,,1882,0,20,APR26,1988,i
312282,"Miculka, Petr",CZE,M,,,,1996,0,20,APR26,1963,i
397466,"Micza, Jan",CZE,M,,,,1439,0,20,APR26,2003,i
34147489,"Migalko, Dmitriy",CZE,M,,,,2021,0,40,APR26,2011,
341525,"Migdal, Milan",CZE,M,,,,1959,0,20,APR26,1987,i
380784,"Mihal, Sergej",CZE,M,,,,1858,1,20,APR26,1960,
23742640,"Mik, Tomas",CZE,M,,,,2013,0,40,APR26,2011,
395439,"Mika, Adrian",CZE,M,,,,1478,0,20,APR26,2007,i
23763728,"Mika, Lukas",CZE,M,,,,1409,0,20,APR26,2003,
397369,"Mika, Ondrej",CZE,M,,,,1538,0,40,APR26,2008,i
397377,"Mika, Tibor",CZE,M,,,,1486,0,40,APR26,2006,i
339369,"Mikes, Jan",CZE,M,IM,,,2270,0,20,APR26,1996,i
23720549,"Mikes, Radek",CZE,M,,,,1582,0,40,APR26,2006,i
371939,"Mikesch, Dalibor",CZE,M,,,,1756,0,20,APR26,2003,i
23727314,"Mikesova, Lenka",CZE,F,,,,1681,0,40,APR26,2009,w
23775955,"Mikesz, Petr",CZE,M,,,,1584,0,20,APR26,1976,i
23732768,"Mikheev, Mark",CZE,M,,,,1476,0,40,APR26,2007,i
34141359,"Mikhno, Artem",CZE,M,,,,1927,7,40,APR26,2009,
382892,"Miklosz, Michael",CZE,M,,,,1720,0,20,APR26,2002,i
382078,"Miko, Vojtech",CZE,M,,,,1727,0,20,APR26,1974,
23776692,"Mikolajek, Jan",CZE,M,,,,1431,0,40,APR26,1986,
23713224,"Mikolas, Petr",CZE,M,,,,1977,0,40,APR26,2008,
23787490,"Mikovec, Daniel",CZE,M,,,,1504,0,40,APR26,2011,
23793708,"Miksovsky, Petr",CZE,M,,,,1701,0,40,APR26,2008,
23792183,"Mikula, Adam",CZE,M,,,,1751,0,40,APR26,1966,
23727969,"Mikulasek, Ondrej",CZE,M,,,,1704,0,40,APR26,2005,i
23743832,"Mikulec, Eduard",CZE,M,,,,1726,0,40,APR26,2011,
302376,"Mikulencak, Jan",CZE,M,,,,1884,0,20,APR26,1974,i
351300,"Mikulencakova, Jana",CZE,F,,,,1599,0,20,APR26,1969,wi
359521,"Mikulenka, Tomas",CZE,M,,,,1677,0,20,APR26,1995,i
399116,"Mikulik, Martin",CZE,M,,,,1753,0,20,APR26,1969,i
23738260,"Mikulka, Martin",CZE,M,,NA,,1642,0,20,APR26,1977,i
23730803,"Mikulka, Martin Michael",CZE,M,,,,1976,0,40,APR26,2011,
334081,"Mikulu, Lukas",CZE,M,,,,1961,0,20,APR26,1991,i
344389,"Mikyska, Kamil",CZE,M,,,,1916,0,20,APR26,1984,i
322512,"Milat, Patrik",CZE,M,,,,2026,0,20,APR26,1990,i
331813,"Milfort, Vaclav",CZE,M,,,,1504,14,20,APR26,1943,
23750871,"Milian, Jakub",CZE,M,,,,1437,0,40,APR26,2015,
337528,"Milian, Milan",CZE,M,,NA,,1843,0,20,APR26,1951,i
378070,"Milian, Milan",CZE,M,,,,1790,0,20,APR26,1976,
368890,"Milo, Mieczyslaw",CZE,M,,,,1902,0,20,APR26,1972,i
23724170,"Milosevsky, Filip",CZE,M,,,,1740,0,20,APR26,1991,i
23704667,"Minar, Milan",CZE,M,,,,1624,0,20,APR26,2004,i
23786949,"Minar, Sebastian",CZE,M,,,,1528,0,40,APR26,2006,i
23772069,"Minar, Tobias",CZE,M,,,,1571,0,40,APR26,2011,i
310549,"Mindl, Josef",CZE,M,,,,1983,0,20,APR26,1970,i
327280,"Mintel, Milan",CZE,M,,,,1945,0,20,APR26,1957,i
376086,"Mirakjan, Mikajel",CZE,M,,,,1840,0,20,APR26,1959,i
389234,"Miratsky, Petr",CZE,M,,,,1772,0,20,APR26,1996,i
23765470,"Mirga, Martin",CZE,M,,,,1495,0,40,APR26,2010,i
23777630,"Misak, Vojtech",CZE,M,,,,1660,6,20,APR26,1993,
356077,"Misek, Jan",CZE,M,,,,1871,0,20,APR26,1975,
315818,"Misicko, Jan",CZE,M,,,,2051,0,20,APR26,1966,i
23732130,"Miskolczi, Otomar",CZE,M,,,,1658,0,20,APR26,2004,i
320838,"Miskolczi, Vitezslav",CZE,M,,,,1955,0,20,APR26,1964,i
384020,"Misorin, Vladimir",CZE,M,,,,1843,0,,APR26,1994,i
23721898,"Misun, Vojtech",CZE,M,,,,1542,0,20,APR26,2003,i
23754346,"Mitacek, Martin",CZE,M,,,,1731,0,40,APR26,2008,
23724242,"Mitrenga, Szymon",CZE,M,,,,1444,0,40,APR26,2006,i
23738278,"Mittelbach, Jan",CZE,M,,,,1714,0,20,APR26,1976,i
350990,"Mittelbach, Zdenek",CZE,M,,,,1841,0,20,APR26,1947,
328413,"Mitura, Karel",CZE,M,,,,2119,0,20,APR26,1991,i
305278,"Mitura, Vaclav",CZE,M,,,,1994,0,20,APR26,1960,
330221,"Miturova, Magdalena",CZE,F,WIM,WIM,,2031,0,20,APR26,1993,wi
326453,"Mizak, Jan",CZE,M,,,,1835,0,20,APR26,1964,
394807,"Mladejovsky, Miroslav",CZE,M,,,,1634,0,20,APR26,1952,i
23709758,"Mladek, Jiri",CZE,M,,,,1714,0,20,APR26,1989,i
386588,"Mladek, Richard",CZE,M,IM,,,2329,0,20,APR26,2002,i
359130,"Mlady, Pavel",CZE,M,,,,1710,0,20,APR26,1976,i
23706600,"Mlatilik, Alex",CZE,M,,,,1492,0,40,APR26,2006,i
320064,"Mlcak, Viktor",CZE,M,,NA,,1836,0,20,APR26,1965,i
23780533,"Mlcoch, Michael",CZE,M,,,,1506,0,40,APR26,2008,i
326704,"Mlejnek, Stanislav",CZE,M,,,,1734,0,20,APR26,1969,i
317527,"Mlensky, Dalibor",CZE,M,,,,2127,0,20,APR26,1965,i
370835,"Mleziva, Miloslav",CZE,M,,,,1778,0,20,APR26,1967,
23748451,"Mlot, Frantisek",CZE,M,,,,1752,0,40,APR26,1982,
350818,"Mlynar, Miroslav",CZE,M,,,,1617,0,20,APR26,1949,
23712481,"Mlynek, Jakub",CZE,M,,,,1988,0,40,APR26,2010,
307670,"Mlynek, Petr",CZE,M,,,,2090,0,20,APR26,1943,i
23706619,"Mlynek, Stanislav",CZE,M,,,,1773,0,20,APR26,2002,i
23776005,"Moc, Jakub",CZE,M,,,,1520,0,40,APR26,2006,i
23776013,"Moc, Martin",CZE,M,,,,1691,0,40,APR26,1971,i
23748109,"Moc, Matej",CZE,M,,,,1806,0,20,APR26,1997,i
23719001,"Moc, Milan",CZE,M,,,,1737,0,20,APR26,1977,i
23727225,"Mocek, Tadeas",CZE,M,,,,1714,0,20,APR26,2003,
302651,"Modrova, Hana",CZE,F,WFM,WFM,,1644,0,20,APR26,1948,w
313530,"Mohapl, Petr",CZE,M,,,,2055,0,20,APR26,1960,i
398365,"Mohapl, Tomas",CZE,M,,,,1944,0,40,APR26,2007,i
326801,"Mohyla, Ales",CZE,M,,,,1938,0,20,APR26,1975,
23799439,"Mohylova, Beata",CZE,F,,,,1526,0,40,APR26,2013,w
23773715,"Mohylova, Valentina",CZE,F,,,,1609,0,40,APR26,2010,w
306843,"Mojzis, Jan",CZE,M,,,,2038,0,20,APR26,1960,i
302325,"Mojzis, Jaroslav",CZE,M,FM,,,2027,0,20,APR26,1943,
23744103,"Mojzis, Jaroslav",CZE,M,,,,1635,0,20,APR26,1981,i
23726580,"Mojzis, Jiri",CZE,M,,,,1929,0,20,APR26,1937,i
399124,"Mojzis, Marek",CZE,M,,,,1606,0,40,APR26,2005,i
324264,"Mojzis, Martin",CZE,M,,,,1932,0,20,APR26,1972,i
398691,"Mojzisek, Jiri",CZE,M,,,,1690,7,20,APR26,1954,
23732733,"Mojzisova, Barbora",CZE,F,,,,1749,0,40,APR26,2011,w
23708549,"Mokros, Radomir",CZE,M,,,,1752,0,20,APR26,1955,i
23732687,"Molik, Jakub",CZE,M,,,,1655,0,40,APR26,2005,i
314374,"Molik, Zdenek",CZE,M,,,,2149,0,20,APR26,1977,i
23740566,"Molitoris, Andreas",CZE,M,,,,1790,0,20,APR26,1983,i
381535,"Molkanov, Oleg",CZE,M,,,,1958,0,20,APR26,2001,i
323896,"Molnar, Jiri",CZE,M,,,,1851,0,20,APR26,1966,
337552,"Molnar, Ladislav",CZE,M,,,,1746,0,20,APR26,1956,
23767316,"Molnar, Tomas",CZE,M,,,,1505,0,40,APR26,2009,i
23781599,"Mora, Matej",CZE,M,,,,1594,5,40,APR26,2009,
23763477,"Moravcik, Matus",CZE,M,,,,1871,0,40,APR26,2010,
23750278,"Moravec, David",CZE,M,,,,1423,0,40,APR26,2016,
23716738,"Moravec, Hynek",CZE,M,,,,1749,0,20,APR26,2003,i
23714069,"Moravec, Jakub",CZE,M,,,,1820,0,20,APR26,2005,i
395447,"Moravec, Jindrich",CZE,M,,,,1781,0,20,APR26,1948,i
23764155,"Moravec, Marek",CZE,M,,,,1584,0,40,APR26,1983,i
23745274,"Moravec, Rene",CZE,M,,,,1601,0,40,APR26,2013,
23745266,"Moravec, Rene",CZE,M,,,,1417,0,20,APR26,1975,i
571000356,"Moravec, Vaclav",CZE,M,,,,1599,0,40,APR26,2007,
331481,"Moravec, Vit",CZE,M,,,,2179,0,20,APR26,1991,i
357553,"Moravek, Jakub",CZE,M,,,,1821,0,20,APR26,1987,
342130,"Moravek, Jiri",CZE,M,,,,1818,0,40,APR26,1965,i
397830,"Moravek, Jiri",CZE,M,,,,1603,0,20,APR26,1968,i
397733,"Moravek, Michael",CZE,M,,,,1564,0,20,APR26,2004,i
23738286,"Moravek, Zdenek",CZE,M,,,,1736,7,20,APR26,1977,
23711485,"Mores, Antonin",CZE,M,,,,1523,0,40,APR26,2008,i
399540,"Morgensternova, Lucie",CZE,F,,,,1539,0,20,APR26,2002,wi
23727659,"Morongova, Gabriela",CZE,F,,,,1521,0,40,APR26,2005,wi
23765550,"Morten, Christian",CZE,M,,,,1547,0,40,APR26,1979,i
23786434,"Moskvin, Andrii",CZE,M,,,,1628,0,40,APR26,2016,
329398,"Mosnicka, Jan",CZE,M,,,,1785,0,20,APR26,1966,
23700424,"Mosovsky, Jakub",CZE,M,,,,1637,0,40,APR26,2005,i
308102,"Most, Zdenek",CZE,M,,,,1995,0,20,APR26,1935,i
350532,"Mostek, Jan",CZE,M,,NA,,1904,0,20,APR26,1993,i
324850,"Motacek, Vladimir",CZE,M,,,,1918,0,20,APR26,1978,
364070,"Motalik, Jan",CZE,M,,,,1768,0,20,APR26,1996,
377015,"Motejzik, Jaroslav",CZE,M,,,,1554,0,20,APR26,1950,
23779624,"Motl, Matyas",CZE,M,,,,1665,0,40,APR26,2011,
378089,"Motlicek, Ondrej",CZE,M,,,,1715,0,20,APR26,1998,
378097,"Motlicek, Petr",CZE,M,,,,1947,0,20,APR26,1974,i
394009,"Mottl, Jan",CZE,M,,,,1771,0,20,APR26,1957,i
23778962,"Motyl, Antonin",CZE,M,,,,1450,0,40,APR26,2010,
23787120,"Moula, Hamza",CZE,M,,,,1441,0,40,APR26,2011,i
23746327,"Mountassir, Karim",CZE,M,,,,1645,0,40,APR26,2009,
23732776,"Moura Smith, Victor Marcos",CZE,M,,,,1614,3,40,APR26,2010,
330655,"Mouryc, Tomas",CZE,M,,NA,,1944,0,20,APR26,1987,i
23776188,"Mourycova, Iva",CZE,F,,,,1591,0,40,APR26,2016,w
384127,"Mourycova, Jana",CZE,F,,,,1780,0,20,APR26,1988,wi
23776196,"Mourycova, Sona",CZE,F,,,,1486,0,40,APR26,2014,w
23792256,"Movsesian, Gabriel",CZE,M,,,,1500,7,40,APR26,2017,
4139690,"Movsesian, Julia",CZE,F,WGM,WGM,,2200,0,20,APR26,1981,w
23793716,"Movsesjan, Petr",CZE,M,,,,1441,0,40,APR26,2004,
302619,"Mozna, Eva",CZE,F,WFM,WFM,,1927,0,20,APR26,1949,wi
23776447,"Mracek, Daniel",CZE,M,,,,1629,9,40,APR26,2009,
23776455,"Mraka, Michal",CZE,M,,,,1590,9,40,APR26,1988,
328014,"Mrakota, Zdenek",CZE,M,,,,1827,0,20,APR26,1982,i
23762730,"Mravyan, David",CZE,M,,,,1460,0,40,APR26,2015,i
397849,"Mraz, Jaroslav",CZE,M,,,,1683,0,20,APR26,1992,i
23722100,"Mraz, Vaclav",CZE,M,,,,1456,0,20,APR26,2002,i
23725010,"Mrazek, Adam",CZE,M,,,,1870,0,40,APR26,2008,i
23772859,"Mrazek, Jiri",CZE,M,,,,1595,0,40,APR26,2002,i
332127,"Mrazek, Lumir",CZE,M,FM,,,2265,0,20,APR26,1993,i
23707062,"Mrazek, Roman",CZE,M,,NA,,2052,0,20,APR26,2006,
320218,"Mrazek, Roman",CZE,M,,,,1804,0,20,APR26,1973,
371432,"Mrazek, Tomas",CZE,M,,,,1607,0,20,APR26,1983,
23707925,"Mrazek, Vaclav",CZE,M,,,,1720,0,20,APR26,1948,i
23777613,"Mrazek, Vlastimil",CZE,M,,,,1595,0,40,APR26,1982,i
23754737,"Mrazik, Marek",CZE,M,,,,1872,0,40,APR26,2012,
349771,"Mrazik, Tomas",CZE,M,,,,1966,0,20,APR26,1990,i
23717483,"Mrhalek, Ctirad",CZE,M,,,,1657,0,20,APR26,1969,i
349330,"Mriso, Milos",CZE,M,,,,1868,0,20,APR26,1972,i
369039,"Mrisova, Eliska",CZE,F,,,,1735,0,20,APR26,2001,wi
309990,"Mrkos, Miroslav",CZE,M,,,,2040,0,20,APR26,1954,i
345334,"Mrkus, Frantisek",CZE,M,,,,2002,0,20,APR26,2000,i
23779306,"Mrkva, Pavel",CZE,M,,,,1669,6,40,APR26,2010,
23721626,"Mrkvan, Frantisek",CZE,M,,,,1801,0,40,APR26,2007,i
321818,"Mrnka, Jan",CZE,M,,,,1984,0,20,APR26,1978,
316288,"Mrva, Marek",CZE,M,,,,2113,0,20,APR26,1971,
23739541,"Mrva, Stepan",CZE,M,,,,1716,0,20,APR26,1966,i
23707275,"Mucha, Ondrej",CZE,M,,,,1439,0,20,APR26,2004,i
23717378,"Mucha, Simon",CZE,M,,,,1446,0,40,APR26,2009,
23714999,"Mucha, Tomas",CZE,M,,,,1441,0,40,APR26,2006,i
330469,"Mudra, Pavel",CZE,M,FM,,,2214,0,20,APR26,1983,i
322172,"Mudra, Tomas",CZE,M,,,,2126,0,20,APR26,1988,i
301116,"Mudrak, Josef",CZE,M,FM,,,2141,0,20,APR26,1961,
302406,"Mudry, Jan",CZE,M,,,,1806,0,20,APR26,1951,i
325120,"Muk, Ivo",CZE,M,,,,1854,0,20,APR26,1963,
13703803,"Mukashev, Assan",CZE,M,,,,2146,0,20,APR26,1993,
23777699,"Mukhametgaleev, Timur",CZE,M,,,,1576,0,40,APR26,2011,
23717718,"Muller, David",CZE,M,,,,1857,0,20,APR26,2005,i
23759666,"Muller, Jakub",CZE,M,,,,1451,3,40,APR26,2010,
23784881,"Muller, Jiri",CZE,M,,,,1590,0,40,APR26,2011,i
358266,"Muller, Leo",CZE,M,,,,1866,0,20,APR26,1965,i
359904,"Muller, Michal",CZE,M,,,,1844,0,20,APR26,1990,i
23725052,"Muller, Petr",CZE,M,,,,1939,0,20,APR26,1991,i
23745827,"Muller, Stanislav",CZE,M,,,,1813,0,20,APR26,2003,i
23708158,"Muller, Vaclav",CZE,M,,,,1740,0,20,APR26,1979,i
23724889,"Mullerova, Karina Nela",CZE,F,,,,1516,0,40,APR26,2007,wi
23778580,"Munkhbayar, Narandelger",CZE,M,,,,1476,9,40,APR26,2014,
23778598,"Munkhbayar, Unurbayar",CZE,M,,,,1817,8,40,APR26,2012,
23795077,"Munkhbayar, Unurzaya",CZE,F,,,,1587,8,40,APR26,2009,w
312843,"Muratidis, Nikos",CZE,M,,,,2033,0,20,APR26,1951,i
23791837,"Murnik, Gerard",CZE,M,,,,1544,5,40,APR26,1991,
23769211,"Muron, Martin",CZE,M,,,,1536,0,40,APR26,2013,i
301957,"Muron, Miroslav",CZE,M,,,,2086,7,20,APR26,1958,
23764511,"Muron, Vaclav",CZE,M,,,,1595,0,20,APR26,2004,i
23775084,"Murtinger, Jan",CZE,M,,,,1515,0,40,APR26,2009,i
23777303,"Muse, Christopher",CZE,M,,,,1485,0,40,APR26,1983,i
23768541,"Musil, Filip",CZE,M,,,,1493,8,40,APR26,2008,
339300,"Musil, Jiri",CZE,M,,,,2054,0,20,APR26,1995,i
23745614,"Musil, Marek",CZE,M,,,,1540,8,20,APR26,1978,
356107,"Musil, Miroslav",CZE,M,,,,1992,0,20,APR26,1983,i
23735244,"Musil, Pavel",CZE,M,,,,1647,0,20,APR26,1948,i
23762888,"Musil, Tomas",CZE,M,,,,1524,2,20,APR26,2005,
308803,"Musil, Vitezslav",CZE,M,,,,1916,0,20,APR26,1952,i
344621,"Mutl, Jan",CZE,M,,,,1897,0,20,APR26,1984,i
23727853,"Muzik, Jakub",CZE,M,,,,1779,0,20,APR26,1982,i
306355,"Muzik, Martin",CZE,M,FM,,,2086,0,20,APR26,1971,i
357480,"Muzik, Roman",CZE,M,,,,1846,0,20,APR26,1968,
315133,"Muzikar, Jan",CZE,M,,,,2079,0,20,APR26,1960,i
396656,"Muzikar, Jan",CZE,M,,,,1570,0,20,APR26,2003,i
23735201,"Mydlar, Martin",CZE,M,,,,1585,0,20,APR26,1981,i
23735074,"Mydlar, Matej",CZE,M,,,,2029,0,40,APR26,2011,
23787864,"Mykhailenko, Kostiantyn",CZE,M,,,,1517,6,40,APR26,2005,
384917,"Mykiska, Petr",CZE,M,,,,1443,0,20,APR26,1963,
23750561,"Mynar, Krystof",CZE,M,,,,1568,7,40,APR26,2013,
23759895,"Myronova, Sofia",CZE,F,,,,1529,0,40,APR26,2011,w
23717491,"Myska, Dusan",CZE,M,,,,1645,8,20,APR26,1959,
23725079,"Myslivec, Pavel",CZE,M,,,,1657,0,20,APR26,1949,i
23722568,"Nachazel, Vaclav",CZE,M,,,,1605,0,40,APR26,2010,i
23764384,"Nadenicek, Jaroslav",CZE,M,,,,1679,0,40,APR26,1985,
311863,"Nadrchal, Tomas",CZE,M,,,,2029,0,20,APR26,1979,
23767502,"Nagy, Dominik",CZE,M,,,,1565,0,40,APR26,2009,i
374300,"Nagy, Ladislav",CZE,M,,,,2037,0,20,APR26,2003,i
390070,"Nagyova, Daniela",CZE,F,,,,1914,0,20,APR26,2006,w
23792680,"Nair, Ansh",CZE,M,,,,1491,2,40,APR26,2017,
23764295,"Najdek, Jonas",CZE,M,,,,1417,0,40,APR26,2015,
23751290,"Najdkova, Laura",CZE,F,,,,1476,0,40,APR26,2013,w
386456,"Najman, Martin",CZE,M,,,,1637,8,20,APR26,1978,
23752491,"Nakladal, Jakub",CZE,M,,,,1699,0,20,APR26,1992,i
23786957,"Naplava, Richard",CZE,M,,,,1452,8,20,APR26,1971,
23740191,"Nassereddine, Mathias Ibrahim",CZE,M,,,,1540,0,40,APR26,2008,i
309095,"Navara, David",CZE,M,GM,,,2602,0,10,APR26,1985,
23733446,"Navrat, Robert",CZE,M,,,,1676,0,20,APR26,1979,i
23733454,"Navrat, Roman",CZE,M,,,,1758,0,20,APR26,1976,
311332,"Navratil, Frantisek",CZE,M,,,,2015,0,20,APR26,1943,i
23745835,"Navratil, Jakub",CZE,M,,,,1474,0,40,APR26,2007,i
23753390,"Navratil, Jan",CZE,M,,,,1579,0,20,APR26,1990,i
23778725,"Navratil, Jan",CZE,M,,,,1419,0,40,APR26,2002,i
332070,"Navratil, Jiri",CZE,M,,,,2040,0,20,APR26,1997,i
323497,"Navratil, Jiri",CZE,M,,,,1976,0,20,APR26,1959,
307351,"Navratil, Jiri",CZE,M,,,,2069,0,20,APR26,1966,i
349780,"Navratil, Marek",CZE,M,,,,1884,0,20,APR26,1995,i
23756047,"Navratil, Marek",CZE,M,,,,1459,0,40,APR26,2009,i
378836,"Navratil, Miroslav",CZE,M,,,,1776,0,20,APR26,1952,i
23718650,"Navratil, Patrik",CZE,M,,,,1745,0,20,APR26,1997,
392375,"Navratil, Pavel",CZE,M,,,,1649,0,20,APR26,1971,
307939,"Navratilik, Pavel",CZE,M,,,,1957,0,20,APR26,1964,i
337625,"Navratilova, Alena",CZE,F,,,,1807,0,20,APR26,1974,wi
23785845,"Nazarsky, Pavel",CZE,M,,,,1501,0,40,APR26,1962,
386073,"Nebor, Dominik",CZE,M,,,,1687,0,20,APR26,1993,i
23768398,"Nechutny, Filip",CZE,M,,,,1534,0,40,APR26,2007,i
23724897,"Nechvatalova, Eva",CZE,F,,,,1489,0,40,APR26,2010,wi
23790563,"Neckar, Antonin",CZE,M,,,,1516,0,40,APR26,2012,
300705,"Neckar, Lubomir",CZE,M,IM,,,2273,0,20,APR26,1950,
385174,"Nedela, Adam",CZE,M,,,,1657,0,40,APR26,2005,i
303259,"Nedela, Vlastimil",CZE,M,IM,,,2313,0,20,APR26,1972,i
23766964,"Nedobeha, Anna",CZE,F,,NA,,1531,0,40,APR26,2008,w
342840,"Nedoma, Marek",CZE,M,,,,1995,0,20,APR26,1993,i
23718668,"Nedoma, Zdenek",CZE,M,,,,1590,0,20,APR26,1975,i
571000267,"Nedomlel, Martin",CZE,M,,,,1523,0,40,APR26,2001,
23717386,"Nedved, Adam",CZE,M,,,,1441,0,40,APR26,2007,i
377074,"Nehyba, Martin",CZE,M,,,,1998,0,20,APR26,2002,i
23760370,"Nehybka, Jakub",CZE,M,,,,1584,0,40,APR26,2008,i
328049,"Nejedlo, Josef",CZE,M,,,,1848,0,20,APR26,1944,i
23785853,"Nejezchleba, Daniel",CZE,M,,,,1771,0,40,APR26,2008,i
350540,"Nekarda, Jan",CZE,M,,,,1807,0,20,APR26,2000,i
54198631,"Nekhamkin, Daniel",CZE,M,,,,1566,0,,APR26,2008,i
23762543,"Nekkanti, Sarat Sriram",CZE,M,,,,1455,0,40,APR26,2007,
312347,"Nekula, Richard",CZE,M,,,,1962,0,20,APR26,1962,i
23725494,"Nekula, Stepan",CZE,M,,,,1630,0,20,APR26,2002,i
390577,"Nekvasil, Radek",CZE,M,,,,1785,0,20,APR26,2001,i
365386,"Nekvinda, Michal",CZE,M,,,,1834,6,20,APR26,1995,
357839,"Nemcova, Kamila",CZE,F,,,,1867,0,20,APR26,2000,wi
360821,"Nemcova, Karin",CZE,F,WFM,WFM,,1969,0,20,APR26,2002,wi
340243,"Nemec, Bohumil",CZE,M,,,,1762,0,20,APR26,1950,
23716118,"Nemec, Daniel",CZE,M,,,,1720,7,20,APR26,1993,
381764,"Nemec, David",CZE,M,,,,1954,0,20,APR26,2003,i
308277,"Nemec, David",CZE,M,,,,1966,0,20,APR26,1987,
23716525,"Nemec, Jachym",CZE,M,IM,,,2380,0,20,APR26,2008,
381772,"Nemec, Jakub",CZE,M,,,,1836,0,20,APR26,2000,i
337641,"Nemec, Jakub",CZE,M,,,,1546,0,20,APR26,1977,i
23750529,"Nemec, Jakub",CZE,M,,,,1422,0,40,APR26,2010,i
23764902,"Nemec, Jakub",CZE,M,,,,1462,0,40,APR26,1991,i
343382,"Nemec, Jan",CZE,M,,,,2005,0,20,APR26,1977,i
23777907,"Nemec, Jaromir Jan",CZE,M,,,,1611,0,40,APR26,2009,
23745401,"Nemec, Jaroslav",CZE,M,,,,1581,0,20,APR26,1955,i
23712740,"Nemec, Marek",CZE,M,,,,1506,0,,APR26,2008,i
386464,"Nemec, Martin",CZE,M,,,,1866,0,20,APR26,1969,i
23780932,"Nemec, Michal",CZE,M,,,,1465,0,40,APR26,2011,
380555,"Nemec, Milan",CZE,M,,,,1922,0,20,APR26,1962,
23735392,"Nemec, Milan",CZE,M,,,,1443,0,20,APR26,1978,i
23781319,"Nemec, Ondrej",CZE,M,,,,1587,0,40,APR26,2010,i
309290,"Nemec, Otakar",CZE,M,,,,1837,0,20,APR26,1960,
314986,"Nemec, Petr",CZE,M,,,,2070,0,20,APR26,1975,i
23732059,"Nemec, Petr",CZE,M,,,,1718,5,20,APR26,1973,
359610,"Nemec, Stanislav",CZE,M,,,,1950,0,20,APR26,1967,i
23799595,"Nemec, Walter",CZE,M,,,,1612,0,40,APR26,2010,
23741104,"Nemec, Zdenek",CZE,M,,,,1659,0,20,APR26,1960,
23744480,"Nemecek, Jaroslav",CZE,M,,,,1672,0,20,APR26,1968,i
383554,"Nemecek, Lukas",CZE,M,,,,1793,0,20,APR26,2004,i
23764724,"Nemecek, Matous",CZE,M,,,,1700,0,40,APR26,2007,
381888,"Nemecek, Pavel",CZE,M,,,,1913,0,20,APR26,1973,i
383562,"Nemecek, Pavel",CZE,M,,,,1693,0,20,APR26,2004,i
23744499,"Nemecek, Radek",CZE,M,,,,1750,0,20,APR26,2003,i
23794925,"Nemeth, Matyas",CZE,M,,,,1420,0,40,APR26,2010,
23787503,"Nemeth, Stefan Torre",CZE,M,,,,1710,7,40,APR26,2010,
387010,"Nentvich, Libor",CZE,M,,,,1825,0,20,APR26,1963,i
23766972,"Neoral, Jiri",CZE,M,,,,1430,0,40,APR26,1984,i
23766387,"Neoral, Radovan",CZE,M,,,,1456,0,40,APR26,2015,i
317543,"Nepomucky, Ondrej",CZE,M,,,,2194,0,20,APR26,1980,i
351342,"Nepozitek, Svatomir",CZE,M,,,,1848,0,20,APR26,1954,i
23700696,"Nepras, Miloslav",CZE,M,,,,1790,0,20,APR26,1965,i
320650,"Nepustil, Frantisek",CZE,M,,,,1918,0,20,APR26,1940,i
23769378,"Nerud, Matous",CZE,M,,,,1808,0,40,APR26,2009,
358274,"Nespor, Ivan",CZE,M,,NA,,1649,0,20,APR26,1942,
372960,"Nespor, Jakub",CZE,M,,,,1966,0,20,APR26,2000,i
392286,"Nespora, Tatana",CZE,F,,,,1793,0,20,APR26,2006,w
392294,"Nespory, Jan",CZE,M,,,,1567,0,40,APR26,1970,
384143,"Nespory, Simon",CZE,M,,,,1772,0,20,APR26,2002,
391816,"Nespurek, Jakub",CZE,M,,,,1849,0,20,APR26,2007,
349798,"Nespurek, Jan",CZE,M,,,,1797,0,20,APR26,2001,
332992,"Nespurek, Petr",CZE,M,,,,1839,0,20,APR26,1995,i
349801,"Nespurek, Vojtech",CZE,M,,,,1493,0,20,APR26,1969,i
23754745,"Nesterov, Stepan",CZE,M,,,,1471,8,40,APR26,2015,
23786787,"Nesvadba, Vojtech",CZE,M,,,,1636,0,40,APR26,2007,
23793295,"Nesyn, Luka",CZE,M,,,,1539,4,40,APR26,2012,
23759933,"Netik, Lukas",CZE,M,,,,1698,0,40,APR26,2009,i
376450,"Netolicky, Milos",CZE,M,,,,1839,0,20,APR26,1965,i
376469,"Netolicky, Tomas",CZE,M,,,,1783,0,20,APR26,1994,i
23717815,"Netopil, Martin",CZE,M,,,,1805,0,20,APR26,1994,i
386472,"Netuka, Petr",CZE,M,,,,1810,0,20,APR26,1979,i
325139,"Netusil, Jakub",CZE,M,,,,1977,0,20,APR26,1986,
301183,"Netusil, Miloslav",CZE,M,FM,,,2080,0,20,APR26,1956,i
326836,"Netusil, Oldrich",CZE,M,,,,1664,0,20,APR26,1952,i
23763418,"Neubauer, Rene",CZE,M,,,,1416,0,40,APR26,2007,
305243,"Neuman, Petr",CZE,M,GM,,,2433,0,10,APR26,1978,
375640,"Neumann, Filip",CZE,M,,,,2078,0,20,APR26,2005,i
385182,"Neumann, Karel",CZE,M,,,,1599,0,20,APR26,1976,i
323918,"Neumanova, Monika",CZE,F,,,,1829,0,20,APR26,1983,wi
23771224,"Neuzil, Jan",CZE,M,,,,1605,0,40,APR26,2012,i
391778,"Nevoral, Lukas",CZE,M,,,,1815,0,20,APR26,1979,i
23778482,"Nevrela, Marek",CZE,M,,,,1472,0,40,APR26,2013,
23791195,"Nevyhosteny, Adam",CZE,M,,,,1641,0,40,APR26,2014,
23780649,"Neymer, Evgeny",CZE,M,,,,1639,0,40,APR26,1978,i
23779276,"Nezbeda, Martin",CZE,M,,,,1840,0,40,APR26,1997,i
23737999,"Nezdaril, Miroslav",CZE,M,,,,1717,0,20,APR26,1960,i
23709960,"Nezval, Filip",CZE,M,,,,1983,0,40,APR26,2005,i
384640,"Nezval, Filip",CZE,M,,,,1594,0,20,APR26,2003,i
380571,"Nezval, Jiri",CZE,M,,,,1669,0,20,APR26,2001,i
384658,"Nezval, Petr",CZE,M,,,,1659,0,40,APR26,2006,i
23752203,"Nguyen Nhat, Minh Thu",CZE,F,,,,1658,0,40,APR26,2010,wi
23764082,"Nguyen Quyet, Thang",CZE,M,,,,1558,0,20,APR26,2006,i
23785586,"Nguyen, Huu Tiep",CZE,M,,,,1415,0,40,APR26,2012,
23771810,"Nguyen, Minh Khang Tomas",CZE,M,,,,1615,10,40,APR26,2015,
23795310,"Nguyen, Phuc Anh",CZE,M,,,,1759,0,40,APR26,2007,
358878,"Nguyen, Thai Dai Van",CZE,M,GM,,,2516,0,10,APR26,2001,
375349,"Nguyen, Thai Dai Vinh",CZE,M,,,,1931,0,40,APR26,2005,i
23749083,"Nguyen, Thuc Tuan",CZE,M,,,,1744,0,20,APR26,2002,i
23727322,"Nguyen, Tomas",CZE,M,,,,1713,0,40,APR26,2007,i
23773545,"Nguyen, Trung Minh",CZE,M,,,,1589,0,40,APR26,2014,
571001921,"Nguyen, Uy Vu",CZE,M,,,,1617,11,40,APR26,2014,
23787880,"Nicaise, Jeremie",CZE,M,,,,1444,11,40,APR26,1992,
23792698,"Nicaize, Jeremie",CZE,M,,,,1422,0,40,APR26,1992,
23799188,"Nicovsky, Adam",CZE,M,,,,1587,0,40,APR26,2014,
23712511,"Niederle, Jiri",CZE,M,,,,1470,0,20,APR26,2003,i
23724250,"Niedoba, Radek",CZE,M,,,,1579,0,40,APR26,2008,i
23762004,"Nielsen, Filip",CZE,M,,,,1413,0,40,APR26,2009,i
23764678,"Nieslanik, Jakub",CZE,M,,,,1693,0,40,APR26,2001,i
23724269,"Nieslanik, Sebastian",CZE,M,,,,1456,0,40,APR26,2007,i
23745711,"Niesner, Ondrej",CZE,M,,,,1836,0,20,APR26,1999,i
332216,"Nigrin, Jiri",CZE,M,,,,1703,0,20,APR26,1953,i
23768142,"Nikitenko, Nikita",CZE,M,,,,1556,0,40,APR26,2008,i
23768150,"Nikitenko, Pavlo",CZE,M,,,,1548,0,40,APR26,2010,i
348112,"Nikodem, Gustav",CZE,M,,,,2046,0,20,APR26,1972,
23788054,"Nikolaev, Daniil",CZE,M,,,,1622,0,,APR26,2003,
399671,"Nikolinko, Alexandr",CZE,M,,NA,,1443,0,20,APR26,1976,
389749,"Nikolinko, Tomas",CZE,M,,,,1610,0,20,APR26,2003,
23760893,"Nikonov, Dima",CZE,M,,,,1416,0,40,APR26,2011,i
23717424,"Nikonov, Mikhail",CZE,M,,,,1743,0,20,APR26,1992,i
23731486,"Nikorjak, Miroslav",CZE,M,,,,1670,0,20,APR26,1962,i
23788313,"Niktabar, Seyed Samyar",CZE,M,,,,1471,0,40,APR26,2017,
23763515,"Nimetskyi, Artem",CZE,M,,,,1466,0,40,APR26,2011,i
23781440,"Noga, Vitezslav",CZE,M,,,,1461,0,40,APR26,2014,i
327581,"Noha, Michal",CZE,M,,,,2002,0,20,APR26,1983,i
23717505,"Noscak, Denis",CZE,M,,,,1537,0,40,APR26,2007,i
23740353,"Nosek, Jakub",CZE,M,,,,1732,0,40,APR26,1972,
368393,"Nosek, Jan",CZE,M,,,,1954,9,20,APR26,1997,
23798394,"Nosek, Pavel",CZE,M,,,,1402,0,40,APR26,1975,
23753021,"Noska, William",CZE,M,,,,1519,0,40,APR26,2009,i
23702788,"Nouri, Ali",CZE,M,,,,1814,0,20,APR26,1967,
23727144,"Nova, Doubravka Anezka",CZE,F,,,,1629,0,40,APR26,2011,wi
368466,"Nova, Michaela",CZE,F,,,,1880,0,20,APR26,1999,wi
310417,"Novacek, Jan",CZE,M,,,,2029,0,20,APR26,1950,i
314323,"Novacek, Josef",CZE,M,,,,2149,0,20,APR26,1947,i
314803,"Novacek, Pavel",CZE,M,,,,1892,0,20,APR26,1965,i
23710292,"Novak, Alan",CZE,M,,,,1653,0,20,APR26,2004,i
322610,"Novak, Borivoj",CZE,M,,,,1660,0,20,APR26,1948,
23768231,"Novak, Filip",CZE,M,,,,1699,0,40,APR26,2007,
321419,"Novak, Frantisek",CZE,M,,,,1921,0,20,APR26,1983,i
23760443,"Novak, Frantisek",CZE,M,,,,1510,0,40,APR26,2012,
371696,"Novak, Jan",CZE,M,,,,1693,0,20,APR26,2001,i
571000941,"Novak, Jan",CZE,M,,,,1455,0,40,APR26,1978,
399558,"Novak, Jan",CZE,M,,,,1445,0,20,APR26,2002,i
571000933,"Novak, Jan Jun",CZE,M,,,,1517,0,40,APR26,2009,
307874,"Novak, Jindrich",CZE,M,,,,2078,9,20,APR26,1967,
300284,"Novak, Jiri",CZE,M,,,,1974,0,20,APR26,1996,i
345717,"Novak, Jiri",CZE,M,,,,1974,0,20,APR26,1972,i
302414,"Novak, Jiri",CZE,M,,,,1902,8,20,APR26,1971,
312088,"Novak, Jiri",CZE,M,CM,,,1881,0,20,APR26,1961,
23778296,"Novak, Jiri",CZE,M,,,,1674,0,40,APR26,2009,
320684,"Novak, Josef Jan",CZE,M,,,,1902,0,20,APR26,1962,
23764090,"Novak, Krystof",CZE,M,,,,1439,0,40,APR26,2011,i
23704497,"Novak, Lubos",CZE,M,,,,1745,0,20,APR26,1968,i
316490,"Novak, Ludek",CZE,M,,,,1974,0,20,APR26,1961,i
23753757,"Novak, Ludvik",CZE,M,,,,1513,0,40,APR26,2010,i
23730633,"Novak, Lukas",CZE,M,,,,1732,0,40,APR26,2009,
310891,"Novak, Michal",CZE,M,,,,2108,0,20,APR26,1975,i
361607,"Novak, Michal",CZE,M,,,,1790,0,20,APR26,1995,
23723734,"Novak, Michal",CZE,M,,,,1665,0,20,APR26,2004,i
23785993,"Novak, Michal",CZE,M,,,,1572,0,40,APR26,2005,i
23727012,"Novak, Michal",CZE,M,,,,1603,0,20,APR26,1962,i
313394,"Novak, Milan",CZE,M,,,,1953,0,20,APR26,1960,
23786817,"Novak, Oliver",CZE,M,,,,1501,0,40,APR26,2006,i
23718587,"Novak, Ondrej",CZE,M,,,,1584,0,40,APR26,2008,i
23721650,"Novak, Ondrej",CZE,M,,,,1486,0,40,APR26,2009,i
309192,"Novak, Pavel",CZE,M,,,,2383,0,10,APR26,1980,i
23719168,"Novak, Pavel",CZE,M,,,,1657,0,20,APR26,1995,
23781386,"Novak, Pavel",CZE,M,,,,1702,0,40,APR26,1965,i
23744030,"Novak, Peter",CZE,M,,,,1724,0,20,APR26,2000,i
4641434,"Novak, Petr",CZE,M,,,,2122,0,20,APR26,1967,i
332224,"Novak, Petr",CZE,M,,,,1728,0,20,APR26,1945,i
23768240,"Novak, Petr",CZE,M,,,,1634,0,40,APR26,2007,
333352,"Novak, Rudolf",CZE,M,,,,1689,0,20,APR26,1951,
348988,"Novak, Rudolf",CZE,M,,,,1652,0,20,APR26,1936,i
23753803,"Novak, Simon",CZE,M,,,,1446,0,40,APR26,2014,
383155,"Novak, Tomas",CZE,M,,,,1513,0,40,APR26,2005,i
23713852,"Novak, Tomas",CZE,M,,,,1471,0,20,APR26,2004,i
354040,"Novak, Vaclav",CZE,M,,,,2029,0,20,APR26,1971,i
311880,"Novak, Vaclav",CZE,M,,,,1951,0,20,APR26,1970,i
23700211,"Novak, Vaclav",CZE,M,,,,1948,0,20,APR26,1968,
350273,"Novak, Zdenek",CZE,M,,,,1847,0,20,APR26,1953,i
23700220,"Novakova, Blanka",CZE,F,,,,1724,0,20,APR26,1957,w
23792701,"Novikov, Dmitry",CZE,M,,,,1527,0,40,APR26,2004,
23798033,"Novosad, Tobias",CZE,M,,,,1591,5,40,APR26,2012,
328065,"Novosadova, Kristyna",CZE,F,WIM,WIM,,2077,0,20,APR26,1990,w
383597,"Novotna, Tereza",CZE,F,,,,1818,0,20,APR26,2000,wi
23744405,"Novotny, Adam",CZE,M,,,,1476,0,40,APR26,2012,i
344826,"Novotny, Ales",CZE,M,,,,1966,0,20,APR26,1996,i
374083,"Novotny, David",CZE,M,,,,1983,0,20,APR26,1999,
23755601,"Novotny, Dominik",CZE,M,,,,2016,0,40,APR26,2009,
323349,"Novotny, Jan",CZE,M,,,,1723,8,20,APR26,1992,
23731494,"Novotny, Jan",CZE,M,,,,1735,0,20,APR26,1985,
23710411,"Novotny, Jaromir",CZE,M,,,,1791,0,20,APR26,1961,i
303321,"Novotny, Jaroslav",CZE,M,,,,2062,9,20,APR26,1965,
317551,"Novotny, Jaroslav",CZE,M,,,,1972,0,20,APR26,1956,i
302848,"Novotny, Josef",CZE,M,,,,1906,0,20,APR26,1957,i
303950,"Novotny, Josef",CZE,M,,,,2000,0,20,APR26,1951,
328677,"Novotny, Lubomir",CZE,M,,,,1804,0,20,APR26,1983,
23765089,"Novotny, Ludek",CZE,M,,,,1676,0,40,APR26,1973,i
571000496,"Novotny, Marek",CZE,M,,,,1598,0,40,APR26,1999,
383600,"Novotny, Martin",CZE,M,,NA,,1981,0,20,APR26,2003,i
310980,"Novotny, Michal",CZE,M,FM,,,2349,0,20,APR26,1978,
23753374,"Novotny, Miroslav Pesout",CZE,M,,,,1834,0,40,APR26,1974,i
379352,"Novotny, Ondrej",CZE,M,,,,1917,0,20,APR26,2003,i
23718609,"Novotny, Petr",CZE,M,,,,1735,0,40,APR26,2009,i
302198,"Novotny, Petr",CZE,M,,,,1674,0,20,APR26,1991,i
23781041,"Novotny, Petr",CZE,M,,,,1489,0,40,APR26,2012,i
23702354,"Novotny, Radim",CZE,M,,,,1888,0,20,APR26,1976,
23792515,"Novotny, Robin",CZE,M,,,,1619,0,40,APR26,2005,
318477,"Novotny, Roman",CZE,M,,,,1875,8,20,APR26,1965,
360350,"Novotny, Stanislav",CZE,M,,,,1855,0,20,APR26,1960,i
324272,"Novotny, Tomas",CZE,M,,,,1891,0,20,APR26,1967,i
391824,"Novotny, Tomas",CZE,M,,,,1759,6,20,APR26,1996,
23703237,"Novotny, Tomas",CZE,M,,,,1654,0,20,APR26,2002,i
23761393,"Novotny, Vojtech",CZE,M,,,,1552,0,20,APR26,1994,
23710632,"Novotny, Zdenek",CZE,M,,,,1715,0,20,APR26,1998,i
360988,"Novy, Filip",CZE,M,,,,2090,0,20,APR26,2000,i
319180,"Novy, Jan",CZE,M,,,,1803,0,20,APR26,1942,i
325155,"Novy, Martin",CZE,M,,,,2089,0,20,APR26,1986,i
321540,"Nudcenko, Karel",CZE,M,,,,2087,0,20,APR26,1963,i
300179,"Nun, Jiri",CZE,M,IM,,,2263,0,20,APR26,1957,i
23776803,"Nurbekuly, Khangeldi",CZE,M,,,,1437,0,40,APR26,2011,
23732970,"Nuri, Rustam",CZE,M,,,,1495,0,40,APR26,2007,i
23761288,"Nussbauer, Ladislav",CZE,M,,,,1674,0,20,APR26,1966,
338940,"Nyc Voldanova, Barbora",CZE,F,,,,1626,0,20,APR26,1994,w
23777133,"Nydecky, Vit",CZE,M,,,,1583,4,40,APR26,1992,
23761814,"Nytra, Eduard",CZE,M,,,,1417,0,40,APR26,2009,i
371955,"Nytra, Ondrej",CZE,M,FM,,,2171,0,20,APR26,2004,
344087,"Nytra, Petr",CZE,M,,NA,,1926,0,20,APR26,1997,i
385409,"Nytrova, Eva",CZE,F,,,,1723,0,20,APR26,1974,wi
309230,"Nyvlt, Otto",CZE,M,,,,1898,0,20,APR26,1962,
23767952,"Obermajer, Marek",CZE,M,,,,1492,0,40,APR26,1993,i
395021,"Obermajerova, Gabriela",CZE,F,,,,1615,0,20,APR26,2001,wi
337749,"Oborny, Lubor",CZE,M,,NA,,1867,0,20,APR26,1967,i
23793821,"Obr, Adam",CZE,M,,,,1424,0,40,APR26,1988,
363383,"Obratil, Jan",CZE,M,,,,1761,0,40,APR26,1982,
23781394,"Obratil, Vojtech",CZE,M,,,,1435,0,40,APR26,2013,
347825,"Obrazek, Karel",CZE,M,,,,1864,0,20,APR26,1962,i
23721901,"Obsil, Premysl",CZE,M,,,,1735,0,40,APR26,1953,i
303690,"Obsivac, Josef",CZE,M,FM,,,2287,0,20,APR26,1968,i
322768,"Oburka, Vladislav",CZE,M,,,,1802,0,20,APR26,1952,
23782790,"Oceansky, Jasen",CZE,M,,,,1626,7,40,APR26,2009,
23787899,"Oceansky, Jiri",CZE,M,,,,1629,0,40,APR26,1973,i
23728795,"Ocelak, David",CZE,M,,,,1812,0,40,APR26,2009,
23707933,"Ocelak, Jakub",CZE,M,CM,,,2212,0,20,APR26,2005,
23728809,"Ocelak, Ladislav",CZE,M,,,,1604,0,20,APR26,1977,i
23728817,"Ocelak, Lukas",CZE,M,,,,1654,0,40,APR26,2011,
23716630,"Ocenasek, Jan",CZE,M,,,,1786,0,40,APR26,2006,i
321036,"Ochman, Tomas",CZE,M,,,,1878,0,20,APR26,1973,i
358657,"Ochmyt, Jakub",CZE,M,,,,1803,0,20,APR26,2001,i
321230,"Ockay, Tomas",CZE,M,,,,2003,0,20,APR26,1982,
371963,"Ocko, Dominik",CZE,M,,,,1887,0,20,APR26,2003,i
23714808,"Ocko, Nikolas",CZE,M,,,,1453,0,40,APR26,2009,i
334618,"Oczko, Zdenek",CZE,M,,,,1771,0,20,APR26,1950,i
23731257,"Odehnal, David",CZE,M,,,,1857,0,20,APR26,1990,i
382906,"Odlevak, Marek",CZE,M,,,,1547,0,20,APR26,2003,i
340260,"Odstrcil, Jaromir",CZE,M,,,,1881,0,20,APR26,1958,i
382914,"Odstrcil, Lukas",CZE,M,,,,1699,0,20,APR26,2004,i
392766,"Odvarka, Ladislav",CZE,M,,,,1730,0,20,APR26,1950,i
23752327,"Odvarka, Ladislav",CZE,M,,,,1626,0,20,APR26,2000,i
23752335,"Odvarka, Roman",CZE,M,,,,1543,0,20,APR26,2002,i
323004,"Oharek, Vlastimil",CZE,M,,,,1891,0,20,APR26,1970,i
23737239,"Ohradka, Alois",CZE,M,,,,1618,0,20,APR26,1953,i
397741,"Ojrzynska, Klara",CZE,F,,,,1596,0,40,APR26,2008,wi
397750,"Ojrzynski, Marceli",CZE,M,,,,1680,0,20,APR26,2006,i
397768,"Ojrzynski, Tymoteusz",CZE,M,,,,1497,0,20,APR26,2004,i
23707208,"Olah, Dan",CZE,M,,,,1621,0,20,APR26,2004,i
23767960,"Olahova, Blanka",CZE,F,,,,1402,0,40,APR26,2009,wi
23769840,"Olbricht, Petr",CZE,M,,,,1698,0,40,APR26,2007,
337757,"Olesnan, Ervin",CZE,M,,,,1721,0,20,APR26,1955,i
23776250,"Oliberius, Alex",CZE,M,,,,1440,0,40,APR26,2016,
322628,"Olsar, Robin",CZE,M,,,,1949,9,20,APR26,1987,
23788674,"Olsar, Stepan",CZE,M,,,,1534,0,40,APR26,2005,i
311219,"Olsar, Zdenek",CZE,M,,,,1820,0,20,APR26,1951,
23765674,"Olshevskyi, Tymur",CZE,M,,,,1494,7,40,APR26,1996,
331074,"Omamik, Pavel",CZE,M,,,,2093,0,20,APR26,1977,i
398071,"Omelka, Stepan",CZE,M,,,,1809,0,20,APR26,2004,i
23743336,"Ondracek, Daniel",CZE,M,,,,1757,0,40,APR26,2009,
23739983,"Ondrackova, Veronika",CZE,F,,NA,,1626,0,20,APR26,2006,w
306800,"Ondrejat, Miroslav",CZE,M,,,,1971,0,20,APR26,1955,
327301,"Ondrejka, Pavel",CZE,M,,,,1936,0,20,APR26,1975,i
23781254,"Ondruch, Tomas",CZE,M,,,,1524,0,40,APR26,1974,i
303801,"Ondrusek, Jan",CZE,M,,,,1728,0,20,APR26,1962,i
23731508,"Ondrusek, Radek",CZE,M,,,,1675,0,20,APR26,1963,i
23743751,"Ondryhal, Pavel",CZE,M,,,,1628,0,20,APR26,1974,i
23753765,"Onopriienko, Volodymyr",CZE,M,,,,1563,0,20,APR26,1994,i
376132,"Opela, Radek",CZE,M,,,,1743,0,20,APR26,2000,i
23763086,"Opelka, Marek",CZE,M,,,,1602,7,20,APR26,2001,
386081,"Oplustil, Jiri",CZE,M,,,,1785,0,20,APR26,1946,i
365866,"Oplustil, Pavel",CZE,M,,,,1604,12,20,APR26,2004,
339571,"Opocensky, Miroslav",CZE,M,,,,1908,0,20,APR26,1946,i
305189,"Opravil, Karel",CZE,M,,,,1994,0,20,APR26,1960,i
23766395,"Opravil, Tobias",CZE,M,,,,1578,0,40,APR26,2011,i
23750731,"Oprchal, Nikola",CZE,M,,,,1708,0,20,APR26,1992,i
334430,"Oral, Josef",CZE,M,,,,1818,0,20,APR26,1950,i
300144,"Orlicek, Karel",CZE,M,,,,1698,0,20,APR26,1955,
23716126,"Orlik, David",CZE,M,,,,1560,0,40,APR26,2005,i
23719621,"Orlita, Vratislav",CZE,M,,,,1725,0,20,APR26,1946,i
23791322,"Orlyk, Semen",CZE,M,,,,1404,11,40,APR26,2018,
337765,"Ornet, Tomas",CZE,M,,,,1827,0,20,APR26,1982,
367672,"Orning, Pascal",CZE,M,,,,1792,0,20,APR26,1998,i
392910,"Orsag, Lukas",CZE,M,,,,1777,0,20,APR26,2002,i
300853,"Orsag, Milan",CZE,M,IM,,,2236,0,10,APR26,1964,i
23731168,"Orsag, Roman",CZE,M,,,,1645,0,40,APR26,2006,i
23740914,"Orsagova, Beata",CZE,F,,,,1539,0,40,APR26,2008,wi
23775963,"Orszulik, Jiri",CZE,M,,,,1451,0,40,APR26,2010,i
23741171,"Osicka, Jan",CZE,M,,,,1505,0,40,APR26,2010,i
379360,"Osicka, Premysl",CZE,M,,,,1759,0,20,APR26,1996,i
23712759,"Osina, Jaromir",CZE,M,,,,1852,0,40,APR26,2008,
23751827,"Osipyan, David",CZE,M,,,,1858,0,40,APR26,2009,
387959,"Osladil, Jaroslav",CZE,M,,,,1841,0,20,APR26,1961,
23770848,"Osladil, Lukas",CZE,M,,,,1671,0,40,APR26,2009,i
23778512,"Osman, Jan",CZE,M,,,,1622,0,40,APR26,2007,i
23733489,"Otahal, Martin",CZE,M,,,,1695,0,20,APR26,1991,i
571001425,"Otahal, Radim",CZE,M,,,,1590,6,40,APR26,1993,
342181,"Otradovec, Lubos",CZE,M,,,,1834,0,20,APR26,1988,i
382426,"Otrubova, Kristyna",CZE,F,,,,1785,0,20,APR26,2003,wi
382418,"Otrubu, Mavis",CZE,M,,,,1974,0,20,APR26,2001,i
23796715,"Ottomansky, Vit",CZE,M,,,,1596,0,40,APR26,2010,
23756705,"Oujesky, Jakub",CZE,M,,,,1916,0,40,APR26,2010,
23762489,"Ozana, Pavel",CZE,M,,,,1463,0,20,APR26,2005,
23762551,"Ozog, Jakub",CZE,M,,,,1505,0,40,APR26,2007,i
23756063,"Pac, David",CZE,M,,,,1606,0,40,APR26,2011,
23753293,"Pac, Richard",CZE,M,,,,1783,0,40,APR26,2008,i
23764937,"Pacalaj, Daniel",CZE,M,,,,1537,0,40,APR26,2011,i
23744847,"Pachl, Tomas",CZE,M,,,,1754,0,20,APR26,1992,i
306177,"Pachmann, Ales",CZE,M,FM,,,2188,0,20,APR26,1978,i
302031,"Pacl, Vaclav",CZE,M,FM,,,1880,0,20,APR26,1944,
23710420,"Pacovsky, Ota",CZE,M,,,,1717,0,20,APR26,1958,
23731583,"Padevet, Pavel",CZE,M,,,,1926,0,,APR26,1975,
23742267,"Padiva, Tereza",CZE,F,,,,1479,0,40,APR26,2010,wi
23752904,"Padivy, Jan",CZE,M,,,,1640,0,40,APR26,2012,
23739258,"Padivy, Marek",CZE,M,,,,1503,0,40,APR26,2007,i
23729554,"Padrtka, Jiri",CZE,M,,,,1725,0,20,APR26,1985,i
306576,"Pakosta, Miroslav",CZE,M,,,,2028,0,20,APR26,1969,i
23780339,"Palan, Antonin",CZE,M,,,,1577,0,40,APR26,2013,i
382922,"Palanek, Rene",CZE,M,,,,1662,0,20,APR26,2003,i
23732903,"Palarcik, Matej",CZE,M,,,,1549,0,20,APR26,2000,i
319899,"Palas, Ales",CZE,M,,,,1952,0,20,APR26,1979,i
390585,"Palas, Vladimir",CZE,M,,,,1688,0,20,APR26,2000,i
368326,"Paldus, Jan",CZE,M,,,,1782,0,20,APR26,1987,i
317950,"Paldus, Petr",CZE,M,,,,2004,0,20,APR26,1962,i
23745843,"Palinek, Martin",CZE,M,,,,1529,0,40,APR26,2006,i
359793,"Palka, Bronislav",CZE,M,,,,1928,0,20,APR26,1982,i
1153862,"Palka, Dominika Katarzyna",CZE,F,,,,1797,0,20,APR26,1993,w
302821,"Palkova, Hana",CZE,F,,,,1911,0,20,APR26,1961,wi
383619,"Palla, Marek",CZE,M,,,,1572,0,20,APR26,2005,i
328715,"Palla, Rostislav",CZE,M,,,,1750,0,20,APR26,1948,
337781,"Palla, Stanislav",CZE,M,,,,1711,0,20,APR26,1946,
23744057,"Palme, Mikulas",CZE,M,,,,1611,0,40,APR26,1995,i
23765097,"Palmin, Daniil",CZE,M,,,,1502,0,40,APR26,2011,i
23763426,"Paluba, Ludek",CZE,M,,,,1466,0,40,APR26,2003,i
23718951,"Pan, Jiri",CZE,M,,,,1649,8,20,APR26,1976,
305499,"Pan, Vladimir",CZE,M,,,,1918,0,20,APR26,1970,i
23731516,"Panacek, Ondrej",CZE,M,,,,1739,0,20,APR26,1988,i
23719230,"Panek, Daniel",CZE,M,,,,1741,0,20,APR26,2006,i
23760923,"Panek, Viktor",CZE,M,,,,1443,0,40,APR26,2009,i
323578,"Panos, Jan",CZE,M,,,,1789,0,20,APR26,1957,
393428,"Panyrek, Martin",CZE,M,,,,1499,0,40,APR26,2001,
301035,"Papacek, Stepan",CZE,M,FM,,,2167,0,20,APR26,1962,
323446,"Papacek, Tomas",CZE,M,,,,1740,0,40,APR26,1970,i
315729,"Papan, Cyril",CZE,M,,,,1955,0,20,APR26,1947,i
312150,"Papay, Jindrich",CZE,M,,,,1879,0,20,APR26,1959,
330043,"Papay, Marek",CZE,M,,,,1986,0,20,APR26,1995,
23789786,"Papez, Oliver",CZE,M,,,,1627,0,40,APR26,2009,
23787686,"Papezik, Ivo",CZE,M,,,,1530,0,40,APR26,2011,
354066,"Papirnik, Milan",CZE,M,,,,1672,14,20,APR26,1965,
398012,"Papousek, Michal",CZE,M,,,,1875,0,40,APR26,2006,i
367680,"Pappert, Florian",CZE,M,,,,1834,0,20,APR26,1997,i
23709774,"Papsik, Miroslav",CZE,M,,,,1723,0,20,APR26,1961,i
23785594,"Paradys, Jakub",CZE,M,,,,1637,13,40,APR26,2009,
571001697,"Parafilo, Anton",CZE,M,,,,1592,7,40,APR26,1987,
318094,"Parak, Dominik",CZE,M,,,,2048,0,20,APR26,1979,i
319201,"Paral, Stanislav",CZE,M,,,,2009,0,20,APR26,1957,i
373770,"Pardy, Jiri",CZE,M,,,,1915,0,20,APR26,1981,
318647,"Pardy, Martin",CZE,M,,,,2001,0,20,APR26,1978,i
23766514,"Parizek, Simon Tadeas",CZE,M,,,,1414,0,40,APR26,2007,
360996,"Parizek, Vojtech",CZE,M,FM,,,2115,0,20,APR26,2000,i
375098,"Parma, Frantisek",CZE,M,,,,1816,0,20,APR26,1956,i
23732539,"Parma, Jan",CZE,M,,,,1806,0,20,APR26,1980,i
308390,"Parpel, Petr",CZE,M,,,,1760,0,20,APR26,1948,i
23769084,"Parsch, Marek",CZE,M,,,,1685,8,40,APR26,2008,
329827,"Partl, Miloslav",CZE,M,,,,1837,0,20,APR26,1964,i
320250,"Partys, Petr",CZE,M,,,,1980,0,20,APR26,1978,i
23715324,"Pasek, Josef",CZE,M,,,,1927,7,40,APR26,2010,
386480,"Pasek, Viktor",CZE,M,,,,1654,0,20,APR26,2000,i
23715154,"Paseka, Ales",CZE,M,,,,1719,0,20,APR26,1973,i
23703296,"Paseka, Matyas",CZE,M,FM,,,2082,0,20,APR26,2007,
23742291,"Paskov, Denis",CZE,M,,,,1743,0,40,APR26,2005,i
23740060,"Passer, Lukas",CZE,M,,,,2016,0,40,APR26,2001,
23707070,"Pastir, Samuel",CZE,M,,,,1666,0,40,APR26,2006,i
300462,"Pastircak, Milan",CZE,M,IM,,,2315,0,20,APR26,1961,i
23716096,"Pastircakova, Katerina",CZE,F,,,,1804,0,20,APR26,1990,wi
307882,"Pataridis, Janis",CZE,M,,,,1843,0,20,APR26,1937,i
23735449,"Patha, Filip",CZE,M,,,,1536,0,40,APR26,2005,i
23709049,"Patocka, David",CZE,M,,,,1721,0,20,APR26,2003,i
359335,"Patocka, Josef",CZE,M,,,,1800,0,20,APR26,1949,i
23784288,"Patolan, Jan",CZE,M,,,,1765,9,40,APR26,2002,
23794011,"Paukert, Martin",CZE,M,,,,1496,9,40,APR26,2001,
23753307,"Paulec, Jakub",CZE,M,,,,1465,0,40,APR26,2011,i
23771232,"Paulik, Krystof",CZE,M,,,,1448,0,40,APR26,2016,i
349089,"Paulik, Martin",CZE,M,,,,1936,0,20,APR26,1992,i
306258,"Paulovic, Martin",CZE,M,,,,2048,0,20,APR26,1977,i
383970,"Paulus, Vaclav",CZE,M,,,,2154,9,20,APR26,2001,
391840,"Paus, Marek",CZE,M,,,,1849,0,20,APR26,1995,i
23760389,"Pavelek, Michael",CZE,M,,,,1647,0,40,APR26,2007,
337790,"Pavelek, Stanislav",CZE,M,,,,1742,0,40,APR26,1970,
362778,"Pavelka, Hubert Jan",CZE,M,,,,1815,0,20,APR26,2001,i
319473,"Pavelka, Jindrich",CZE,M,,,,2120,0,20,APR26,1978,
349623,"Pavera, Vit",CZE,M,,,,1958,0,20,APR26,1978,i
387584,"Pavlas, Jaroslav",CZE,M,,,,1824,0,20,APR26,1961,i
23717521,"Pavlas, Miroslav",CZE,M,,,,1806,0,20,APR26,1964,i
23777915,"Pavlicek, Bohumil",CZE,M,,,,1833,0,40,APR26,1953,i
373001,"Pavlicek, Lukas",CZE,M,,,,1981,0,20,APR26,2003,i
341550,"Pavlicek, Miroslav",CZE,M,,,,1774,0,20,APR26,1952,i
325163,"Pavlicek, Petr",CZE,M,,,,1971,0,20,APR26,1944,
354830,"Pavlicek, Robert",CZE,M,,,,1982,0,20,APR26,1973,i
23770856,"Pavlicek, Simon Elias",CZE,M,,,,1489,0,40,APR26,2010,i
323381,"Pavlik, Petr",CZE,M,,,,1996,0,20,APR26,1964,i
377724,"Pavlik, Vladimir",CZE,M,,,,1884,0,20,APR26,2002,i
23735767,"Pavlis, Matej",CZE,M,,,,1838,0,40,APR26,2007,i
23787694,"Pavuk, Martin",CZE,M,,,,1433,0,40,APR26,2013,i
23787708,"Pavuk, Vladimir",CZE,M,,,,1426,0,40,APR26,1980,i
353701,"Pazdera, Tomas",CZE,M,,,,1931,0,20,APR26,1979,
375101,"Pazdziora, Tadeusz",CZE,M,,NA,,1881,0,20,APR26,1959,i
23741260,"Pecenka, Petr",CZE,M,,,,1518,0,20,APR26,2003,i
323390,"Pech, Bretislav",CZE,M,,,,1992,0,20,APR26,1971,i
23733900,"Pech, Martin",CZE,M,,,,1945,0,20,APR26,1980,i
23742925,"Pecha, Jan",CZE,M,,,,1657,0,40,APR26,2006,i
326895,"Pecha, Vladan",CZE,M,,,,1858,0,20,APR26,1965,i
23719869,"Pechanek, Krystof Jan",CZE,M,,,,1641,0,20,APR26,2002,i
321834,"Pechoc, Bohumil",CZE,M,,,,1964,0,20,APR26,1961,i
23762276,"Pechuskova, Mia",CZE,F,,,,1577,0,40,APR26,2015,w
23763574,"Pecinka, Lukas",CZE,M,,,,1525,0,40,APR26,2016,
23712520,"Pecka, Jan",CZE,M,,,,2008,0,40,APR26,2006,
23741082,"Pecl, Jaroslav",CZE,M,,,,1725,0,20,APR26,1955,
312100,"Pehal, Ludek",CZE,M,,,,1812,0,20,APR26,1960,i
396796,"Pejcha, Ivos",CZE,M,,,,1503,0,40,APR26,2006,i
23709529,"Pejrimovska, Viola Ruby",CZE,F,,,,1843,0,20,APR26,2006,w
23709537,"Pejrimovsky, Tadeas Rubel",CZE,M,,,,1857,0,20,APR26,2006,
395854,"Pejsa, Jaroslav",CZE,M,,,,1868,0,40,APR26,1976,i
23777923,"Pejsa, Jaroslav",CZE,M,,,,1484,0,40,APR26,2012,i
326160,"Peka, Karel",CZE,M,,,,1624,0,40,APR26,1965,
393088,"Pekar, Adam",CZE,M,,,,1615,0,20,APR26,2002,i
23791039,"Pekar, Petr",CZE,M,,,,1622,10,40,APR26,2014,
323799,"Pekar, Vaclav",CZE,M,CM,,,2167,0,20,APR26,1986,i
366960,"Pekarek, Ales",CZE,M,,NA,,1898,0,20,APR26,2002,
23777648,"Pekarek, Pavel",CZE,M,,,,1602,0,40,APR26,1998,
320269,"Pekarkova, Eva",CZE,F,,,,1913,0,20,APR26,1981,w
347833,"Peklo, Jan",CZE,M,,,,1728,0,40,APR26,1957,i
23792710,"Pelan, Jan",CZE,M,,,,1752,0,40,APR26,2002,
23768070,"Pelan, Pavel",CZE,M,,,,1506,0,40,APR26,1982,i
23723033,"Pelc, Adam",CZE,M,,,,1958,0,20,APR26,2007,i
337820,"Pelikan, David",CZE,M,,,,1942,0,20,APR26,1980,i
380911,"Pelikan, Jaromir",CZE,M,,,,1847,0,20,APR26,1969,i
23715804,"Pelikan, Petr",CZE,M,,,,1719,0,20,APR26,1974,i
23780177,"Pelka Lu, Suyi",CZE,F,,,,1474,0,40,APR26,1977,wi
23780100,"Pelka, Cindy",CZE,F,,,,1494,0,40,APR26,2012,wi
23780185,"Pelka, Jiri",CZE,M,,,,1497,0,40,APR26,1953,i
23761415,"Pelkmans, Floris",CZE,M,,,,1699,0,20,APR26,1993,i
23732067,"Penkava, Vladimir",CZE,M,,,,1835,0,20,APR26,1962,i
332232,"Perik, Alois",CZE,M,,,,1932,0,20,APR26,1947,i
389080,"Perina, Stanislav",CZE,M,,,,1670,0,20,APR26,1945,i
23732202,"Perkner, Vit",CZE,M,,,,1556,0,40,APR26,2006,i
314781,"Pernicova, Tana",CZE,F,WFM,WFM,,2019,0,20,APR26,1986,wi
320277,"Peroutka, Ivo",CZE,M,,,,1713,6,20,APR26,1955,
23753250,"Peroutka, Matej",CZE,M,,,,1578,0,40,APR26,2007,
389854,"Peroutka, Simon",CZE,M,,,,1830,0,20,APR26,2005,i
394785,"Pertl, Jaroslav",CZE,M,,,,1860,0,20,APR26,1951,i
23749008,"Perusic, Ondrej",CZE,M,,,,1597,0,40,APR26,1994,i
392723,"Perutka, Tomas",CZE,M,,,,1869,0,20,APR26,1998,i
23766905,"Pes, Martin",CZE,M,,,,1456,0,40,APR26,2009,i
23766816,"Pes, Matej",CZE,M,,,,1812,0,40,APR26,2009,
23765283,"Pesa, Marek",CZE,M,,,,1731,0,20,APR26,1975,
23763590,"Pesa, Richard",CZE,M,,,,1603,0,40,APR26,2017,
316660,"Pesak, Roman",CZE,M,,,,1986,0,20,APR26,1979,i
23707488,"Pesek, Antonin",CZE,M,,,,1580,0,20,APR26,2007,i
23745010,"Pesek, Jan Antonin",CZE,M,,,,1608,0,40,APR26,2010,
387266,"Pesek, Michal",CZE,M,,,,1682,0,20,APR26,1978,
23774568,"Pesek, Michal",CZE,M,,,,1775,0,40,APR26,2009,
328081,"Pesek, Radomir",CZE,M,,,,2034,0,20,APR26,1966,i
361208,"Peska, Antonin",CZE,M,,,,1695,0,20,APR26,1948,i
385417,"Peska, Jan",CZE,M,,,,1755,0,20,APR26,1951,i
396893,"Peska, Jan",CZE,M,,,,1815,0,20,APR26,1949,i
345377,"Peska, Martin",CZE,M,,,,1762,0,20,APR26,1992,i
23778601,"Peska, Radek",CZE,M,,,,1475,0,40,APR26,1976,i
23760320,"Peskova, Sara",CZE,F,,,,1757,0,40,APR26,2011,w
332240,"Pesl, Jan",CZE,M,,,,1878,0,20,APR26,1978,i
306347,"Pesout, Jan",CZE,M,,,,2134,0,20,APR26,1945,i
23753382,"Pesout, Simon",CZE,M,,,,1695,0,40,APR26,2008,i
325384,"Pesr, Jaromir",CZE,M,,,,1981,0,20,APR26,1942,i
23748818,"Pesta, Milan",CZE,M,,,,1741,0,40,APR26,2009,i
23771240,"Pesta, Petr",CZE,M,,,,1632,0,40,APR26,2007,i
23711531,"Pesta, Richard",CZE,M,,,,1441,0,40,APR26,2005,
23792957,"Pestal, David",CZE,M,,,,1496,2,40,APR26,1975,
23791870,"Pestal, Richard",CZE,M,,,,1468,5,40,APR26,2013,
23783389,"Petak, Martin",CZE,M,,,,1562,0,40,APR26,2012,
388823,"Petera, Milan",CZE,M,,,,1670,0,20,APR26,1959,i
23708557,"Peterek, Zbynek",CZE,M,,,,1620,0,20,APR26,1995,
23741961,"Petirova, Iva",CZE,F,,,,1822,0,20,APR26,2005,w
337854,"Petkov, Andon",CZE,M,,,,1836,0,20,APR26,1963,i
23749601,"Petkov, Jan",CZE,M,,,,1801,0,20,APR26,2004,i
389099,"Petkovsky, Patrik",CZE,M,,,,1897,0,20,APR26,1989,i
318973,"Petlak, Josef",CZE,M,,,,1926,0,20,APR26,1948,i
356476,"Petovsky, Ludovit",CZE,M,,,,1795,0,20,APR26,1963,i
371718,"Petr, Jakub",CZE,M,FM,,,2079,0,20,APR26,2002,i
345784,"Petr, Jan",CZE,M,FM,,,2134,0,20,APR26,1998,i
305154,"Petr, Jan",CZE,M,,,,2004,0,20,APR26,1962,i
329479,"Petr, Josef",CZE,M,,,,1828,0,20,APR26,1946,i
396907,"Petr, Ladislav",CZE,M,,,,1721,0,40,APR26,1980,
354864,"Petr, Lubos",CZE,M,,,,1865,0,20,APR26,1960,i
318299,"Petr, Martin",CZE,M,GM,,,2462,0,10,APR26,1988,
23780452,"Petr, Roman",CZE,M,,,,1684,0,40,APR26,1966,i
387525,"Petr, Zdenek",CZE,M,,,,1768,0,20,APR26,1959,i
309699,"Petrak, Robert",CZE,M,,,,2024,0,20,APR26,1954,i
23792264,"Petran, Marek",CZE,M,,,,1462,0,40,APR26,2011,
23707437,"Petran, Radoslav",CZE,M,,,,1585,0,20,APR26,1986,i
349402,"Petran, Tomas",CZE,M,,,,1851,0,20,APR26,1948,i
342203,"Petranek, Marian",CZE,M,,,,1930,0,20,APR26,1988,i
393568,"Petranyi, Radoslav",CZE,M,,,,1584,0,20,APR26,1986,i
306665,"Petras, Milan",CZE,M,CM,NA,,1905,0,20,APR26,1959,
23709430,"Petrasek, David",CZE,M,,,,1690,0,20,APR26,2000,
23735880,"Petrasek, Jiri",CZE,M,,,,1777,7,40,APR26,2011,
359343,"Petrasek, Kamil",CZE,M,,,,1883,0,20,APR26,1995,i
332259,"Petraz, Martin",CZE,M,,,,1968,0,20,APR26,1991,i
389102,"Petrik, Alfred",CZE,M,,,,1783,0,20,APR26,1958,i
23722002,"Petrik, Jozef",CZE,M,,,,1643,0,40,APR26,2010,i
23722010,"Petrik, Peter",CZE,M,,,,1884,0,20,APR26,1986,i
325473,"Petrik, Petr",CZE,M,,,,1967,0,20,APR26,1962,
387533,"Petrivalsky, Jiri",CZE,M,,,,1528,0,20,APR26,1967,
363081,"Petrlik, Martin",CZE,M,,,,1894,0,20,APR26,1988,i
23778253,"Petrlik, Tomas",CZE,M,,,,1608,0,40,APR26,2012,
343323,"Petrov, Bogoljub",CZE,M,,,,1908,0,20,APR26,1936,i
358290,"Petrov, Nikolaj",CZE,M,,NA,,1722,8,20,APR26,1953,
309672,"Petrova, Kristyna",CZE,F,WGM,WGM,,2137,0,20,APR26,1992,w
23774479,"Petrovka, Michal",CZE,M,,,,1683,0,20,APR26,1992,
23774215,"Petrovsky, Petr",CZE,M,,,,1403,0,40,APR26,2010,i
332267,"Petrun, Milan",CZE,M,,,,1949,0,20,APR26,1980,i
23706724,"Petruzalek, Jiri",CZE,M,,,,1635,0,40,APR26,1949,i
314773,"Petrzela, Pavel",CZE,M,,,,1910,14,20,APR26,1966,
340308,"Petrzelka, Karel",CZE,M,,,,1917,0,20,APR26,1941,i
23761822,"Petrzik, Oliver",CZE,M,,,,1510,0,40,APR26,2009,i
387142,"Peuker, Frantisek",CZE,M,,,,1810,0,20,APR26,1955,i
398608,"Pevny, Frantisek",CZE,M,,,,1758,0,20,APR26,1958,
23732075,"Pexa, Jiri",CZE,M,,,,1801,0,20,APR26,1982,
23759577,"Pham, Jan",CZE,M,,,,1804,0,40,APR26,2004,
23763221,"Pham, Lan Phuong",CZE,F,,,,1538,0,20,APR26,1998,w
23777990,"Pham, Minh Tiep",CZE,M,,,,1608,0,40,APR26,2011,i
23785861,"Pham, Tuan Anh",CZE,M,,,,1531,0,40,APR26,2010,
325198,"Picek, Miroslav",CZE,M,,,,1834,8,20,APR26,1958,
23730056,"Picha, Lukas",CZE,M,,,,1959,0,20,APR26,2007,
23751940,"Picha, Pavel",CZE,M,,,,1676,0,20,APR26,1970,i
23765291,"Pichenko, Ruslan",CZE,M,,,,1531,0,40,APR26,2009,
23743140,"Pierieviezientsev, Danyil",CZE,M,,,,1862,0,20,APR26,1999,
23750979,"Pierowski, Jakub",CZE,M,,,,1696,0,40,APR26,2008,
1136194,"Piesik, Piotr",CZE,M,IM,,,2354,22,10,APR26,1990,
23726105,"Pilar, Frantisek",CZE,M,,,,1543,0,40,APR26,2008,i
395102,"Pilar, Vit",CZE,M,,,,1689,0,40,APR26,2006,i
358665,"Pilch, David",CZE,M,,,,1799,0,20,APR26,2000,i
337870,"Pilch, Roman",CZE,M,,,,2091,0,20,APR26,1992,
384372,"Pilna, Jitka",CZE,F,,,,1618,0,20,APR26,2003,wi
368032,"Pilny, Jiri",CZE,M,,,,1960,0,20,APR26,1971,i
320242,"Pilsova, Karolina",CZE,F,WGM,WGM,,2202,0,20,APR26,1993,w
387967,"Pindjak, Michal",CZE,M,,,,1855,0,,APR26,1984,i
23790296,"Pindur, Filip",CZE,M,,,,1431,0,40,APR26,2017,
359955,"Pindura, Vladimir",CZE,M,,,,1734,0,20,APR26,1946,i
326518,"Pinkava, Josef",CZE,M,,,,1905,0,20,APR26,1977,i
23760672,"Pinter, Filip",CZE,M,,,,1576,0,20,APR26,2002,i
394025,"Pipek, Petr",CZE,M,,NA,,1778,0,20,APR26,1999,i
23799668,"Pipiska, Erik",CZE,M,,,,1438,0,40,APR26,2011,
334812,"Pirhala, Ladislav",CZE,M,,,,1475,7,20,APR26,1948,
313777,"Pirklova, Hana",CZE,F,WFM,WFM,,1984,0,20,APR26,1982,w
387975,"Pisa, Lubomir",CZE,M,,,,1684,0,20,APR26,1943,i
358312,"Pisa, Vladimir",CZE,M,,,,1917,0,20,APR26,1945,i
23701501,"Pisar, Tomas",CZE,M,,,,1790,0,20,APR26,2006,
23778210,"Pisarcik, Peter",CZE,M,,,,1573,0,40,APR26,2000,i
310468,"Pise, Jan",CZE,M,,,,1947,0,20,APR26,1939,i
390259,"Pise, Michal",CZE,M,,,,1628,0,20,APR26,2004,i
304689,"Pisk, Petr",CZE,M,IM,,,2344,0,20,APR26,1974,
382205,"Piskac, Marek",CZE,M,,,,1755,0,20,APR26,2001,i
303828,"Piskac, Ondrej",CZE,M,,,,1840,0,20,APR26,1960,i
23700254,"Piskor, Martin",CZE,M,,,,1763,0,20,APR26,1971,
398241,"Pisova, Adriana",CZE,F,,,,1455,0,40,APR26,2006,wi
23750740,"Pistej, Tomas",CZE,M,,,,1735,0,20,APR26,2007,i
329487,"Pistek, Jan",CZE,M,,,,1849,0,20,APR26,1988,
23772476,"Pistek, Zdenek",CZE,M,,,,1570,6,40,APR26,2009,
23759909,"Pistulka, Stepan",CZE,M,,,,1456,0,40,APR26,2012,i
23757574,"Pitar, Milan",CZE,M,,,,1628,0,20,APR26,1974,
23777141,"Pitka, Peter",CZE,M,,,,1579,0,40,APR26,1996,i
388467,"Pitra, Karel",CZE,M,,,,1948,0,20,APR26,1980,i
337897,"Pittermann, Jan",CZE,M,,,,1792,0,20,APR26,1952,
364142,"Pivonka, Michael",CZE,M,,,,1859,0,20,APR26,1998,
300624,"Piza, Vlastimil",CZE,M,FM,,,2237,0,20,APR26,1961,i
23793554,"Pizl, Miroslav",CZE,M,,,,1654,8,40,APR26,2008,
399256,"Placer, Sebastian",CZE,M,,,,2071,0,20,APR26,2004,i
23762020,"Plachy, Erik",CZE,M,,,,1416,0,40,APR26,2007,i
333999,"Plachy, Josef",CZE,M,,,,1767,0,20,APR26,1936,i
323020,"Plasek, Radim",CZE,M,,,,1930,0,20,APR26,1975,i
309800,"Plasek, Zdenek",CZE,M,,,,1945,9,20,APR26,1959,
342220,"Plasil, Jiri",CZE,M,,,,2128,0,20,APR26,1962,i
359360,"Plasil, Petr",CZE,M,,,,1978,0,20,APR26,1974,
23707607,"Plate, Marion Helga",CZE,F,,,,1768,0,20,APR26,1960,wi
23762039,"Platz, Martin",CZE,M,,,,1655,0,20,APR26,2007,i
2403021,"Plchot, Miroslav",CZE,M,,,,1908,0,20,APR26,1975,i
23763523,"Plechacek, Matej",CZE,M,,,,1859,0,,APR26,2011,
23787295,"Pleskac, Martin",CZE,M,,,,1669,0,40,APR26,1964,
23748699,"Plesnik, Vladimir",CZE,M,,,,1694,0,20,APR26,1972,i
359262,"Plesnivy, Martin",CZE,M,,,,1783,0,20,APR26,1984,
303470,"Pletanek, Jan",CZE,M,FM,,,2164,0,20,APR26,1959,i
394033,"Pletkova, Vaclava",CZE,F,,,,1664,8,20,APR26,1974,w
337900,"Plhacek, Vaclav",CZE,M,,,,1792,0,20,APR26,1950,
23742097,"Plhak, Marek",CZE,M,,,,1842,0,20,APR26,1966,i
301701,"Plicka, Jiri",CZE,M,,,,1921,0,20,APR26,1964,i
301728,"Plicka, Petr",CZE,M,,,,1753,7,20,APR26,1960,
23718978,"Plisek, Tadeas",CZE,M,,,,1493,0,40,APR26,2005,i
339520,"Ploch, Petr",CZE,M,,,,1906,0,20,APR26,1987,i
23713690,"Plojharova, Dagmar",CZE,F,,,,1686,0,20,APR26,1949,wi
23745088,"Pluhackova, Eliska",CZE,F,,,,1463,0,40,APR26,2011,w
23776234,"Plzak, David",CZE,M,,,,1841,0,40,APR26,2009,
23729597,"Pobrislova, Ivana",CZE,F,,,,1546,0,20,APR26,1966,wi
23742305,"Pobucky, Ondrej",CZE,M,,,,1675,0,40,APR26,2005,i
23750081,"Poche, Oliver",CZE,M,,,,1648,0,40,APR26,2006,i
4146387,"Pochinkov, Andrey",CZE,M,,,,2037,0,20,APR26,1970,
23748125,"Pochman, Rudolf",CZE,M,,,,1597,0,20,APR26,1984,i
337919,"Pochyly, Bronislav",CZE,M,,,,1832,0,20,APR26,1989,i
23764686,"Podesva, Adam",CZE,M,,,,1512,0,40,APR26,1996,i
23725028,"Podlesak, Martin",CZE,M,,,,1406,0,40,APR26,2005,i
308676,"Podlesny, Pavel",CZE,M,,,,1962,9,20,APR26,1960,
315346,"Podlesny, Petr",CZE,M,,,,1805,8,20,APR26,1954,
23748400,"Podlipska, Lucie",CZE,F,,,,1656,0,40,APR26,2005,wi
23707666,"Podlipsky, Petr",CZE,M,,,,1578,0,40,APR26,2005,i
391727,"Podrazky, Jan",CZE,M,,,,1539,0,20,APR26,2003,i
391735,"Podrazky, Radim",CZE,M,,,,1855,0,20,APR26,1968,i
378470,"Podrazska, Zuzana",CZE,F,,,,1812,0,20,APR26,1986,wi
385824,"Podskubka, Ondrej",CZE,M,,,,1827,0,20,APR26,1995,
376299,"Podzimek, Adam",CZE,M,,,,1687,0,20,APR26,2002,i
34365478,"Pogorelskiy, Boris",CZE,M,,,,2002,7,40,APR26,2011,
337927,"Pohludka, Ondrej",CZE,M,,,,1787,7,20,APR26,1972,
23789980,"Pohuliailo, Nikita",CZE,M,,,,1560,0,40,APR26,2012,
396915,"Pokladnik, Martin",CZE,M,,,,1978,0,20,APR26,1989,i
323926,"Pokora, Lubomir",CZE,M,,,,1954,0,20,APR26,1940,i
368474,"Pokorna, Jana",CZE,F,,,,1711,0,20,APR26,1999,wi
23739819,"Pokorny, Igor",CZE,M,,,,1430,0,20,APR26,2004,i
340324,"Pokorny, Jan",CZE,M,,,,1924,6,20,APR26,1987,
23750421,"Pokorny, Jan",CZE,M,,,,1901,0,40,APR26,1983,i
325481,"Pokorny, Jan",CZE,M,,,,1767,0,20,APR26,1949,
23734930,"Pokorny, Jiri",CZE,M,,,,1887,0,20,APR26,2007,
337935,"Pokorny, Jiri",CZE,M,,,,1858,0,20,APR26,1988,i
362280,"Pokorny, Jiri",CZE,M,,,,1577,0,40,APR26,1963,
23780240,"Pokorny, Jiri",CZE,M,,,,1535,0,40,APR26,1987,i
23742577,"Pokorny, Marian",CZE,M,,,,1634,5,40,APR26,2013,
571002340,"Pokorny, Martin",CZE,M,,,,1780,9,40,APR26,1979,
343404,"Pokorny, Ondrej",CZE,M,,,,1963,0,20,APR26,1983,i
311561,"Pokorny, Petr",CZE,M,,,,2188,0,20,APR26,1966,i
23779241,"Pokorny, Petr",CZE,M,,,,1565,2,40,APR26,2012,
23765577,"Pokorny, Petr",CZE,M,,,,1506,0,40,APR26,1986,i
23764392,"Pokorny, Petr",CZE,M,,,,1724,0,40,APR26,1978,
373320,"Pokorny, Radek",CZE,M,,,,1624,0,20,APR26,1996,i
306622,"Pokorny, Tomas",CZE,M,,NA,,2123,0,20,APR26,1969,
23732784,"Pokorny, Tomas",CZE,M,,,,1513,0,40,APR26,2005,i
23732989,"Pokorny, Vincent",CZE,M,,,,1525,0,40,APR26,2009,i
23760940,"Pokorny, Vojtech",CZE,M,,,,1498,0,40,APR26,2013,i
23777435,"Pokorny, Wyatt",CZE,M,,,,1701,0,,APR26,2009,i
307386,"Pokrupa, Marek",CZE,M,,,,2097,0,20,APR26,1973,
23760435,"Polacek, Matous",CZE,M,,,,1500,0,40,APR26,2013,
23772751,"Polacek, Michal",CZE,M,,,,1457,0,40,APR26,1957,
23778156,"Polacek, Timotej",CZE,M,,,,1627,0,20,APR26,2007,
331171,"Polach, Danes",CZE,M,,,,1973,0,20,APR26,1975,
23743107,"Polach, Kamil",CZE,M,,,,1788,0,20,APR26,1975,i
23739746,"Polach, Ladislav",CZE,M,,,,1698,0,20,APR26,1980,i
23739754,"Polach, Ladislav",CZE,M,,,,1698,0,20,APR26,1956,
317012,"Polak, Benedikt",CZE,M,,,,2043,0,20,APR26,1984,
23769890,"Polak, Daniel",CZE,M,,,,1794,0,40,APR26,2010,
362794,"Polak, Martin",CZE,M,,,,1921,0,20,APR26,2002,i
23704012,"Polak, Michal",CZE,M,,,,1891,0,20,APR26,2002,
320757,"Polak, Radim",CZE,M,,,,1871,0,20,APR26,1970,i
300560,"Polak, Tomas",CZE,M,GM,,,2460,0,10,APR26,1974,
399140,"Polak, Zdenek",CZE,M,,,,1686,0,20,APR26,1955,i
364657,"Polansky, Adam Lubos",CZE,M,,,,1952,0,20,APR26,2003,i
354899,"Polansky, Jiri",CZE,M,,,,1857,0,20,APR26,1982,
23741872,"Polansky, Matej",CZE,M,,,,1457,0,40,APR26,2012,
23760460,"Polansky, Ondrej",CZE,M,,,,1580,0,40,APR26,2008,
300411,"Polasek, Jaroslav",CZE,M,IM,,,2328,0,20,APR26,1957,i
571000950,"Poldauf, Petr",CZE,M,,,,1641,0,40,APR26,1981,
23732270,"Poldauf, Sandro",CZE,M,,,,1472,0,20,APR26,1989,i
23765488,"Polenka, Jan",CZE,M,,,,1551,0,40,APR26,1973,i
34170260,"Poliakov, Ivan",CZE,M,,,,1675,0,40,APR26,2010,
23775416,"Poliakov, Mykhailo",CZE,M,,,,1744,6,20,APR26,2006,
23734868,"Policar, Martin",CZE,M,,,,1932,0,40,APR26,2012,
23747811,"Policerova, Barbora",CZE,F,,,,1702,0,40,APR26,2009,wi
23750286,"Polivka, Miroslav",CZE,M,,,,1537,0,40,APR26,1969,i
23790660,"Poljak, Darian",CZE,M,,,,1594,0,40,APR26,2003,
23754389,"Poljak, Kristian",CZE,M,,,,1898,0,40,APR26,2010,
23740590,"Poljak, Lucian",CZE,M,,,,1571,0,40,APR26,2007,i
334626,"Polka, Bohumil",CZE,M,,,,1739,0,20,APR26,1939,i
300292,"Poloch, Petr",CZE,M,IM,,,2241,0,20,APR26,1953,i
23761202,"Polomsky, Jaroslav",CZE,M,,,,1559,0,20,APR26,1994,i
23792116,"Pomikalek, Antonin",CZE,M,,,,1481,0,40,APR26,2012,
23792124,"Pomikalek, Jan",CZE,M,,,,1769,0,,APR26,1979,
322202,"Ponizil, Cyril",CZE,M,IM,,,2399,0,20,APR26,1991,i
23777931,"Ponomarenko, Marko",CZE,M,,,,1487,0,,APR26,2004,
342246,"Popelka, Oldrich",CZE,M,,,,2062,0,20,APR26,1956,i
343021,"Popelka, Pavel",CZE,M,,,,1876,0,20,APR26,1965,i
23741678,"Popelka, Petr Benedikt",CZE,M,,,,1647,0,20,APR26,1984,i
23732580,"Popov, Roman",CZE,M,CM,,,1972,0,40,APR26,2010,
389978,"Popovsky, Ondrej",CZE,M,,,,1825,0,20,APR26,2004,i
316504,"Popper, Tomas",CZE,M,,,,2018,0,20,APR26,1980,i
381039,"Porazil, Jan Frantisek",CZE,M,,,,1612,0,20,APR26,2001,
312223,"Porc, Pavel",CZE,M,,,,1723,0,20,APR26,1968,i
23718994,"Pors, Jaroslav",CZE,M,,,,1958,0,20,APR26,2005,
23746076,"Porter, William",CZE,M,,,,1667,0,40,APR26,2011,
368113,"Portes, Pavel",CZE,M,,,,1768,0,20,APR26,1960,i
23743603,"Portesova, Viktorie",CZE,F,,,,1802,0,40,APR26,2010,w
331775,"Portych, Vaclav",CZE,M,,,,1805,0,20,APR26,1951,
23723602,"Porubcan, Antonin",CZE,M,,,,1572,0,40,APR26,2008,i
23787511,"Poshtar, Liubomyr",CZE,M,,,,1645,0,40,APR26,2011,
329835,"Pospech, Radim",CZE,M,,,,1922,0,20,APR26,1954,
387274,"Pospichal, Michael",CZE,M,,NA,,1863,0,20,APR26,1999,i
356131,"Pospisil, Adolf",CZE,M,,,,1698,0,20,APR26,1943,i
310085,"Pospisil, Evzen",CZE,M,,,,1985,0,20,APR26,1955,
359963,"Pospisil, Ignac",CZE,M,,,,1960,0,20,APR26,1949,i
357146,"Pospisil, Jiri",CZE,M,,,,1854,0,20,APR26,1974,i
23772956,"Pospisil, Lukas",CZE,M,,,,1962,7,40,APR26,2010,
23787570,"Pospisil, Marek",CZE,M,,,,1562,0,40,APR26,2008,i
23715014,"Pospisil, Martin",CZE,M,,,,1581,0,40,APR26,2005,i
23771526,"Pospisil, Ondrej",CZE,M,,,,1677,0,40,APR26,2007,i
23715120,"Pospisil, Pavel",CZE,M,,,,1601,7,40,APR26,1970,
359378,"Pospisil, Petr",CZE,M,,,,1858,0,20,APR26,1997,i
23727772,"Pospisil, Tomas",CZE,M,,,,1722,0,20,APR26,1969,i
23715952,"Pospisil, Tomas",CZE,M,,,,1516,0,20,APR26,2003,i
23709448,"Postl, Frantisek",CZE,M,,,,1514,0,40,APR26,2007,i
23726636,"Postl, Frantisek",CZE,M,,,,1503,0,20,APR26,1978,
320579,"Postl, Petr",CZE,M,,,,1936,0,20,APR26,1986,i
23753404,"Postlova, Agata",CZE,F,,,,1477,6,40,APR26,2015,w
390461,"Postranecka, Zuzana",CZE,F,,,,1515,0,20,APR26,2002,wi
325210,"Postupa, Martin",CZE,M,,,,1988,0,20,APR26,1989,
326410,"Postupa, Pavel",CZE,M,,,,2140,0,20,APR26,1988,
306274,"Postupa, Pavel",CZE,M,,,,1939,0,20,APR26,1962,i
305375,"Posva, Jaroslav",CZE,M,,,,1848,0,20,APR26,1944,i
303534,"Potomak, Vladimir",CZE,M,,,,1963,0,20,APR26,1954,i
23733918,"Potucek, Josef",CZE,M,,,,1477,0,20,APR26,1948,i
381357,"Potucek, Martin",CZE,M,,,,1731,7,40,APR26,2001,
23750090,"Potuznik, Cenek",CZE,M,,,,1666,0,40,APR26,2008,i
356654,"Pouch, Milan",CZE,M,,,,2064,0,20,APR26,1979,
385441,"Poveda, Michael",CZE,M,,,,1502,0,20,APR26,1996,
23767243,"Povysil, Martin",CZE,M,,,,1633,0,40,APR26,2007,i
23751681,"Powell, Filip",CZE,M,,,,1404,0,40,APR26,2010,
23751690,"Powell, Matyas",CZE,M,,,,1427,0,40,APR26,2013,
23791977,"Pozdnicek, Matyas",CZE,M,,,,1456,0,40,APR26,2010,
23778342,"Pozhar, David",CZE,M,,,,1775,0,20,APR26,2005,
23764112,"Poznicek, Antonin",CZE,M,,,,1922,21,40,APR26,2014,
23799684,"Prach, Simon",CZE,M,,,,1717,0,40,APR26,2011,
308412,"Prachar, Josef",CZE,M,,,,1801,0,20,APR26,1940,
328111,"Prachar, Mojmir",CZE,M,,,,1919,0,20,APR26,1970,i
23751703,"Prachar, Vaclav",CZE,M,,,,1409,0,40,APR26,2010,i
23751061,"Pravda, Daniel Thomas",CZE,M,,,,1600,0,40,APR26,2003,i
374113,"Pravda, Krystof",CZE,M,,,,1794,0,20,APR26,2002,i
394645,"Pravda, Petr",CZE,M,,,,1594,0,20,APR26,2005,i
398713,"Pravdova, Tereza",CZE,F,,,,1472,0,40,APR26,2007,wi
23717394,"Pravec, Martin",CZE,M,,,,1540,0,40,APR26,2007,i
23708670,"Pravec, Pavel",CZE,M,,,,1567,0,20,APR26,1969,i
367702,"Prax, Ivo",CZE,M,,,,1980,0,20,APR26,1983,i
23709456,"Prazak, Daniel",CZE,M,FM,,,2220,0,40,APR26,2008,
23708492,"Prazak, David",CZE,M,,,,1734,0,20,APR26,1983,i
323500,"Prazak, Jiri",CZE,M,,,,1723,0,20,APR26,1943,i
346500,"Prazak, Matous",CZE,M,,,,1927,0,20,APR26,1997,i
322210,"Prazak, Ondrej",CZE,M,,,,2008,0,20,APR26,1985,i
388718,"Prazak, Viktor",CZE,M,,,,1714,0,20,APR26,2004,i
23769670,"Prchal, Jan",CZE,M,,,,1592,0,40,APR26,1961,
357154,"Prchly, Milos",CZE,M,,,,2003,0,20,APR26,1952,i
23769483,"Prech, Vit",CZE,M,,,,1635,0,40,APR26,2011,
23717785,"Predota, Vit",CZE,M,,,,1544,0,40,APR26,2005,i
366706,"Premus, Jan",CZE,M,,,,1799,0,20,APR26,1969,i
23732547,"Premus, Jan",CZE,M,,,,1587,0,20,APR26,1990,
339660,"Prenosil, Jiri",CZE,M,,NA,,2058,0,20,APR26,1976,i
374121,"Prenosil, Julian",CZE,M,,,,1721,0,20,APR26,2002,i
23717653,"Pressler, Robert",CZE,M,,,,1756,0,20,APR26,1977,i
23715359,"Pressler, Tobias",CZE,M,,,,2047,0,40,APR26,2008,
340669,"Pribik, Petr",CZE,M,,,,1936,0,20,APR26,1946,i
315443,"Pribyl, Jakub",CZE,M,,,,2017,0,20,APR26,1982,
321850,"Pribyl, Jaroslav",CZE,M,,,,1948,0,20,APR26,1949,i
323616,"Pribyl, Jaroslav",CZE,M,,,,1986,0,20,APR26,1982,i
372200,"Pribyl, Jiri",CZE,M,,,,1858,0,20,APR26,1955,i
300187,"Pribyl, Josef",CZE,M,IM,,,2168,0,20,APR26,1947,
302392,"Pribyl, Martin",CZE,M,IM,,,2164,0,20,APR26,1974,i
324396,"Pribyl, Petr",CZE,M,,,,1972,0,20,APR26,1980,i
308080,"Pribyl, Radomir",CZE,M,,,,1969,0,20,APR26,1971,i
314455,"Pribyl, Rene",CZE,M,,,,1960,0,20,APR26,1968,
371971,"Pribyl, Viktor",CZE,M,CM,,,2062,0,20,APR26,2005,i
327131,"Pribylova, Ruzena",CZE,F,,NA,,1805,0,20,APR26,1950,wi
371726,"Pribylova, Sofie",CZE,F,WFM,WFM,NA,1917,0,20,APR26,2002,wi
14900122,"Priehoda, Vitezslav",CZE,M,IM,,,2244,0,20,APR26,1960,
23768681,"Prihoda, Josef",CZE,M,,,,1615,0,40,APR26,2008,
23745770,"Prikryl, Daniel",CZE,M,,,,1439,0,40,APR26,2012,
387983,"Prikryl, Stanislav",CZE,M,,,,1758,0,20,APR26,1948,i
23709090,"Pristas , Maros",CZE,M,,,,1530,0,20,APR26,1985,i
364835,"Privoznik, Lubos",CZE,M,,,,1708,0,20,APR26,1957,i
310352,"Prochazka, Dalibor",CZE,M,,,,2130,0,20,APR26,1970,i
343412,"Prochazka, Jiri",CZE,M,,,,2132,0,20,APR26,1965,
23780355,"Prochazka, Josef",CZE,M,,,,1795,0,40,APR26,1992,
23766409,"Prochazka, Marek",CZE,M,,,,1607,0,40,APR26,2003,i
337978,"Prochazka, Pavel",CZE,M,,,,1691,4,20,APR26,1960,
23724773,"Prochazka, Petr",CZE,M,,,,1641,0,20,APR26,1955,i
23792396,"Prochazka, Tomas",CZE,M,,,,1640,0,40,APR26,1983,
385549,"Prochazka, Viktor",CZE,M,,,,1572,0,20,APR26,2004,i
23735899,"Prokop, Adam",CZE,M,,,,1569,0,20,APR26,2004,i
23738901,"Prokop, David",CZE,M,,,,1711,0,20,APR26,1990,
23730820,"Prokop, Filip",CZE,M,,,,1645,0,40,APR26,2007,i
23745649,"Prokop, Hanzl",CZE,M,,,,1575,0,20,APR26,2003,i
376582,"Prokop, Jiri",CZE,M,,,,1813,0,20,APR26,1968,i
23733683,"Prokop, Martin",CZE,M,,,,1569,0,20,APR26,1981,i
376493,"Prokop, Matej",CZE,M,,,,1881,0,20,APR26,2000,
23735120,"Prokop, Matej",CZE,M,,,,1572,8,40,APR26,2008,
23765682,"Prokopchik, Arina",CZE,M,,,,1487,0,40,APR26,2003,i
23778016,"Prokopchuk, Oleksandr",CZE,M,,,,1731,0,40,APR26,2016,
23729147,"Prokopec, Filip",CZE,M,,,,1717,0,40,APR26,2005,
348864,"Prokopova, Simona",CZE,F,,,,1909,0,20,APR26,1998,wi
324400,"Prokupek, Vaclav",CZE,M,,,,1628,0,20,APR26,1972,i
23779853,"Prosecky, Mojmir",CZE,M,,,,1705,0,40,APR26,2009,
323675,"Prouza, Tomas",CZE,M,,,,1924,0,20,APR26,1981,i
23786507,"Provazek, Karel",CZE,M,,,,1723,0,40,APR26,2009,i
354910,"Provaznik, Ivo",CZE,M,,,,1917,0,20,APR26,1965,i
315273,"Provaznik, Michal",CZE,M,CM,,,2198,0,20,APR26,1977,i
23752548,"Prstecky, Jan",CZE,M,,,,1569,0,40,APR26,2011,
330086,"Prucek, Ladislav",CZE,M,,,,1827,0,20,APR26,1962,
327310,"Prudek, Jiri",CZE,M,,,,1998,0,20,APR26,1965,i
23746386,"Pruka, Vojtech",CZE,M,,,,1679,0,40,APR26,2012,
23727918,"Prusa, Radek",CZE,M,,,,1605,0,40,APR26,2005,i
571000429,"Prusai, Davyd",CZE,M,,,,1546,0,40,APR26,2010,
23765305,"Prusek, David",CZE,M,,,,1476,0,40,APR26,1972,i
23725745,"Pruskova, Justyna",CZE,F,,,,1664,0,40,APR26,2011,wi
23739886,"Pruzina, Josef",CZE,M,,,,1749,0,20,APR26,1953,i
386634,"Przybyla, Lukas",CZE,M,,,,1686,0,20,APR26,1998,i
328138,"Psenicka, Pavel",CZE,M,,,,2024,0,20,APR26,1987,i
23717530,"Psotka, Tomas",CZE,M,,,,1719,0,20,APR26,1972,i
364150,"Ptacek, Jan",CZE,M,,NA,,1924,0,20,APR26,2000,
320323,"Ptacek, Lubos",CZE,M,,,,2062,7,20,APR26,1975,
340340,"Ptacek, Miloslav",CZE,M,,,,1825,0,20,APR26,1946,i
349119,"Ptacek, Tomas",CZE,M,,,,2020,0,20,APR26,1998,i
23710047,"Ptacek, Vladimir",CZE,M,,NA,,1594,0,20,APR26,1969,
23712791,"Ptacnik, Jan",CZE,M,,,,1628,0,40,APR26,2007,i
383279,"Pucholt, Martin",CZE,M,,,,1714,0,20,APR26,1978,
23724277,"Puczok, Marian",CZE,M,,,,1462,0,20,APR26,2004,i
395498,"Pudil, Lukas",CZE,M,,,,1501,0,20,APR26,2002,i
23741570,"Pukowietz, Marek",CZE,M,,,,1792,0,40,APR26,2012,
23741589,"Pukowietz, Patrik",CZE,M,,,,1904,0,40,APR26,2008,
23741597,"Pukowietzova, Miroslava",CZE,F,,,,1494,0,40,APR26,1980,w
23777559,"Pulda, Lukas",CZE,M,,,,1588,0,40,APR26,2006,i
23751711,"Pulda, Richard",CZE,M,,,,1539,0,20,APR26,2003,i
23708220,"Pulec, Ondrej",CZE,M,,,,1681,0,20,APR26,1986,i
346985,"Pulpan, David",CZE,M,,,,1930,0,20,APR26,1972,i
302759,"Pulpan, Jakub",CZE,M,IM,,,2499,0,10,APR26,1998,
397857,"Pulpan, Jiri",CZE,M,,,,1639,0,20,APR26,1976,i
345016,"Pulpan, Matej",CZE,M,,,,2009,0,20,APR26,2001,i
395110,"Pulpan, Ondrej",CZE,M,,,,1681,0,40,APR26,2005,i
23782897,"Pumpr, Martin",CZE,M,,,,1545,0,40,APR26,1997,i
23732431,"Pumpr, Zdenek",CZE,M,,,,1689,0,20,APR26,1964,i
23765313,"Pumprla, Pavel",CZE,M,,,,1490,0,40,APR26,2000,i
23749733,"Punda, Michal",CZE,M,,,,1553,0,20,APR26,1978,i
338036,"Purkyt, Jaroslav",CZE,M,,,,1725,0,20,APR26,1951,i
313130,"Purnoch, Josef",CZE,M,,,,2132,0,20,APR26,1968,
23777150,"Puskar, Tibor",CZE,M,,,,1715,0,40,APR26,2003,i
23757612,"Pustejovsky, Patrik",CZE,M,,,,1861,0,40,APR26,2008,
23781262,"Pustka, Jiri",CZE,M,,,,1505,0,40,APR26,1978,
23786965,"Pustka, Jiri Daniel",CZE,M,,,,1507,0,40,APR26,2018,
23736950,"Pusztai, Radim",CZE,M,,,,1567,0,40,APR26,2009,i
344630,"Pycha, Patrik",CZE,M,,,,2063,7,20,APR26,1997,
351369,"Pychova, Nela",CZE,F,WFM,WFM,,2145,0,20,APR26,1999,wi
315508,"Quach, Hoang Binh",CZE,M,,,,1684,0,20,APR26,1986,i
377023,"Raba, Milan",CZE,M,,,,1644,0,20,APR26,1950,i
329517,"Rabatin, Jakub",CZE,M,FM,FI,,2255,0,20,APR26,1994,
358355,"Rabatin, Martin",CZE,M,,,,1603,0,20,APR26,1997,i
370428,"Rabek, Vlastimil",CZE,M,,,,1846,0,20,APR26,1968,i
23718676,"Rabel, Tomas",CZE,M,,,,1728,0,20,APR26,2001,i
23764406,"Racak, Jiri",CZE,M,,,,1456,0,40,APR26,2016,
23764414,"Racak, Jiri",CZE,M,,,,1467,0,40,APR26,1994,
310298,"Racek, Jiri",CZE,M,,,,1931,0,20,APR26,1951,i
23733497,"Racek, Pavel",CZE,M,,,,1501,0,20,APR26,1973,i
23780401,"Rach, Stanislav",CZE,M,,,,1467,0,40,APR26,1958,i
23795468,"Rada, Elias",CZE,M,,,,1623,0,40,APR26,2014,
378348,"Rada, Miroslav",CZE,M,,,,2004,0,20,APR26,1984,i
344346,"Radecki, Petr",CZE,M,,,,1998,0,20,APR26,1978,i
23787589,"Radej, Alexandr",CZE,M,,,,1526,0,40,APR26,2006,
361003,"Radics, Robert",CZE,M,,NA,,1764,0,20,APR26,1971,
23708603,"Radko, Jan",CZE,M,,,,1816,0,20,APR26,1992,i
347663,"Radvanovsky, Petr",CZE,M,,,,1638,8,20,APR26,1980,
23749610,"Radvansky, David",CZE,M,,,,1413,0,40,APR26,2007,i
23745282,"Rafaja, Jakub",CZE,M,,,,1507,0,20,APR26,1996,i
324876,"Rafaja, Marek",CZE,M,,,,1921,0,20,APR26,1973,
345385,"Rafaja, Marek",CZE,M,,,,1903,0,20,APR26,1993,i
23708859,"Ragula, Marian",CZE,M,,,,1715,0,20,APR26,1958,i
308200,"Rajnys, Vladimir",CZE,M,,,,2042,0,20,APR26,1962,i
375144,"Rajsky, Stanislav",CZE,M,,,,1828,0,20,APR26,1979,i
23782366,"Rak, Jiri",CZE,M,,,,1534,0,40,APR26,2012,
23723688,"Rak, Vojtech",CZE,M,,,,1407,0,20,APR26,2004,i
394262,"Rakhimov, Yestay",CZE,M,,,,1703,4,40,APR26,1991,
385778,"Rakintsev, Viktor",CZE,M,,,,1651,0,20,APR26,2002,i
321931,"Rakus, Pavel",CZE,M,,,,2157,0,20,APR26,1989,i
365076,"Rakusan, Dan",CZE,M,,,,1964,0,20,APR26,1972,
300870,"Ralis, Petr",CZE,M,,,,2246,0,20,APR26,1966,i
23717947,"Rambousek, Martin",CZE,M,,,,1596,0,20,APR26,1984,i
23776463,"Rambousek, Ondrej",CZE,M,,,,1608,0,40,APR26,2008,i
375411,"Ramian, Zdenek",CZE,M,,,,1619,0,20,APR26,1947,
23752416,"Ramis, Ondrej",CZE,M,,,,1837,0,40,APR26,2006,i
387150,"Rams, Milan",CZE,M,,,,1762,0,20,APR26,1951,
23733349,"Rangotis, David",CZE,M,,,,1558,0,20,APR26,1971,
394653,"Raptis, Janis",CZE,M,,,,1888,0,20,APR26,2004,i
300306,"Rasik, Vitezslav",CZE,M,GM,,,2381,0,10,APR26,1973,
23724536,"Raska, Vit",CZE,M,,,,1674,0,20,APR26,1989,i
23741864,"Rastica, Pavel",CZE,M,,,,1549,0,20,APR26,1978,i
377821,"Rastocny, Josef",CZE,M,,,,2013,9,20,APR26,2000,
396354,"Rastocny, Josef",CZE,M,,,,1707,0,20,APR26,1971,
23750570,"Raszka, Martin",CZE,M,,,,1417,0,40,APR26,2008,i
23733985,"Raszkova, Pavlina",CZE,F,,,,1456,0,40,APR26,2009,wi
23760680,"Rataj, Petr",CZE,M,,,,1668,0,20,APR26,2005,
23786000,"Ratajsky, Jan",CZE,M,,,,1564,0,40,APR26,1957,i
23762063,"Rathausky, Filip",CZE,M,,,,1415,0,40,APR26,2007,
23773839,"Raule, Tobias",CZE,M,,,,1630,0,40,APR26,2009,i
23751720,"Rawlings, Benjamin",CZE,M,,,,1659,4,40,APR26,2014,
23752211,"Rawlings, Matthew",CZE,M,,,,1478,0,40,APR26,1974,i
23777168,"Razumovskii, Artem",CZE,M,,,,1651,0,40,APR26,1993,i
23761059,"Re, Tomas",CZE,M,,,,1552,0,40,APR26,2008,i
319716,"Rebicek, Miroslav",CZE,M,,,,1838,9,20,APR26,1959,
23763280,"Recek, Jan",CZE,M,,,,1602,0,40,APR26,2007,i
341568,"Rechtenberg, Karel",CZE,M,,,,1692,0,20,APR26,1947,i
394041,"Redek, Daniel",CZE,M,,,,1822,0,20,APR26,1988,i
23721359,"Redle, Adam",CZE,M,,,,1699,0,40,APR26,2006,i
23775866,"Redmond, Samuel",CZE,M,,,,1636,0,40,APR26,2017,
23748788,"Rehacek, Jan",CZE,M,,,,1743,0,40,APR26,2012,
397415,"Rehacek, Jan",CZE,M,,,,1569,0,20,APR26,1981,
350230,"Rehacek, Josef",CZE,M,,,,1830,0,20,APR26,1945,i
23742143,"Rehacek, Oldrich",CZE,M,,,,1618,5,20,APR26,1981,
329851,"Rehak, Jakub",CZE,M,,,,1944,0,20,APR26,1989,i
379077,"Rehak, Jan",CZE,M,,,,1663,0,20,APR26,1999,i
338079,"Rehak, Jiri",CZE,M,,,,1883,0,20,APR26,1950,i
373052,"Rehak, Josef",CZE,M,,,,1655,0,20,APR26,1961,i
304417,"Rehak, Lukas",CZE,M,,,,1979,0,20,APR26,1984,i
306193,"Rehak, Martin",CZE,M,,,,2028,0,20,APR26,1976,
385042,"Rehak, Miroslav",CZE,M,,,,1500,0,20,APR26,1956,
23787759,"Rehak, Prokop",CZE,M,,,,1419,0,40,APR26,2012,i
395455,"Rehanek, Premek",CZE,M,,,,1604,0,20,APR26,2003,i
303704,"Rehorek, Martin",CZE,M,,,,2194,9,20,APR26,1964,
332275,"Rehurek, Jiri",CZE,M,,,,1765,0,20,APR26,1953,i
306010,"Rehurek, Karel",CZE,M,,,,1906,0,20,APR26,1947,i
311790,"Rehurek, Lukas",CZE,M,CM,,,2023,0,20,APR26,1980,i
312266,"Reichel, Tomas",CZE,M,,,,1888,0,20,APR26,1991,i
334472,"Reichl, Lubos",CZE,M,,,,1702,0,20,APR26,1992,i
328880,"Reichl, Roman",CZE,M,,,,1893,0,20,APR26,1963,i
334227,"Reichmann, Pavel",CZE,M,,,,1783,0,20,APR26,1939,i
23790970,"Reif, Daniel",CZE,M,,,,1528,0,40,APR26,2010,
23784164,"Reif, Vojtech",CZE,M,,,,1404,0,40,APR26,2011,i
23780541,"Reilich, Stepan",CZE,M,,,,1507,0,40,APR26,2012,
23744332,"Reischig, Richard",CZE,M,,,,1746,0,20,APR26,2003,i
23768550,"Reiter, Jan",CZE,M,,,,1575,0,40,APR26,1957,i
333719,"Reiter, Petr",CZE,M,,,,1672,0,20,APR26,1979,i
23792132,"Reiter, Stepan",CZE,M,,,,1555,0,40,APR26,2011,
329860,"Reitinger, Jan",CZE,M,,,,1908,0,20,APR26,1988,i
309311,"Reitinger, Petr",CZE,M,,,,1958,0,20,APR26,1959,i
323640,"Reitingerova, Iveta",CZE,F,WFM,WFM,,2019,0,20,APR26,1989,wi
23734795,"Rejzek, Filip",CZE,M,,,,1671,0,20,APR26,2003,i
23721774,"Rejzek, Jachym",CZE,M,,,,1608,0,40,APR26,2007,i
390593,"Rejzek, Leos",CZE,M,,,,1737,0,20,APR26,2003,i
23778733,"Rejzek, Ondrej",CZE,M,,,,1584,0,40,APR26,2013,
23778741,"Rejzek, Zdenek",CZE,M,,,,1645,0,40,APR26,2015,
23762373,"Rektor, David",CZE,M,,,,1474,0,40,APR26,2009,i
371980,"Reljic, Michael",CZE,M,,,,1987,0,20,APR26,2003,i
302937,"Remes, Radek",CZE,M,,,,1857,0,20,APR26,1964,
23715022,"Remis, David",CZE,M,,,,1443,0,20,APR26,2004,i
23739940,"Remizov, Artem",CZE,M,,,,1634,12,40,APR26,2013,
23780746,"Rendl, Mikulas",CZE,M,,,,1493,0,40,APR26,2015,i
23734620,"Repa, Dusan",CZE,M,,,,1695,0,20,APR26,1957,i
23799080,"Repa, Martin",CZE,M,,,,1725,0,40,APR26,1995,
368903,"Repa, Vaclav",CZE,M,,,,1691,0,20,APR26,1974,
358371,"Repak, Jan",CZE,M,,,,1690,0,20,APR26,1990,
23761130,"Repka, Jan",CZE,M,,,,1697,0,40,APR26,2008,
338087,"Rerabek, Jaroslav",CZE,M,,,,1687,8,20,APR26,1955,
384240,"Ret, Adam Josef",CZE,M,,,,2045,0,20,APR26,2005,
23725290,"Revenda, Michal",CZE,M,,,,1545,0,40,APR26,2007,i
23788119,"Rewczuk, Marcel",CZE,M,,,,1669,0,40,APR26,1989,
386740,"Rexa, Martin",CZE,M,,,,1933,0,20,APR26,1975,i
330329,"Rezac, Jindrich",CZE,M,,,,1781,8,20,APR26,1986,
394092,"Rezek, Filip",CZE,M,,,,1612,0,20,APR26,2006,i
23734809,"Rezna, Hedvika",CZE,F,,,,1719,0,40,APR26,2006,wi
23708905,"Reznicek, Ales",CZE,M,,,,1758,0,20,APR26,2002,i
333069,"Reznicek, Dominik",CZE,M,,,,2059,0,20,APR26,1998,i
304131,"Reznicek, Marcel",CZE,M,,,,2067,9,20,APR26,1967,
23727489,"Reznicek, Premysl",CZE,M,,,,1543,0,40,APR26,2006,i
23795980,"Reznicek, Vojtech",CZE,M,,,,1454,0,40,APR26,2011,
343854,"Rezny, Frantisek",CZE,M,,,,1690,0,20,APR26,1955,i
313750,"Ricanek, Miloslav",CZE,M,,,,1859,0,20,APR26,1946,i
332283,"Ricar, Jiri",CZE,M,,,,1712,0,20,APR26,1959,
23764120,"Richter, Filip",CZE,M,,,,1556,0,20,APR26,2007,
23716410,"Richter, Jiri",CZE,M,,,,1899,0,40,APR26,1956,i
342858,"Richter, Martin",CZE,M,,NA,,1924,0,20,APR26,1969,
384470,"Richter, Rudolf",CZE,M,,,,1755,0,20,APR26,2006,
371998,"Richterova, Julie",CZE,F,,,,1814,0,20,APR26,2003,wi
350591,"Richterova, Natasa",CZE,F,WIM,WIM,,2117,0,20,APR26,1996,w
384488,"Richterova, Natasa",CZE,F,,,,1522,0,20,APR26,1974,w
301248,"Richtr, Zdenek",CZE,M,,,,2108,0,20,APR26,1958,i
300683,"Richtrova, Eliska",CZE,F,WGM,WGM,,2200,0,20,APR26,1959,wi
392073,"Richvalsky, Patrik",CZE,M,,,,1973,0,20,APR26,2002,
393380,"Ricica, Lubomir",CZE,M,,,,1719,0,20,APR26,1959,i
390615,"Ricka, Petr",CZE,M,,,,1838,0,20,APR26,1948,i
373060,"Riedl, Vladimir",CZE,M,,,,1864,0,20,APR26,1988,i
358104429,"Rigaki, Maria",CZE,F,,,,1448,0,40,APR26,1974,w
308692,"Rigo, Imrich",CZE,M,,,,2015,0,20,APR26,1961,i
347671,"Riha, Jaroslav",CZE,M,,,,2062,0,20,APR26,1996,i
352756,"Riha, Jaroslav",CZE,M,,,,2058,0,20,APR26,1964,i
311405,"Riha, Jaroslav",CZE,M,,,,1962,0,20,APR26,1960,i
23710160,"Riha, Marek",CZE,M,,,,1632,0,20,APR26,1979,i
394912,"Riha, Martin",CZE,M,,,,1665,0,40,APR26,2001,
23777176,"Riha, Milos",CZE,M,,,,1835,7,40,APR26,1984,
23786396,"Riha, Vitek",CZE,M,,,,1505,0,40,APR26,2012,i
377430,"Riha, Vojtech",CZE,M,FM,,,2151,0,20,APR26,2002,i
23771275,"Riha, Zdenek",CZE,M,,,,1703,0,40,APR26,2012,
397652,"Riman, Aron",CZE,M,,,,1519,0,40,APR26,2007,i
23726423,"Riman, David",CZE,M,,,,1489,0,40,APR26,2009,i
23724285,"Riman, Natan",CZE,M,,,,1511,0,40,APR26,2009,i
324388,"Riman, Vaclav",CZE,M,,,,2020,0,20,APR26,1987,
392430,"Rimovsky, Pavel",CZE,M,,,,1719,0,20,APR26,1946,i
311073,"Riska, Lubomir",CZE,M,,,,2188,0,20,APR26,1968,i
23762284,"Rivna, Alisa",CZE,F,,,,1475,0,40,APR26,2015,wi
23777710,"Rizaev, Miran",CZE,M,,,,1615,4,40,APR26,2017,
23757558,"Robenek, Bronislav",CZE,M,,,,1623,0,40,APR26,1963,i
329878,"Robenek, Jiri",CZE,M,,,,1840,0,20,APR26,1938,i
571002359,"Robenek, Martin",CZE,M,,,,1557,8,40,APR26,1985,
391026,"Rocek, Lukas",CZE,M,,,,1553,0,40,APR26,2008,i
391034,"Rocek, Matyas",CZE,M,,,,1431,0,40,APR26,2008,i
392839,"Rocek, Tomas",CZE,M,,,,1544,0,20,APR26,1964,i
342300,"Rodling, Robert",CZE,M,,,,1809,0,40,APR26,1956,
325449,"Rodshtein, Tereza",CZE,F,WGM,WGM,,2160,0,20,APR26,1991,w
23748028,"Rohac, Marek",CZE,M,,,,1579,0,20,APR26,1985,i
389498,"Rohlich, Roman",CZE,M,,,,1684,0,20,APR26,1969,
23762071,"Rohn, Matyas",CZE,M,,,,1408,0,40,APR26,2008,i
305308,"Roj, Miroslav",CZE,M,,,,1950,0,20,APR26,1965,i
319902,"Rojicek, Vojtech",CZE,M,IM,,,2420,0,10,APR26,1990,i
358576,"Rojikova, Lenka",CZE,F,,,,1964,0,20,APR26,1997,wi
377350,"Rokos, Filip",CZE,M,,,,1997,0,20,APR26,2005,i
23780827,"Rokyta, Jan",CZE,M,,,,1456,0,40,APR26,1965,
23732598,"Rolecek, Ondrej",CZE,M,,,,1768,0,20,APR26,1992,i
23791705,"Rolf, Vlastimil",CZE,M,,,,1574,0,40,APR26,2004,
384569,"Rolinek, Dominik",CZE,M,,,,2012,0,20,APR26,2001,i
396800,"Rolinkova, Adela",CZE,F,,,,1552,0,40,APR26,2007,wi
384585,"Rolinkova, Lucie",CZE,F,,,,1722,0,20,APR26,2004,wi
392928,"Romaniuk, Vojtech",CZE,M,,,,1627,0,20,APR26,2002,i
393576,"Rondos, Jakub",CZE,M,,,,2051,0,20,APR26,1992,i
23765100,"Rosa, Jakub",CZE,M,,,,1453,0,40,APR26,2010,i
23716746,"Rosenbaum, Dominik",CZE,M,,,,1443,0,40,APR26,2005,i
395501,"Rosenbaum, Jan",CZE,M,,,,1605,0,20,APR26,1996,i
338125,"Rosenbaum, Vit",CZE,M,,,,2196,0,20,APR26,1991,i
385786,"Rosenbaumova, Lea",CZE,F,,,,1809,0,20,APR26,2002,wi
319546,"Rosenzweig, Vladimir",CZE,M,,,,2035,0,20,APR26,1947,i
324566,"Rosinsky, Pavel",CZE,M,,,,1981,0,20,APR26,1965,i
321192,"Rosko, Lubos",CZE,M,FM,,,2208,0,20,APR26,1987,i
330558,"Roskova, Katerina",CZE,F,,,,1939,0,20,APR26,1996,wi
323322,"Rosner, Tomas",CZE,M,,,,1984,0,20,APR26,1976,i
23719761,"Rossler, Erik",CZE,M,,,,1739,0,40,APR26,2009,i
23719770,"Rossler, Michal",CZE,M,,,,1589,0,20,APR26,1975,i
23764945,"Rotrekl, Antonin",CZE,M,,,,1463,3,40,APR26,2015,
23786027,"Rotrekl, Stepan",CZE,M,,,,1742,0,40,APR26,2007,i
23733993,"Rotter, Dominik",CZE,M,,,,1585,0,40,APR26,2010,i
399795,"Roub, Radek",CZE,M,,,,1668,0,40,APR26,2006,i
389811,"Roubal, Frantisek",CZE,M,,NA,,1623,0,20,APR26,1994,i
23727152,"Roubal, Matyas",CZE,M,,,,1917,0,40,APR26,2010,i
322237,"Roubalik, Jakub",CZE,M,IM,,,2291,7,20,APR26,1991,
23781190,"Roubicek, Jonas",CZE,M,,,,1529,0,40,APR26,2013,i
23766913,"Roubik, Vit",CZE,M,,,,1742,6,20,APR26,1976,
338133,"Rouc, Michal",CZE,M,,,,1896,0,20,APR26,1984,i
23752912,"Roudny, Vaclav",CZE,M,,,,1614,0,20,APR26,2000,i
338150,"Rous, Daniel",CZE,M,,,,2215,0,20,APR26,1996,i
375993,"Rous, Dominik",CZE,M,,NA,,1893,7,20,APR26,2006,
316989,"Rousar, Zdenek",CZE,M,,,,1877,0,20,APR26,1957,
386669,"Rousek, Jan",CZE,M,,,,1970,0,20,APR26,2005,i
322245,"Routner, Jakub",CZE,M,,,,2068,0,20,APR26,1986,
23759801,"Rouzis, Ondrej",CZE,M,,,,1796,0,40,APR26,1983,i
23786183,"Rozehnal, Jan",CZE,M,,,,1681,0,40,APR26,2007,i
311090,"Rozkovec, Hynek",CZE,M,,,,1996,0,20,APR26,1948,i
23730846,"Rozlivek, Adam",CZE,M,,,,1563,0,40,APR26,2006,i
23786515,"Rozman, Pavel",CZE,M,,,,1709,0,40,APR26,2011,
369403,"Rozumek, Pavel",CZE,M,,,,1675,0,20,APR26,1985,i
367940,"Rozumek, Vlastimil",CZE,M,,,,2053,0,20,APR26,1963,i
338176,"Rubes, Jan",CZE,M,IM,,,2384,0,20,APR26,1995,i
319910,"Rubes, Pavel",CZE,M,,,,1941,0,20,APR26,1971,i
23751738,"Rubin, Andrej",CZE,M,,,,1852,0,40,APR26,2009,
23730315,"Rucabado, Stefan",CZE,M,,,,1891,0,20,APR26,2004,
23730471,"Rucka, David Lev",CZE,M,,,,1441,0,20,APR26,1982,i
350605,"Rucka, Pavel",CZE,M,,,,1778,10,40,APR26,1974,
353388,"Rucki, Kevin",CZE,M,,,,1793,0,20,APR26,1995,i
375527,"Rudl, Karel",CZE,M,,,,1617,0,40,APR26,1973,
23748842,"Rudlof, Adam",CZE,M,,,,1898,0,40,APR26,2011,
23750294,"Rudlof, Jan",CZE,M,,,,1763,0,20,APR26,1974,i
334154,"Ruffer, Vaclav",CZE,M,,,,1722,0,20,APR26,1957,i
23761830,"Ruibar, Jiri",CZE,M,,,,1427,0,40,APR26,2007,i
23715880,"Ruibar, Vit",CZE,M,,,,1504,0,40,APR26,2007,i
23707550,"Ruiz, Miguel",CZE,M,,,,1510,0,20,APR26,1983,i
23754060,"Rulisek, Ondrej",CZE,M,,,,1471,0,40,APR26,2007,i
389609,"Ruman, Martin",CZE,M,,,,1905,0,20,APR26,1988,
23774029,"Rupp, Vojtech",CZE,M,,,,1456,0,40,APR26,2008,i
385050,"Rupprich, Jan",CZE,M,,,,1568,0,20,APR26,1939,i
325767,"Rusnak, Jan",CZE,M,,,,2026,16,20,APR26,1986,
23763434,"Rusnok, Lukas",CZE,M,,,,1716,5,20,APR26,2007,
390798,"Russo, David",CZE,M,,,,1626,0,20,APR26,2002,i
391190,"Rusz, Jan",CZE,M,,,,1945,0,20,APR26,1976,i
23725435,"Rusz, Patrik",CZE,M,,,,1501,0,40,APR26,2007,i
23787457,"Rusz, Robin",CZE,M,,,,1483,9,40,APR26,2009,
333190,"Rut, Vojtech",CZE,M,,NA,,1964,0,20,APR26,1991,i
23769505,"Ruta, Ondrej",CZE,M,,,,1644,0,40,APR26,2010,
303100,"Rutter, Lidmila",CZE,F,,,,1911,0,20,APR26,1978,wi
23726792,"Ruzek, Karel",CZE,M,,,,1725,0,40,APR26,1966,i
391786,"Ruzek, Tomas",CZE,M,,,,1686,0,20,APR26,2000,i
325252,"Ruzicka, Ales",CZE,M,,,,2060,0,20,APR26,1989,i
386154,"Ruzicka, Filip",CZE,M,,,,1863,0,20,APR26,2005,i
312991,"Ruzicka, Frantisek",CZE,M,,,,2016,0,20,APR26,1955,i
23744774,"Ruzicka, Jan",CZE,M,,,,1495,0,20,APR26,1965,i
346438,"Ruzicka, Jiri",CZE,M,,,,1789,0,20,APR26,1990,i
383244,"Ruzicka, Josef",CZE,M,,,,2050,0,20,APR26,1998,
358380,"Ruzicka, Lubomir",CZE,M,,,,1649,0,20,APR26,1945,i
362883,"Ruzicka, Martin",CZE,M,,,,1911,0,20,APR26,1995,i
23707798,"Ruzicka, Martin",CZE,M,,,,1648,0,20,APR26,1992,i
315540,"Ruzicka, Milan",CZE,M,,,,2092,0,20,APR26,1969,i
368784,"Ruzicka, Milos",CZE,M,,,,1939,0,20,APR26,1966,i
328170,"Ruzicka, Ondrej",CZE,M,,,,1982,0,20,APR26,1988,i
338184,"Ruzicka, Tomas",CZE,M,,,,1807,0,20,APR26,1960,i
331643,"Ruzicka, Vaclav",CZE,M,,,,1803,0,,APR26,1968,i
309850,"Ruzicka, Zdenek",CZE,M,,,,1939,7,20,APR26,1946,
390127,"Ruzickova, Aneta",CZE,F,,,,1539,0,40,APR26,2005,wi
392081,"Ruzickova, Ema",CZE,F,,,,1684,0,40,APR26,2005,wi
352780,"Ruzna, Jindrich",CZE,M,,,,1936,0,20,APR26,1989,i
378380,"Ryabenko, Denis",CZE,M,,,,1775,0,20,APR26,1989,i
23766573,"Ryba, Adam",CZE,M,,,,1657,0,40,APR26,2004,i
23715375,"Rybacek, Jan",CZE,M,,,,1440,0,40,APR26,2008,
23715383,"Rybacek, Jiri",CZE,M,,,,1531,0,20,APR26,2005,i
23739266,"Rybacek, Martin",CZE,M,,NA,,1951,0,20,APR26,2006,
23739207,"Rybackova, Lucie",CZE,F,WFM,WFM,,2104,0,40,APR26,2009,w
23760060,"Rybar, Matyas",CZE,M,,,,1612,0,40,APR26,2010,i
23763604,"Rybar, Vojta",CZE,M,,,,1557,0,40,APR26,2014,i
571000810,"Rybka, Jan",CZE,M,,,,1408,8,40,APR26,2012,
377163,"Rychlik, Zdenek",CZE,M,,,,1757,0,20,APR26,1953,
23778326,"Rychly, Erik",CZE,M,,,,1615,6,40,APR26,2015,
367532,"Rychly, Tomas",CZE,M,,,,1816,0,20,APR26,1983,i
338206,"Rychtar, Pavel",CZE,M,,,,1956,0,20,APR26,1957,i
334235,"Rychtecky, Pavel",CZE,M,,,,1738,0,20,APR26,1947,i
23702168,"Rydl, Jan",CZE,M,,,,1824,8,20,APR26,2001,
346390,"Rydl, Jiri",CZE,M,FM,,,2365,0,20,APR26,1998,i
23733837,"Rydl, Tomas",CZE,M,,,,1677,0,20,APR26,2003,i
23765518,"Rydvan, Patrik",CZE,M,,,,1714,0,40,APR26,2011,i
319252,"Rynt, Pavel",CZE,M,,,,1909,0,20,APR26,1966,i
23706856,"Rysanek, Jakub",CZE,M,,,,1946,7,20,APR26,2000,
360694,"Rysava, Monika",CZE,F,,,,1672,0,20,APR26,1996,wi
23786523,"Rysavy, Martin",CZE,M,,,,1640,0,40,APR26,1998,i
23708794,"Ryska, Jindrich",CZE,M,,,,1737,0,20,APR26,1952,i
330167,"Ryslink, Daniel",CZE,M,,,,1909,7,20,APR26,1973,
309931,"Ryvova, Anna",CZE,F,WFM,WFM,,1920,0,20,APR26,1970,wi
23774231,"Sabol, Jakub",CZE,M,,,,1481,0,40,APR26,2011,
308056,"Sabol, Marian",CZE,M,FM,NA,,2256,0,10,APR26,1966,
332305,"Sabolova, Kristyna",CZE,F,,,,1962,0,20,APR26,1995,wi
23716584,"Sadek, Vojtech",CZE,M,,,,1935,0,40,APR26,2005,i
23735597,"Sadil, Antonin",CZE,M,,,,1929,0,40,APR26,2008,
23775599,"Sadil, Petr",CZE,M,,,,1580,7,40,APR26,1967,
23736119,"Sadilek, Filip",CZE,M,,,,1543,0,40,APR26,2008,i
23726512,"Safar, Miroslav",CZE,M,,,,1658,0,20,APR26,1957,
23764694,"Safarcik, Filip",CZE,M,,,,1568,0,40,APR26,2006,i
358398,"Safarcik, Miroslav",CZE,M,,,,1610,0,20,APR26,1962,
323691,"Safarik, Jakub",CZE,M,,,,2094,0,20,APR26,1993,i
385921,"Safarik, Pavel",CZE,M,,,,1517,0,40,APR26,1988,i
382957,"Safarik, Roman",CZE,M,,,,1788,0,20,APR26,1963,i
23739568,"Safarik, Stanislav",CZE,M,,,,1554,0,20,APR26,1950,i
23721235,"Safarova, Anna Marie",CZE,F,,,,1516,0,40,APR26,2007,wi
23721243,"Safarova, Magdalena",CZE,F,,,,1492,0,20,APR26,2004,wi
343960,"Saffova, Michaela",CZE,F,,,,1831,0,20,APR26,1994,w
353736,"Safranek, David",CZE,M,,,,1830,0,20,APR26,1979,i
383635,"Safranek, Jan",CZE,M,,,,1701,0,20,APR26,1998,i
376507,"Safranek, Vaclav",CZE,M,,,,1896,0,20,APR26,1977,i
23778520,"Saido, Kamal",CZE,M,,,,1405,0,40,APR26,1978,i
23777800,"Saido, Kamil",CZE,M,,,,1588,0,40,APR26,2010,i
23786833,"Sailer, Jiri",CZE,M,,,,1510,0,40,APR26,2012,
381969,"Sajdl, Jan",CZE,M,,,,1828,0,20,APR26,2000,i
23732474,"Sakaev, Konstantin",CZE,M,,,,1696,0,20,APR26,2001,i
325260,"Sakar, Milos",CZE,M,,,,1997,0,20,APR26,1948,i
23700718,"Sala, Dalibor",CZE,M,,,,1930,0,20,APR26,1981,i
23788801,"Salat, Antonin",CZE,M,,,,1481,7,40,APR26,2015,
358401,"Salek, Josef",CZE,M,,,,1845,0,20,APR26,1949,i
23737921,"Salek, Miroslav",CZE,M,,,,1439,0,40,APR26,1956,
23746092,"Samal, Jiri",CZE,M,,,,1507,0,40,APR26,2011,
23777184,"Samal, Stepan",CZE,M,,,,1629,0,40,APR26,2013,i
314188,"Samec, Antonin",CZE,M,,,,2129,0,20,APR26,1956,i
23786973,"Samek, Tadeas",CZE,M,,,,1521,0,20,APR26,2004,
332313,"Samiec, Pavel",CZE,M,,,,1967,0,20,APR26,1989,i
23714816,"Samohyl, Adam",CZE,M,,,,1802,0,40,APR26,2007,i
330981,"Samu, Pavel",CZE,M,,,,1840,0,20,APR26,1968,
23764910,"Sanda, Lubos",CZE,M,,,,1616,0,40,APR26,1963,i
23749920,"Sander, Antonin",CZE,M,,,,1681,0,40,APR26,1990,i
23738081,"Sandera, Pavel",CZE,M,,,,1549,0,40,APR26,1975,i
23775491,"Sanghi, Hanshul Sunil",CZE,M,,,,1623,6,40,APR26,1999,
340820,"Santora, Ladislav",CZE,M,,,,1918,0,20,APR26,1960,i
23746599,"Sara, David",CZE,M,,,,1747,0,,APR26,2012,
13302515,"Sargsyan, Karen",CZE,M,,,,1798,0,20,APR26,1963,
23788828,"Sargsyan, Valigy Theo",CZE,M,,,,1570,8,40,APR26,2016,
23762390,"Sarifov, Filip",CZE,M,,,,1440,0,40,APR26,2008,i
23787139,"Sarifullin, Erik",CZE,M,,,,1432,5,40,APR26,2015,
23753170,"Sarman, Damian",CZE,M,,,,1472,0,40,APR26,2015,
23777516,"Sarman, Matyas Filip",CZE,M,,,,1460,0,40,APR26,2014,
23724374,"Sarovec, Robert",CZE,M,,,,1894,0,20,APR26,1979,i
303895,"Sas, Roman",CZE,M,,,,1875,0,40,APR26,1966,i
375535,"Sasek, Jaroslav",CZE,M,,,,1809,0,20,APR26,1958,i
23790881,"Sasinka, Radek",CZE,M,,,,1599,0,40,APR26,1987,
357162,"Saska, Milan",CZE,M,,,,1729,0,20,APR26,1944,i
371122,"Satra, Simon",CZE,M,,,,1714,0,20,APR26,1997,i
333409,"Sauer, Pavel",CZE,M,,,,1934,0,20,APR26,1990,
23733691,"Sauman, Petr",CZE,M,,,,1522,7,20,APR26,1961,
383805,"Saur, Frantisek",CZE,M,,,,1761,0,20,APR26,1948,i
325783,"Saxl, Jiri",CZE,M,,,,1811,0,20,APR26,1957,
23788496,"Sazel, Jakub",CZE,M,,,,1470,0,40,APR26,2014,i
23732245,"Sboev, Kirill",CZE,M,,,,1850,0,40,APR26,2011,
23763299,"Sceponec, Jakub",CZE,M,,,,1651,8,40,APR26,2010,
323519,"Scerba, Jiri",CZE,M,,,,1930,0,20,APR26,1985,i
347000,"Schaffer, David",CZE,M,,,,1870,0,20,APR26,1988,i
349631,"Schaffer, Ondrej",CZE,M,,,,1864,0,20,APR26,1993,i
23733462,"Scharbert, Martin",CZE,M,,,,1738,0,20,APR26,1982,i
23707143,"Schlogl, David",CZE,M,,,,1753,0,20,APR26,1994,i
313076,"Schmid, Jaroslav",CZE,M,,,,1918,0,20,APR26,1946,i
23776056,"Schmidt, Vojtech",CZE,M,,,,1608,7,40,APR26,2011,
23724293,"Schober, David",CZE,M,,,,1500,0,40,APR26,2010,i
23724307,"Schober, Tomas",CZE,M,,,,1506,0,40,APR26,2011,i
23777940,"Schodelbauer, Jan",CZE,M,,,,1926,0,20,APR26,1978,
339539,"Schoffer, Martin",CZE,M,,NA,,1664,0,20,APR26,1949,
23790768,"Scholz, Samuel",CZE,M,,,,1459,0,40,APR26,2011,
320374,"Schoupal, Patrik",CZE,M,,,,1929,9,20,APR26,1980,
23793724,"Schovanec, Filip",CZE,M,,,,1504,0,40,APR26,2011,
340677,"Schovanek, Karel",CZE,M,,,,1713,0,20,APR26,1947,i
23775351,"Schrom, Oliver",CZE,M,,,,1654,0,40,APR26,2010,i
304468,"Schula, Michal",CZE,M,FM,,,2116,0,20,APR26,1971,i
23715057,"Schula, Vojtech",CZE,M,,,,1785,0,20,APR26,2006,i
23708611,"Schuppik, Michael",CZE,M,,,,1648,0,20,APR26,1978,i
349828,"Schuster, Jan",CZE,M,,,,1974,0,20,APR26,1990,i
23777192,"Schwarz, Jaroslav",CZE,M,,,,1483,0,40,APR26,1993,
23735414,"Sebek, Josef",CZE,M,,,,1629,0,20,APR26,1944,
23750758,"Sebek, Marek",CZE,M,,,,1597,0,20,APR26,2003,i
372005,"Sebena, Patrik",CZE,M,,,,1740,0,20,APR26,2004,i
23767340,"Sebesta, Adam",CZE,M,,,,1530,0,40,APR26,2013,
343200,"Sebesta, Jan",CZE,M,,,,1984,0,20,APR26,1969,i
351008,"Sebesta, Jan",CZE,M,,,,1952,0,20,APR26,1988,i
372013,"Sebesta, Jan",CZE,M,,NA,,1896,0,20,APR26,2004,
23765119,"Sebesta, Marek",CZE,M,,,,1707,0,40,APR26,2009,i
377775,"Sebesta, Petr",CZE,M,,,,1757,0,20,APR26,1964,i
23719389,"Sebo, Sebastian",CZE,M,,,,1622,0,40,APR26,2007,i
346446,"Sebo, Vitalij",CZE,M,,,,1813,0,20,APR26,1971,i
23723416,"Seda, Michaela",CZE,F,,,,1787,0,20,APR26,2007,w
23791640,"Seda, Vaclav",CZE,M,,,,1611,0,40,APR26,2015,
23715103,"Sedenka, Milan",CZE,M,,,,1567,0,20,APR26,1979,
23761628,"Sedenka, Zikmund",CZE,M,,,,1476,0,40,APR26,2014,
359653,"Sedivy, Karel",CZE,M,,,,1707,0,20,APR26,1952,i
320706,"Sedivy, Martin",CZE,M,,,,2129,0,20,APR26,1995,i
345938,"Sedivy, Roman",CZE,M,,,,1837,0,20,APR26,1985,
23776811,"Sedlacek, Adam",CZE,M,,,,1408,0,40,APR26,2012,i
23741694,"Sedlacek, David",CZE,M,,,,1754,0,20,APR26,1977,i
23743611,"Sedlacek, Jan",CZE,M,,,,1421,0,40,APR26,2004,
316350,"Sedlacek, Jiri",CZE,M,,,,1973,0,20,APR26,1983,i
23753200,"Sedlacek, Jiri",CZE,M,,,,1751,0,20,APR26,2003,i
23757337,"Sedlacek, Lukas",CZE,M,,,,1647,0,40,APR26,2003,i
395340,"Sedlacek, Roman",CZE,M,,,,1846,0,20,APR26,1972,i
23725583,"Sedlacek, Roman",CZE,M,,,,1606,0,20,APR26,1976,i
319031,"Sedlacek, Tomas",CZE,M,,,,2062,0,20,APR26,1967,i
23739827,"Sedlacek, Vaclav",CZE,M,,,,1680,0,40,APR26,2006,i
23739347,"Sedlacek, Vojtech",CZE,M,,,,1606,0,20,APR26,1991,i
384933,"Sedlackova, Janka",CZE,F,,,,1733,0,20,APR26,1944,wi
23745622,"Sedlak, Frantisek",CZE,M,,,,1661,0,20,APR26,2003,
385808,"Sedlak, Jakub",CZE,M,,,,1801,0,20,APR26,2002,i
23720069,"Sedlak, Jakub",CZE,M,,,,1662,0,40,APR26,2006,i
364231,"Sedlak, Jiri",CZE,M,,,,1957,0,20,APR26,2000,i
386774,"Sedlak, Josef",CZE,M,,,,1898,0,20,APR26,1938,i
308757,"Sedlak, Ludek",CZE,M,,,,1878,0,20,APR26,1954,i
23746149,"Sedlak, Milan",CZE,M,,,,1905,0,20,APR26,1955,i
389323,"Sedlar, Vlastimil",CZE,M,,,,1703,0,20,APR26,1962,i
23709936,"Sedmihradsky, Tomas",CZE,M,,,,1845,0,40,APR26,2008,
321958,"Sednev, Radek",CZE,M,,,,1774,0,20,APR26,1992,
23747854,"Sedrovic, Jan",CZE,M,,,,1522,0,40,APR26,2009,i
338281,"Sedy, Ctirad",CZE,M,,,,1939,0,20,APR26,1963,i
397326,"Sedy, Matej",CZE,M,,,,1725,0,40,APR26,2005,i
318884,"Sedy, Pavel",CZE,M,,,,2145,0,20,APR26,1984,
360708,"Sefcik, Jan",CZE,M,,,,1803,0,20,APR26,1996,i
23790571,"Sefl, David",CZE,M,,,,1484,0,40,APR26,2010,
23799196,"Seget, Richard",CZE,M,,,,1421,0,40,APR26,2015,
23725214,"Sehnoutkova, Laura",CZE,F,,,,1546,0,40,APR26,2007,wi
23725109,"Seibt, Josef",CZE,M,,,,1591,0,20,APR26,1942,i
23791659,"Seidel, Otto",CZE,M,,,,1477,2,40,APR26,2016,
332038,"Seidl, Antonin",CZE,M,,NA,,2093,0,20,APR26,1993,i
23714522,"Seidl, Jan",CZE,M,FM,,,2092,0,20,APR26,2007,
325791,"Seidl, Pavel",CZE,M,,,,1869,0,20,APR26,1965,i
338290,"Seidl, Stepan",CZE,M,,NA,,2212,0,20,APR26,1995,i
23734108,"Seidl, Vaclav",CZE,M,,,,1663,0,40,APR26,2011,
304565,"Seifarth, Robert",CZE,M,,,,2124,0,20,APR26,1976,i
23794127,"Seifert, Bohuslav",CZE,M,,,,1808,0,40,APR26,1966,
301582,"Seifert, Milan",CZE,M,FM,,,1911,0,20,APR26,1940,
330337,"Seiner, Frantisek",CZE,M,,,,1804,0,20,APR26,1942,i
302457,"Sejkora, Vlastimil",CZE,M,FM,,,2205,0,20,APR26,1950,i
379107,"Sejnoha, Jan",CZE,M,,,,1725,0,20,APR26,2002,i
307920,"Sekac, Martin",CZE,M,,,,1998,0,20,APR26,1971,i
397393,"Sekanina, Petr",CZE,M,,,,1579,0,20,APR26,1967,
386499,"Sekerka, Ludek",CZE,M,,,,1827,0,20,APR26,1962,i
23714905,"Sekyra, Vojtech",CZE,M,,,,1620,0,40,APR26,2009,
23779691,"Selder, Stanislav",CZE,M,,,,1712,14,20,APR26,2006,
308838,"Seleljo, Daniel",CZE,M,FM,,,2185,0,20,APR26,1965,i
23787767,"Sellier, Leonard",CZE,M,,,,1567,0,40,APR26,2007,
375373,"Semancik, David",CZE,M,,,,1751,0,20,APR26,1979,i
393819,"Semancik, Jiri",CZE,M,,,,1578,0,40,APR26,2005,i
346160,"Sembera, Milan",CZE,M,,,,1794,0,20,APR26,1993,i
23739045,"Sembera, Radek",CZE,M,,,,1523,0,20,APR26,1989,i
339601,"Semerak, Pavel",CZE,M,,,,2012,0,20,APR26,1952,i
23793562,"Semerak, Radim",CZE,M,,,,1569,6,40,APR26,2011,
305510,"Semerdziev, Stefan",CZE,M,,,,1970,0,20,APR26,1974,i
390623,"Semotam, Vojtech",CZE,M,,,,1715,0,20,APR26,1997,i
389684,"Semova, Lada",CZE,F,,,,1687,0,40,APR26,2005,wi
23709367,"Senasi, Martin",CZE,M,,,,1882,0,20,APR26,1992,i
23715391,"Senft, Antonin",CZE,M,,,,1556,0,20,APR26,2007,i
23780835,"Senger, Richard",CZE,M,,,,1728,0,40,APR26,1945,
23793392,"Senk, Jan",CZE,M,,,,1558,0,40,APR26,2011,
23719494,"Senko, Jan",CZE,M,,,,1775,0,20,APR26,1961,
23742100,"Sepsi, Jakub",CZE,M,,,,1739,0,40,APR26,2006,i
377856,"Serakova, Tatana",CZE,F,,,,1779,0,20,APR26,1987,wi
23734736,"Sereda, Adam",CZE,M,,,,1489,0,40,APR26,2011,
386103,"Serek, Jaroslav",CZE,M,,,,1620,0,20,APR26,1949,i
386111,"Serek, Ondrej",CZE,M,,,,1801,0,20,APR26,2000,i
2214075,"Serrano Salvador, Eduardo",CZE,M,FM,,,2302,0,20,APR26,1981,i
23786574,"Servin, Hugo",CZE,M,,,,1468,2,40,APR26,2003,
23780410,"Seryj, Tomas",CZE,M,,,,1703,0,40,APR26,1987,i
23704047,"Seterle, Matej",CZE,M,,,,1927,0,20,APR26,2003,i
23712180,"Setina, Vaclav",CZE,M,,,,2028,0,40,APR26,2009,
356190,"Setka, Vlastimil",CZE,M,,,,1724,0,20,APR26,1940,
23732083,"Sevcik, David",CZE,M,,,,1621,0,40,APR26,2006,i
23766417,"Sevcik, Filip",CZE,M,,,,1455,0,40,APR26,2017,
348155,"Sevcik, Lubos",CZE,M,,,,1830,0,40,APR26,1967,
23756292,"Sevcik, Otakar",CZE,M,,,,1686,0,20,APR26,1971,i
330175,"Sevcik, Zdenek",CZE,M,,,,1920,0,20,APR26,1983,i
23766425,"Sevcikova, Terezie",CZE,F,,,,1801,12,,APR26,2013,w
338320,"Severa, Jiri",CZE,M,,,,1793,0,20,APR26,1947,i
391603,"Severin, Lubos",CZE,M,,,,1733,0,20,APR26,2001,
14122073,"Shagbazyan, Taron",CZE,M,IM,,,2420,0,10,APR26,1994,
23779438,"Shai, Boehm Leo",CZE,M,,,,1491,0,40,APR26,2017,i
23779446,"Shai, Boehm Yahli",CZE,M,,,,1572,0,40,APR26,2015,i
23747552,"Shako, Maxim",CZE,M,,,,1547,0,40,APR26,2012,
23765127,"Shamma, Louis Shaheen",CZE,M,,,,1456,5,40,APR26,2013,
318671,"Shanel, Jaroslav",CZE,M,,,,2078,0,20,APR26,1983,
13601679,"Sharashenidze, Akaki",CZE,M,FM,,,2286,0,20,APR26,1983,i
23716835,"Shatalov, Vladimir",CZE,M,,,,1903,0,20,APR26,1963,
23779012,"Shcherbatykh, Kirian",CZE,M,,,,1583,0,40,APR26,2018,
571001700,"Sheleh, Andrei",CZE,M,,,,1548,7,40,APR26,2003,
23777206,"Shiganakov, Abdolla",CZE,M,,,,1566,0,40,APR26,2006,i
23774835,"Shpakovskiy, Evgeny",CZE,M,,,,1465,0,20,APR26,1996,
23791446,"Shrestha, Suraj",CZE,M,,,,1636,0,40,APR26,1981,
14110466,"Shystarova, Anna",CZE,F,,,,1747,0,20,APR26,1988,wi
14123070,"Shystarova, Svitlana",CZE,F,,,,1843,0,20,APR26,1984,wi
23736984,"Sibera, Vojtech",CZE,M,,,,1603,0,40,APR26,2008,i
333522,"Sibl, Vaclav",CZE,M,,,,1911,0,20,APR26,1951,
333417,"Sic, Vojtech",CZE,M,,,,1732,0,20,APR26,1977,i
23721790,"Sichrovsky, Filip",CZE,M,,,,1743,0,40,APR26,2007,i
23704730,"Sichrovsky, Tomas",CZE,M,,,,1971,9,20,APR26,2004,
23707089,"Sidelko, Bartolomej",CZE,M,,,,1566,0,20,APR26,1979,i
391441,"Sidelko, Richard",CZE,M,,,,1659,0,20,APR26,1988,i
23707097,"Sidelko, Samuel",CZE,M,,,,1652,0,20,APR26,2004,i
316253,"Siebenburger, Vlastimil",CZE,M,,,,1979,0,20,APR26,1959,
23724315,"Sieber, Bohumil",CZE,M,,,,1596,0,20,APR26,1953,i
327590,"Sieber, Martin",CZE,M,,,,2048,0,20,APR26,1988,i
23763981,"Siegl, Matyas",CZE,M,,,,1667,0,40,APR26,2001,
23763302,"Sieja, Viktor",CZE,M,,,,1500,0,40,APR26,2010,i
351776,"Sigut, David",CZE,M,,,,1722,0,20,APR26,1999,i
23712813,"Sigut, Ondrej",CZE,M,,,,2023,0,40,APR26,2008,
23793732,"Sikolova, Barbora",CZE,F,,,,1572,0,40,APR26,1992,w
23747862,"Sikora, Jakub",CZE,M,,,,1477,0,40,APR26,2010,i
23713747,"Sikora, Jakub",CZE,M,,,,1548,0,20,APR26,2004,i
305405,"Sikora, Jan",CZE,M,,IA,,2107,0,20,APR26,1972,
368628,"Sikora, Kamil",CZE,M,,,,1719,0,20,APR26,1970,i
346322,"Sikora, Lukas",CZE,M,,,,1910,0,20,APR26,1995,
366714,"Sikora, Matous",CZE,M,,,,1990,0,20,APR26,1999,
380873,"Sikora, Petr",CZE,M,,,,1567,0,20,APR26,1977,
392472,"Sikorova, Jana",CZE,F,,NA,,1864,0,40,APR26,2008,w
307033,"Sikorova, Olga",CZE,F,WGM,WGM,,2167,0,20,APR26,1975,w
310425,"Siktanc, Petr",CZE,M,,,,2036,0,20,APR26,1958,
308129,"Silar, Lubomir",CZE,M,,,,2045,0,20,APR26,1954,i
23715405,"Siles, Jan",CZE,M,,,,1881,0,40,APR26,2009,
23752220,"Silhan, Vladimir",CZE,M,,,,1412,0,20,APR26,1961,
391298,"Silhanek, Martin",CZE,M,,,,1835,0,20,APR26,1999,i
23752351,"Silhankova, Simona",CZE,F,,,,1423,0,40,APR26,2012,wi
320633,"Silhavy, Miroslav",CZE,M,,,,1842,0,20,APR26,1974,
23799617,"Sima, Daniel",CZE,M,,,,1414,0,40,APR26,2010,
334634,"Sima, Nikola",CZE,M,,,,1882,0,20,APR26,1979,i
23715499,"Sima, Patrik",CZE,M,,,,1804,0,20,APR26,1978,
386502,"Simacek, Miroslav",CZE,M,,,,1847,0,20,APR26,1968,i
307165,"Simacek, Pavel",CZE,M,GM,,,2363,0,10,APR26,1979,
338338,"Simacek, Vaclav",CZE,M,,,,1879,0,20,APR26,1969,i
373150,"Simackova, Katerina",CZE,F,,IA,,1777,0,20,APR26,1996,wi
23734086,"Simajchl, Adam",CZE,M,,,,1835,7,20,APR26,2003,
390879,"Simak, Ivo",CZE,M,,,,1718,0,20,APR26,1969,i
390887,"Simak, Roman",CZE,M,,,,1935,0,20,APR26,1999,i
23788178,"Simakhin, Martin",CZE,M,,,,1926,7,40,APR26,2011,
304778,"Simandl, Karel",CZE,M,,,,2045,0,20,APR26,1936,i
343862,"Simandl, Libor",CZE,M,,,,1962,0,20,APR26,1970,i
23776293,"Simandl, Matyas",CZE,M,,,,1416,0,40,APR26,2009,i
23738960,"Simandl, Stanislav",CZE,M,,,,1832,0,20,APR26,1971,i
23740035,"Simcak, Krystof",CZE,M,,,,1645,0,20,APR26,2003,
361054,"Simcakova, Julie",CZE,F,,NA,,1693,5,20,APR26,1998,w
314161,"Simecek, Alexej",CZE,M,,,,1925,0,20,APR26,1948,i
308188,"Simecek, Bohumil",CZE,M,,,,1934,0,20,APR26,1967,
321060,"Simecek, Jan",CZE,M,,,,1833,0,20,APR26,1954,
23751754,"Simek, Filip",CZE,M,,,,1538,0,40,APR26,2006,i
23715995,"Simek, Petr",CZE,M,,,,1726,0,20,APR26,1987,i
23751762,"Simek, Richard",CZE,M,,,,1441,0,40,APR26,2007,i
398373,"Simek, Viktor",CZE,M,,,,1948,0,40,APR26,2007,
342343,"Simek, Vladimir",CZE,M,,,,1874,0,20,APR26,1949,
326852,"Simek, Zdenek",CZE,M,,,,1941,0,20,APR26,1988,i
23764201,"Simek, Zdenek",CZE,M,,,,1584,0,40,APR26,1977,i
571001344,"Simersky, Petr",CZE,M,,,,1770,9,40,APR26,1966,
377244,"Simet, Martin",CZE,M,FM,,,2107,0,20,APR26,2000,
23715820,"Simik, Frantisek",CZE,M,,,,1842,0,20,APR26,1952,i
382736,"Simon, David",CZE,M,,,,1652,0,40,APR26,1996,
373125,"Simon, Jakub",CZE,M,,,,1741,0,20,APR26,2000,i
350095,"Simon, Jan",CZE,M,,,,1785,0,20,APR26,1996,i
375608,"Simon, Michal",CZE,M,,,,1726,0,20,APR26,2002,i
323527,"Simon, Petr",CZE,M,,,,1780,0,20,APR26,1955,i
23710659,"Simon, Vaclav",CZE,M,,,,1680,0,20,APR26,1951,i
23705396,"Simon, Vilem",CZE,M,,,,1730,0,40,APR26,1998,i
23774240,"Simoncic, Jakub",CZE,M,,,,1552,0,40,APR26,2008,i
350630,"Simonik, Adam",CZE,M,,,,1935,0,20,APR26,1995,i
337730,"Simonova, Adela",CZE,F,,,,1912,0,20,APR26,1992,wi
388297,"Simonova, Debora",CZE,F,,,,1570,0,20,APR26,1992,wi
324337,"Simovic, Ludvik",CZE,M,,,,1724,0,20,APR26,1957,
313149,"Simunek, Ales",CZE,M,,,,2091,0,20,APR26,1957,i
324035,"Simunek, Filip",CZE,M,,,,2128,0,20,APR26,1989,
23709464,"Simunek, Jakub Simon",CZE,M,,,,2002,0,20,APR26,2007,i
23743620,"Sindelar, Jakub",CZE,M,,,,1614,0,40,APR26,2006,i
23788186,"Sindelar, Jakub",CZE,M,,,,1436,5,40,APR26,1996,
391611,"Sindelar, Jan",CZE,M,,,,1752,5,20,APR26,2000,
318825,"Sindelar, Pavel",CZE,M,,,,1831,0,20,APR26,1949,
23772530,"Sindelir, Tomas",CZE,M,,,,1588,0,40,APR26,1978,i
23709170,"Sindler, Jaromir",CZE,M,,,,1768,0,20,APR26,1974,i
325287,"Sindler, Michal",CZE,M,,,,2211,0,20,APR26,1983,
23717858,"Sindler, Vaclav",CZE,M,,,,1546,0,20,APR26,1990,i
23793740,"Singh, Vojtech",CZE,M,,,,1403,0,40,APR26,2012,
23761296,"Sinitsyn, Pavel",CZE,M,,,,1466,0,40,APR26,2006,
359394,"Sion, David",CZE,M,,,,1960,0,20,APR26,1996,i
397300,"Sip, Marek",CZE,M,,,,1731,0,40,APR26,2007,i
325554,"Sipek, Michal",CZE,M,,,,1945,0,20,APR26,1977,
312975,"Sipek, Oldrich",CZE,M,,NA,,1884,0,20,APR26,1975,i
23758651,"Sipek, Ondrej",CZE,M,,,,1545,0,40,APR26,2015,
23729155,"Sipek, Vladimir",CZE,M,,,,1599,0,20,APR26,1985,i
317810,"Sir, Zbynek",CZE,M,,,,2114,0,20,APR26,1971,i
23786728,"Sirila, Eddie",CZE,M,,,,1407,5,40,APR26,2010,
23786744,"Siroky, Alexander",CZE,M,,,,1487,0,40,APR26,2010,i
23798335,"Sis, Robin",CZE,M,,,,1468,0,40,APR26,2016,
306134,"Sisak, Richard",CZE,M,,,,2029,0,20,APR26,1968,i
23734019,"Siska, Antonin",CZE,M,,,,1555,0,40,APR26,2010,i
23767197,"Siska, Jan",CZE,M,,,,1761,0,40,APR26,2009,i
23744855,"Sitcuk, Alexej",CZE,M,,,,1712,0,20,APR26,2000,i
398020,"Sivak, Lukas",CZE,M,,,,1801,0,20,APR26,2001,i
23740760,"Sivkov, Oleg",CZE,M,,,,1743,0,20,APR26,1980,i
307904,"Skacelik, Petr",CZE,M,,,,2075,0,20,APR26,1967,
23741139,"Skala, Dominik",CZE,M,,,,1631,0,20,APR26,2004,
23794020,"Skala, Dominik",CZE,M,,,,1654,0,40,APR26,1994,
325805,"Skala, Jaromir",CZE,M,,,,1950,0,20,APR26,1971,i
312380,"Skala, Kamil",CZE,M,,,,2004,0,20,APR26,1991,
23796189,"Skalicky, Jachym",CZE,M,,,,1512,0,40,APR26,2014,
344788,"Skalicky, Jindrich",CZE,M,,,,1594,0,20,APR26,1985,i
23738979,"Skalicky, Ladislav",CZE,M,,,,1699,0,20,APR26,1960,i
23767790,"Skalicky, Miroslav",CZE,M,,,,1498,7,40,APR26,1953,
334898,"Skalicky, Tomas",CZE,M,,,,2069,0,20,APR26,1996,i
23748052,"Skalka, Filip",CZE,M,,,,1581,0,40,APR26,2008,
365955,"Skalka, Jan",CZE,M,,,,1921,0,20,APR26,1996,
324582,"Skalka, Josef",CZE,M,,,,1786,0,20,APR26,1947,i
365963,"Skalka, Michal",CZE,M,,,,1832,0,20,APR26,1998,i
23779500,"Skalnik, Jakub",CZE,M,,,,1512,0,40,APR26,2008,i
399159,"Skalnik, Josef",CZE,M,,,,1840,0,20,APR26,1938,i
339610,"Skaloud, Dusan",CZE,M,,,,1889,0,20,APR26,1972,i
381799,"Skalsky, Alexandr",CZE,M,,,,2080,0,20,APR26,2002,i
14909146,"Skara, Vladimir",CZE,M,,,,2277,0,20,APR26,1988,i
23780118,"Skarpa, Marek",CZE,M,,,,1556,0,40,APR26,2013,
23763760,"Skarpich, Petr",CZE,M,,,,1618,0,20,APR26,2003,i
23774045,"Skil, Vladimir",CZE,M,,,,1622,0,40,APR26,2012,i
23737581,"Skladal, Tomas",CZE,M,,,,1615,5,40,APR26,2008,
23790075,"Sklar, David",CZE,M,,,,1429,0,40,APR26,2010,
23731141,"Sklar, Petr",CZE,M,,,,1662,0,40,APR26,2004,
23722762,"Sklenar, Tomas",CZE,M,,,,1860,0,20,APR26,2001,i
313386,"Skliba, Martin",CZE,M,FM,,,2228,0,20,APR26,1981,i
23731133,"Sknouril, Jakub",CZE,M,,,,1895,5,40,APR26,2009,
350648,"Skocik, Marek",CZE,M,,,,1880,0,20,APR26,1988,i
315842,"Skockova, Katerina",CZE,F,,,,1878,0,20,APR26,1988,wi
327484,"Skoda, Adam",CZE,M,,,,1884,0,20,APR26,1994,i
323977,"Skoda, Adam",CZE,M,,,,1888,0,20,APR26,1984,i
23792280,"Skoda, Denis",CZE,M,,,,1470,6,40,APR26,1996,
392189,"Skoda, Jiri",CZE,M,,,,1761,0,20,APR26,2003,
331597,"Skoda, Martin",CZE,M,,,,2128,0,20,APR26,1993,i
23716002,"Skoda, Pavel",CZE,M,,,,1607,0,40,APR26,2006,i
395625,"Skokov, Jaroslav",CZE,M,,,,1657,0,40,APR26,2000,
305413,"Skola, Miroslav",CZE,M,,,,2143,0,20,APR26,1964,i
23717955,"Skoloud, Barnabas",CZE,M,,,,1848,0,20,APR26,1989,i
23744111,"Skoloud, Josef",CZE,M,,,,1768,6,40,APR26,2014,
23744120,"Skoloud, Natanael",CZE,M,,,,1596,4,40,APR26,2012,
571000968,"Skopalova, Zofie",CZE,F,,,,1539,6,40,APR26,2012,w
333530,"Skopec, Lubos",CZE,M,,,,1950,0,20,APR26,1970,i
23750766,"Skopecek, Jan",CZE,M,,,,1589,0,20,APR26,1952,i
398950,"Skopkova, Daniela",CZE,F,,,,1852,0,20,APR26,2002,wi
23709677,"Skopkova, Marcela",CZE,F,,,,1543,0,20,APR26,1974,wi
23777494,"Skorupa, Tobias",CZE,M,,,,1809,0,40,APR26,2009,
23753358,"Skoryk, Serhii",CZE,M,,,,1594,0,20,APR26,1957,i
343463,"Skoumal, Radek",CZE,M,,,,1564,0,20,APR26,1973,
329886,"Skovron, Josef",CZE,M,,,,1845,0,20,APR26,1983,i
386510,"Skrabanek, Matej",CZE,M,,,,1746,0,20,APR26,2003,i
23702290,"Skrabankova, Martina",CZE,F,,,,1553,0,40,APR26,1967,wi
23756128,"Skrabolova, Pavlina",CZE,F,,,,1502,0,40,APR26,2010,wi
23777958,"Skrasek, Vit",CZE,M,,,,1740,0,40,APR26,2009,i
23744413,"Skrdle, Adam",CZE,M,,,,1553,0,40,APR26,2010,i
319430,"Skrenek, Jiri",CZE,M,,,,2021,0,20,APR26,1955,i
371599,"Skrivanek, David",CZE,M,,,,1823,0,40,APR26,1993,
397512,"Skrivanek, Roman",CZE,M,,,,1752,0,20,APR26,1978,i
571000976,"Skrob, Jan",CZE,M,,,,1589,0,40,APR26,2010,
389501,"Skrobanek, Vit",CZE,M,,,,1828,0,20,APR26,1957,i
340413,"Skroch, Martin",CZE,M,,,,1914,0,20,APR26,1976,i
23793252,"Skrypachov, Lev",CZE,M,,,,1725,0,40,APR26,2013,
23765135,"Skrypka, Tymofii",CZE,M,,,,1492,0,40,APR26,2002,i
364673,"Skubal, Ondrej",CZE,M,,,,1878,0,20,APR26,1998,i
23786841,"Skucek, Jakub Stepan",CZE,M,,,,1609,0,40,APR26,2008,i
346403,"Skuhrovec, Jaroslav",CZE,M,,,,1567,0,20,APR26,1966,
23707569,"Skulcova, Adela",CZE,F,,,,1523,0,20,APR26,2006,wi
23726440,"Skulec, Martin",CZE,M,,,,1554,0,40,APR26,2009,i
389510,"Skuplik, Jaroslav",CZE,M,,,,1716,0,20,APR26,1942,i
393142,"Skuratov, Alexander",CZE,M,,,,1653,0,20,APR26,2002,i
353175,"Skuthan, Jiri",CZE,M,,,,1932,0,20,APR26,1997,i
361640,"Skuthan, Radek",CZE,M,,,,1801,0,20,APR26,2002,i
23719052,"Skutil, Frantisek",CZE,M,,,,1719,0,20,APR26,1972,i
23727160,"Skutil, Frantisek Elias",CZE,M,,,,1644,0,40,APR26,2008,i
384704,"Skvir, Ivo",CZE,M,,,,1790,0,20,APR26,1980,i
360554,"Skybova, Katerina",CZE,F,,,,1734,0,20,APR26,1997,wi
366285,"Skypala, Ondrej",CZE,M,,,,2206,0,20,APR26,2005,
23748460,"Slaba, Jiri",CZE,M,,,,1873,0,20,APR26,1966,
23708506,"Slaba, Jiri",CZE,M,,,,1658,0,20,APR26,1983,i
23713593,"Slaby, Martin",CZE,M,,,,1527,0,20,APR26,1974,
23734876,"Slaby, Matej",CZE,M,,,,2093,0,20,APR26,2007,
325813,"Slaby, Milos",CZE,M,,,,1883,0,20,APR26,1945,i
23741902,"Slaby, Tomas",CZE,M,,,,1583,0,20,APR26,1992,i
394661,"Slachta, Jan",CZE,M,,,,1839,0,40,APR26,2005,i
23777214,"Sladek, Brian Peter",CZE,M,,,,1782,0,40,APR26,1992,i
313726,"Sladek, Jaroslav",CZE,M,,,,1894,6,20,APR26,1959,
371211,"Sladek, Jaroslav",CZE,M,,,,1773,0,20,APR26,1927,i
397865,"Sladek, Vaclav",CZE,M,,,,1844,0,20,APR26,1969,i
321940,"Sladek, Vladislav",CZE,M,,,,1881,0,20,APR26,1979,i
396257,"Sladka, Hana",CZE,F,,,,1647,0,20,APR26,1953,wi
23729694,"Sladovnik, Jiri",CZE,M,,,,1897,0,40,APR26,1967,i
310115,"Slajs, Vlastimil",CZE,M,,,,1789,0,20,APR26,1951,i
23732091,"Slama, Jan",CZE,M,,,,1728,0,20,APR26,1983,
23761849,"Slamecka, David",CZE,M,,,,1772,0,40,APR26,2010,
23767979,"Slamova, Simona",CZE,F,,,,1505,0,40,APR26,2012,wi
332330,"Slampa, Jan",CZE,M,,NA,,2186,0,20,APR26,1996,i
331830,"Slanec, Jan",CZE,M,,,,1928,0,20,APR26,1991,
383040,"Slanicay, Gabriel",CZE,M,,,,1846,0,20,APR26,1976,i
23734949,"Slanina, Matej",CZE,M,,,,1505,0,40,APR26,2005,i
397067,"Slanina, Maxmilian",CZE,M,,,,1643,0,20,APR26,1958,i
23743034,"Slansky, Jachym",CZE,M,,,,1710,7,40,APR26,2009,
23726946,"Slapak, Petr",CZE,M,,,,1709,0,20,APR26,1961,i
23754451,"Slava, Vitalina",CZE,F,,,,1497,0,40,APR26,2012,wi
23754460,"Slava, Vladyslav",CZE,M,,,,1679,0,40,APR26,2008,i
326615,"Slavik, Jan",CZE,M,,,,1847,0,20,APR26,1975,i
391050,"Slavik, Marek",CZE,M,,,,1567,0,40,APR26,2006,i
375730,"Slavik, Miroslav",CZE,M,,,,1577,0,20,APR26,1981,
23793414,"Slavik, Miroslav",CZE,M,,,,1436,0,40,APR26,1983,
354953,"Slavik, Pavel",CZE,M,,,,1749,0,20,APR26,1962,i
365084,"Slavik, Petr",CZE,M,,,,1843,0,20,APR26,1973,
306959,"Slavinsky, Rostislav",CZE,M,,,,1906,0,20,APR26,1952,
23734450,"Slechta, Adam",CZE,M,,,,1929,0,40,APR26,2009,
23799102,"Slechta, Frantisek",CZE,M,,,,1628,0,40,APR26,2001,
303186,"Slechta, Jan",CZE,M,,,,1844,0,20,APR26,1968,i
326178,"Slechta, Karel",CZE,M,,,,1832,0,20,APR26,1941,
23767987,"Slegl, Jakub",CZE,M,,,,1644,0,40,APR26,2009,i
350770,"Slepanek, Jan",CZE,M,,,,1872,0,20,APR26,1955,i
309923,"Slepankova, Radka",CZE,F,,,,1968,0,20,APR26,1977,wi
378364,"Slepov, Cyril",CZE,M,,NA,,2146,0,20,APR26,1996,
396206,"Slezak, Jaroslav",CZE,M,,,,1609,0,20,APR26,1954,i
23792990,"Slezar, Martin",CZE,M,,,,1813,0,40,APR26,2009,
23777729,"Slimak, Oliver",CZE,M,,,,1534,0,40,APR26,2009,
23780940,"Sliva, Jan",CZE,M,,,,1506,0,40,APR26,2012,
344486,"Sliva, Michal",CZE,M,,,,1792,7,20,APR26,1996,
23752505,"Sliva, Petr",CZE,M,,,,1821,0,20,APR26,1977,i
23709294,"Slivova, Linda",CZE,F,,,,1740,0,40,APR26,2010,w
23744553,"Slonek, Richard",CZE,M,,,,1507,0,40,APR26,2012,i
313246,"Slosar, Jan",CZE,M,,,,1914,0,20,APR26,1970,i
23700904,"Slosar, Jan",CZE,M,,,,1554,0,40,APR26,2008,i
398993,"Slouka, Lukas",CZE,M,,,,1834,0,20,APR26,1995,
365440,"Slovak, Kilian",CZE,M,FM,,,2245,0,20,APR26,2000,
318493,"Slovak, Pavel",CZE,M,,NA,,1914,0,20,APR26,1974,
23787910,"Slovak, Petr",CZE,M,,,,1598,0,40,APR26,1986,i
23767510,"Slovak, Zdenek",CZE,M,,,,1519,8,40,APR26,2009,
305456,"Sluka, Radek",CZE,M,IM,,,2297,0,20,APR26,1976,
571001360,"Sluka, Stanislav",CZE,M,,,,1498,9,40,APR26,1955,
23776471,"Slunecko, Jindrich",CZE,M,,,,1460,0,40,APR26,2008,i
398187,"Slunsky, Petr",CZE,M,,,,1724,0,20,APR26,1954,i
309575,"Smajzr, Martin",CZE,M,,,,2175,0,20,APR26,1970,i
23704748,"Smajzrova, Dominika",CZE,F,,NA,,1632,0,40,APR26,2006,wi
378291,"Smajzrova, Veronika",CZE,F,,FA,,1870,0,20,APR26,2001,wi
23739762,"Smatera, Miroslav",CZE,M,,,,1590,0,20,APR26,1963,i
318698,"Smehlik, Jaroslav",CZE,M,,,,1900,0,20,APR26,1964,i
23726318,"Smejkal, Denis",CZE,M,,,,1564,0,40,APR26,2010,i
391301,"Smejkal, Jakub",CZE,M,,,,1649,0,20,APR26,2003,i
304336,"Smejkal, Jan",CZE,M,,,,1942,0,20,APR26,1953,i
23707755,"Smejkal, Jan",CZE,M,,,,1608,0,20,APR26,1968,i
331600,"Smejkal, Josef",CZE,M,,,,1825,9,20,APR26,1978,
351253,"Smejkal, Mojmir",CZE,M,,,,1860,0,20,APR26,1943,i
23770538,"Smekal, Lukas",CZE,M,,,,1771,0,40,APR26,2009,
320390,"Smekal, Zdenek",CZE,M,,,,1881,0,20,APR26,1970,i
571001069,"Smely, Richard",CZE,M,,,,1553,6,40,APR26,1998,
323586,"Smetak, Vaclav",CZE,M,,,,1960,0,20,APR26,1944,i
23748478,"Smetana, Tomas",CZE,M,,,,1619,0,20,APR26,2001,i
379476,"Smid, Frantisek",CZE,M,,,,1838,0,20,APR26,1953,i
323055,"Smid, Jan",CZE,M,,,,1896,9,20,APR26,1989,
318906,"Smid, Miroslav",CZE,M,,,,2180,0,20,APR26,1983,i
382213,"Smid, Pavel",CZE,M,,,,1906,0,20,APR26,2003,i
392251,"Smida, Martin",CZE,M,,,,1696,0,20,APR26,1998,i
23723149,"Smidek, Prokop",CZE,M,,,,1757,0,40,APR26,2007,i
359157,"Smilek, Petr",CZE,M,,,,2031,0,20,APR26,1989,i
23755660,"Smisek, Robin",CZE,M,,,,1842,0,40,APR26,2010,
23740523,"Smokova, Jana",CZE,F,,,,1436,0,20,APR26,1994,wi
23721367,"Smola, David",CZE,M,,,,1755,0,40,APR26,2007,i
397520,"Smola, Radko",CZE,M,,,,1769,0,20,APR26,1979,i
363782,"Smolej, Lukas",CZE,M,,,,1992,0,,APR26,1977,i
374806,"Smolik, Ales",CZE,M,,,,1741,0,20,APR26,1999,i
23701641,"Smolik, Jachym",CZE,M,FM,,,2131,0,20,APR26,2007,i
380636,"Smrcka, Jan",CZE,M,,,,1927,0,20,APR26,1968,i
390488,"Smrek, Dusan",CZE,M,,,,1873,0,20,APR26,1972,i
23782188,"Smrha, Matej",CZE,M,,,,1513,0,40,APR26,2017,
23789514,"Smrha, Vojtech",CZE,M,,,,1578,0,40,APR26,2019,
23724960,"Smrz, Michal",CZE,M,,,,1650,0,20,APR26,1984,i
310930,"Smutny, Jan",CZE,M,,,,2214,0,20,APR26,1966,i
23799528,"Snasel, Jindrich",CZE,M,,,,1633,0,40,APR26,2013,
360180,"Snasel, Michal",CZE,M,,,,1845,0,20,APR26,1992,
349933,"Snasel, Michal",CZE,M,,,,1808,0,20,APR26,1973,i
23774398,"Sneberk, Vit",CZE,M,,,,1471,0,40,APR26,2011,
334499,"Snehota, Martin",CZE,M,,,,1926,0,20,APR26,1990,i
335339,"Sneiberg, Krystof",CZE,M,,,,1992,0,20,APR26,1993,i
23766930,"Snejdar, Martin",CZE,M,,,,1608,0,40,APR26,2008,i
23787600,"Snevajs, Vaclav",CZE,M,,,,1557,0,40,APR26,2009,
23786981,"Sniegon, David",CZE,M,,,,1474,0,20,APR26,1993,
23765143,"Snobr, Marek",CZE,M,,,,1598,0,40,APR26,2000,
23754478,"Snopek, Jan",CZE,M,,,,1502,0,40,APR26,2013,
23754486,"Snopek, Miroslav",CZE,M,,,,1444,0,40,APR26,2013,
307602,"Snorek, Milan",CZE,M,,,,1992,0,20,APR26,1944,i
315834,"Snyta, Zdenek",CZE,M,,,,1987,0,20,APR26,1962,
301388,"Sobek, Jaroslav",CZE,M,FM,,,2080,9,20,APR26,1955,
23743247,"Sobek, Lukas",CZE,M,,,,1554,0,20,APR26,1982,i
328227,"Sobek, Martin",CZE,M,,,,1794,0,20,APR26,1985,
23743255,"Sobek, Mikulas",CZE,M,,,,1692,0,40,APR26,2010,
319244,"Sobek, Rostislav",CZE,M,,,,1896,0,20,APR26,1953,i
23710667,"Sobeslavsky, Roman",CZE,M,,,,1815,0,20,APR26,1973,i
23779861,"Sobotik, Lukas",CZE,M,,,,1525,0,40,APR26,2007,i
311260,"Sobotka, Jiri",CZE,M,,,,1907,9,20,APR26,1958,
23738090,"Sobotka, Radim",CZE,M,,,,1819,0,20,APR26,2003,i
23771283,"Sobr, Antonin",CZE,M,,,,1464,0,40,APR26,2014,i
23769513,"Socha, Vojtech",CZE,M,,,,1423,0,40,APR26,2012,
386677,"Sochor, Adam",CZE,M,,,,1595,10,20,APR26,2002,
23735350,"Sochor, Antonin",CZE,M,,,,1706,0,40,APR26,2012,i
23793325,"Sochor, Frantisek",CZE,M,,,,1649,0,40,APR26,1968,
23776820,"Sochor, Jakub",CZE,M,,,,1791,7,40,APR26,2004,
324043,"Sochor, Jiri",CZE,M,,,,2238,0,20,APR26,1980,i
308749,"Sochor, Stanislav",CZE,M,,,,2083,0,20,APR26,1975,i
23734230,"Sochor, Vaclav",CZE,M,,,,1876,0,40,APR26,2012,i
23777419,"Sochorova, Gabriela",CZE,F,,,,1492,0,40,APR26,2017,w
305260,"Sochorova, Petra",CZE,F,WIM,WIM,,2073,0,20,APR26,1978,wi
23734345,"Sochorova, Valentyna",CZE,F,,,,1465,0,40,APR26,2010,wi
335592,"Sochurek, Pavel",CZE,M,,,,1595,0,40,APR26,1958,
323195,"Sodoma, Jan",CZE,M,IM,,,2357,0,20,APR26,1983,i
359408,"Sodomka, Adam",CZE,M,,,,1918,0,20,APR26,1989,i
312363,"Sojka, Ales",CZE,M,,NA,,2014,0,20,APR26,1977,
349640,"Sojka, Oldrich",CZE,M,,,,1725,0,20,APR26,1947,i
371505,"Sojma, Zdenek",CZE,M,,,,1902,0,20,APR26,1963,i
375381,"Soki, Zdenek",CZE,M,,,,1761,0,20,APR26,1956,
395820,"Sokol, Boris",CZE,M,,,,1833,0,20,APR26,1953,i
23737000,"Sokol, Zbynek",CZE,M,,,,1437,0,40,APR26,2008,i
4119177,"Sokolov, Alexander",CZE,M,FM,,,2366,0,10,APR26,1976,i
367338,"Sokolovska, Jitka",CZE,F,,,,1670,0,20,APR26,1953,wi
14974045,"Sokolovsky, Jakub",CZE,M,,,,1905,0,20,APR26,2004,i
23749512,"Sokolovsky, Petr",CZE,M,,,,1573,0,20,APR26,1951,i
365467,"Solc, Filip",CZE,M,,,,1968,0,20,APR26,2001,i
340430,"Solil, Roman",CZE,M,,,,2062,9,20,APR26,1970,
361437,"Solny, Michal",CZE,M,,,,1985,0,20,APR26,1973,i
339229,"Soltysova, Andrea",CZE,F,,,,1727,0,20,APR26,1992,wi
23775360,"Son, Yeonjun",CZE,M,,,,1748,0,40,APR26,2007,i
23788372,"Sonka, Dominik",CZE,M,,,,1418,0,40,APR26,2017,
23724129,"Sopek, Filip",CZE,M,,,,1418,0,40,APR26,2008,i
23789646,"Sopik, Jan",CZE,M,,,,1535,0,40,APR26,2015,
23753188,"Sopuchova, Bela",CZE,F,,,,1548,0,40,APR26,2013,w
23749520,"Sorf, Filip",CZE,M,,,,1671,0,40,APR26,2010,
23749539,"Sorf, Ivo",CZE,M,,,,1708,0,20,APR26,1975,i
5400139,"Sorm, Daniel",CZE,M,FM,,,2282,0,20,APR26,1960,i
23777222,"Sorokolit, Konstantin",CZE,M,,,,1597,4,40,APR26,1976,
304379,"Sosna, Jan",CZE,M,IM,,,2325,0,10,APR26,1960,i
23742178,"Sotek, Matej",CZE,M,,,,2007,0,40,APR26,2012,
23735082,"Sotek, Simon",CZE,M,CM,,,2093,0,40,APR26,2010,
311910,"Sott, Pavel",CZE,M,,,,2165,0,20,APR26,1977,i
23727349,"Soucek, Andrej",CZE,M,,,,1963,7,40,APR26,2010,
23713275,"Soucek, Jan",CZE,M,FM,,,2084,0,40,APR26,2008,
23725753,"Soucek, Krystof",CZE,M,,,,1630,0,40,APR26,2010,i
23715170,"Soucek, Petr",CZE,M,FM,,,2234,0,20,APR26,2006,
342360,"Soucha, Stepan",CZE,M,,,,1860,0,20,APR26,1948,i
23710306,"Soudsky, Filip",CZE,M,,,,1717,0,20,APR26,1986,i
338427,"Soukal, Roman",CZE,M,,,,1980,0,20,APR26,1984,i
306835,"Soukal, Rudolf",CZE,M,,,,2004,0,20,APR26,1940,i
23763469,"Soukup, Alexandr",CZE,M,,,,1592,0,20,APR26,1974,
338435,"Soukup, Alois",CZE,M,,,,2093,0,20,APR26,1968,i
23741910,"Soukup, Erik",CZE,M,,,,1634,0,40,APR26,2015,
23747870,"Soukup, Jakub",CZE,M,,,,1765,0,40,APR26,2007,i
310840,"Soukup, Jiri",CZE,M,FM,,,2312,0,20,APR26,1982,
370959,"Soukup, Jiri",CZE,M,,,,1750,0,20,APR26,2001,i
397423,"Soukup, Miroslav",CZE,M,,,,1790,0,20,APR26,1975,i
372030,"Soukup, Ondrej",CZE,M,,,,1658,0,20,APR26,2003,i
23733209,"Soukup, Stepan",CZE,M,,,,1849,0,20,APR26,2001,i
307998,"Soukup, Vaclav",CZE,M,,,,2049,0,20,APR26,1971,
311928,"Soural, Jan",CZE,M,CM,,,2122,0,20,APR26,1976,
23720867,"Souralova, Alena",CZE,F,,,,1507,0,40,APR26,2010,w
23710586,"Souralova, Jana",CZE,F,,,,1467,0,40,APR26,2008,w
332739,"Souralova, Venuse",CZE,F,,SI,,1608,0,20,APR26,1978,w
327638,"Sourek, Vladimir",CZE,M,,,,1863,0,20,APR26,1960,i
340839,"Soutner, Jaroslav",CZE,M,,,,1743,0,20,APR26,1952,i
353205,"Sova, Ondrej",CZE,M,,,,1927,0,20,APR26,1995,i
356484,"Sovadina, Jiri",CZE,M,,NA,,1947,0,20,APR26,1958,i
377228,"Sovadina, Martin",CZE,M,,,,1833,0,20,APR26,1983,i
23714344,"Sovany, Attila",CZE,M,,,,1858,0,20,APR26,1999,i
23767650,"Sozanski, Jindrich",CZE,M,,,,1569,0,40,APR26,2008,i
23766719,"Spacek, Jiri",CZE,M,,,,1514,0,40,APR26,2007,i
300314,"Spacek, Petr",CZE,M,IM,,,2336,0,20,APR26,1954,
381586,"Spachta, Max",CZE,M,,,,1617,0,20,APR26,2000,i
23764805,"Spacil, Jakub",CZE,M,,,,1710,0,40,APR26,2008,i
23709308,"Spacilova, Klara",CZE,F,,,,1466,0,40,APR26,2007,wi
399043,"Spackova, Milena",CZE,F,,,,1695,0,20,APR26,1948,wi
382760,"Spala, Jiri",CZE,M,,,,1751,0,20,APR26,1949,
23794208,"Spanhel, Jakub",CZE,M,,,,1582,8,40,APR26,1997,
350656,"Sperkova, Kristyna",CZE,F,,,,1721,0,20,APR26,1998,wi
23735090,"Spetlova, Stella",CZE,F,,,,1516,0,40,APR26,2011,w
338443,"Spevacek, Ivo",CZE,M,,,,1902,0,20,APR26,1957,
366781,"Spicka, Jan",CZE,M,,,,1891,0,20,APR26,2001,i
23731931,"Spicka, Martin",CZE,M,,,,1439,0,20,APR26,1989,
23723270,"Spilka, Jachym",CZE,M,,,,1632,0,40,APR26,2005,i
23741198,"Spilka, Krystof",CZE,M,,,,1657,0,40,APR26,2008,i
23768568,"Spinar, Krystof",CZE,M,,,,1569,0,40,APR26,2009,i
357235,"Spinka, Petr",CZE,M,,,,1940,0,20,APR26,1975,i
378275,"Spinler, Bronislav",CZE,M,,,,1666,0,20,APR26,1965,
310832,"Spirek, Adam",CZE,M,,,,1949,9,20,APR26,1978,
335541,"Spirhanzl, Radek",CZE,M,,,,1769,0,20,APR26,1963,i
4134494,"Spirin, Oleg",CZE,M,IM,,,2475,0,10,APR26,1983,i
23798041,"Spirk, Jan",CZE,M,,,,1433,6,40,APR26,2012,
23717408,"Spirka, Jonas",CZE,M,,,,1596,0,40,APR26,2006,i
23731419,"Splichal, Pavel",CZE,M,,,,1623,0,20,APR26,1957,i
314650,"Splichal, Petr",CZE,M,,,,1919,0,20,APR26,1974,i
310476,"Splichal, Stanislav",CZE,M,,,,2034,9,20,APR26,1963,
23780193,"Splichal, Vojtech",CZE,M,,,,1484,0,40,APR26,2012,i
307483,"Spodny, Josef",CZE,M,FM,,,1986,0,20,APR26,1942,i
23788631,"Sporik, Jakub",CZE,M,,,,1450,0,40,APR26,2007,i
348651,"Sporka, Bozetech",CZE,M,,,,1786,0,20,APR26,1953,i
398985,"Spousta, Vojtech",CZE,M,,,,1874,0,40,APR26,2008,
397164,"Sprenar, Petr",CZE,M,FM,,,2256,0,20,APR26,2003,
23728612,"Sprinar, Ludek",CZE,M,,,,1769,0,20,APR26,1969,i
23714190,"Sprinar, Michal",CZE,M,,,,1920,0,40,APR26,2007,i
386529,"Springl, Matej",CZE,M,,,,1791,0,20,APR26,2003,i
23778768,"Sprinz, Milan",CZE,M,,,,1700,0,40,APR26,1995,i
23778776,"Spurny, Radek",CZE,M,,,,1426,0,40,APR26,1980,i
23732660,"Spyrka, Jakub",CZE,M,,NA,,1812,0,20,APR26,2002,i
23775505,"Spyroglou, Ioannis",CZE,M,,,,1592,3,20,APR26,1989,
328243,"Sramek, Josef",CZE,M,,,,2057,0,20,APR26,1943,i
358673,"Sramek, Ondrej",CZE,M,,,,1916,0,20,APR26,1998,
368369,"Sramek, Tomas",CZE,M,,,,1823,0,20,APR26,1965,
358681,"Sramek, Vojtech",CZE,M,FM,,,2085,0,20,APR26,2001,
23775106,"Sramek, William",CZE,M,,,,1579,0,40,APR26,2011,i
23732105,"Srba, Daniel",CZE,M,,,,1651,0,40,APR26,2010,i
321575,"Srba, Milan",CZE,M,,,,2185,0,20,APR26,1976,
23756497,"Srba, Oliver",CZE,M,,,,1407,0,40,APR26,2013,
364720,"Srba, Stanislav",CZE,M,,,,1906,0,20,APR26,2002,i
23775114,"Srch, Jan",CZE,M,,,,1439,7,40,APR26,2011,
338451,"Sretr, Josef",CZE,M,,,,1852,0,20,APR26,1949,i
23761857,"Srkala, Tomas",CZE,M,,,,1682,0,20,APR26,1991,i
23775122,"Sromek, Sebastian",CZE,M,,,,1529,9,40,APR26,2014,
351393,"Srostlik, Zdenek",CZE,M,,,,1897,0,20,APR26,1993,
23792728,"Stach, Matej",CZE,M,,,,1620,0,40,APR26,2003,
357243,"Stadler, Jaroslav",CZE,M,,,,1785,0,20,APR26,1950,i
23760800,"Stafl, Cyril",CZE,M,,,,1542,0,40,APR26,2012,i
338478,"Staif, Martin",CZE,M,,,,2078,0,20,APR26,1968,i
23787724,"Stajnrt, Vojtech",CZE,M,,,,1451,0,40,APR26,2013,i
372048,"Stalmach, Richard",CZE,M,IM,,,2345,0,20,APR26,2006,
313866,"Stamposky, Libor",CZE,M,,,,1880,0,20,APR26,1971,
23746955,"Stana, Lukas",CZE,M,,,,1809,0,20,APR26,1983,i
329606,"Stana, Marek",CZE,M,,,,1978,0,20,APR26,1993,i
381829,"Stancik, Jakub",CZE,M,,,,2075,0,20,APR26,1997,i
317217,"Stanec, Stanislav",CZE,M,,,,2027,0,20,APR26,1971,i
313440,"Stanek, Bohumil",CZE,M,,,,1806,0,20,APR26,1959,
23768614,"Stanek, Michal",CZE,M,,,,1490,0,40,APR26,2008,i
364240,"Stanek, Ondrej",CZE,M,,,,2082,0,20,APR26,2001,i
347540,"Stanek, Petr",CZE,M,,,,1912,0,20,APR26,1982,i
23799218,"Stanek, Petr",CZE,M,,,,1701,0,40,APR26,1979,
318434,"Stanek, Stanislav",CZE,M,,,,1975,0,20,APR26,1964,i
23768274,"Stanek, Stepan",CZE,M,,,,1550,0,40,APR26,2008,
366315,"Stanek, Vaclav",CZE,M,,,,1846,0,20,APR26,1946,i
348260,"Stanek, Vaclav",CZE,M,,,,1685,0,20,APR26,1947,i
306967,"Stania, Petr",CZE,M,,,,1801,0,20,APR26,1963,i
324779,"Stanik, Michal",CZE,M,,,,1890,0,20,APR26,1988,i
23719010,"Stanislav, Josef",CZE,M,,,,1727,0,20,APR26,1953,i
385557,"Stanke, Petr",CZE,M,,,,1671,0,20,APR26,2001,i
397504,"Stanke, Vilem",CZE,M,,,,1536,0,20,APR26,1968,i
369853,"Stankova, Radka",CZE,F,,,,1817,0,20,APR26,1973,w
384178,"Stankova, Zuzana",CZE,F,,,,1732,0,20,APR26,1986,w
23733543,"Stara, Zuzana",CZE,F,,,,1967,0,40,APR26,2011,w
23770724,"Starecek, Vaclav",CZE,M,,,,1611,0,40,APR26,2010,
349844,"Starek, Stanislav",CZE,M,,NA,,2173,0,20,APR26,1995,
23732792,"Stark, Lukas",CZE,M,,,,1451,0,40,APR26,2006,i
23786850,"Starodubtsev, Fylypp",CZE,M,,,,1612,3,,APR26,2012,
23799226,"Stary, Josef",CZE,M,,,,1834,0,40,APR26,1998,
322806,"Stary, Lukas",CZE,M,,,,1934,0,20,APR26,1982,
23734353,"Stary, Simon",CZE,M,,,,2003,0,40,APR26,2008,
399817,"Stary, Vojtech",CZE,M,,,,1929,0,40,APR26,2010,
339440,"Starychfojtu, Josef",CZE,M,,,,1884,0,20,APR26,1973,i
360570,"Starychfojtu, Josef",CZE,M,,,,1746,0,20,APR26,1998,i
385123,"Stastna, Martina",CZE,F,,,,1835,0,20,APR26,2005,w
23714530,"Stastny, Adam",CZE,M,,,,1565,0,40,APR26,2005,i
381381,"Stastny, Jakub",CZE,M,,,,1953,0,20,APR26,2004,i
312606,"Stastny, Jan",CZE,M,,,,2152,0,20,APR26,1979,i
387177,"Stastny, Jiri",CZE,M,,,,1798,0,20,APR26,1958,i
371130,"Stastny, Jiri",CZE,M,,,,1702,0,20,APR26,1965,i
23704098,"Stastny, Josef",CZE,M,,,,1680,0,20,APR26,2002,i
338494,"Stastny, Pavel",CZE,M,,,,1772,0,20,APR26,1958,i
328251,"Stastny, Petr",CZE,M,,,,1963,0,20,APR26,1958,i
23727179,"Stastny, Simon",CZE,M,,,,1667,0,40,APR26,2006,i
23775130,"Stastny, Simon Josef",CZE,M,,,,1534,0,40,APR26,2006,i
308480,"Staszko, Martin",CZE,M,,,,2080,0,20,APR26,1976,i
23778083,"Staszko, Matyas",CZE,M,,,,1509,0,40,APR26,2016,
23714751,"Stavova, Helena",CZE,F,,,,1615,0,20,APR26,2006,wi
23715642,"Stavova, Lucie",CZE,F,,,,1435,0,40,APR26,2010,wi
23714824,"Stavova, Marketa",CZE,F,,,,1605,0,40,APR26,2008,wi
309320,"Stec, Frantisek",CZE,M,,,,1916,0,20,APR26,1938,i
23702796,"Stech, Vladimir",CZE,M,,,,1909,0,20,APR26,1983,i
23731737,"Stedry, Jachym",CZE,M,,,,1560,0,40,APR26,2007,i
386642,"Stefan, Ales",CZE,M,,,,1654,0,20,APR26,1955,i
349852,"Stefan, Jaroslav",CZE,M,,,,1924,0,20,APR26,1988,i
23733144,"Stefan, Nikola",CZE,M,,,,1703,0,20,APR26,1951,i
23742992,"Stefan, Simon",CZE,M,,,,1766,0,40,APR26,2008,i
385190,"Stefanik, Marek",CZE,M,,,,1958,0,20,APR26,2002,i
380520,"Stefanik, Petr",CZE,M,,,,1595,0,20,APR26,1971,
367826,"Stefanisin, Jan",CZE,M,,,,1941,0,20,APR26,1998,
23728825,"Stefaniv, Vladislav",CZE,M,,,,1765,0,40,APR26,2010,
308110,"Stefl, Vladimir",CZE,M,,,,2038,0,20,APR26,1949,i
366498,"Stegl, Petr",CZE,M,,,,1897,0,20,APR26,1973,i
308323,"Stehlik, Jiri",CZE,M,,,,1961,0,20,APR26,1956,i
23735716,"Stehlik, Martin",CZE,M,,,,1717,0,20,APR26,2007,
384496,"Stehlik, Pavel",CZE,M,,,,1626,0,20,APR26,1962,i
23740302,"Stehlikova, Vanessa",CZE,F,,,,1552,0,40,APR26,2010,w
23781203,"Stehno, Vladimir",CZE,M,,,,1521,0,40,APR26,1952,i
343439,"Steimar, Miroslav",CZE,M,,,,1956,0,20,APR26,1954,i
23733063,"Stein, Michael",CZE,M,,,,2043,0,40,APR26,2009,
23713089,"Steinbauer, Jakub",CZE,M,,,,1687,0,40,APR26,2007,
399272,"Steinbauer, Sebastian",CZE,M,,,,2016,7,20,APR26,2006,
367516,"Steiner, Juraj",CZE,M,,,,1827,0,20,APR26,1948,
23700483,"Stejskal, Adam",CZE,M,,,,1888,0,20,APR26,1990,i
23774487,"Stejskal, Antonin",CZE,M,,,,1648,0,40,APR26,2013,
321435,"Stejskal, Drahoslav",CZE,M,,,,2006,0,20,APR26,1962,i
23731877,"Stejskal, Jakub",CZE,M,,,,1868,0,40,APR26,2010,
388726,"Stejskal, Jakub",CZE,M,,,,1639,6,40,APR26,1993,
398195,"Stejskal, Michal",CZE,M,,,,1906,0,20,APR26,2006,
23760478,"Stejskal, Petr",CZE,M,,,,1581,0,40,APR26,2011,
398250,"Stekl, Filip",CZE,M,,,,1583,3,20,APR26,2002,
381217,"Stencel, Karel",CZE,M,,NA,,1805,0,20,APR26,1970,
23748737,"Stencel, Martin",CZE,M,,,,1613,0,40,APR26,2007,
23761075,"Stepan, Jakub",CZE,M,,,,1739,0,40,APR26,2005,i
317160,"Stepan, Michal",CZE,M,,,,2050,0,20,APR26,1979,i
358444,"Stepan, Patrik",CZE,M,,,,2150,0,,APR26,1999,i
386286,"Stepan, Petr",CZE,M,,,,1639,0,20,APR26,1999,i
23762500,"Stepan, Vaclav",CZE,M,,,,1487,0,40,APR26,2010,i
23741147,"Stepanek, Bedrich",CZE,M,,,,1436,0,20,APR26,2004,i
23759461,"Stepanek, Jiri",CZE,M,,,,1422,0,40,APR26,2008,i
23756179,"Stepanek, Ondrej",CZE,M,,,,1476,0,40,APR26,2013,i
23788518,"Stepanek, Petr",CZE,M,,,,1520,0,40,APR26,2014,
23749164,"Stepanek, Radek",CZE,M,,,,1684,0,20,APR26,2000,i
326461,"Stepanek, Svatopluk",CZE,M,,,,1843,0,20,APR26,1965,i
23750936,"Stepankova, Linda",CZE,F,,,,1733,7,40,APR26,2012,w
23740221,"Stepanov, Oleksandr",CZE,M,,,,1431,0,40,APR26,2007,i
23771542,"Stepnicka, Filip",CZE,M,,,,1684,0,40,APR26,2016,
23737182,"Sterba, Antonin",CZE,M,,,,1708,0,20,APR26,1954,i
354180,"Sterba, Erik",CZE,M,,,,1832,0,20,APR26,1957,
23799765,"Sterba, Martin",CZE,M,,,,1623,0,40,APR26,1990,
23750952,"Sterikova, Marketa",CZE,F,,,,1647,0,40,APR26,2007,wi
320412,"Stetz, Jan",CZE,M,,,,1650,0,20,APR26,1955,i
23732571,"Stibor, Ondrej",CZE,M,,,,1597,0,40,APR26,2010,i
351024,"Stich, Jan",CZE,M,,NA,,1866,0,20,APR26,1998,i
391662,"Stinka, Jakub",CZE,M,FM,,,2310,0,20,APR26,2003,
23778423,"Stitnicky, Boris",CZE,M,,,,1508,0,40,APR26,1974,i
23733225,"Stix, Jachym",CZE,M,,,,1450,0,20,APR26,2007,i
23733233,"Stix, Vitek",CZE,M,,,,1456,0,40,APR26,2009,i
304760,"Stocek, Jiri",CZE,M,GM,,,2469,0,10,APR26,1977,
380121,"Stocek, Martin",CZE,M,,,,2050,0,20,APR26,2006,
398888,"Stochl, Vojtech",CZE,M,,NA,,1494,0,20,APR26,2002,i
23761300,"Stockner, Thorsten",CZE,M,,,,1489,0,20,APR26,1994,i
373591,"Stodola, Jakub",CZE,M,,,,1840,0,20,APR26,1991,i
349860,"Stodola, Marek",CZE,M,,,,1954,0,20,APR26,1995,i
340456,"Stodola, Zdenek",CZE,M,,,,1684,0,20,APR26,1953,i
319740,"Stodulka, Petr",CZE,M,,,,1930,0,20,APR26,1959,i
23716070,"Stogr, Viktor",CZE,M,,,,1708,0,20,APR26,2007,i
23761083,"Stojaspal, Lukas",CZE,M,,,,1703,0,20,APR26,1983,
383287,"Stola, Stanislav",CZE,M,,,,1776,0,20,APR26,1991,
383295,"Stola, Stanislav",CZE,M,,,,1673,0,20,APR26,1956,
321303,"Stolba, Milos",CZE,M,,,,2086,0,20,APR26,1974,
302830,"Stolba, Oldrich",CZE,M,,,,1661,5,20,APR26,1960,
323829,"Stolc, Martin",CZE,M,,,,2093,0,20,APR26,1986,i
355402,"Stolfa, Jaroslav",CZE,M,,,,1832,0,20,APR26,1959,
344222,"Stoly, Jindrich",CZE,M,,,,1747,0,20,APR26,1943,i
382744,"Stonavsky, Filip",CZE,M,,,,1828,0,20,APR26,1991,i
311669,"Stonawski, Igor",CZE,M,,,,1936,0,20,APR26,1964,
23708867,"Stonawski, Jerzy",CZE,M,,,,1582,0,20,APR26,1997,
399329,"Stonawski, Krystian",CZE,M,,,,1423,0,40,APR26,2009,
23753641,"Stor, Jakub",CZE,M,,,,1552,0,40,APR26,2012,i
380130,"Storek, Ladislav",CZE,M,,,,1635,0,20,APR26,1949,i
354988,"Stork, Rostislav",CZE,M,,NA,,1824,0,20,APR26,1969,i
23726776,"Stos, Radek",CZE,M,,,,1836,0,20,APR26,1969,i
23703415,"Stoudek, Michal",CZE,M,,,,1584,0,20,APR26,2003,i
312800,"Stracanek, Jaroslav",CZE,M,,,,1846,0,20,APR26,1947,i
389536,"Strachota, Jan",CZE,M,,,,1678,0,20,APR26,1979,i
389544,"Strachota, Tomas",CZE,M,,,,1609,0,40,APR26,2008,i
380814,"Strahl, Jiri",CZE,M,,,,1919,0,20,APR26,1965,
23774401,"Straka, Jakub",CZE,M,,,,1632,0,40,APR26,1998,i
313858,"Straka, Jaroslav",CZE,M,,,,1894,0,20,APR26,1958,
334715,"Straka, Ondrej",CZE,M,,,,1987,0,20,APR26,1989,i
377740,"Straka, Pavel",CZE,M,,,,1920,7,40,APR26,1969,
23755695,"Straka, Rene",CZE,M,,,,1503,0,40,APR26,2011,i
312509,"Straka, Vojtech",CZE,M,IM,,,2306,0,20,APR26,1993,i
377759,"Straka, Vojtech",CZE,M,,,,1945,7,,APR26,1999,
315494,"Straka, Zdenek",CZE,M,,,,1841,0,20,APR26,1958,
23786752,"Strakos, Frantisek",CZE,M,,,,1429,0,40,APR26,2017,
330353,"Strakos, Tomas",CZE,M,,,,1832,0,20,APR26,1936,i
23787520,"Stranik, Daniel",CZE,M,,,,1403,0,40,APR26,2011,
333433,"Stranska, Kamila",CZE,F,,,,1776,0,20,APR26,1997,wi
571001077,"Stransky, Ales",CZE,M,,,,1674,0,40,APR26,1964,
23762560,"Stransky, Jindrich",CZE,M,,,,1603,0,20,APR26,1999,i
23706759,"Stransky, Lubos",CZE,M,,,,1677,0,20,APR26,1980,i
330060,"Stransky, Vojtech",CZE,M,,,,1932,0,20,APR26,1993,i
308013,"Strasil, Pavel",CZE,M,CM,,,1944,0,20,APR26,1970,
300500,"Stratil, Ladislav",CZE,M,IM,,,2361,0,20,APR26,1968,i
396613,"Stratil, Ondrej",CZE,M,,,,1704,0,20,APR26,2000,i
23756357,"Stratilek, Vojtech",CZE,M,,,,1580,0,20,APR26,1993,i
23760699,"Strazhnyk, Viktoriia",CZE,F,,,,1856,0,40,APR26,2011,w
23771305,"Strazhnyk, Yevhen",CZE,M,,,,1595,0,40,APR26,2014,
23744065,"Strba, Marian",CZE,M,,,,1701,0,20,APR26,2002,i
377171,"Strecha, Zdenek",CZE,M,,,,1787,0,20,APR26,1948,
23765194,"Strejcek, Antonin",CZE,M,,,,1449,0,40,APR26,2009,i
23786485,"Strejcek, Jiri",CZE,M,,,,1605,0,40,APR26,2004,
378127,"Strelec, Ladislav",CZE,M,,,,1705,0,20,APR26,1953,i
23714204,"Strelecek, Marek",CZE,M,,,,1550,0,40,APR26,1999,i
23780126,"Stribrny, Matej",CZE,M,,,,1534,0,40,APR26,2014,
23760702,"Strihavka, Petr",CZE,M,,,,1566,0,40,APR26,2015,
23723530,"Striz, Tadeas",CZE,M,,,,1784,0,40,APR26,2009,i
23786531,"Strnad, Jan",CZE,M,,,,1617,0,40,APR26,1992,i
314668,"Strnad, Josef",CZE,M,,,,1938,0,20,APR26,1958,i
23701650,"Strnad, Michael",CZE,M,,,,1947,0,20,APR26,2003,
571001379,"Strnad, Pavel",CZE,M,,,,1607,9,40,APR26,1967,
23775149,"Strnad, Tomas",CZE,M,,,,1469,0,40,APR26,2011,
23710349,"Strnad, Vaclav",CZE,M,,,,1784,0,20,APR26,1941,i
23735058,"Strnad, Vladimir",CZE,M,,,,1620,0,20,APR26,2004,i
23701668,"Strnadova, Monika",CZE,F,,,,1829,0,20,APR26,2005,w
23728230,"Stropek, Ivan",CZE,M,,,,1716,0,20,APR26,1977,
345636,"Stross, Frantisek",CZE,M,,,,1639,0,20,APR26,1952,i
389340,"Strublik, Martin",CZE,M,,,,1864,0,20,APR26,1993,i
351334,"Struhar, Viktor",CZE,M,,,,1622,0,20,APR26,1955,i
571000275,"Struna, Filip",CZE,M,,,,1414,6,40,APR26,2013,
571002391,"Strunc, Jindrich",CZE,M,,,,1688,6,40,APR26,1999,
23740230,"Struzka, Adam",CZE,M,,,,1521,0,40,APR26,2008,i
23724579,"Strycek, Oskar",CZE,M,,,,1504,0,20,APR26,1947,
23778164,"Strzolka, Michal",CZE,M,,,,1587,0,40,APR26,2008,i
350664,"Stuchly, Ondrej",CZE,M,,,,2097,0,20,APR26,1999,i
312045,"Stuchly, Radim",CZE,M,,,,1952,0,20,APR26,1975,i
23757434,"Studnicka, Ondrej",CZE,M,,,,1797,0,40,APR26,2011,
318949,"Studnicka, Tomas",CZE,M,IM,,,2296,0,20,APR26,1985,i
376019,"Studzinski, Boleslav",CZE,M,,,,1728,0,20,APR26,1963,i
376027,"Studzinski, David",CZE,M,,,,1604,0,20,APR26,2002,i
303127,"Stufka, Karel",CZE,M,,,,1940,0,20,APR26,1973,
23748800,"Stufka, Martin",CZE,M,,,,1649,0,40,APR26,2007,
393401,"Stuj, Jan",CZE,M,,,,1680,0,20,APR26,1987,i
331023,"Stukheil, Martin",CZE,M,,,,1895,0,20,APR26,1990,
327603,"Stukner, Simon",CZE,M,,,,2082,0,20,APR26,1990,i
23798343,"Stulir, Jan",CZE,M,,,,1613,0,40,APR26,2012,
23755326,"Sturc, Jan",CZE,M,,,,1484,0,20,APR26,1979,i
314102,"Stursa, Jan",CZE,M,,NA,,1974,9,20,APR26,1959,
23738707,"Stursa, Pavel",CZE,M,,,,1711,0,40,APR26,1959,i
23721928,"Stusek, Petr",CZE,M,,,,1606,0,20,APR26,2001,
349011,"Stuska, Premysl",CZE,M,,,,1879,0,20,APR26,1972,i
316857,"Stverak, Milan",CZE,M,,,,1990,0,20,APR26,1957,
367850,"Styblo, Pavel",CZE,M,,,,1770,0,20,APR26,1944,i
23763167,"Stybr, Karel",CZE,M,,,,1880,9,20,APR26,1970,
23763175,"Stybr, Matej",CZE,M,,,,1466,6,20,APR26,1999,
23710527,"Styk, Miroslav",CZE,M,,,,2021,0,20,APR26,1978,i
396338,"Stypa, Zdenek",CZE,M,,,,1782,0,20,APR26,1946,i
23740833,"Stypa, Zdenek",CZE,M,,,,1696,0,20,APR26,1985,i
23785888,"Subera, Marek",CZE,M,,,,1464,0,40,APR26,2010,
23781505,"Subjak, Oliver",CZE,M,,,,1444,0,40,APR26,2017,
23768576,"Suchanek, Jan",CZE,M,,,,1654,0,40,APR26,1995,i
387550,"Suchanek, Krystof",CZE,M,,,,1812,0,20,APR26,2001,i
23762098,"Suchanek, Lukas",CZE,M,,,,1450,0,40,APR26,2009,i
306983,"Suchanek, Miroslav",CZE,M,,,,1991,0,20,APR26,1991,
23750111,"Suchanek, Petr",CZE,M,,NA,,1661,0,20,APR26,2007,i
23720697,"Suchma, Jakub",CZE,M,,,,1614,0,40,APR26,2008,i
23722207,"Suchodol, Lukas",CZE,M,,,,1521,0,40,APR26,2008,i
316822,"Suchomel, Jan",CZE,M,,,,2179,0,20,APR26,1981,i
23719397,"Suchopar, Jiri",CZE,M,,,,1786,0,20,APR26,1955,i
23708646,"Suchy, Erik",CZE,M,,,,1492,0,40,APR26,2009,i
370860,"Suchy, Frantisek",CZE,M,,,,1852,0,20,APR26,1965,i
392464,"Suchy, Norbert",CZE,M,,,,1660,0,40,APR26,2005,i
23740728,"Suchy, Pavel",CZE,M,,,,1810,0,20,APR26,1980,i
358452,"Sudolsky, Jan",CZE,M,,,,1606,0,20,APR26,1932,i
23745304,"Sudrich, Dominik",CZE,M,,,,1500,0,40,APR26,2013,
324639,"Sudrich, Radek",CZE,M,,,,1969,14,20,APR26,1981,
23734361,"Sudrich, Radek",CZE,M,,,,1885,12,40,APR26,2012,
361283,"Sukdolak, Radek",CZE,M,,,,1943,0,20,APR26,1970,i
23776838,"Sula, Jaromir",CZE,M,,,,1514,0,40,APR26,2011,i
23779780,"Sulak, Maxim",CZE,M,,,,1489,0,40,APR26,2010,i
394050,"Sulc, Jakub",CZE,M,,NA,,1999,0,20,APR26,2003,i
325317,"Sulc, Jaromir",CZE,M,,,,2009,0,20,APR26,1983,i
23743891,"Sulc, Richard",CZE,M,,,,1494,0,40,APR26,2011,
571001387,"Sulcova, Sofie",CZE,F,,,,1424,6,40,APR26,2013,w
395196,"Sulcova, Tereza Radmila",CZE,F,,,,1925,0,20,APR26,2006,w
23774738,"Sulej, Jan",CZE,M,,,,1529,0,40,APR26,1969,
23774746,"Sulej, Michal",CZE,M,,,,1420,0,40,APR26,1992,
397172,"Suljakovic, Ibrisim",CZE,M,,,,1660,0,20,APR26,1951,i
23780550,"Sulovsky, Jachym",CZE,M,,,,1466,0,40,APR26,2009,i
23781068,"Sumbera, Joshua",CZE,M,,,,1513,0,40,APR26,2014,
23766433,"Sumbera, Maxmilian",CZE,M,,,,1573,0,40,APR26,2005,
23767669,"Sumbera, Nathanael",CZE,M,,,,1431,0,40,APR26,2011,
390445,"Sumsal, Vaclav",CZE,M,,,,1906,0,20,APR26,1977,i
394955,"Sumsky, Miroslav",CZE,M,,,,1557,0,20,APR26,2004,i
348180,"Sup, Jiri",CZE,M,,,,1734,0,20,APR26,1951,i
315079,"Sura, Jaroslav",CZE,M,,,,1972,0,20,APR26,1967,i
23749873,"Surala, Jaroslav",CZE,M,,,,1669,0,20,APR26,1992,i
305782,"Suran, Jan",CZE,M,IM,,,2252,0,20,APR26,1977,
368920,"Suran, Jan",CZE,M,,,,1839,0,20,APR26,2003,i
23740094,"Suraubay, Zhazira",CZE,F,,,,1641,0,20,APR26,1995,wi
571002308,"Surgent, Daniel",CZE,M,,,,1581,5,40,APR26,2014,
331368,"Surnak, Peter",CZE,M,,,,1963,0,20,APR26,1981,
392510,"Susen, Jaroslav",CZE,M,,,,1817,0,20,APR26,1968,
394408,"Suster, Karel",CZE,M,,,,1734,0,20,APR26,1968,i
380946,"Sustr, Radomil",CZE,M,,,,1890,0,20,APR26,1969,i
23765348,"Suta, Jakub",CZE,M,,,,1487,0,40,APR26,2015,
23765356,"Suta, Petr",CZE,M,,,,1738,0,40,APR26,1982,
23745479,"Svab, Filip",CZE,M,,,,1729,0,20,APR26,2000,i
340464,"Svab, Jiri",CZE,M,,,,1927,0,20,APR26,1955,i
23777427,"Svab, Patrik",CZE,M,,,,1470,0,40,APR26,2017,
23767456,"Svabova, Klara",CZE,F,,,,1596,0,40,APR26,2013,w
315664,"Svacina, Petr",CZE,M,,,,1932,0,20,APR26,1970,
385859,"Svacina, Tobias",CZE,M,CM,,,1923,0,20,APR26,2006,
23715413,"Svacinova, Valentyna",CZE,F,,,,1597,0,40,APR26,2009,wi
23716258,"Svadlenka, Dominik",CZE,M,FM,,,2016,0,40,APR26,2010,
331112,"Svadlenka, Jaroslav",CZE,M,,,,1956,0,20,APR26,1965,i
23717068,"Svadlenka, Michal",CZE,M,,,,1940,0,40,APR26,2011,
23775807,"Svagera, Adam",CZE,M,,,,1576,0,40,APR26,2005,i
23729252,"Svagr, Daniel",CZE,M,,,,1521,0,40,APR26,2009,i
317730,"Svancara, Petr",CZE,M,,,,2040,0,20,APR26,1968,
367389,"Svanda, Adam",CZE,M,,,,1882,0,40,APR26,2005,i
359670,"Svanda, Ondrej",CZE,M,IM,,,2241,0,20,APR26,2003,i
311286,"Svanda, Pavel",CZE,M,FM,,,2060,0,20,APR26,1957,
350290,"Svanda, Radek",CZE,M,,,,1912,0,20,APR26,1973,i
310174,"Svarc, Roman",CZE,M,,,,2025,0,20,APR26,1967,i
23796766,"Svaton, Jan",CZE,M,,,,1582,4,40,APR26,2011,
304174,"Svatos, Jan",CZE,M,FM,,,2171,0,20,APR26,1971,
23781220,"Svec, Filip",CZE,M,,,,1649,0,40,APR26,1991,i
384941,"Svec, Jiri",CZE,M,,,,1710,0,20,APR26,1983,i
323535,"Svec, Ludek",CZE,M,,,,1624,8,20,APR26,1946,
23779993,"Svec, Matyas",CZE,M,,,,1410,0,40,APR26,2011,i
23752734,"Svec, Radek",CZE,M,,,,1818,0,20,APR26,1968,i
23735104,"Svec, Stepan",CZE,M,,,,1520,0,40,APR26,2010,i
373923,"Svec, Vitezslav",CZE,M,,,,1713,0,20,APR26,1974,
368938,"Svec, Vladimir",CZE,M,,,,1703,0,20,APR26,1957,
370525,"Svecar, Frantisek",CZE,M,,,,1819,0,40,APR26,1960,
315567,"Sveda, Jiri",CZE,M,,,,1926,0,20,APR26,1951,i
370533,"Sveda, Lubomir",CZE,M,,,,1901,0,20,APR26,1971,i
23739274,"Sveduk, Jakub",CZE,M,,,,1638,0,20,APR26,2004,i
23765585,"Svehla, Hynek",CZE,M,,,,1520,0,40,APR26,2001,i
23727195,"Svejdar, Petr",CZE,M,,NA,,1639,0,40,APR26,2006,i
23710683,"Svejk, Martin",CZE,M,,NA,,1918,0,20,APR26,2004,i
335347,"Svertsal, Marcel",CZE,M,,,,1787,0,20,APR26,1976,i
377864,"Svestka, Jiri",CZE,M,,,,1827,0,20,APR26,1957,i
23792299,"Svestka, Petr",CZE,M,,,,1451,0,40,APR26,2006,
23766468,"Svestun, Bohdan",CZE,M,,,,1430,0,40,APR26,2010,i
23731532,"Svetinsky, Antonin",CZE,M,,,,1590,0,20,APR26,1939,i
338591,"Svetinsky, Vladimir",CZE,M,,,,1647,0,20,APR26,1951,i
316032,"Svetly, Jiri",CZE,M,,,,1981,0,20,APR26,1966,i
329614,"Svida, Rostislav",CZE,M,,,,1813,0,20,APR26,1961,
23789778,"Svidrnoch, Vilem",CZE,M,,,,1461,0,40,APR26,2014,
23726326,"Svihnos, Vladimir",CZE,M,,,,1645,0,20,APR26,1955,i
332046,"Svitak, David",CZE,M,,,,1965,0,20,APR26,1991,i
344656,"Svitil, Radek",CZE,M,,,,1834,0,20,APR26,1988,i
349437,"Svizensky, Lubos",CZE,M,,NA,,1851,0,20,APR26,1981,
23775610,"Svoboda, Albert",CZE,M,,,,1677,0,40,APR26,2005,
23718684,"Svoboda, Daniel",CZE,M,,,,1854,0,40,APR26,2008,i
23763787,"Svoboda, Daniel",CZE,M,,,,1408,0,40,APR26,2007,i
378143,"Svoboda, Dominik",CZE,M,,,,1704,0,20,APR26,1997,i
396427,"Svoboda, Filip",CZE,M,,,,1645,0,40,APR26,2006,i
381837,"Svoboda, Filip",CZE,M,,,,1669,0,20,APR26,1999,i
318310,"Svoboda, Ivo",CZE,M,,,,1880,0,20,APR26,1961,i
391425,"Svoboda, Jaroslav",CZE,M,,,,1830,0,20,APR26,1950,i
378410,"Svoboda, Jaroslav",CZE,M,,,,1765,0,20,APR26,1973,
352853,"Svoboda, Josef",CZE,M,,,,1655,0,20,APR26,1943,i
23709014,"Svoboda, Kamil",CZE,M,,,,1692,0,20,APR26,1965,i
23774932,"Svoboda, Martin",CZE,M,,,,1611,0,40,APR26,2011,
301710,"Svoboda, Milos",CZE,M,,,,1939,7,20,APR26,1967,
23753773,"Svoboda, Miloslav",CZE,M,,,,1613,0,20,APR26,1945,i
23717262,"Svoboda, Ondrej",CZE,M,,,,1554,0,40,APR26,2009,i
23745630,"Svoboda, Ondrej",CZE,M,,,,1632,0,40,APR26,2009,i
311189,"Svoboda, Petr",CZE,M,,,,1857,0,20,APR26,1972,
23726652,"Svoboda, Petr",CZE,M,,,,1886,0,20,APR26,1977,
23771550,"Svoboda, Petr",CZE,M,,,,1782,0,40,APR26,2013,
23764538,"Svoboda, Petr",CZE,M,,,,2151,0,40,APR26,1975,
23759682,"Svoboda, Pravoslav",CZE,M,,,,1616,5,40,APR26,2014,
23710187,"Svoboda, Radovan",CZE,M,,,,1827,0,40,APR26,1987,
322270,"Svoboda, Rostislav",CZE,M,,,,2026,0,20,APR26,1966,i
23749059,"Svoboda, Stepan",CZE,M,,,,1455,0,20,APR26,2001,i
14903563,"Svoboda, Svatopluk",CZE,M,IM,,,2326,0,20,APR26,1984,i
23761644,"Svoboda, Tobias",CZE,M,,,,2034,0,40,APR26,2009,
306169,"Svoboda, Zdenek",CZE,M,,,,2009,0,20,APR26,1956,
344303,"Svoboda, Zdenek",CZE,M,,,,1828,0,20,APR26,1946,i
302767,"Svobodova, Michaela",CZE,F,WFM,WFM,,1934,0,20,APR26,1966,w
314250,"Svozil, Jaroslav",CZE,M,,,,2000,0,20,APR26,1973,i
23774843,"Svozil, Mojmir",CZE,M,,,,1467,0,40,APR26,1985,i
313416,"Svub, Jan",CZE,M,,,,1884,0,20,APR26,1953,i
23775165,"Sykora, Jan",CZE,M,,,,1726,0,20,APR26,2007,
313220,"Sykora, Josef",CZE,M,,,,2065,0,20,APR26,1946,i
393134,"Sykora, Karel",CZE,M,,,,1812,0,20,APR26,1954,
342440,"Sykora, Ladislav",CZE,M,,,,1850,0,20,APR26,1962,
365491,"Sykora, Marek",CZE,M,,,,2112,0,20,APR26,2002,
351270,"Sykora, Milan",CZE,M,,,,1944,0,20,APR26,1996,
308986,"Sykora, Ondrej",CZE,M,,,,2063,0,20,APR26,1966,
310620,"Sykora, Petr",CZE,M,,,,1984,0,20,APR26,1960,i
356247,"Sykora, Robert",CZE,M,,,,1789,0,20,APR26,1963,i
23727209,"Sykora, Vaclav",CZE,M,,,,1639,0,40,APR26,1972,
342459,"Sykora, Zdenek",CZE,M,,,,1867,0,40,APR26,1958,
314056,"Symersky, Petr",CZE,M,,,,2136,0,20,APR26,1974,i
23766948,"Synelnykova, Natalia",CZE,M,,,,1434,0,40,APR26,1992,i
23740086,"Synelnyvova, Nataliia",CZE,F,,,,1641,0,20,APR26,1992,wi
391204,"Sysala, Stanislav",CZE,M,,,,1815,0,20,APR26,1952,i
390810,"Sysel, Frantisek",CZE,M,,,,1636,0,20,APR26,2002,i
378372,"Sysel, Jaroslav",CZE,M,,,,1832,0,20,APR26,1979,i
338630,"Sysel, Jiri",CZE,M,,,,1939,0,20,APR26,1967,i
322288,"Sysel, Michal",CZE,M,,,,1938,0,20,APR26,1978,i
361291,"Sysr, Pavel",CZE,M,,,,1710,0,20,APR26,1959,
23719508,"Sysr, Vit",CZE,M,,,,1728,0,40,APR26,2005,i
23737115,"Sysr, Vojtech",CZE,M,,,,1687,0,40,APR26,2011,i
23775513,"Szabados, Viktor",CZE,M,,,,1740,0,20,APR26,1991,
23791268,"Szkandera, Mikulas",CZE,M,,,,1426,0,40,APR26,2005,
23776544,"Szkandera, Nikolas",CZE,M,,,,1419,0,40,APR26,2010,i
349259,"Szmek, Milan",CZE,M,,,,1793,0,20,APR26,1958,i
23753269,"Szolony, Maxmilian",CZE,M,,,,1549,0,40,APR26,2014,
23753277,"Szolony, Ondrej",CZE,M,,,,1554,0,40,APR26,2015,
23767260,"Szolony, Viktorie",CZE,F,,,,1493,0,40,APR26,2012,w
23752300,"Szotkowski, Adam",CZE,M,,,,1442,0,40,APR26,1994,
325830,"Szotkowski, Bohuslav",CZE,M,,,,1843,0,20,APR26,1968,
377465,"Szotkowski, David",CZE,M,,,,1805,0,20,APR26,2003,i
330590,"Szotkowski, Jakub",CZE,M,IM,,,2221,0,20,APR26,1997,
376248,"Szotkowski, Josef",CZE,M,,,,1560,0,20,APR26,1968,i
383163,"Szpalek, Martin",CZE,M,,,,1486,7,20,APR26,1974,
344664,"Szucs, Matyas",CZE,M,,,,2006,0,20,APR26,1999,i
390496,"Szuscikova, Natalie",CZE,F,,,,1510,0,40,APR26,2006,wi
339377,"Ta, Van Duy",CZE,M,,,,2006,0,20,APR26,1996,i
23710535,"Taborovec, Vladimir",CZE,M,,,,1679,0,20,APR26,2002,i
23733039,"Taborska, Aneta",CZE,F,,,,1545,0,20,APR26,2004,wi
378151,"Taborsky, Bedrich",CZE,M,,,,1787,0,20,APR26,1951,i
307491,"Taborsky, Rostislav",CZE,M,FM,,,1913,0,20,APR26,1972,
23734051,"Taborsky, Vaclav",CZE,M,,,,1651,0,40,APR26,2009,i
23724412,"Taisl, Lubomir",CZE,M,,,,1516,8,20,APR26,1962,
368482,"Tajovska, Martina",CZE,F,,,,1830,0,20,APR26,1999,wi
384780,"Tajovsky, Matej",CZE,M,,,,1948,0,20,APR26,2004,i
392090,"Tajovsky, Simon",CZE,M,,,,1771,0,40,APR26,2007,i
23717564,"Talian, Milan",CZE,M,,,,1508,0,40,APR26,1973,
303445,"Talla, Vladimir",CZE,M,GM,IA,,2398,0,10,APR26,1973,i
303054,"Talpa, Pavel",CZE,M,,,,1935,0,20,APR26,1974,i
393649,"Tamas, Imrich",CZE,M,,,,1702,0,20,APR26,1954,
357260,"Tancer, Miroslav",CZE,M,,,,1797,0,20,APR26,1956,i
23771968,"Tanenia, Timofei",CZE,M,,,,1457,0,40,APR26,2016,i
306150,"Taptic, Filip",CZE,M,,,,1935,0,20,APR26,1990,i
373206,"Tapusik, Eduard",CZE,M,,,,1503,0,20,APR26,1943,i
23724420,"Tarasov, Matvey",CZE,M,,,,1497,0,,APR26,2006,i
23724439,"Tarasov, Mikhail",CZE,M,,,,1735,0,,APR26,1975,
23799625,"Tardy, Luc",CZE,M,,,,1646,0,40,APR26,1986,
23745436,"Targanov, Talbat",CZE,M,,,,1627,0,20,APR26,2001,i
375667,"Targosz, Jiri",CZE,M,,,,1610,0,20,APR26,2003,i
23744235,"Tarielashvili, Kira",CZE,F,,,,1571,0,40,APR26,2014,w
23761431,"Tatran, Tomas",CZE,M,,,,1753,0,20,APR26,2000,i
308471,"Taus, Martin",CZE,M,,,,2017,0,20,APR26,1976,
397695,"Taus, Zdenek",CZE,M,,,,1614,0,40,APR26,2009,i
332780,"Tazlar, Petr",CZE,M,,,,2265,0,20,APR26,1993,i
341592,"Tchur, Pavel",CZE,M,,,,1895,0,20,APR26,1970,
23723424,"Tegda, Vojtech",CZE,M,,,,1900,0,40,APR26,2008,
23762616,"Tehan, Albert",CZE,M,,,,1503,6,40,APR26,2015,
335665,"Tejcek, Bohumil",CZE,M,,,,1726,0,20,APR26,1949,i
308765,"Tejkal, Jiri",CZE,M,,,,1846,0,20,APR26,1940,
23726660,"Tejnor, Martin",CZE,M,,,,1857,0,40,APR26,2011,
23734884,"Tejnor, Pavel",CZE,M,,,,1597,0,20,APR26,1978,i
330477,"Tejnsky, Bretislav",CZE,M,,,,1965,0,20,APR26,1960,i
23722789,"Telarik, Daniel",CZE,M,,,,1725,0,20,APR26,1981,
23722797,"Telarik, Mojmir",CZE,M,,,,1673,0,20,APR26,1955,
370541,"Telarik, Radek",CZE,M,,,,1867,0,20,APR26,1978,i
23731427,"Telekes, Vojtech",CZE,M,,,,1822,0,20,APR26,1990,
23759364,"Temenugov, Leo Filip",CZE,M,,,,1441,0,40,APR26,2013,
447019808,"Temirbek, Amirali",CZE,M,,,,1942,7,40,APR26,2014,
23752319,"Teofil, Daniel",CZE,M,,,,1625,0,20,APR26,1993,
23716134,"Teper, Josef",CZE,M,,,,1585,0,20,APR26,1950,i
23760710,"Teplik, Jan",CZE,M,,,,1538,0,20,APR26,1951,
355038,"Teply, Stanislav",CZE,M,,,,1847,0,20,APR26,1970,i
23733470,"Tepper, Jakub",CZE,M,,,,1571,0,20,APR26,1999,i
23784520,"Tereshchuk, Andrii",CZE,M,,,,1656,0,40,APR26,2006,
23762420,"Tereshonkov, Stanislav",CZE,M,,,,1553,8,40,APR26,2012,
1016687,"Terpstra, Wiep",CZE,M,,,,1881,0,20,APR26,1944,
23768290,"Tesar, Daniel",CZE,M,,,,1713,0,20,APR26,2006,
23718730,"Tesar, Jakub",CZE,M,CM,,,1792,0,40,APR26,2008,i
312398,"Tesar, Jan",CZE,M,,,,1902,0,20,APR26,1961,
398934,"Tesar, Jan",CZE,M,,,,1662,0,20,APR26,1973,i
342467,"Tesar, Jiri",CZE,M,,,,1784,0,40,APR26,1981,
376035,"Tesar, Patrik",CZE,M,,,,2064,0,20,APR26,1992,
385433,"Tesarek, Adolf",CZE,M,,,,1762,0,20,APR26,1938,i
383678,"Tesitel, Martin",CZE,M,,,,1573,0,40,APR26,2006,i
395838,"Tezner, Vincenc",CZE,M,,,,1701,0,20,APR26,1953,i
23751959,"Theer, Marcel",CZE,M,,,,1461,0,20,APR26,1965,i
23726083,"Theiner, Gregory",CZE,M,,,,1902,0,20,APR26,1983,i
23758511,"Ther, Tomas",CZE,M,,,,1754,0,20,APR26,1999,i
375462,"Thiel, Antonin",CZE,M,,,,1578,0,20,APR26,1948,i
23778679,"Ticha, Barbora",CZE,F,,,,1531,0,40,APR26,2013,w
23736607,"Ticha, Marie",CZE,F,,,,1493,5,40,APR26,2012,w
23709324,"Ticha, Sofie",CZE,F,,,,1522,0,40,APR26,2007,wi
23714840,"Ticha, Valerie",CZE,F,,,,1549,0,40,APR26,2010,wi
23761873,"Tichy, Filip",CZE,M,,,,1623,0,20,APR26,2006,
23787244,"Tichy, Frantisek",CZE,M,,,,1417,0,40,APR26,2015,
23781106,"Tichy, Jan",CZE,M,,,,1568,0,40,APR26,1952,
23735163,"Tichy, Jan",CZE,M,,,,1434,0,40,APR26,2011,i
23727055,"Tichy, Krystof",CZE,M,,,,1549,0,40,APR26,2010,
342602,"Tichy, Lukas",CZE,M,,,,1938,0,20,APR26,1986,i
318329,"Tichy, Miroslav",CZE,M,,,,1957,0,20,APR26,1976,i
23727063,"Tichy, Richard",CZE,M,,,,1448,0,40,APR26,2006,
331848,"Tichy, Stepan",CZE,M,,,,2152,0,20,APR26,1985,
23715430,"Tichy, Tomas",CZE,M,,,,1745,0,40,APR26,2009,i
338656,"Tichy, Vaclav",CZE,M,,,,1768,0,20,APR26,1963,i
23752513,"Tickner, James Ian Michael",CZE,M,,,,1579,0,20,APR26,1986,
385883,"Tikhonov, Andrey",CZE,M,,,,1782,0,20,APR26,1995,i
351679,"Till, Eduard",CZE,M,,,,1821,0,20,APR26,1956,i
360805,"Till, Jaroslav",CZE,M,,,,1794,0,20,APR26,1951,i
23716320,"Till, Vaclav",CZE,M,,,,1711,0,20,APR26,2003,i
23714247,"Tillmann, Stanislav",CZE,M,,,,1976,0,20,APR26,2007,
23703245,"Tillmann, Tomas",CZE,M,,,,1983,0,20,APR26,2001,
23767847,"Timko, Daniel",CZE,M,,,,1675,0,40,APR26,2000,i
396931,"Tioka, Zdenek",CZE,M,,,,1891,0,20,APR26,1975,
23713607,"Tipplova, Adela",CZE,F,,,,1561,0,40,APR26,2005,wi
23753331,"Tirb, Alexej",CZE,M,,,,1480,0,40,APR26,2013,
357278,"Titera, Libor",CZE,M,,,,1918,0,20,APR26,1957,i
23786760,"Tkacz, Artur",CZE,M,,,,1468,0,40,APR26,2012,i
335606,"Tlamsa, Radovan",CZE,M,,,,1810,0,20,APR26,1955,i
23791918,"Tlamycha, Karel",CZE,M,,,,1698,0,40,APR26,2016,
23795948,"Tlapa, Lukas",CZE,M,,,,1549,0,40,APR26,2011,
23723882,"To, Xuan Toan",CZE,M,,,,1720,0,20,APR26,1969,i
334243,"Tobiska, Jaroslav",CZE,M,,,,1687,0,20,APR26,1941,i
23792302,"Tobiska, Vojtech",CZE,M,,,,1413,0,40,APR26,2003,
23717548,"Tobolik, Jaroslav",CZE,M,,,,1863,0,20,APR26,1973,i
23723319,"Tobolik, Kamil",CZE,M,,,,1590,0,20,APR26,2003,i
308617,"Tochacek, Michal",CZE,M,,,,1859,0,20,APR26,1962,
311367,"Tochor, Jiri",CZE,M,,,,1956,0,20,APR26,1957,
23752858,"Todorov, Petr",CZE,M,,,,1636,0,40,APR26,1984,
23740671,"Tokarsky, Radovan",CZE,M,,,,1818,0,20,APR26,1954,
390640,"Tolar, Jan",CZE,M,,,,1620,0,20,APR26,1943,
23775815,"Tomala, Adam",CZE,M,,,,1620,0,20,APR26,2002,i
321451,"Toman, Jan",CZE,M,,,,2085,0,20,APR26,1988,i
23702648,"Toman, Jan",CZE,M,,NA,,1927,0,20,APR26,2004,i
317365,"Toman, Jaroslav",CZE,M,,,,2238,0,20,APR26,1985,i
344516,"Toman, Ondrej",CZE,M,FM,,,2220,7,20,APR26,1997,
23750618,"Toman, Petr",CZE,M,,,,1456,0,40,APR26,2009,i
393827,"Tomanec, Samuel",CZE,M,,,,1638,0,20,APR26,2005,i
23788534,"Tomanek, Jindrich",CZE,M,,,,1423,0,40,APR26,2014,i
393274,"Tomanek, Karel",CZE,M,,,,1647,0,20,APR26,1961,i
363723,"Tomanek, Pavel",CZE,M,,,,1841,0,20,APR26,1997,i
330485,"Tomanek, Petr",CZE,M,,NA,,1983,0,20,APR26,1975,i
23768002,"Tomankova, Lucie",CZE,F,,,,1612,0,40,APR26,2011,w
23709685,"Tomascik, Petr",CZE,M,,,,1653,0,20,APR26,1952,i
23718692,"Tomasek, Ladislav",CZE,M,,,,1930,0,20,APR26,1975,i
23799234,"Tomasek, Michal",CZE,M,,,,1676,0,40,APR26,1963,
23740981,"Tomasova, Jana",CZE,F,,,,1604,0,20,APR26,1951,w
23711094,"Tomcik, Libor",CZE,M,,,,1956,0,20,APR26,1968,i
309885,"Tomecek, Jan",CZE,M,,,,2048,9,20,APR26,1956,
347035,"Tomek, Karel",CZE,M,,,,1826,0,20,APR26,1959,
313432,"Tomes, Pavel",CZE,M,,,,2101,0,20,APR26,1977,
23763019,"Tomi, Matous",CZE,M,,,,1410,0,40,APR26,2008,i
341606,"Tomicek, Alfons",CZE,M,,,,1647,0,20,APR26,1935,i
23738502,"Tomynec, Adam",CZE,M,,,,1781,0,20,APR26,2006,
23738510,"Tomynec, Jonas",CZE,M,,,,1668,0,40,APR26,2011,
23716550,"Topencik, Bruno",CZE,M,FM,,,2204,0,40,APR26,2010,
23750880,"Topencikova, Ellen",CZE,F,,,,1540,9,40,APR26,2014,w
23745444,"Topka, Ondrej",CZE,M,,,,1579,0,40,APR26,2010,
23707615,"Toth, Martin",CZE,M,,,,1883,0,20,APR26,1983,i
23707623,"Toth, Richard",CZE,M,,,,1842,0,20,APR26,1974,i
384682,"Tovarek, Antonin",CZE,M,,,,1965,0,20,APR26,1974,i
384674,"Tovarek, Antonin",CZE,M,,,,1870,0,20,APR26,1952,i
349941,"Towse, Mark John",CZE,M,,,,1761,0,20,APR26,1976,
375772,"Tran, Huyen Linh",CZE,F,,,,1858,0,20,APR26,1996,wi
23780207,"Tran, Jan",CZE,M,,,,1477,0,40,APR26,2009,i
23778008,"Tran, Le Nhat Minh",CZE,M,,,,1710,0,40,APR26,2012,i
23714689,"Tran, Robin",CZE,M,,,,1587,0,20,APR26,1999,
23799447,"Tran, Van Tien",CZE,M,,,,1515,0,40,APR26,2015,
376515,"Tranda, Lubos",CZE,M,,,,1589,0,20,APR26,1966,
330744,"Trapl, Dalibor",CZE,M,,,,2015,0,20,APR26,1991,
340499,"Trasak, Ondrej",CZE,M,,NA,,2011,0,20,APR26,1975,
398306,"Trasakova, Adela",CZE,F,,,,1902,0,20,APR26,2006,w
368547,"Travnicek, Jaroslav",CZE,M,,,,1822,0,20,APR26,1984,
23709332,"Travnicek, Krystof Mikulas",CZE,M,,,,2014,0,20,APR26,2003,i
23794062,"Travnicek, Pavel",CZE,M,,,,1504,0,40,APR26,1957,
337105237,"Travnicek, Pavel",CZE,M,,,,1726,6,,APR26,1994,
316091,"Travnicek, Petr",CZE,M,,NA,,2102,0,20,APR26,1966,i
359190,"Trcalek, David",CZE,M,,,,1883,0,20,APR26,1996,i
354201,"Trcka, Bohdan",CZE,M,,,,1712,0,20,APR26,1963,i
23750626,"Trcka, Lukas",CZE,M,,,,1647,0,40,APR26,2010,
23780215,"Trcka, Richard",CZE,M,,,,1501,0,40,APR26,2010,i
23790083,"Trefanec, Tomas",CZE,M,,,,1543,0,40,APR26,1989,
23787406,"Trefanec, Tomas",CZE,M,,,,1637,0,40,APR26,1965,
23724390,"Trefilik, Jiri",CZE,M,,,,1727,0,20,APR26,1981,i
303364,"Trefny, Vlastimil",CZE,M,,,,2084,0,20,APR26,1974,
306851,"Tregler, Boris",CZE,M,,,,1963,0,20,APR26,1961,i
23724765,"Tregler, Jan",CZE,M,,,,1516,0,20,APR26,2004,i
377260,"Trejbal, Jan",CZE,M,,,,1698,0,40,APR26,1998,i
368792,"Trejbal, Jindrich",CZE,M,,NA,,1946,0,20,APR26,1981,i
23743948,"Trejbal, Jindrich",CZE,M,,,,1731,6,40,APR26,2014,
376523,"Trejbal, Tomas",CZE,M,,,,1854,0,,APR26,1984,i
23758520,"Trejtnar, Matej",CZE,M,,,,1750,0,40,APR26,2009,i
397156,"Trenz, Tomas",CZE,M,,,,1507,0,20,APR26,1990,i
322814,"Trepka, Jan",CZE,M,,,,2117,0,20,APR26,1988,i
571001395,"Tresl, Tomas",CZE,M,,,,1676,7,40,APR26,2006,
333905,"Tresnak, Filip",CZE,M,,,,1939,0,20,APR26,1995,i
23763183,"Trestik, Jan",CZE,M,,,,1702,0,20,APR26,2004,
322539,"Tretina, Zdenek",CZE,M,,,,1726,0,20,APR26,1941,i
340502,"Trhal, Michal",CZE,M,,,,1981,0,20,APR26,1980,i
339903,"Trhal, Tomas",CZE,M,,,,2183,0,20,APR26,1980,i
311103,"Trickov, Vasil",CZE,M,IM,,,2205,0,20,APR26,1969,
23707348,"Trifonov, Daniel",CZE,M,,,,1584,0,20,APR26,2003,i
342505,"Trita, Stanislav",CZE,M,,,,1841,0,40,APR26,1958,i
23745452,"Trkovsky, Milan",CZE,M,,,,1708,0,20,APR26,1951,
332100,"Trmac, Radek",CZE,M,,,,1839,0,20,APR26,1973,i
309877,"Trmal, Jaroslav",CZE,M,FM,,,2071,0,20,APR26,1937,
366013,"Trneny, Jiri",CZE,M,,,,1565,0,20,APR26,2001,i
322296,"Trnka, Jaroslav",CZE,M,,,,1931,0,20,APR26,1983,i
343250,"Trnka, Miroslav",CZE,M,,,,1980,0,20,APR26,1966,i
304808,"Trojan, Lubos",CZE,M,,,,1868,0,20,APR26,1942,
23710764,"Trojan, Matyas",CZE,M,,,,1887,0,40,APR26,2006,i
339628,"Trojan, Ondrej",CZE,M,,,,1906,0,20,APR26,1986,i
329622,"Trojek, Miroslav",CZE,M,,,,1860,0,20,APR26,1941,i
300810,"Trombik, Karel",CZE,M,,,,1818,0,20,APR26,1958,i
23716010,"Tronicek, Lubos",CZE,M,,,,1683,0,20,APR26,1992,i
304034,"Trubacik, Josef",CZE,M,,,,1780,0,40,APR26,1986,
23756217,"Trubacik, Josef",CZE,M,,,,1458,0,40,APR26,2017,
392758,"Trubecky, Ondrej",CZE,M,,,,1797,0,20,APR26,1986,i
23716029,"Truhlar, Alexandr",CZE,M,,,,1561,0,20,APR26,2004,i
351636,"Truksa, Vaclav",CZE,M,,,,1796,4,20,APR26,1999,
338702,"Truksa, Vaclav",CZE,M,,,,1853,0,20,APR26,1946,i
23710543,"Trunecka, Tomas",CZE,M,,,,1755,0,20,APR26,1967,i
23740043,"Truslo, Tomas",CZE,M,,,,1804,0,20,APR26,1984,i
23768401,"Tsantsala, Kostiantyn",CZE,M,,,,1784,0,40,APR26,2012,
331945,"Tsapanidis, Vasilis",CZE,M,,,,1780,0,20,APR26,1953,
23718528,"Tschulik, Daniel",CZE,M,,,,1573,0,40,APR26,2008,
23718536,"Tschulikova, Dominika",CZE,F,,NA,,1536,0,20,APR26,2004,wi
23718544,"Tschulikova, Sara",CZE,F,,,,1420,0,40,APR26,2007,wi
23760729,"Tsyhryk, Maksim",CZE,M,,,,1771,0,20,APR26,1970,i
23781076,"Tucapec, Adam",CZE,M,,,,1673,0,40,APR26,2010,i
365505,"Tulis, Jan",CZE,M,,,,2005,0,20,APR26,2000,i
23709111,"Tuma, Filip",CZE,M,,,,1422,0,20,APR26,2002,i
23773375,"Tuma, Francisco",CZE,M,,,,1565,0,40,APR26,2015,
23779055,"Tuma, Frantisek",CZE,M,,,,1672,0,40,APR26,2015,i
305553,"Tuma, Jakub",CZE,M,FM,,,2295,0,20,APR26,1992,i
23735473,"Tuma, Ludvik",CZE,M,,,,1819,0,20,APR26,1971,i
23714549,"Tuma, Michal",CZE,M,,,,1531,0,20,APR26,2004,i
23719028,"Tuma, Robert",CZE,M,,,,1760,0,20,APR26,1940,i
367397,"Tumova, Anna",CZE,F,,,,1827,0,20,APR26,2001,wi
390143,"Tumova, Marie",CZE,F,,,,1524,0,20,APR26,2003,wi
388556,"Tunega, Frantisek",CZE,M,,,,1701,0,20,APR26,1945,i
23792736,"Tupy, David",CZE,M,,,,1626,0,40,APR26,2004,
23759690,"Turb, Matyas",CZE,M,,,,1501,0,40,APR26,2008,i
23760753,"Turcinek, Antonin",CZE,M,,,,1524,0,20,APR26,1949,
23788402,"Turecek, Filip",CZE,M,,,,1449,0,40,APR26,2018,
328790,"Turecek, Vaclav",CZE,M,,,,1931,0,20,APR26,1970,i
23763485,"Turek, Samuel",CZE,M,,,,1599,0,,APR26,2010,i
14916932,"Turkova, Karolina",CZE,F,WCM,WCM,,1932,0,20,APR26,1994,w
308560,"Turner, Jan",CZE,M,,,,2372,0,20,APR26,1973,
321214,"Turner, Radek",CZE,M,,,,1985,0,20,APR26,1969,
378356,"Turnovec, Tomas",CZE,M,,,,1794,0,20,APR26,1963,i
320439,"Turon, Petr",CZE,M,,,,2071,0,20,APR26,1964,i
23756276,"Tutka, Rudolf",CZE,M,,,,1611,0,20,APR26,1977,i
23730501,"Tutka, Stepan",CZE,M,,,,1503,0,40,APR26,2007,i
23791993,"Tutunaru, Daniel",CZE,M,,,,1695,0,40,APR26,2006,
23776498,"Tuzinsky, Mikulas",CZE,M,,,,1430,0,40,APR26,2013,i
23761881,"Tvardek, Pavel",CZE,M,,,,1553,0,20,APR26,2005,
23704209,"Tvaroh, Vitezslav",CZE,M,,,,1606,0,20,APR26,2005,i
23774410,"Tvrdik, Daniel",CZE,M,,,,1833,0,40,APR26,2001,
304590,"Tvrdy, Petr",CZE,M,,,,1810,0,20,APR26,1978,
363529,"Tvrdy, Petr",CZE,M,,,,1783,0,20,APR26,1955,i
366366,"Tyban, Vladislav",CZE,M,,,,1858,0,20,APR26,1940,i
23700947,"Tyc, Jakub",CZE,M,,,,1538,0,40,APR26,2006,i
395200,"Tyc, Miroslav",CZE,M,,,,1819,0,20,APR26,1976,i
23750898,"Tykalova, Barbora",CZE,F,,,,1632,0,40,APR26,2015,w
23752661,"Tykalova, Eva",CZE,F,,,,1587,0,40,APR26,2017,w
14104261,"Tykhonov, Yurii",CZE,M,CM,,,2055,7,20,APR26,1955,
322636,"Tylecek, Drahomir",CZE,M,,,,1764,9,20,APR26,1958,
338745,"Tyn, Ondrej",CZE,M,,,,1905,0,20,APR26,1991,i
391450,"Tyrlik, Rostislav",CZE,M,,,,1604,0,20,APR26,1999,i
383694,"Uchac, Adam",CZE,M,,,,1573,0,20,APR26,2003,i
366820,"Uchac, Jakub",CZE,M,,,,1633,0,20,APR26,2001,i
23793759,"Uchytil, Antonin",CZE,M,,,,1667,0,40,APR26,2012,
23743905,"Ugrenovich, George",CZE,M,,,,1590,0,40,APR26,2013,
23736615,"Ugrenovich, Jaroslav",CZE,M,,,,1810,0,40,APR26,2010,
23764546,"Uherek, Josef",CZE,M,,,,1606,0,40,APR26,1953,i
23753471,"Uherka, Adam",CZE,M,,,,1596,0,20,APR26,2000,i
351210,"Uhlir, Jiri",CZE,M,,,,1899,0,20,APR26,1954,i
338753,"Uhlir, Vaclav",CZE,M,,,,1798,0,20,APR26,1947,i
306363,"Uhmann, Jan",CZE,M,,,,2060,0,20,APR26,1983,i
23762764,"Uhrak, Matej",CZE,M,,,,1530,0,40,APR26,2009,i
23763795,"Ujfalusi, Matous",CZE,M,,,,1503,0,40,APR26,2009,i
23752238,"Ulam-Orgikh, Amartuvshin",CZE,M,,,,1723,0,20,APR26,1981,
23774428,"Ulc, Marek",CZE,M,,,,1442,0,40,APR26,1994,i
23751860,"Ulc, Pavel",CZE,M,,,,1613,0,20,APR26,1994,
23719133,"Ulcak, Michael",CZE,M,,NA,,1826,0,40,APR26,2008,i
343900,"Ulicny, Daniel",CZE,M,,,,1862,0,20,APR26,1976,i
23749636,"Ulman, Stanislav",CZE,M,,,,1641,0,20,APR26,1975,
371220,"Ulman, Tomas",CZE,M,,,,1762,0,20,APR26,1991,i
330191,"Ulrich, David",CZE,M,,,,1951,0,20,APR26,1978,i
23730412,"Ulumbekov, Michael",CZE,M,,,,1510,0,40,APR26,2007,i
23734965,"Uncovsky, Josef",CZE,M,,,,1658,0,20,APR26,2002,i
23777230,"Urban, Jaroslav",CZE,M,,,,1555,5,40,APR26,1972,
23707763,"Urban, Ladislav",CZE,M,,,,1653,0,20,APR26,1971,i
309435,"Urban, Lubos",CZE,M,,,,1908,0,20,APR26,1980,i
23726725,"Urban, Milan",CZE,M,,,,1662,0,20,APR26,1942,i
353256,"Urban, Miroslav",CZE,M,,,,1852,5,40,APR26,1969,
349887,"Urban, Tomas",CZE,M,,,,1879,0,20,APR26,1983,i
321176,"Urban, Vlastimil",CZE,M,,,,1912,0,20,APR26,1964,
23703083,"Urban, Vojtech Gabriel",CZE,M,,,,1693,0,20,APR26,2004,
312754,"Urban, Zdenek",CZE,M,CM,NA,,2014,0,20,APR26,1959,
394963,"Urbanec, Drahomir",CZE,M,,,,1712,0,20,APR26,1929,i
304352,"Urbanec, Ladislav",CZE,M,,,,2080,0,20,APR26,1969,
393436,"Urbanec, Richard",CZE,M,,,,1792,0,20,APR26,1996,i
377449,"Urbanec, Vladimir",CZE,M,,,,1686,0,20,APR26,1948,i
23786108,"Urbanek, Alexandr Jan",CZE,M,,,,1559,6,40,APR26,2016,
23790121,"Urbanek, Antonin",CZE,M,,,,1559,0,40,APR26,2015,
23735546,"Urbanek, Michal",CZE,M,,,,1576,0,40,APR26,2012,i
310158,"Urbanek, Stepan",CZE,M,,,,2055,0,20,APR26,1974,i
23776501,"Urbanek, Stepan",CZE,M,,,,1531,6,40,APR26,2009,
23757361,"Urbanek, Stepan",CZE,M,,,,1795,0,40,APR26,2008,i
23776510,"Urbanek, Tomas",CZE,M,,,,1743,9,40,APR26,1972,
23720395,"Urbanek, Vaclav",CZE,M,,,,1510,0,40,APR26,2004,
23776846,"Urbanova, Anna",CZE,F,,,,1476,5,40,APR26,2011,w
23761741,"Urbansky, Stepan",CZE,M,,,,1825,0,20,APR26,2006,
326186,"Uricar, Zdenek",CZE,M,,,,1850,0,20,APR26,1962,
354228,"Ursta, Lubomir",CZE,M,,,,1966,0,20,APR26,1970,i
23750154,"Urvalkova, Ema",CZE,F,,,,1515,0,40,APR26,2009,wi
23750308,"Urvalkova, Tereza",CZE,F,,,,1469,0,40,APR26,1977,wi
309478,"Utratil, Ferdinand",CZE,M,,,,1651,0,20,APR26,1943,i
308978,"Vacek, Antonin",CZE,M,,,,1988,0,20,APR26,1949,i
330540,"Vacek, Jaroslav",CZE,M,,,,1788,0,20,APR26,1950,i
23768010,"Vacek, Ondrej",CZE,M,,,,1546,0,40,APR26,2009,
310042,"Vacek, Radomir",CZE,M,,,,1962,0,20,APR26,1963,i
23750162,"Vacekova, Anita",CZE,F,,,,1647,0,40,APR26,2008,wi
23799633,"Vach, Vojtech",CZE,M,,,,1753,0,40,APR26,1996,
346454,"Vacha, Jaroslav",CZE,M,,,,1930,6,20,APR26,1984,
23715189,"Vacha, Martin",CZE,M,,,,1707,0,20,APR26,1979,i
338788,"Vachek, Jiri",CZE,M,,,,1929,0,20,APR26,1941,i
315028,"Vachtfeidl, Petr",CZE,M,,,,1869,0,20,APR26,1976,i
326992,"Vachulka, Miloslav",CZE,M,,,,1836,0,20,APR26,1960,i
23751312,"Vaclavek, Ivo",CZE,M,,,,1479,0,40,APR26,1979,
301426,"Vaclavicek, Lukas",CZE,M,,,,2049,0,20,APR26,1996,i
321478,"Vaclavik, Ales",CZE,M,,,,1956,0,20,APR26,1988,
335479,"Vaclavik, David",CZE,M,,,,2025,0,20,APR26,1980,i
394491,"Vaclavik, Jan",CZE,M,,,,1998,0,20,APR26,2006,i
313513,"Vaclavik, Martin",CZE,M,,,,1969,0,20,APR26,1983,
23775823,"Vaclavik, Martin",CZE,M,,,,1415,0,40,APR26,1959,i
378895,"Vaclavik, Patrik",CZE,M,,,,1793,0,20,APR26,2005,i
23751878,"Vaclavik, Robert",CZE,M,,,,1609,0,20,APR26,1972,i
23736828,"Vaclavikova, Adriana",CZE,F,,,,1424,0,40,APR26,2007,wi
23731893,"Vaclavkova, Klara",CZE,F,,,,1587,0,40,APR26,2010,w
23766450,"Vaculcik, Vaclav",CZE,M,,,,1650,0,40,APR26,2010,i
344109,"Vaculik, Jakub",CZE,M,,FA,,2141,0,20,APR26,1997,
355429,"Vaculik, Jakub",CZE,M,,,,1842,0,20,APR26,1995,i
23706643,"Vaculik, Martin",CZE,M,,,,1875,0,20,APR26,2004,i
338800,"Vaculka, Pavel",CZE,M,,,,1884,0,20,APR26,1976,i
331082,"Vagner, Ladislav",CZE,M,,,,1971,0,20,APR26,1954,i
329657,"Vagner, Patrik",CZE,M,,,,1760,0,20,APR26,1979,
315460,"Vagner, Tomas",CZE,M,,,,2293,0,20,APR26,1981,
23759054,"Vaic, Pavel",CZE,M,,,,1655,7,40,APR26,2010,
23759062,"Vaic, Radek",CZE,M,,,,1601,7,40,APR26,2009,
23787007,"Vajdak, Milan",CZE,M,,,,1704,0,20,APR26,2002,
23716606,"Vajdik, Josef",CZE,M,,,,1677,0,20,APR26,2004,i
23799692,"Vakhrushev, Vladimir",CZE,M,,,,1499,0,40,APR26,1979,
325490,"Vala, Filip",CZE,M,,,,2151,0,20,APR26,1992,i
23754044,"Vala, Simon",CZE,M,,,,1802,0,40,APR26,2008,i
332801,"Vala, Vaclav",CZE,M,,,,1875,0,20,APR26,1961,i
23745460,"Vala, Vitezslav",CZE,M,,,,1511,0,20,APR26,1948,i
342521,"Valasek, Jakub",CZE,M,,,,1776,0,20,APR26,1981,i
23718196,"Valdman, Jakub",CZE,M,,,,1678,0,40,APR26,2006,i
328456,"Valdman, Jan",CZE,M,,,,1867,0,20,APR26,1974,i
23761237,"Valecka, Karel",CZE,M,,,,1599,0,20,APR26,1955,i
338818,"Valek, Tomas",CZE,M,,,,1916,0,20,APR26,1992,i
376531,"Valek, Vladislav",CZE,M,,,,1924,0,20,APR26,1992,i
23761890,"Valek, Vojtech",CZE,M,,,,1939,0,20,APR26,1997,i
326372,"Valencik, Jozef",CZE,M,,NA,,1975,0,20,APR26,1992,i
23788640,"Valencikova, Adriana",CZE,F,,,,1441,0,40,APR26,2010,w
23745339,"Valenta, Antonin",CZE,M,,,,1764,0,40,APR26,2007,i
391859,"Valenta, Lukas",CZE,M,,,,1789,0,20,APR26,1995,i
326674,"Valenta, Petr",CZE,M,,,,1887,0,20,APR26,1962,i
307440,"Valenta, Vit Vaclav",CZE,M,FM,,,2058,0,20,APR26,1978,
315680,"Vales, Vaclav",CZE,M,,,,2048,0,20,APR26,1963,
23727675,"Valicek, Martin",CZE,M,,NA,,1726,0,20,APR26,2004,
320447,"Valickova, Martina",CZE,F,,,,1968,0,20,APR26,1986,wi
398560,"Valik, Ondrej",CZE,M,,,,1738,0,20,APR26,1978,
23752246,"Valiyev, Adil",CZE,M,,,,1556,0,40,APR26,2013,i
23714760,"Valkovic, Marek",CZE,M,,,,1795,0,40,APR26,2006,i
23744758,"Valkovic, Roman",CZE,M,,,,1566,0,40,APR26,2000,i
23762110,"Valter, Frantisek",CZE,M,,,,1536,0,40,APR26,2006,i
308900,"Valtera, Jiri",CZE,M,,,,1962,0,20,APR26,1944,i
311502,"Valtr, Tomas",CZE,M,,,,1968,0,20,APR26,1973,i
23779217,"Valtrova, Marketa",CZE,F,,,,1681,0,40,APR26,1960,wi
23744006,"Vambera, Martin",CZE,M,,,,1691,0,20,APR26,1976,i
23751142,"Van, Overloop Samuel",CZE,M,,,,1759,0,40,APR26,1996,
23712210,"Vana, Jakub",CZE,M,,,,1583,0,40,APR26,2007,i
23726016,"Vana, Jan",CZE,M,,,,1808,0,40,APR26,2010,i
398900,"Vana, Jan",CZE,M,,,,1552,0,40,APR26,2005,i
23737409,"Vanacek, Jan",CZE,M,,,,1575,0,40,APR26,2011,
23737395,"Vanacek, Jan",CZE,M,,,,1621,0,20,APR26,1976,i
23750316,"Vanacek, Pavel",CZE,M,,,,1474,0,40,APR26,2013,i
352713,"Vanasek, Jakub",CZE,M,,,,1592,0,40,APR26,1993,
348406,"Vancak, Milan",CZE,M,,,,1631,0,20,APR26,1967,i
23731907,"Vancakova, Veronika",CZE,F,,,,1659,0,40,APR26,2012,wi
23748354,"Vancat, Filip",CZE,M,,,,1473,0,40,APR26,2007,i
571000984,"Vancat, Milan",CZE,M,,,,1730,0,40,APR26,1988,
397237,"Vancura, Jakub",CZE,M,,,,1770,0,20,APR26,2000,i
23734272,"Vancura, Samuel",CZE,M,,,,1585,0,40,APR26,2005,i
23773480,"Vancura, Tomas",CZE,M,,,,1751,0,40,APR26,1975,i
305332,"Vanecek, Jiri",CZE,M,,,,1999,0,20,APR26,1971,i
356271,"Vanek, Bohuslav",CZE,M,,,,1870,0,20,APR26,1964,i
23772395,"Vanek, Filip",CZE,M,,,,1464,0,40,APR26,2009,i
333450,"Vanek, Frantisek",CZE,M,,,,1608,0,20,APR26,1947,i
23718056,"Vanek, Jakub",CZE,M,,,,1819,0,40,APR26,2008,
23764708,"Vanek, Jakub",CZE,M,,,,1740,0,40,APR26,2005,i
23769181,"Vanek, Jakub",CZE,M,,,,1458,0,40,APR26,2016,
23756306,"Vanek, Jakub",CZE,M,,,,1524,0,40,APR26,2005,i
23789859,"Vanek, Jan",CZE,M,,,,1449,0,40,APR26,2012,
23753838,"Vanek, Jiri",CZE,M,,,,1548,0,40,APR26,2013,i
324647,"Vanek, Ladislav",CZE,M,,,,2207,0,,APR26,1982,
23769238,"Vanek, Martin",CZE,M,,,,1754,0,40,APR26,2013,
23769190,"Vanek, Michal",CZE,M,,,,1571,0,40,APR26,2015,
305324,"Vanek, Petr",CZE,M,CM,,,2066,0,20,APR26,1966,
313459,"Vanek, Tomas",CZE,M,FM,,,2132,0,20,APR26,1982,i
375675,"Vanek, Tomas",CZE,M,,,,1534,0,20,APR26,2004,i
338834,"Vanhara, Jiri",CZE,M,,,,1891,0,20,APR26,1977,i
331732,"Vanhara, Petr",CZE,M,,,,1842,0,20,APR26,1947,i
383074,"Vanharova, Lucie",CZE,F,,,,1472,0,20,APR26,2002,wi
23734647,"Vanicek, Daniel",CZE,M,,,,1608,0,20,APR26,2007,i
351237,"Vanicek, Jan",CZE,M,,,,1791,0,20,APR26,1978,i
338842,"Vanicek, Lukas",CZE,M,,,,1978,0,20,APR26,1990,i
392383,"Vanicek, Lukas",CZE,M,,,,1869,0,20,APR26,1992,i
338850,"Vanicek, Michal",CZE,M,,,,1873,0,20,APR26,1981,i
23743913,"Vanicek, Vaclav",CZE,M,,,,1572,0,40,APR26,2005,i
23734655,"Vanicek, Vojtech",CZE,M,,,,1645,0,40,APR26,2011,
23749709,"Vanickova, Natalie",CZE,F,,,,1431,0,40,APR26,2013,wi
23774436,"Vanik, Jakub",CZE,M,,,,1811,0,40,APR26,2005,
1021516,"Vanis, Josef",CZE,M,,,,1924,0,20,APR26,1947,i
308510,"Vanko, Jiri",CZE,M,,,,1956,0,20,APR26,1956,i
23776854,"Vanko, Martin",CZE,M,,,,1818,0,40,APR26,2006,i
23790326,"Vankova, Ema",CZE,F,,,,1480,0,40,APR26,2010,w
398586,"Vankova, Marie",CZE,F,,,,1644,0,40,APR26,2006,wi
23770244,"Vanousek, Zdenek",CZE,M,,,,1622,0,40,APR26,2016,
385131,"Vantuch, Lucian",CZE,M,,,,1978,0,40,APR26,2005,i
381098,"Varadi, Ondrej",CZE,M,,,,1725,0,20,APR26,2001,i
23791454,"Varga, Ladislav",CZE,M,,,,1573,0,40,APR26,1962,
23733730,"Varhulik, Martin",CZE,M,,,,1429,0,40,APR26,2006,i
1519948,"Varley, Nicolas",CZE,M,,,,2138,0,20,APR26,1989,
397784,"Vartazaryan, Gor",CZE,M,,,,1876,0,20,APR26,2000,i
23744138,"Varyvoda, Viktoriia",CZE,F,,,,1702,0,20,APR26,1996,wi
23753480,"Vasakova, Kristyna",CZE,F,,,,1414,0,40,APR26,2007,wi
385611,"Vasek, Daniel",CZE,M,,,,1998,0,20,APR26,1984,i
318507,"Vasek, Jan",CZE,M,,,,2162,0,20,APR26,1976,i
329983,"Vasek, Rostislav",CZE,M,,,,1654,0,20,APR26,1943,i
23728752,"Vasicek, Frantisek",CZE,M,,,,1579,0,40,APR26,1958,
305073,"Vasicek, Martin",CZE,M,,,,2023,0,20,APR26,1968,
23707356,"Vasicka, David",CZE,M,,,,1741,0,20,APR26,1979,i
392200,"Vasinek, Martin",CZE,M,,,,1989,0,40,APR26,2007,i
365122,"Vasko, Pavel",CZE,M,,,,1637,0,20,APR26,1952,i
356280,"Vastl, Oldrich",CZE,M,,,,1850,0,20,APR26,1949,
358460,"Vasut, Jan",CZE,M,,,,1699,0,20,APR26,1966,i
316229,"Vasut, Karel",CZE,M,,,,2078,0,20,APR26,1978,i
34120530,"Vasyliuk, Mykhaylo",CZE,M,,,,1516,0,40,APR26,2010,i
34120548,"Vasyliuk, Volodymyr",CZE,M,,,,1536,0,40,APR26,2010,i
323136,"Vavra, Antonin",CZE,M,,,,1867,0,20,APR26,1964,
395846,"Vavra, David",CZE,M,,,,1822,0,20,APR26,1981,
392103,"Vavra, Jan",CZE,M,,,,1714,0,40,APR26,2006,i
23750774,"Vavra, Marek",CZE,M,,,,1459,0,20,APR26,2002,i
306398,"Vavra, Michal",CZE,M,,,,1944,0,20,APR26,1974,
301841,"Vavra, Pavel",CZE,M,IM,,,2302,0,20,APR26,1976,i
318353,"Vavrinec, Tomas",CZE,M,,,,1993,0,20,APR26,1962,
327115,"Vavrinek, Michal",CZE,M,,,,1844,0,20,APR26,1990,i
341614,"Vavrinek, Radomir",CZE,M,,,,1705,0,20,APR26,1965,
341622,"Vavrinek, Tomas",CZE,M,,,,1879,0,20,APR26,1969,i
372080,"Vavrinkova, Anna",CZE,F,,,,1768,0,20,APR26,2004,wi
366021,"Vavrinkova, Eliska",CZE,F,,,,1835,0,20,APR26,2001,wi
356522,"Vavrinkova, Jitka",CZE,F,,,,1687,0,20,APR26,1977,wi
392154,"Vavrinkova, Marie",CZE,F,,,,1650,0,40,APR26,2007,wi
323357,"Vavrousek, Petr",CZE,M,,,,1860,0,20,APR26,1942,i
23799269,"Vavrova, Ema",CZE,F,,,,1435,6,40,APR26,2011,w
23715693,"Vavrova, Jaroslava",CZE,F,,,,1553,0,20,APR26,1942,w
391808,"Vavrova, Jirina",CZE,F,,NA,,1427,0,40,APR26,1955,w
301329,"Vavruska, Antonin",CZE,M,,,,1971,0,20,APR26,1944,i
310905,"Vavruskova, Romana",CZE,F,,,,1995,0,20,APR26,1978,wi
23777583,"Vebr, Jakub",CZE,M,,,,1662,0,40,APR26,2009,
23720115,"Vecer, Martin",CZE,M,,,,1728,0,40,APR26,2008,i
383082,"Vecera, Dominik",CZE,M,,,,2049,0,20,APR26,2005,
310867,"Vecera, Pavel",CZE,M,,,,2063,0,20,APR26,1973,i
302473,"Vechet, Stanislav",CZE,M,,,,2161,0,20,APR26,1949,i
355089,"Vedral, Miloslav",CZE,M,,,,1755,0,20,APR26,1973,i
318892,"Vedral, Oldrich",CZE,M,,,,2232,0,20,APR26,1986,i
23759399,"Vejlupek, Pavel",CZE,M,,,,1611,0,40,APR26,2005,i
399167,"Vejnar, Martin",CZE,M,,,,1699,0,20,APR26,1986,i
335185,"Vejpustkova, Ivana",CZE,F,,,,1584,0,20,APR26,1962,wi
23793236,"Vejsada, Ondrej",CZE,M,,,,1657,0,40,APR26,1983,
23707151,"Vejvoda, Robert",CZE,M,,,,1758,0,20,APR26,1975,i
23749032,"Velebny, Josef",CZE,M,,,,1519,0,20,APR26,2001,i
23732288,"Velecky, Tomas",CZE,M,,,,1634,0,20,APR26,1979,
322334,"Velecky, Viktor",CZE,M,,,,2070,8,20,APR26,1974,
23772484,"Velicka, Matyas",CZE,M,,,,1526,6,40,APR26,2012,
300659,"Velicka, Petr",CZE,M,GM,,,2293,0,10,APR26,1967,
23746467,"Velickov, Dominik",CZE,M,,,,1926,0,40,APR26,2006,i
366374,"Velik, Jan",CZE,M,,,,1972,0,20,APR26,1974,i
23749407,"Velim, Vojtech",CZE,M,,,,1881,0,40,APR26,2013,
385956,"Veltrusky, Petr",CZE,M,,,,1841,0,20,APR26,1952,
23755334,"Velychko, Maksym",CZE,M,,,,1893,0,20,APR26,2005,
523009969,"Vemkel, Maxim",CZE,M,,,,1406,4,40,APR26,2014,
23737255,"Vengrin, Jakub",CZE,M,,,,1575,0,40,APR26,2005,i
23744243,"Veny, Helena",CZE,F,,,,1410,0,20,APR26,1979,wi
397792,"Veny, Jaume",CZE,M,,,,1967,0,20,APR26,2007,
373257,"Verdiyan, Bagrat",CZE,M,,,,1918,0,40,APR26,1980,i
325872,"Vermirovsky, Vlastimil",CZE,M,,NA,,1963,0,20,APR26,1981,i
342904,"Verner, Jan",CZE,M,,,,1888,0,20,APR26,1989,i
23729236,"Verner, Matej",CZE,M,,,,2009,0,20,APR26,2007,
23737263,"Verner, Ondrej",CZE,M,,,,1746,0,40,APR26,2005,i
23750120,"Versa, Sol",CZE,M,,,,1774,0,20,APR26,1985,i
356298,"Veselovsky, Miroslav",CZE,M,,,,1689,0,40,APR26,1953,
23739860,"Veselska, Veronika",CZE,F,,,,1536,0,20,APR26,1986,wi
303135,"Veselsky, Jan",CZE,M,,,,1569,7,20,APR26,1975,
354252,"Veselsky, Michal",CZE,M,,,,2078,0,20,APR26,1980,i
355445,"Vesely, Emanuel",CZE,M,,,,1898,0,20,APR26,1947,i
307793,"Vesely, Jaromir",CZE,M,,,,1975,0,20,APR26,1957,i
380822,"Vesely, Jaroslav",CZE,M,,,,1875,0,20,APR26,1945,i
366382,"Vesely, Jiri",CZE,M,,,,1894,0,20,APR26,1986,i
353280,"Vesely, Jiri",CZE,M,,,,1756,0,20,APR26,1950,i
23706651,"Vesely, Jiri",CZE,M,,,,1527,0,20,APR26,2002,i
383139,"Vesely, Ladislav",CZE,M,,,,1852,0,20,APR26,1975,i
321206,"Vesely, Libor",CZE,M,,,,2080,0,20,APR26,1987,
314269,"Vesely, Martin",CZE,M,,,,2041,9,20,APR26,1976,
322822,"Vesely, Roman",CZE,M,,,,1820,0,20,APR26,1973,i
342530,"Vesely, Roman",CZE,M,,NA,,1956,0,20,APR26,1962,i
23725060,"Vesely, Roman",CZE,M,,,,1684,0,20,APR26,1971,i
309648,"Vesely, Tomas",CZE,M,,NA,,2103,0,20,APR26,1971,i
348880,"Vesely, Vitek",CZE,M,,,,2078,0,20,APR26,1995,
313998,"Vesselovsky, Serguei",CZE,M,IM,,,2168,9,10,APR26,1952,
23717866,"Vestfal, Jan",CZE,M,,NA,,1936,0,40,APR26,2005,i
23792310,"Veteska, Adam",CZE,M,,,,1544,0,,APR26,2010,
303372,"Vetrovsky, Michal",CZE,M,,,,2030,0,20,APR26,1958,
319929,"Vevera, Radek",CZE,M,,,,2078,0,20,APR26,1982,i
331287,"Veverka, Frantisek",CZE,M,,,,1908,0,20,APR26,1959,i
23785357,"Veverka, Martin Michal",CZE,M,,,,1416,0,40,APR26,2017,
23716568,"Veverka, Vladimir",CZE,M,,,,1987,0,40,APR26,2009,
399299,"Veverkova, Dorota",CZE,F,,,,1573,0,40,APR26,2008,wi
360287,"Veznik, Michael",CZE,M,,,,1853,0,20,APR26,1961,i
328804,"Veznik, Petr",CZE,M,,,,1959,0,20,APR26,1988,i
316806,"Vicar, Lubomir",CZE,M,,,,1856,0,20,APR26,1967,
330370,"Vicar, Petr",CZE,M,,,,2004,0,20,APR26,1987,
327360,"Vicha, Martin",CZE,M,,,,1927,0,20,APR26,1972,
23730226,"Vicher, Jan",CZE,M,,,,1648,0,20,APR26,2004,i
323837,"Vichnar, David",CZE,M,FM,,,2293,0,20,APR26,1983,
23746696,"Viglasky, Jaroslav",CZE,M,,,,1694,7,20,APR26,1985,
23713054,"Vihnar, Milan",CZE,M,,,,1915,0,20,APR26,1967,i
378178,"Viktorin, Petr",CZE,M,,,,1758,0,20,APR26,1970,
571001409,"Viktorin, Rudolf",CZE,M,,,,1562,8,40,APR26,1946,
23718218,"Vilimek, Vit",CZE,M,FM,,,2071,0,20,APR26,2007,
367400,"Vilimova, Julie",CZE,F,,NA,,1810,0,20,APR26,2002,wi
23752262,"Vilms, Anton",CZE,M,,,,1672,0,20,APR26,1990,
23730340,"Vincenc, Daniel",CZE,M,,,,1474,0,20,APR26,2003,i
324906,"Vincze, Roman",CZE,M,,,,2102,0,20,APR26,1974,
23775394,"Vindis, Patrik",CZE,M,,,,1521,0,40,APR26,2005,i
398918,"Vinecky, Jiri",CZE,M,,,,1624,0,20,APR26,1938,i
318370,"Vinklarek, Ondrej",CZE,M,,,,2084,0,20,APR26,1983,i
358479,"Vinklarek, Robert",CZE,M,,,,1874,0,,APR26,1996,
358487,"Vinklarek, Vlastimil",CZE,M,,,,1722,0,20,APR26,1949,
23712228,"Vinopal, Vit",CZE,M,,,,1633,0,20,APR26,2003,
384518,"Vins, Karel",CZE,M,,,,1672,0,20,APR26,1944,i
23793830,"Vintr, Josef",CZE,M,,,,1419,0,40,APR26,2006,
23763027,"Vintr, Simon",CZE,M,,,,1429,0,40,APR26,2010,i
308340,"Virostko, Petr",CZE,M,FM,,,2312,0,20,APR26,1981,
365548,"Vit, Jakub",CZE,M,,,,1854,0,20,APR26,1998,i
388831,"Vit, Jaroslav",CZE,M,,,,1775,0,20,APR26,1961,i
23702028,"Vit, Milan",CZE,M,,,,1815,0,20,APR26,1976,i
359599,"Vit, Ondrej",CZE,M,,,,1665,0,20,APR26,1999,i
23706830,"Vit, Zdenek",CZE,M,,,,1806,0,20,APR26,1945,i
358959,"Vitak, Jiri",CZE,M,FM,,,2179,0,20,APR26,2001,
391743,"Vitak, Tomas",CZE,M,,,,1665,0,20,APR26,2004,i
317675,"Vitasek, Jan",CZE,M,,,,1955,0,20,APR26,1951,i
341630,"Vitasek, Tomas",CZE,M,,,,1961,0,20,APR26,1977,i
303070,"Vitek, Vaclav",CZE,M,,,,1950,0,20,APR26,1940,i
23764236,"Vitek, Vojta",CZE,M,,,,1550,0,40,APR26,2010,i
365556,"Vitova, Anna",CZE,F,,,,1836,0,20,APR26,2001,wi
344397,"Vitula, Jan",CZE,M,,,,1940,0,20,APR26,1979,i
23707160,"Vitvar, Zdenek",CZE,M,,,,1866,0,20,APR26,1951,
338893,"Vizibla, Roman",CZE,M,,,,1889,0,20,APR26,1973,
346756,"Vizner, Jaroslav",CZE,M,,,,1845,8,20,APR26,1957,
343447,"Vlach, Karel",CZE,M,,,,2106,0,20,APR26,1979,i
342548,"Vlach, Martin",CZE,M,,,,1947,0,20,APR26,1971,i
329665,"Vlachopulos, Elefteris",CZE,M,,,,1717,0,20,APR26,1947,
316695,"Vlachopulos, Georgis",CZE,M,,,,1779,0,20,APR26,1955,
23740272,"Vlachynska, Anna",CZE,F,,,,1402,0,40,APR26,2007,wi
23715073,"Vlachynska, Lilian",CZE,F,,,,1563,0,20,APR26,2005,wi
23776552,"Vladimirov, Mark",CZE,M,,,,1676,9,20,APR26,2005,
312495,"Vladyka, Vaclav",CZE,M,,,,1824,0,20,APR26,1959,
324353,"Vlasak, Jiri",CZE,M,,,,1794,8,20,APR26,1957,
23762586,"Vlasak, Karel",CZE,M,,,,1507,0,20,APR26,2001,i
324752,"Vlasak, Lukas",CZE,M,IM,,,2373,0,20,APR26,1993,
339318,"Vlasak, Martin",CZE,M,,,,1921,0,20,APR26,1995,i
358495,"Vlcek, Antonin",CZE,M,,,,1614,0,20,APR26,1952,
354260,"Vlcek, Dalibor",CZE,M,,,,1933,0,20,APR26,1974,i
327611,"Vlcek, Marek",CZE,M,,,,1914,6,20,APR26,1972,
23749113,"Vlcek, Patrik Michal",CZE,M,,,,1545,0,20,APR26,1999,i
23737905,"Vlcek, Vitezslav",CZE,M,,,,1543,0,40,APR26,2012,i
23728647,"Vlcek, Vojtech",CZE,M,,,,1732,0,40,APR26,2009,i
23729244,"Vlk, Jakub",CZE,M,,,,1648,0,20,APR26,1986,i
323659,"Vlk, Miloslav",CZE,M,,,,1914,0,20,APR26,1962,
364339,"Vlkova, Anezka",CZE,F,,,,1964,0,20,APR26,2000,wi
376302,"Vltavsky, Jakub",CZE,M,,,,1702,0,20,APR26,2002,i
309958,"Vltavsky, Vladimir",CZE,M,,,,2082,0,20,APR26,1964,
338915,"Vnoucek, Pavel",CZE,M,,,,1816,0,20,APR26,1967,i
23761229,"Vo, Daniel",CZE,M,,,,1891,0,40,APR26,2016,
23762900,"Vo, Dusan",CZE,M,,,,1594,0,40,APR26,2012,i
23700971,"Vobornik, Jiri",CZE,M,,,,1506,0,40,APR26,2007,i
324191,"Vochozka, Jindrich",CZE,M,,,,1687,0,20,APR26,1940,
338923,"Vocilka, Jiri",CZE,M,,,,1860,0,20,APR26,1957,i
23766956,"Vocka, Marek",CZE,M,,,,1680,0,40,APR26,2008,i
399353,"Vodak, Rostislav",CZE,M,,,,2033,0,20,APR26,1976,i
23705795,"Vodak, Vojtech",CZE,M,,,,1722,0,20,APR26,2004,i
23718862,"Vodicka, Jan",CZE,M,,,,1469,0,20,APR26,2002,i
385085,"Vodicka, Martin",CZE,M,,,,1765,0,20,APR26,1978,i
304344,"Vodicka, Pavel",CZE,M,,,,1951,7,20,APR26,1970,
309842,"Vodicka, Vlastimil",CZE,M,,,,2061,0,20,APR26,1946,i
23740051,"Vodny, Antonin",CZE,M,,,,1545,0,20,APR26,2004,i
23745495,"Vodolan, Frantisek",CZE,M,,,,1698,0,40,APR26,2009,i
23716428,"Vogl, Frantisek",CZE,M,,,,1743,0,20,APR26,1953,i
23780665,"Vognic, Bruno",CZE,M,,,,1492,0,40,APR26,1975,
23780673,"Vognic, David",CZE,M,,,,1809,7,40,APR26,2012,
384950,"Vohralik, Vitezslav",CZE,M,,,,1851,0,20,APR26,1961,i
23724480,"Vojacek, Jan",CZE,M,,,,1620,0,20,APR26,1991,i
23761563,"Vojacek, Josef",CZE,M,,,,1455,0,20,APR26,2005,i
23719117,"Vojcak, Petr",CZE,M,,,,1668,0,20,APR26,1974,i
23702818,"Vojir, Vaclav",CZE,M,,,,1620,0,40,APR26,2005,i
23778229,"Vojnarova Egerova, Ludmila",CZE,F,,,,1470,0,40,APR26,1973,w
326305,"Vojta, Dalibor",CZE,M,,,,1766,0,20,APR26,1959,
382515,"Vojta, Jakub",CZE,M,FM,,,2302,0,20,APR26,2005,
376540,"Vojta, Jan",CZE,M,,,,1829,0,20,APR26,1979,i
353299,"Vojta, Jaroslav",CZE,M,,,,1755,0,20,APR26,1953,
23777257,"Vojta, Radek",CZE,M,,,,1679,0,40,APR26,2007,i
308781,"Vojta, Tomas",CZE,M,FM,,,2331,0,10,APR26,1976,
23760362,"Vojtech, Ladislav",CZE,M,,,,1654,0,40,APR26,2009,i
23775378,"Vojtek, Cyril",CZE,M,,,,1614,0,40,APR26,1991,i
23710128,"Vojtek, Pavel",CZE,M,,,,1827,0,40,APR26,2006,i
23761466,"Vojtik, Jakub",CZE,M,,,,1776,0,20,APR26,1995,
351598,"Vojtisek, Milos",CZE,M,,,,1728,7,20,APR26,1961,
399035,"Vojvodik, Robert",CZE,M,,,,1836,0,20,APR26,1970,
23732237,"Vokac, Radek",CZE,M,,,,1693,0,20,APR26,1993,i
23750782,"Vokal, Marek",CZE,M,,,,1756,0,20,APR26,1966,
301647,"Vokoun, Jan",CZE,M,FM,,,1960,0,20,APR26,1948,
23771330,"Vokoun, Michal",CZE,M,,,,1726,0,40,APR26,2010,
23771348,"Vokracka, Vit",CZE,M,,,,1558,0,40,APR26,2008,
23760010,"Vokurka, Vilem",CZE,M,,,,1727,0,40,APR26,2008,
396630,"Volak, Simon",CZE,M,,NA,,2016,0,20,APR26,2004,i
355097,"Volanin, Jaromir",CZE,M,,,,1799,0,20,APR26,1970,i
384208,"Volaninova, Sarka",CZE,F,,,,1770,0,20,APR26,2000,wi
338931,"Volcik, Ludek",CZE,M,,NA,,2068,0,20,APR26,1995,i
345407,"Volcik, Stanislav",CZE,M,,NA,,1843,0,20,APR26,1960,i
23732440,"Voldrich, Rostislav",CZE,M,,,,1529,0,20,APR26,1998,
374180,"Volek, Jan Matous",CZE,M,,,,1549,0,20,APR26,2003,i
374199,"Volek, Jonas",CZE,M,,,,1683,0,20,APR26,2000,i
323543,"Volek, Karel",CZE,M,,,,1942,0,20,APR26,1957,i
328901,"Volek, Radomir",CZE,M,,,,2114,0,20,APR26,1972,i
23714450,"Voleman, Marek",CZE,M,,,,1650,0,20,APR26,1990,i
388440,"Voleman, Milan",CZE,M,,,,1756,0,20,APR26,1968,i
367001,"Volenec, Jakub",CZE,M,,,,1675,0,20,APR26,2000,i
23768029,"Volf, Felix",CZE,M,,,,1691,0,40,APR26,2010,
310409,"Volf, Jaroslav",CZE,M,,,,1975,0,20,APR26,1944,i
389722,"Volf, Michal",CZE,M,,,,1879,0,20,APR26,1998,i
301434,"Volf, Michal",CZE,M,,NA,,1768,0,20,APR26,1981,
23741732,"Volf, Miloslav",CZE,M,,,,1589,0,20,APR26,1970,i
310395,"Volman, Vaclav",CZE,M,,,,1941,0,20,APR26,1973,
340707,"Volman, Vaclav",CZE,M,,,,1651,0,20,APR26,1948,
23781270,"Volny, Jan",CZE,M,,,,1654,0,40,APR26,1998,i
315877,"Volny, Patrik",CZE,M,,,,1786,0,20,APR26,1992,
311111,"Volosin, Leon",CZE,M,GM,,,2428,0,10,APR26,1964,i
23776889,"Vomlel, Filip",CZE,M,,,,1428,0,40,APR26,2010,
355100,"Vondra, Ales",CZE,M,,,,1770,0,20,APR26,1968,i
23730897,"Vondra, Ales",CZE,M,,,,1437,0,40,APR26,2006,i
23725176,"Vondra, Filip",CZE,M,,,,1606,0,40,APR26,2009,i
318523,"Vondra, Zbynek",CZE,M,,,,2045,0,20,APR26,1976,
333689,"Vondrasek, Ondrej",CZE,M,,,,1949,0,20,APR26,1952,i
23711680,"Vondrovic, Matej",CZE,M,,,,1605,0,40,APR26,2004,
23730099,"Vondruska, Leos",CZE,M,,,,1526,0,20,APR26,1982,
344060,"Vopatova, Nicola",CZE,F,,,,1926,0,20,APR26,1996,wi
331880,"Voracek, Zdenek",CZE,M,,,,1900,0,20,APR26,1959,i
338958,"Vorackova, Jarmila",CZE,F,,,,1764,8,20,APR26,1961,w
331473,"Vorel, Bohuslav",CZE,M,,,,1675,0,20,APR26,1961,
364355,"Vorisek, Jakub",CZE,M,,,,2172,0,20,APR26,2003,i
306223,"Vorisek, Jaroslav",CZE,M,FM,,,2195,0,20,APR26,1977,i
23719400,"Vorisek, Zdenek",CZE,M,,,,1696,0,20,APR26,1976,i
23712236,"Voriskova, Anna",CZE,F,,,,1837,0,20,APR26,2006,wi
23733772,"Voriskova, Blanka",CZE,F,,,,1438,0,20,APR26,1972,w
23750901,"Vorlik, Jachym",CZE,M,,,,1759,9,40,APR26,2013,
23753684,"Vorlik, Petr",CZE,M,,,,1483,6,40,APR26,1980,
365149,"Vorsilka, Jiri",CZE,M,,,,1661,0,20,APR26,1985,i
23709898,"Vosecek, Vaclav",CZE,M,,,,1678,0,20,APR26,1984,i
23726547,"Vosecky, Martin",CZE,M,,,,1774,0,20,APR26,1981,
338974,"Voslar, Jan",CZE,M,,,,1953,0,20,APR26,1973,i
23734566,"Vosmik, Matej",CZE,M,,,,1760,0,20,APR26,2004,i
300535,"Votava, Jan",CZE,M,GM,,,2461,0,10,APR26,1974,i
366390,"Votruba, Petr",CZE,M,,,,1832,0,20,APR26,1948,
23751886,"Votruba, Vojtech",CZE,M,,,,1625,0,20,APR26,2003,i
23717181,"Vozabal, Nath",CZE,M,,,,1569,0,20,APR26,1999,i
399701,"Vrabec, Lubomir",CZE,M,,,,1831,0,20,APR26,1975,i
338982,"Vrabec, Milos",CZE,M,,,,2148,0,20,APR26,1950,i
366056,"Vraj, Karel",CZE,M,,,,1952,0,20,APR26,2001,i
374644,"Vraj, Ondrej",CZE,M,,,,1882,0,20,APR26,2002,
302066,"Vrana, Frantisek",CZE,M,FM,,,2126,27,20,APR26,1960,
322369,"Vrana, Jan",CZE,M,FM,,,2266,0,20,APR26,1988,
23756241,"Vrana, Martin",CZE,M,,,,1634,0,40,APR26,2008,i
302775,"Vranova, Zdenka",CZE,F,,,,1946,16,20,APR26,1963,w
23787929,"Vrany, Martin",CZE,M,,,,1660,0,40,APR26,1983,i
23756870,"Vratil, Tomas",CZE,M,,,,1711,0,20,APR26,2006,
390500,"Vratny, Jakub",CZE,M,,,,1610,0,20,APR26,1999,i
23731753,"Vrba, Jan",CZE,M,,,,1691,0,40,APR26,2008,i
301256,"Vrbata, Zbynek",CZE,M,FM,,,2372,0,20,APR26,1967,i
23760028,"Vrbicky, Vojtech",CZE,M,,,,1690,0,40,APR26,2007,i
399175,"Vrbik, Petr",CZE,M,,,,1795,0,20,APR26,1951,i
377899,"Vrbova, Eva",CZE,F,,,,1633,0,20,APR26,2001,wi
23781947,"Vrchotka, Antonin",CZE,M,,,,1724,0,40,APR26,2013,
318388,"Vrchotka, Josef",CZE,M,,,,1958,0,20,APR26,1947,
351601,"Vrecion, Jiri",CZE,M,,,,1974,0,20,APR26,1999,i
23775750,"Vrkoc, Alexandr",CZE,M,,,,1476,7,20,APR26,2000,
325899,"Vrkota, Milos",CZE,M,,,,2072,0,20,APR26,1984,i
23767278,"Vrobel, Daniel",CZE,M,,,,1551,0,40,APR26,2006,i
332291,"Vrskova, Gabriela",CZE,F,,,,1909,0,20,APR26,1992,wi
23760818,"Vrstala, David",CZE,M,,,,1728,0,40,APR26,2006,i
314749,"Vrtal, Jaroslav",CZE,M,,,,1975,0,20,APR26,1952,i
23726121,"Vrzal, Filip",CZE,M,,,,1821,0,20,APR26,2004,i
376558,"Vrzal, Tomas",CZE,M,,,,1793,0,20,APR26,1988,i
23764554,"Vrzal, Vaclav",CZE,M,,,,1777,0,40,APR26,2006,i
344249,"Vseticek, Oldrich",CZE,M,,,,1771,0,20,APR26,1954,i
368024,"Vsetulova, Viktorie",CZE,F,,,,1639,0,20,APR26,2004,wi
23716037,"Vtelensky, Petr",CZE,M,,,,1743,0,20,APR26,1975,i
23762918,"Vujovic, Igor",CZE,M,,,,1561,0,20,APR26,1996,i
23761474,"Vujovic, Ivan",CZE,M,,,,1700,0,20,APR26,1994,i
23751126,"Vurm, Jiri",CZE,M,,,,1505,0,40,APR26,2012,i
23753498,"Vybiral, Dominik",CZE,M,,,,1588,0,20,APR26,1995,i
305200,"Vybiral, Zdenek",CZE,M,,,,2221,0,20,APR26,1971,
23745657,"Vyborny, Karel",CZE,M,,,,1848,0,20,APR26,1978,i
23750642,"Vydra, David",CZE,M,,,,1551,0,40,APR26,2014,
347728,"Vydra, Jaroslav",CZE,M,,,,1672,0,20,APR26,1964,
381110,"Vydra, Martin",CZE,M,,,,1530,0,20,APR26,2003,i
310239,"Vyhnalek, Bohuslav",CZE,M,,,,2121,0,20,APR26,1950,i
23706821,"Vyhnalek, Jan",CZE,M,,,,1747,0,20,APR26,2004,i
352721,"Vyhnalek, Jaroslav",CZE,M,,,,1654,0,20,APR26,1950,i
349658,"Vykouk, Jan",CZE,M,IM,,,2426,0,10,APR26,2000,
23738634,"Vykoupil, Lukas",CZE,M,,,,1682,0,40,APR26,2007,
23717556,"Vylicil, Adam",CZE,M,,,,1896,0,20,APR26,2005,i
318396,"Vymazal, Bronislav",CZE,M,,,,2335,0,20,APR26,1987,
23742615,"Vymazal, Marek",CZE,M,,,,1742,0,40,APR26,2005,i
320773,"Vymetal, Milan",CZE,M,,,,1862,14,20,APR26,1963,
318710,"Vymetalik, Ivo",CZE,M,,,,1881,0,20,APR26,1983,
23796928,"Vyoral, Benedikt Lars",CZE,M,,,,1420,0,40,APR26,2009,
23764562,"Vyoral, Jakub",CZE,M,,,,1429,0,40,APR26,2000,
346209,"Vyprachticky, David",CZE,M,FM,,,2263,0,20,APR26,1993,i
307106,"Vyskocil, Neklan",CZE,M,IM,,,2319,0,20,APR26,1972,
23725133,"Vyskocil, Vladimir",CZE,M,,,,1750,0,20,APR26,1953,i
353329,"Vyskocil, Zdenek",CZE,M,,,,1783,0,20,APR26,1947,i
23752564,"Vyslocka, Denisa",CZE,F,,,,1430,0,40,APR26,2012,w
23730277,"Vyslysel, Petr",CZE,M,,,,1775,0,20,APR26,2005,
304310,"Vysoglad, Petr",CZE,M,,,,1946,0,20,APR26,1969,
23778440,"Vystavel, Marian",CZE,M,,,,1474,0,40,APR26,2007,i
364363,"Vystrcil, Martin",CZE,M,,NA,,1988,0,20,APR26,2000,
23710314,"Vytlacil, Vaclav",CZE,M,,,,1658,0,20,APR26,1942,
393150,"Vyvial, Vaclav",CZE,M,,,,1691,0,20,APR26,1970,
352934,"Waclawek, Karel",CZE,M,,,,1765,0,20,APR26,1955,i
23710721,"Wagner, Oto",CZE,M,,,,1524,0,20,APR26,1952,i
23755261,"Wagner, Rostislav",CZE,M,,,,1630,0,40,APR26,2010,i
23721391,"Wagner, Tomas",CZE,M,,,,1569,0,40,APR26,2009,i
23723653,"Wala, Jan",CZE,M,,,,1597,0,40,APR26,2005,i
23725311,"Wala, Roman",CZE,M,,,,1633,0,20,APR26,1973,i
394971,"Walach, Ivo",CZE,M,,,,1626,0,20,APR26,2004,i
23715502,"Walach, Vit",CZE,M,,,,1584,0,20,APR26,2001,i
367982,"Walak, Jiri",CZE,M,,,,1641,0,20,APR26,1958,i
23743360,"Walder, Hugo",CZE,M,,,,1806,0,40,APR26,2012,
23761903,"Walder, Jiri",CZE,M,,,,1411,0,20,APR26,1976,i
301469,"Walek, Milan",CZE,M,FM,,,2287,0,20,APR26,1969,i
339393,"Walek, Petr",CZE,M,FM,,,2208,0,20,APR26,1996,i
358690,"Walica, Roman",CZE,M,,,,1999,0,20,APR26,1998,i
313815,"Walowy, Bohumir",CZE,M,,,,2068,0,20,APR26,1944,i
23764031,"Walter, Samuel",CZE,M,,,,1564,0,40,APR26,2012,i
23760737,"Wang, Josef",CZE,M,,,,1549,0,40,APR26,2008,i
571001735,"Wang, Zizheng Petr",CZE,M,,,,1636,7,40,APR26,2006,
320471,"Wanot, Ales",CZE,M,,,,1882,0,20,APR26,1976,i
23739487,"Wantulok, Aron",CZE,M,,,,1507,0,40,APR26,2011,i
375209,"Warmuz, Jiri",CZE,M,,,,1824,0,20,APR26,1991,i
335444,"Wasserbauer, Radek",CZE,M,,NA,,2149,0,20,APR26,1993,i
364789,"Weber, David",CZE,M,,,,1662,0,20,APR26,1999,i
23714271,"Weczerek, Jan",CZE,M,,,,1499,0,40,APR26,2006,i
317560,"Weczerek, Marek",CZE,M,,,,1948,0,20,APR26,1973,
23720239,"Weczerek, Max",CZE,M,,,,1781,0,20,APR26,1954,i
23764813,"Wedell, Antonin",CZE,M,,,,1526,0,40,APR26,2011,i
352942,"Weiss, Josef",CZE,M,,,,1803,0,20,APR26,1951,i
396109,"Weiss, Pavel",CZE,M,,,,1708,0,20,APR26,1956,i
305600,"Weiss, Petr",CZE,M,,,,1767,0,20,APR26,1956,i
315087,"Weissmann, Lukas",CZE,M,,,,2096,0,,APR26,1974,i
23745665,"Wendzel, Lukas",CZE,M,,,,1829,0,20,APR26,2004,
318418,"Wenke, Oldrich",CZE,M,,,,1996,0,20,APR26,1974,
23753706,"Werich, Jachym",CZE,M,,,,1733,0,40,APR26,2003,i
23702664,"Werner, Quan Hong",CZE,M,,,,2096,0,20,APR26,2007,
344265,"Werner, Roman",CZE,M,,,,1726,0,20,APR26,1962,i
318574,"Wichs, Jakub",CZE,M,,,,2079,0,20,APR26,1980,i
346462,"Wiedermann, Jan",CZE,M,,,,1844,0,20,APR26,1952,
320897,"Wiener, Richard",CZE,M,,NA,,1858,0,20,APR26,1964,
23773421,"Wiesner, Marek",CZE,M,,,,1464,0,40,APR26,2010,i
23748877,"Willis, Max",CZE,M,,,,1522,0,40,APR26,2011,i
320854,"Wimmer, Miroslav",CZE,M,,,,2099,0,20,APR26,1958,i
339822,"Winkelhofer, Ladislav",CZE,M,,,,2096,0,20,APR26,1955,i
23751398,"Winkler, Bernard",CZE,M,,,,1611,0,40,APR26,2010,i
23702192,"Winter, Ondrej",CZE,M,FM,,,2286,0,20,APR26,2007,
353337,"Wirkner, Frantisek",CZE,M,,,,1778,0,20,APR26,1950,
339032,"Wirth, Pavel",CZE,M,,,,1706,0,20,APR26,1956,i
386170,"Woitsch, Marek",CZE,M,,,,1906,0,20,APR26,1978,i
23738537,"Wojdyla, Alex",CZE,M,,,,1842,0,20,APR26,2004,i
23740531,"Wolf, Cestmir",CZE,M,,,,1557,0,20,APR26,1959,i
23777966,"Wolf, Pavel",CZE,M,,,,1624,0,40,APR26,2008,
339040,"Wolf, Vilem",CZE,M,,,,2003,0,20,APR26,1969,
1118080,"Worek, Joanna",CZE,F,WGM,WGM,,2307,0,20,APR26,1986,wi
23745851,"Wrozyna, Frantisek",CZE,M,,,,1648,0,20,APR26,1989,i
358509,"Wrzecionko, David",CZE,M,,,,1735,0,20,APR26,1976,i
320498,"Wunsch, Jiri",CZE,M,,,,1952,0,20,APR26,1965,i
23710861,"Wunsch, Radek",CZE,M,,,,1932,0,20,APR26,1999,i
23764864,"Yamkova, Daria",CZE,F,,,,1573,0,40,APR26,2011,wi
23717114,"Yeromenko, Bogdan",CZE,M,,,,1587,0,40,APR26,2008,i
23779250,"Yunussov, Ahmad Tairovich",CZE,M,,,,1608,0,40,APR26,2011,
23752718,"Yurchenko, Daniil",CZE,M,,,,1558,0,40,APR26,2011,
339059,"Zabehlicky, Jiri",CZE,M,,,,1648,0,20,APR26,1960,i
23772000,"Zabka, Vratislav",CZE,M,,,,1491,0,40,APR26,2016,
23793880,"Zabka, Vratislav",CZE,M,,,,1856,0,40,APR26,1984,
389242,"Zabloudil, Ludek",CZE,M,,,,1684,0,20,APR26,1965,i
366064,"Zabloudil, Radek",CZE,M,,,,1876,0,20,APR26,2000,i
571002065,"Zabransky, Jan",CZE,M,,,,1607,6,40,APR26,2010,
354295,"Zabransky, Jan",CZE,M,,,,1927,0,20,APR26,1966,i
301337,"Zabystrzan, Pavel",CZE,M,FM,,,2129,0,20,APR26,1957,i
388360,"Zacek, Josef",CZE,M,,,,1645,0,20,APR26,1962,i
320501,"Zacek, Petr",CZE,M,,,,1957,0,20,APR26,1976,i
335193,"Zacek, Petr",CZE,M,,,,1634,0,20,APR26,1951,i
23756969,"Zacek, Radim",CZE,M,,,,1746,0,40,APR26,1972,i
23707909,"Zachar, Filip",CZE,M,,,,1420,0,20,APR26,2002,i
342580,"Zachar, Jaroslav",CZE,M,,,,1923,0,20,APR26,1974,i
325503,"Zacharias, Miroslav",CZE,M,,,,1843,0,20,APR26,1954,i
373940,"Zacharova, Vera",CZE,F,,,,1701,0,20,APR26,1962,w
364371,"Zadina, Vit",CZE,M,,,,1641,0,20,APR26,1997,
23714778,"Zadrapa, Jakub",CZE,M,,,,1942,0,40,APR26,2006,
321753,"Zadrapa, Radek",CZE,M,,,,1976,0,20,APR26,1966,i
23710276,"Zadrapova, Amalie",CZE,F,,,,1812,0,40,APR26,2009,w
23753056,"Zadrapova, Gabriela",CZE,F,,,,1408,0,40,APR26,2013,wi
384437,"Zadrazil, Filip",CZE,M,,,,1684,0,20,APR26,1998,i
369497,"Zahalka, Jan",CZE,M,,,,1920,0,20,APR26,1998,i
308960,"Zahorbensky, Jaroslav",CZE,M,,NA,,2054,9,20,APR26,1963,
23723793,"Zahradka, Roman",CZE,M,,,,1552,0,20,APR26,2004,i
364797,"Zahradnik, Ales",CZE,M,,,,1756,0,20,APR26,2001,i
23780592,"Zahradnik, Kristof",CZE,M,,,,1573,2,40,APR26,2000,
23739363,"Zahrubsky, Milan",CZE,M,,,,1563,0,20,APR26,2004,i
23725788,"Zahumensky, Stepan",CZE,M,,,,1437,0,40,APR26,2011,
23766727,"Zahumensky, Vilem",CZE,M,,,,1668,0,40,APR26,2010,
571000178,"Zajac, Adam",CZE,M,,,,1729,12,40,APR26,2015,
23787341,"Zajac, Peter",CZE,M,,,,1512,0,40,APR26,2012,
339768,"Zajicek, Karel",CZE,M,,,,1960,0,20,APR26,1972,
23731605,"Zajicek, Ludek",CZE,M,,,,1993,0,20,APR26,1947,i
360210,"Zajicek, Tomas",CZE,M,,,,1933,0,20,APR26,1999,
383104,"Zak, Alois",CZE,M,,,,1763,0,20,APR26,1960,i
376051,"Zak, Daniel",CZE,M,,,,1647,0,20,APR26,2002,i
367419,"Zak, Jiri",CZE,M,,,,1759,0,20,APR26,1964,i
23728833,"Zak, Josef",CZE,M,,,,1704,0,20,APR26,1991,i
23719176,"Zak, Martin",CZE,M,,,,1726,0,20,APR26,1963,i
23768959,"Zak, Ondrej",CZE,M,,,,1454,0,40,APR26,2014,
331538,"Zak, Pavel",CZE,M,,,,1985,0,20,APR26,1978,i
377503,"Zak, Roman",CZE,M,,,,1804,0,20,APR26,1983,
320862,"Zakoucka, Adela",CZE,F,,,,1885,0,20,APR26,1987,w
335355,"Zakoucky, Otto",CZE,M,,,,1571,0,20,APR26,1956,
23794402,"Zakova, Lenka",CZE,F,,,,1431,0,40,APR26,1983,w
23730595,"Zalesak, Radek",CZE,M,,,,1622,0,20,APR26,1971,
23764171,"Zalesak, Robert",CZE,M,,,,1866,0,40,APR26,1974,i
316717,"Zalesky, Karel",CZE,M,,,,1986,0,20,APR26,1972,i
377384,"Zamarska, Dagmar",CZE,F,,,,1670,0,20,APR26,1954,wi
23714280,"Zamarsky, Patrik",CZE,M,,,,1684,0,40,APR26,2006,i
320870,"Zamboch, Roman",CZE,M,,,,2014,0,20,APR26,1961,i
339083,"Zamecnik, Jan",CZE,M,,,,1882,0,20,APR26,1990,
23787538,"Zamecnik, Jan",CZE,M,,,,1628,6,40,APR26,2014,
320315,"Zamorsky, Ladislav",CZE,M,,,,1890,0,20,APR26,1979,
339091,"Zanikov, Konstantin",CZE,M,,,,2022,0,20,APR26,1991,i
344982,"Zanikov, Melikset",CZE,M,,,,1862,0,40,APR26,1994,i
339326,"Zapletal, Jiri",CZE,M,,,,2067,0,20,APR26,1995,i
370614,"Zapletal, Miroslav",CZE,M,,,,1779,0,20,APR26,1962,i
326534,"Zatko, Michal",CZE,M,,,,1860,0,20,APR26,1966,i
307734,"Zatloukal, Petr",CZE,M,,,,1993,0,20,APR26,1969,i
23777362,"Zavada, Roman",CZE,M,,,,1509,0,40,APR26,2006,
372110,"Zavadil, Matyas",CZE,M,,,,1696,0,20,APR26,2003,i
320587,"Zavadil, Michal",CZE,M,,,,2091,0,20,APR26,1965,i
23767286,"Zavadil, Tomas",CZE,M,,,,1746,0,40,APR26,2003,i
313343,"Zavesicky, Petr",CZE,M,,,,1942,0,20,APR26,1963,i
359220,"Zavodny, Jaroslav",CZE,M,,,,1914,7,20,APR26,1991,
397245,"Zavodsky, Jiri",CZE,M,,,,1899,0,20,APR26,1978,i
23784202,"Zavorka, Cenek",CZE,M,,,,1476,0,40,APR26,2011,i
23760826,"Zavorka, Vojtech",CZE,M,,,,1847,0,40,APR26,2010,
307947,"Zavurka, Roman",CZE,M,,,,2175,0,20,APR26,1975,
377678,"Zavurka, Vladimir",CZE,M,,,,1794,8,20,APR26,1967,
344680,"Zavurkova, Monika",CZE,F,,,,1797,8,20,APR26,1975,w
23764422,"Zazimal, Frantisek",CZE,M,,,,1527,0,40,APR26,1996,i
23780266,"Zboril, Jan",CZE,M,,,,1569,0,40,APR26,1991,i
321907,"Zboril, Jaroslav",CZE,M,,,,1967,0,20,APR26,1949,i
23724587,"Zborovsky, Martin",CZE,M,,,,1612,0,20,APR26,1993,
23750324,"Zbranek, Martin",CZE,M,,,,1526,0,20,APR26,1975,
23702036,"Zdechovsky, Tobias",CZE,M,,,,1941,0,20,APR26,2004,i
320102,"Zdenek, Pavel",CZE,M,,,,1890,0,20,APR26,1992,i
355259,"Zdrahal, Vaclav",CZE,M,,,,1904,0,20,APR26,1979,
334537,"Zdrazil, Jan",CZE,M,,NA,,1929,0,20,APR26,1996,i
325368,"Zdrazil, Tomas",CZE,M,,,,2059,0,20,APR26,1985,i
390518,"Zdrazila, Jaromir",CZE,M,,,,1658,0,20,APR26,1945,
386804,"Zdrubecky, Miroslav",CZE,M,,,,1898,0,20,APR26,1968,
23762837,"Zebisch, Jan",CZE,M,,,,1527,0,40,APR26,2013,i
23762829,"Zebisch, Jan",CZE,M,,,,1542,0,20,APR26,1981,i
307076,"Zedek, Frantisek",CZE,M,,,,1918,0,20,APR26,1982,i
23723181,"Zednicek, Filip",CZE,M,,,,1964,0,20,APR26,2006,
23708760,"Zednicek, Michal",CZE,M,,,,1422,0,20,APR26,2002,i
361119,"Zejdlik, Patrik",CZE,M,,,,1800,0,20,APR26,2000,i
23717874,"Zelba, Lukas",CZE,M,,,,2042,0,40,APR26,2009,
23717882,"Zelbova, Lada",CZE,F,WFM,WFM,,2015,0,20,APR26,2007,w
23710551,"Zelena, Irena",CZE,F,,,,1492,0,20,APR26,1976,wi
399531,"Zelenka, Adam",CZE,M,,,,1534,0,40,APR26,2006,i
322377,"Zelenka, Jaroslav",CZE,M,,,,1977,0,20,APR26,1962,i
312339,"Zelenka, Milan",CZE,M,,,,1982,0,20,APR26,1974,i
332909,"Zelenka, Pavel",CZE,M,,,,1485,0,20,APR26,1972,i
380032,"Zelenka, Petr",CZE,M,,,,1666,0,20,APR26,2001,i
393584,"Zelenka, Petr",CZE,M,,,,1686,0,20,APR26,1979,i
23750200,"Zelenka, Tomas",CZE,M,,,,1628,0,40,APR26,2014,
23762608,"Zelenka, Tomas",CZE,M,,,,1785,0,20,APR26,1976,i
23757647,"Zelenkova, Sofie",CZE,F,,,,1650,0,40,APR26,2009,wi
23703466,"Zeleny, Josef",CZE,M,,,,1503,0,20,APR26,2002,i
23708077,"Zeleny, Ondrej",CZE,M,,,,1687,0,20,APR26,2004,i
23708085,"Zeleny, Tomas",CZE,M,,,,1859,0,20,APR26,2001,i
396729,"Zeleznik, Ondrej",CZE,M,,,,1632,4,20,APR26,2004,
23776528,"Zelezny, Daniel",CZE,M,,,,1577,0,40,APR26,1974,
23708735,"Zelezny, Jan",CZE,M,,,,1927,0,20,APR26,1984,i
329711,"Zelinka, Jiri",CZE,M,,,,1940,0,20,APR26,1966,i
381861,"Zelnitius, Albert",CZE,M,,,,1683,0,20,APR26,2001,i
318426,"Zeman, Arnost",CZE,M,,,,1844,0,20,APR26,1957,i
23749644,"Zeman, Daniel",CZE,M,,,,1650,0,20,APR26,2006,i
23717130,"Zeman, Daniel Nikolas",CZE,M,,,,1801,7,40,APR26,2010,
369071,"Zeman, Filip",CZE,M,,,,1718,0,20,APR26,1997,i
378585,"Zeman, Jan",CZE,M,,,,1697,0,20,APR26,1961,i
23755733,"Zeman, Jonas",CZE,M,,,,1819,0,40,APR26,2013,
23751320,"Zeman, Josef",CZE,M,,,,1580,0,20,APR26,1993,
339130,"Zeman, Ladislav",CZE,M,,,,1911,0,20,APR26,1944,i
394688,"Zeman, Lukas",CZE,M,,,,1724,0,20,APR26,2003,
321311,"Zeman, Martin",CZE,M,,,,1942,0,20,APR26,1984,i
364398,"Zeman, Matyas",CZE,M,FM,,,2294,0,20,APR26,2001,i
23790474,"Zeman, Petr",CZE,M,,,,1459,0,40,APR26,2008,
351784,"Zeman, Radek",CZE,M,,,,1953,0,20,APR26,1999,i
23789174,"Zeman, Radomir",CZE,M,,,,1511,0,40,APR26,2008,
23717149,"Zeman, Tomas Mathias",CZE,M,,,,1414,3,40,APR26,2010,
23766093,"Zeman, Vojtech",CZE,M,,,,1841,0,40,APR26,2007,
321583,"Zemanek, Jan",CZE,M,,,,1929,0,20,APR26,1957,i
399302,"Zemanova, Nikola",CZE,F,,,,1635,0,40,APR26,2006,wi
23703474,"Zemek, Antonin",CZE,M,,,,1678,0,40,APR26,2009,i
23753340,"Zemen, Jiri",CZE,M,,,,1828,0,20,APR26,1986,i
387410,"Zemen, Pavel",CZE,M,,NA,,1827,0,20,APR26,2004,
344117,"Zemkova, Klara",CZE,F,,NA,,1902,0,20,APR26,1997,wi
303143,"Zemlicka, Vit",CZE,M,,,,1964,0,20,APR26,1980,
14105560,"Zemlickova, Olena",CZE,F,WIM,WIM,,2009,0,20,APR26,1985,w
376310,"Zenisek, Jindrich",CZE,M,,,,1545,0,20,APR26,1994,i
355119,"Zerzankova, Aneta",CZE,F,,,,1685,0,20,APR26,1990,w
23723203,"Zezula, Jakub",CZE,M,,,,1981,0,40,APR26,2007,i
23750146,"Zezulova, Sara",CZE,F,,,,1786,0,40,APR26,2010,wi
23752521,"Zhukov, Nikita",CZE,M,,,,1592,0,20,APR26,1999,i
14936291,"Ziaran, Milan",CZE,M,,,,1633,5,40,APR26,1997,
23761652,"Zidek, Damian",CZE,M,,,,1847,0,40,APR26,2016,
374660,"Zidek, Jan",CZE,M,,,,1719,0,20,APR26,1997,i
382604,"Zidek, Miroslav",CZE,M,,,,1727,0,20,APR26,1965,i
322644,"Zidek, Vaclav",CZE,M,CM,NA,,1980,0,20,APR26,1984,
23774258,"Zidkov, Ondrej",CZE,M,,,,1501,0,40,APR26,2004,i
23761660,"Zidkova, Agnes",CZE,F,,,,1499,0,40,APR26,2013,w
23731966,"Zidlicky, David",CZE,M,,,,1905,0,20,APR26,1983,i
353817,"Zidu, Jan",CZE,M,,,,1839,0,20,APR26,1970,i
305707,"Zigo, Viktor",CZE,M,,,,2226,0,20,APR26,1964,
23710322,"Zika, Josef",CZE,M,,,,1644,0,20,APR26,1941,i
23746610,"Zika, Miroslav",CZE,M,,,,1593,0,40,APR26,2013,i
320510,"Zikan, Karel",CZE,M,,,,1866,0,20,APR26,1932,i
358754,"Zikavsky, Rudolf",CZE,M,,,,1725,0,20,APR26,1949,i
309796,"Zikmund, Daniel",CZE,M,,,,1915,0,20,APR26,1972,i
23764040,"Zikranets, Bohdan",CZE,M,,,,1729,0,40,APR26,2009,
363138,"Zikuda, Frantisek",CZE,M,,,,1648,0,20,APR26,1946,i
23715510,"Zila, Pavel",CZE,M,,,,1498,0,40,APR26,2008,i
396559,"Zilava, Anezka",CZE,F,,,,1548,0,40,APR26,2005,wi
315303,"Zilka, Stepan",CZE,M,GM,,,2426,0,10,APR26,1988,
23757248,"Zima, Andreas Otakar",CZE,M,,,,1658,7,20,APR26,2006,
339148,"Zima, Ferdinand",CZE,M,,,,1709,0,40,APR26,1968,
346292,"Zima, Jan",CZE,M,,,,2113,0,20,APR26,1996,
320676,"Zima, Tomas",CZE,M,,,,1846,0,20,APR26,1961,i
367443,"Zimmermann, Ladislav",CZE,M,,,,1575,0,20,APR26,1957,i
307343,"Zimniok, Lubomir",CZE,M,,,,1936,0,20,APR26,1965,
313831,"Zimniok, Zdenek",CZE,M,,,,1707,0,20,APR26,1969,
366862,"Zimniokova, Marketa",CZE,F,,,,1717,0,20,APR26,1994,wi
23735368,"Zimovcak, Krystof",CZE,M,,,,1651,0,40,APR26,2011,i
23764570,"Zinchuk, Tymofii",CZE,M,,,,1544,0,40,APR26,2012,
23762144,"Zinchuk, Volodymyr",CZE,M,,,,1760,0,40,APR26,2008,
315915,"Zinglar, David",CZE,M,,,,1965,0,20,APR26,1980,i
23743395,"Zinglar, Martin",CZE,M,,,,1630,0,40,APR26,2008,i
23747560,"Zischka, Vit",CZE,M,,,,1804,0,40,APR26,2012,
382612,"Zitek, Jiri",CZE,M,,,,1829,0,20,APR26,1948,i
303089,"Zitek, Svatoslav",CZE,M,,,,1913,0,20,APR26,1957,i
23757299,"Zitka, Zbynek",CZE,M,,,,1810,0,40,APR26,1988,
366072,"Zitny, Michal",CZE,M,,,,1803,0,20,APR26,2001,i
306444,"Zitny, Petr",CZE,M,,,,1936,0,20,APR26,1973,i
393282,"Zivanovic, Risto",CZE,M,,,,1753,0,20,APR26,1934,i
23763205,"Zivny, Karel",CZE,M,,,,1525,0,40,APR26,2008,i
23773774,"Zizala, Jan",CZE,M,,,,1568,0,40,APR26,2005,i
23796537,"Zizka, Ondrej",CZE,M,,,,1552,0,40,APR26,2014,
383252,"Zlamal, Radek",CZE,M,,,,1978,0,20,APR26,1957,i
367451,"Zlamana, Anna",CZE,F,,,,1812,0,20,APR26,2000,wi
367460,"Zlamana, Tatjana",CZE,F,,,,1586,7,20,APR26,1956,w
397806,"Zlesakova, Rebeka",CZE,F,,,,1486,0,40,APR26,2005,wi
376973,"Zmatlik, Tomas",CZE,M,,,,1740,0,20,APR26,1999,i
23725486,"Zmelty, David",CZE,M,,,,1561,9,20,APR26,1990,
351717,"Zmeskal, Stanislav",CZE,M,,,,1767,0,20,APR26,1963,
23779080,"Zomer, Krystof",CZE,M,,,,1510,0,40,APR26,2015,
23763043,"Zomer, Matous",CZE,M,,,,1457,0,40,APR26,2011,
332917,"Zoubek, David",CZE,M,,,,1888,0,20,APR26,1993,i
23710560,"Zoubek, Tomas",CZE,M,,,,1669,0,20,APR26,1956,i
351385,"Zoubek, Vladimir",CZE,M,,,,1663,0,20,APR26,1944,
329746,"Zoufaly, Petr",CZE,M,,,,1784,5,20,APR26,1958,
23777265,"Zouhar, David",CZE,M,,,,1793,6,40,APR26,2001,
23774061,"Zouhar, Libor",CZE,M,,,,1682,0,40,APR26,1985,i
300586,"Zpevak, Pavel",CZE,M,IM,,,2265,0,10,APR26,1958,i
334030,"Zpevakova, Jana",CZE,F,WFM,WFM,,2018,0,20,APR26,1994,wi
362158,"Zpevakova, Katerina",CZE,F,,,,1838,0,20,APR26,1961,wi
23718706,"Zrubek, Adam",CZE,M,,,,1839,0,20,APR26,2007,i
23718714,"Zrubek, Dan",CZE,M,,,,2003,0,40,APR26,2009,
23730900,"Zrust, Ales",CZE,M,,,,1409,0,40,APR26,2010,
23736666,"Zrust, Lukas",CZE,M,,,,1882,0,40,APR26,2012,
370983,"Zrust, Tomas",CZE,M,,,,1899,0,20,APR26,1990,
23772050,"Zubek, Tomas",CZE,M,,,,1560,6,40,APR26,1997,
339180,"Zuna, Zdenek",CZE,M,,,,1953,0,20,APR26,1985,i
23745673,"Zurek, Karel",CZE,M,,,,1528,0,20,APR26,1980,i
300241,"Zurek, Milan",CZE,M,IM,,,2326,0,10,APR26,1966,
23771607,"Zusmanovich, Yvette",CZE,F,,,,1443,0,40,APR26,2012,wi
357405,"Zuzanek, Roman",CZE,M,,,,1666,0,20,APR26,1979,i
330507,"Zuzanek, Vitezslav",CZE,M,,,,1794,0,20,APR26,1953,i
397873,"Zvacek, Antonin",CZE,M,,,,1767,0,20,APR26,1961,
304000,"Zvara, Petr",CZE,M,IM,,,2323,0,10,APR26,1975,
328812,"Zverina, Jan",CZE,M,,,,1891,0,20,APR26,1966,i
23718269,"Zverina, Jan",CZE,M,,,,1741,0,20,APR26,1989,i
23768037,"Zvolanek, Ales",CZE,M,,,,1720,0,40,APR26,1980,
2511789,"Zvolanek, Jan",CZE,M,,,,1945,9,20,APR26,1976,
23720140,"Zvolanek, Tomas",CZE,M,,,,1448,0,40,APR26,2006,i
23755202,"Zvolanek, Vojtech",CZE,M,,,,1539,0,40,APR26,2013,
23762187,"Zvolankova, Alzbeta",CZE,F,,,,1404,0,40,APR26,2008,wi
393770,"Zvolensky, David",CZE,M,,,,2175,0,20,APR26,2002,i
23780274,"Zvonek, Petr",CZE,M,,,,1533,0,40,APR26,1991,i
23720999,"Zwak, Natan",CZE,M,,,,1519,0,40,APR26,2010,i
23724730,"Zwak, Stanislav",CZE,M,,,,1707,0,20,APR26,1979,
325511,"Zwardon, Vojtech",CZE,M,IM,,,2415,0,10,APR26,1990,
300330,"Zygma, Jiri",CZE,M,,,,1710,0,20,APR26,1944,i
23734701,"Zyla, Artur",CZE,M,,,,1577,0,40,APR26,2011,
23750650,"Zyla, Radoslav",CZE,M,,,,1461,0,20,APR26,1977,