ID Number,Name,Fed,Sex,Title,WTit,OTit,Rating,Gms,K,RatingMonth,B-day,Flag
537001345,A Arbhin Vanniarajan,IND,M,,,,1431,0,40,MAY26,2018,
537070436,A Darshil,IND,M,,,,1456,0,40,MAY26,2013,
5045886,"A K, Kalshyan",IND,M,,"FI,FA",,1753,9,20,MAY26,1964,
33454710,A. HUDSON,IND,M,,,,1862,0,,MAY26,2013,
88105563,Aabhas Kumar Srivastava,IND,M,,,,1715,0,40,MAY26,2009,
48706809,Aabhash,IND,M,,,,1672,0,40,MAY26,2009,i
547072881,Aabir Dutta,IND,M,,,,1595,6,,MAY26,2014,
547072857,Aabir Dutta(Sr.),IND,M,,,,1436,4,40,MAY26,2014,
33404798,Aachman Gogia,IND,M,,,,1523,0,40,MAY26,2013,
537026542,Aadam Johan Bibin,IND,M,,,,1485,0,40,MAY26,2017,
88170292,Aadam Sibi Kurisinkal,IND,M,,,,1438,3,40,MAY26,2011,
429053374,Aadarsh Kumar Beriha,IND,M,,,,1584,0,40,MAY26,2013,
25765701,Aadarsh Mishra,IND,M,,,,1618,0,40,MAY26,2010,i
429046505,Aadarsh Ramakrishnan Nair,IND,M,,,,1562,0,40,MAY26,2013,
88105571,Aadarsh Saraswat,IND,M,,,,1758,0,40,MAY26,2010,
547045990,Aadesara Kavisha Pinkesh,IND,F,,,,1652,8,40,MAY26,2013,w
88148114,Aadesh A S,IND,M,,,,1579,13,40,MAY26,2010,
429039231,Aadesh Kommery Rajaneesh,IND,M,,,,1489,9,,MAY26,2014,
88148041,Aadharshan R,IND,M,,,,1454,0,40,MAY26,2009,
48788538,Aadhav N R,IND,M,,,,1409,0,40,MAY26,2014,
558025472,Aadhav S,IND,M,,,,1543,0,40,MAY26,2018,
25775600,Aadhesh Nambi,IND,M,,,,1509,0,40,MAY26,2009,i
88180085,Aadhira V,IND,F,,,,1414,0,40,MAY26,2011,wi
25101242,Aadhiseshan K,IND,M,,,,1499,0,20,MAY26,2005,i
531052410,Aadhvik Abhishek Gupta,IND,M,,,,1488,0,40,MAY26,2008,i
558060685,Aadhvik S,IND,M,,,,1526,10,40,MAY26,2019,
48781940,Aadhvika A,IND,F,,,,1471,13,,MAY26,2013,w
33341419,Aadhya A Shetty,IND,F,,,,1645,17,40,MAY26,2012,w
25974068,Aadhya Jain,IND,F,,,,1743,8,40,MAY26,2011,w
33432066,Aadhya V,IND,M,,,,1956,9,40,MAY26,2014,
25789759,Aadi Banthia,IND,M,,,,1440,0,40,MAY26,2010,i
429068584,Aadi Salunkhay,IND,M,,,,1506,0,,MAY26,2010,
547003480,Aadi Saxena,IND,M,,,,1541,0,40,MAY26,2010,
429085616,Aadidev J,IND,M,,,,1469,0,40,MAY26,2015,
33412987,Aadidev Saneesh,IND,M,,,,1604,0,40,MAY26,2011,i
33362041,Aadik Theophane Lenin,IND,M,CM,,,2083,0,40,MAY26,2012,
537084470,Aadil Johnson,IND,M,,,,1487,0,40,MAY26,2012,
25128728,Aadinath Harilal,IND,M,,,,1716,0,,MAY26,2010,i
547051221,Aadinath Sumeesh,IND,M,,,,1456,0,40,MAY26,2012,
25034677,Aadish S,IND,M,,,,1705,0,20,MAY26,1999,i
25918257,Aadish Shah,IND,M,,,,1835,8,40,MAY26,2010,
547020334,Aadishree Deepesh,IND,F,,,,1444,5,40,MAY26,2014,w
33399816,Aadit Agarwal,IND,M,,,,1632,0,40,MAY26,2009,i
531005110,Aadit Agarwal,IND,M,,,,1483,0,,MAY26,2014,
25088955,Aadit Bhatia,IND,M,,,,2116,7,20,MAY26,2002,
564015149,Aadit Prakash Bhagade,IND,M,,,,1762,0,20,MAY26,2007,
33410852,Aadit Praveen Nath,IND,M,,,,1493,0,20,MAY26,2007,i
35050362,Aadith R,IND,M,,,,1818,0,20,MAY26,2004,
25999222,Aadithya Mahadevan,IND,M,,,,1509,0,20,MAY26,2005,i
25656180,Aadithya Pradeep,IND,M,,,,1742,0,20,MAY26,2005,i
33375631,Aadithya R,IND,M,,,,1732,0,,MAY26,2012,
547053631,Aaditri Majumdar,IND,F,,,,1499,0,40,MAY26,2019,w
88164446,Aaditva Garg,IND,M,,,,1556,0,40,MAY26,2013,
531052428,Aaditya Agarwal,IND,M,,,,1467,0,40,MAY26,2015,
25121790,Aaditya Anand,IND,M,,,,1580,0,40,MAY26,2011,i
88188396,Aaditya Biju,IND,M,,,,1508,0,40,MAY26,2008,
25678191,Aaditya Dhingra,IND,M,IM,,,2283,25,20,MAY26,2006,
46660879,Aaditya Hari Krishnan,IND,M,,,,1579,0,,MAY26,2007,i
531061486,Aaditya Jain,IND,M,,,,1560,0,40,MAY26,2008,
25999834,Aaditya Kizhakke Puttatu Radhakrishnan,IND,M,,,,1547,0,40,MAY26,2009,i
564004872,Aaditya Mazire,IND,M,,,,1528,0,40,MAY26,2012,
48720445,Aaditya Pajni,IND,M,,,,1486,0,40,MAY26,2013,
33394636,Aaditya Ranjan Sahu,IND,M,,,,1714,0,40,MAY26,2011,
429093856,Aaditya Srivastava,IND,M,,,,1641,0,,MAY26,2011,i
88104575,Aaditya Sundar,IND,M,,,,1431,7,40,MAY26,2012,i
5027942,"Aaditya, Jagadeesh",IND,M,,,,1961,0,20,MAY26,1998,i
88137481,Aadityan C G,IND,M,,,,1595,0,40,MAY26,2015,
35082558,Aadrito Datta,IND,M,,,,1573,0,20,MAY26,2004,i
531094562,Aadruth P,IND,M,,,,1426,0,40,MAY26,2017,
558052445,Aadvay Hegde,IND,M,,,,1448,0,40,MAY26,2014,
429024706,Aadvick Mittal,IND,M,,,,1456,0,40,MAY26,2017,
547085673,Aadvik Aggarwal,IND,M,,,,1481,0,40,MAY26,2018,
429070007,Aadvik Bhushan,IND,M,,,,1538,0,40,MAY26,2017,
48753602,Aadvik Hiranandani,IND,M,,,,1458,5,40,MAY26,2015,
48718947,Aadvik Maheshwari,IND,M,,,,1503,0,40,MAY26,2015,
537068903,Aadvik Mudgal,IND,M,,,,1489,5,40,MAY26,2015,
531098720,Aadvik Shobhit Agrawal,IND,M,,,,1689,0,,MAY26,2013,i
531097057,Aadvik Singh,IND,M,,,,1455,8,,MAY26,2013,
564058425,"Aadvik, A",IND,M,,,,1559,6,40,MAY26,2016,
88154947,Aadvika Sahu,IND,F,,,,1407,0,,MAY26,2016,wi
48723509,Aadwik Abhinav Krishna,IND,M,,,,1733,0,,MAY26,2016,
537082922,Aadya Deo,IND,F,,,,1460,0,40,MAY26,2015,w
48701955,Aadya Gowda,IND,F,WCM,WCM,,1807,0,40,MAY26,2013,w
25778293,Aadya Gupta,IND,F,WFM,WFM,,1857,0,40,MAY26,2010,wi
25991426,Aadya Ranganath,IND,F,WCM,WCM,,1759,0,40,MAY26,2013,wi
33403708,Aadyant Gupta,IND,M,,,,1603,0,40,MAY26,2011,i
547095261,Aadyant Singh,IND,M,,,,1607,0,40,MAY26,2013,
35056557,Aagam Aditya E,IND,M,,IA,,1692,0,20,MAY26,2002,i
25021044,"Aagney L., Narasimhan",IND,M,,,,1567,0,20,MAY26,2000,i
48764248,Aagney Shiju,IND,M,,,,1573,0,40,MAY26,2014,
25116045,Aahaan Mathur,IND,M,,,,1688,0,,MAY26,2012,
547056444,Aahan Abhigyan,IND,M,,,,1527,0,40,MAY26,2016,
537028189,Aahan Jha,IND,M,,,,1422,0,40,MAY26,2013,
33339414,Aahan Sharma,IND,M,,,,1631,0,20,MAY26,2007,i
577038800,"Aahil, Sivakumar",IND,M,,,,1401,7,40,MAY26,2011,
531084788,Aahiri Pal,IND,F,,,,1465,0,40,MAY26,2017,w
33356017,Aahna Gulati,IND,F,,,,1699,8,40,MAY26,2013,w
25768590,Aahwan Paul,IND,M,,,,1642,0,20,MAY26,2003,i
88120651,Aairah Gupta,IND,F,,,,1602,0,,MAY26,2013,w
25014510,Aakanksha Hagawane,IND,F,WIM,WIM,,1996,8,20,MAY26,2000,w
531002323,Aakash Bhanu,IND,M,,,,1515,0,20,MAY26,2002,
25644394,Aakash G,IND,M,FM,,,2087,9,40,MAY26,2010,
45024952,Aakash G,IND,M,,,,1629,0,20,MAY26,1995,i
25030388,Aakash Jain,IND,M,,,,1737,0,20,MAY26,1998,i
48789208,Aakash K,IND,M,,,,1633,0,40,MAY26,2010,
25625420,Aakash K P,IND,M,,,,1997,0,20,MAY26,2006,
45032220,Aakash Poddar,IND,M,,,,1519,0,20,MAY26,2005,i
25110977,Aakash Rajan Shetgaonkar,IND,M,,,,1419,0,20,MAY26,2006,i
25033220,"Aakash Sharadchandra, Dalvi",IND,M,IM,,,2277,18,20,MAY26,2002,
25141988,Aalim Emam Faizal,IND,M,,,,1555,0,40,MAY26,2011,i
429002460,Aamina Shaikh Israr,IND,F,,,,1583,0,40,MAY26,2008,wi
33486697,Aamuktha Guntaka,IND,F,WFM,WFM,,2066,0,40,MAY26,2012,w
35029185,Aan Sikka,IND,M,,,,1862,0,20,MAY26,2003,i
46665463,Aanandha Kumar M S,IND,M,,,,1638,0,,MAY26,1990,
5077702,Aaniq Kamani,IND,M,,,,1773,0,20,MAY26,1995,i
25024981,Aansh Gupta,IND,M,,,,1935,0,20,MAY26,2002,i
25922491,Aansh Nandan Nerurkar,IND,M,FM,,,2132,0,40,MAY26,2012,
537072749,Aanshi Tripathi,IND,F,,,,1507,0,40,MAY26,2016,w
46647260,Aanya Agarwal,IND,F,,,,1769,0,20,MAY26,2004,wi
25799762,Aanya Agrawal,IND,F,,,,1454,0,40,MAY26,2009,wi
25742680,Aanya Chawat,IND,F,,,,1534,0,40,MAY26,2008,wi
33313229,Aarabhi Madhukar,IND,F,,,,1555,0,40,MAY26,2012,w
33311544,Aaradhay Vishal Band,IND,M,,,,1472,0,40,MAY26,2011,i
33423920,Aaradhay Yogesh Parte,IND,M,,,,1589,0,40,MAY26,2013,
531005136,Aaradhvi Mittal,IND,F,,,,1485,0,40,MAY26,2016,wi
547001011,Aaradhy Gupta,IND,M,,,,1509,0,40,MAY26,2009,
33361436,Aaradhya Das,IND,F,WCM,WCM,,1809,9,40,MAY26,2014,w
429083907,Aaradhya Dessai,IND,F,,,,1408,10,40,MAY26,2018,w
25124420,Aaradhya Swapnil Kini,IND,M,,,,1486,0,40,MAY26,2012,
33422613,Aaradhya Swapnil Ubale,IND,M,,,,1629,0,40,MAY26,2013,
33399620,Aaradhya Upadhyay,IND,F,,,,1597,0,40,MAY26,2014,w
33422516,Aaradhya Vinod Bante,IND,F,,,,1515,0,40,MAY26,2014,wi
88137872,Aaradhya Vinod Puro,IND,F,,,,1535,0,40,MAY26,2015,wi
88122697,Aaradhyo Guin,IND,M,,,,1646,7,40,MAY26,2017,
33466980,Aaradhyyan Dutta,IND,M,,,,1469,0,40,MAY26,2012,
48716812,Aaranya R,IND,F,,,,1570,7,40,MAY26,2017,w
25162748,Aarav A,IND,M,CM,,,2143,0,40,MAY26,2013,
429039940,Aarav Abhishek Garg,IND,M,,,,1696,0,40,MAY26,2010,
429082420,Aarav Abhishek Gupta,IND,M,,,,1504,0,40,MAY26,2013,
88149374,Aarav Abhishek Gupta,IND,M,,,,1509,0,,MAY26,2011,i
33490740,Aarav Agarwal,IND,M,,,,1719,0,40,MAY26,2011,
48711950,Aarav Agrawal,IND,M,,,,1613,0,40,MAY26,2010,i
25969382,Aarav Ajit Dharmik,IND,M,,,,1488,0,20,MAY26,2007,i
48725048,Aarav Ajith,IND,M,,,,1580,0,,MAY26,2011,
48714860,Aarav Amit Kale,IND,M,,,,1591,0,,MAY26,2012,
537036025,Aarav Aravind Karyat,IND,M,,,,1493,0,40,MAY26,2011,
33424586,Aarav Arora,IND,M,,,,1777,9,40,MAY26,2009,
33460655,Aarav Arora,IND,M,,,,1782,0,,MAY26,2014,
33403848,Aarav Ashish Bhalgat,IND,M,,,,1581,0,40,MAY26,2011,
564011968,Aarav Bagaria,IND,M,,,,1540,6,40,MAY26,2014,
33480133,Aarav Bajaj,IND,M,,,,1452,0,40,MAY26,2011,i
88161277,Aarav Behal,IND,M,,,,1407,0,40,MAY26,2015,
25656562,Aarav Bhavin Mehta,IND,M,,,,1645,0,40,MAY26,2009,i
531056270,Aarav Biswakarma,IND,M,,,,1494,0,40,MAY26,2016,
48750883,Aarav Dadhich,IND,M,,,,1491,0,40,MAY26,2011,
33383197,Aarav Das,IND,M,,,,1708,0,40,MAY26,2013,i
45059756,Aarav Dengla,IND,M,GM,,,2303,0,20,MAY26,2009,
531005179,Aarav Dhar,IND,M,,,,1520,0,40,MAY26,2011,
537081659,Aarav Gaurav Kulkarni,IND,M,,,,1512,5,40,MAY26,2013,
33439990,Aarav Goswami,IND,M,,,,1467,0,,MAY26,2007,i
33399891,Aarav Goyal,IND,M,,,,1518,0,,MAY26,2009,i
33468052,Aarav Gujarathi,IND,M,,,,1635,0,40,MAY26,2015,
33322465,Aarav Gulia,IND,M,,,,1623,8,40,MAY26,2012,
33372764,Aarav Gupta,IND,M,,,,1782,8,40,MAY26,2011,
88121860,Aarav Gupta,IND,M,,,,1671,0,40,MAY26,2009,
558065644,Aarav Hegde,IND,M,,,,1515,0,40,MAY26,2012,
33399034,Aarav Jain,IND,M,,,,1765,0,40,MAY26,2013,
429039681,Aarav Jain,IND,M,,,,1510,0,40,MAY26,2011,
537035851,Aarav Kapoor,IND,M,,,,1517,0,40,MAY26,2009,i
537056670,Aarav Kulgod,IND,M,,,,1403,6,40,MAY26,2014,
25712977,Aarav Kumar koni dena,IND,M,,,,1757,0,20,MAY26,2006,
33400296,Aarav Laddha,IND,M,,,,1574,0,40,MAY26,2011,i
537020447,Aarav Ladha,IND,M,,,,1448,0,40,MAY26,2016,
45015511,Aarav Lakhani,IND,M,,,,1707,0,40,MAY26,2009,i
25110101,Aarav Maheshwari,IND,M,,,,1617,0,40,MAY26,2011,
558070206,Aarav Makhijani,IND,M,,,,1569,6,40,MAY26,2011,
537035916,Aarav Malik,IND,M,,,,1550,0,,MAY26,2010,
25997050,Aarav Manche,IND,M,,,,1653,0,,MAY26,2012,
33340250,Aarav Manish Jain,IND,M,,,,1656,6,40,MAY26,2012,
547008962,Aarav Mathur,IND,M,,,,1580,0,40,MAY26,2010,i
25956183,Aarav Maurya,IND,M,,,,1610,0,40,MAY26,2009,i
25656392,Aarav Nambiar T,IND,M,,,,1491,0,,MAY26,2010,i
33419760,Aarav Nareda,IND,M,,,,1605,0,40,MAY26,2013,i
564011640,Aarav Oza,IND,M,,,,1452,2,40,MAY26,2012,
537064509,Aarav Pandey,IND,M,,,,1461,0,40,MAY26,2016,
547078790,Aarav Pandya,IND,M,,,,1539,0,40,MAY26,2012,
25789627,Aarav Porwal,IND,M,,,,1506,0,40,MAY26,2010,i
48711179,Aarav Raj Mehta,IND,M,,,,1553,0,40,MAY26,2012,i
25775030,Aarav Rane,IND,M,,,,1629,0,20,MAY26,2006,i
25781014,Aarav Saish Amonkar,IND,M,,,,1644,0,40,MAY26,2012,i
33382859,Aarav Sarbalia,IND,M,FM,,,1947,0,40,MAY26,2013,
429094550,Aarav Sharma,IND,M,,,,1656,8,,MAY26,2016,
88187748,Aarav Sharma,IND,M,,,,1532,0,40,MAY26,2012,
537029703,Aarav Shridhar Yadav,IND,M,,,,1516,0,40,MAY26,2012,
25674064,Aarav Sinha,IND,M,FM,,,2102,0,40,MAY26,2009,
537035959,Aarav Sodhi,IND,M,,,,1568,0,40,MAY26,2010,
48705187,Aarav Somani,IND,M,,,,1551,0,40,MAY26,2016,i
537059530,Aarav Srivathsan,IND,M,,,,1412,0,40,MAY26,2014,
531067565,Aarav Sunil Sharma,IND,M,,,,1540,0,40,MAY26,2015,
88189430,Aarav Suresh Somkuwar,IND,M,,,,1583,0,40,MAY26,2013,
33395756,Aarav Tripathi,IND,M,,,,1536,0,40,MAY26,2011,i
25198700,Aarav Vishwanath,IND,M,,,,1473,0,40,MAY26,2014,i
547053615,Aaravi Dutta,IND,F,,,,1491,0,40,MAY26,2017,w
531096468,Aarayan Abhijit Khade,IND,M,,,,1470,0,40,MAY26,2015,
33334870,Aareez Imraan S,IND,M,,,,1443,0,40,MAY26,2009,i
33367345,Aaren Malhotra,IND,M,,,,1484,0,40,MAY26,2011,
35041487,Aarfeen Himany,IND,M,,,,1759,0,20,MAY26,1974,i
547039990,Aarini Lahoty,IND,F,,,,1464,4,40,MAY26,2019,w
429018110,Aarish Mal,IND,M,,,,1518,0,40,MAY26,2015,
33408947,Aarit Kapil,IND,M,FM,,,2303,9,20,MAY26,2015,
429010276,Aariv Vohra,IND,M,,,,1477,8,40,MAY26,2017,
531085091,Aarjav Datta,IND,M,,,,1660,7,40,MAY26,2014,
45013276,Aarna Chugh,IND,F,,,,1479,0,20,MAY26,2007,wi
33416931,Aarna Jain,IND,F,,,,1491,0,40,MAY26,2013,wi
537044184,Aarna Vinay Singh,IND,F,,,,1487,5,,MAY26,2012,w
429019613,Aarnav Dhamija,IND,M,,,,1605,7,40,MAY26,2011,
547062690,Aarnav Jha,IND,M,,,,1499,13,40,MAY26,2015,
531059368,Aarnav Kar,IND,M,,,,1636,0,40,MAY26,2010,i
25112554,Aarnav Nigam,IND,M,,,,1592,0,40,MAY26,2011,
537084038,Aarnav Rao,IND,M,,,,1578,9,40,MAY26,2012,
429019630,Aarnav Rawat,IND,M,,,,1418,0,40,MAY26,2009,i
429081173,Aaroh Vishal Bhandary,IND,M,,,,1465,0,,MAY26,2016,
33399115,Aarohan,IND,M,,,,1528,0,40,MAY26,2014,i
429067596,Aarohi,IND,F,,,,1474,7,40,MAY26,2014,w
46619402,Aarohon Bharadwaj,IND,M,,,,1748,0,20,MAY26,2002,i
531072461,Aaromal K,IND,M,,,,1464,0,40,MAY26,2016,
25147595,Aaron Alex D Souza,IND,M,,,,1408,0,40,MAY26,2012,
88142094,Aaron Joseph Jenny,IND,M,,,,1531,0,,MAY26,2012,
429091543,Aaron Mrudula Sandeep,IND,M,,,,1524,0,40,MAY26,2013,
25931091,Aaron Sanju Thomas,IND,M,,,,1799,9,20,MAY26,2007,
33495033,Aaron Sebastian,IND,M,,,,1497,0,,MAY26,2010,i
33420815,Aaron Vazhakkottil,IND,M,,,,1667,15,,MAY26,2013,
374100797,"Aaron, Eric",IND,M,,,,1454,6,40,MAY26,2016,
25100530,Aarsh Bagda,IND,M,,,,1687,0,20,MAY26,2004,
429036658,Aarsh Bhikchand Zanwar,IND,M,,,,1475,0,,MAY26,2013,i
33421374,Aarshiya Sahu,IND,F,,,,1684,0,40,MAY26,2014,w
25127837,Aarth Siddhesh Shenvi Karapurkar,IND,M,,,,1585,0,40,MAY26,2010,
5059100,Aarthi G,IND,F,,,,1756,0,20,MAY26,1997,wi
88156206,Aarudh Reddy Tallapureddy,IND,M,,,,1568,0,40,MAY26,2014,
537059912,Aaruhi S,IND,F,,,,1413,7,40,MAY26,2016,w
547055189,Aarul Mukherjee,IND,M,,,,1488,0,40,MAY26,2017,
547009098,Aarush Basak,IND,M,,,,1482,0,40,MAY26,2012,
33383669,Aarush Bathula,IND,M,,,,1485,0,40,MAY26,2014,i
33350264,Aarush Bhalla,IND,M,,,,1486,0,40,MAY26,2009,i
33410445,Aarush Bhat,IND,M,,,,2028,19,,MAY26,2012,
25192140,Aarush Budjade,IND,M,,,,1652,8,40,MAY26,2010,
88120988,Aarush Dadwal,IND,M,,,,1623,0,40,MAY26,2011,
48703427,Aarush Das,IND,M,,,,1612,6,40,MAY26,2011,
429019109,Aarush Dey,IND,M,,,,1480,6,40,MAY26,2015,
429059933,Aarush Gaurav Tipnis,IND,M,,,,1472,0,,MAY26,2016,
25766775,Aarush Goel,IND,M,,,,1730,0,20,MAY26,2007,
45077959,Aarush Gupta,IND,M,,,,1773,0,20,MAY26,2004,i
88184986,Aarush Jain,IND,M,,,,1480,0,40,MAY26,2013,
429019648,Aarush Kanotra,IND,M,,,,1466,0,40,MAY26,2010,i
33426686,Aarush Nair,IND,M,,,,1626,0,40,MAY26,2011,i
88190412,Aarush Nikhil,IND,M,,,,1502,0,40,MAY26,2013,i
88166570,Aarush Payla,IND,M,,,,1474,0,40,MAY26,2009,
429096979,Aarush R,IND,M,,,,1693,0,40,MAY26,2015,i
88122506,Aarush Rajendra Singh,IND,M,,,,1516,7,40,MAY26,2013,
25689924,Aarush Rajesh,IND,M,,,,1958,0,40,MAY26,2010,i
25984373,Aarush Reddy V,IND,M,,,,1620,0,40,MAY26,2009,
564011810,Aarush S,IND,M,,,,1640,9,40,MAY26,2013,
429050359,Aarush Sagar Shinde,IND,M,,,,1606,0,40,MAY26,2015,
33424756,Aarush Sandeep Joshi,IND,M,,,,1420,0,40,MAY26,2008,i
45091366,Aarush Saxena,IND,M,,,,1565,0,40,MAY26,2008,i
48787809,Aarush Senthil Kumar,IND,M,,,,1423,0,40,MAY26,2010,i
25969978,Aarush Shannon Mendes,IND,M,,,,1484,14,40,MAY26,2012,
25168924,Aarush Singh,IND,M,,,,1517,0,20,MAY26,2006,i
25660276,Aarush Uday Khanna,IND,M,,,,1760,0,,MAY26,2007,
429076269,Aarush Upganlawar,IND,M,,,,1660,10,,MAY26,2014,
531073611,Aarush Wasnik,IND,M,,,,1709,0,40,MAY26,2010,
25142640,Aarush Y M,IND,M,,,,1510,0,40,MAY26,2012,
35092278,Aarushi Chatterjee,IND,F,,,,1410,4,,MAY26,2006,w
46621415,Aarushi Prashanth,IND,F,,,,1521,0,20,MAY26,2003,wi
25174584,Aary Patil,IND,M,,,,1591,0,40,MAY26,2008,i
537063138,Aarya Joshi,IND,M,,,,1457,0,40,MAY26,2014,
33428662,Aarya Rajesh Patil,IND,F,,,,1586,0,40,MAY26,2009,wi
25703439,Aarya Satish Chikodi,IND,M,,,,1603,0,40,MAY26,2010,
33396540,Aarya Yashesh Maniar,IND,M,,,,1438,0,40,MAY26,2009,i
33465339,Aaryan Amit Patil,IND,M,,,,1482,3,,MAY26,2013,
33404143,Aaryan Amol Waghmare,IND,M,,,,1772,0,40,MAY26,2013,
33445761,Aaryan Anand Bakshi,IND,M,,,,1611,0,,MAY26,2009,
88116344,Aaryan Anil Jai Prabhakaran,IND,M,,,,1844,0,40,MAY26,2009,
33478198,Aaryan Baby,IND,M,,,,1589,0,40,MAY26,2012,i
25901273,Aaryan Balaji Rao,IND,M,,,,1822,0,40,MAY26,2010,i
558075364,Aaryan Bhatnagar,IND,M,,,,1669,0,,MAY26,2010,
429081785,Aaryan Chaitas Shah,IND,M,,,,1444,0,40,MAY26,2016,
577014138,Aaryan Kushwaha,IND,M,,,,1468,0,40,MAY26,2008,
429097983,Aaryan Shinde,IND,M,,,,1519,0,40,MAY26,2012,i
537000608,Aaryan Swapnil Uparkar,IND,M,,,,1454,0,40,MAY26,2012,
45048975,Aaryan Varshney,IND,M,GM,,,2274,17,20,MAY26,2005,
537066196,Aaryan Yadav,IND,M,,,,1659,0,40,MAY26,2012,
46647350,Aaryansh Bhartiya,IND,M,,,,1607,0,20,MAY26,2004,i
537037650,Aaryansh Tiwari,IND,M,,,,1435,0,40,MAY26,2016,
429067715,Aaryav Agrawal,IND,M,,,,1616,0,40,MAY26,2013,
531052452,Aaryav Patel,IND,M,,,,1498,0,,MAY26,2011,
25720708,Aaryaveer Agarwal,IND,M,,,,1625,0,40,MAY26,2011,i
429019656,Aaryaveer Kochhar,IND,M,,,,1614,7,,MAY26,2013,
33492964,Aaryavrat Rasiket Naik Desai,IND,M,,,,1591,0,40,MAY26,2014,
25993160,Aaryn Rudrapati,IND,M,,,,1563,0,40,MAY26,2011,i
35001302,Aasa Deepika Kuditipudi,IND,F,,,,1678,0,20,MAY26,1997,wi
88127656,Aasapu Mohith Praneel,IND,M,,,,1657,0,40,MAY26,2013,
5086990,Aasha C R,IND,F,,,,1767,0,20,MAY26,1997,wi
25154389,Aashay Jain,IND,M,,,,1496,0,40,MAY26,2012,
25933337,Aashay R Kher,IND,M,,,,1981,0,,MAY26,2003,
25620789,Aashi Upadhyay,IND,F,,,,1621,0,40,MAY26,2008,wi
48763497,Aashish Avinash,IND,M,,,,1492,0,20,MAY26,2001,i
25155024,Aashish Shane Mendes,IND,M,,,,1589,16,,MAY26,2014,
33495416,Aashman Adhiraj Naik Desai,IND,M,,,,1539,0,40,MAY26,2011,
45022500,Aashman Gupta,IND,M,CM,,,1879,0,40,MAY26,2008,
25994891,Aashrita Balaji Guttula,IND,F,,,,1605,0,40,MAY26,2011,w
25178288,Aashrith Podduturi,IND,M,,,,1684,0,40,MAY26,2008,i
48754595,Aashvi Ankit Agarwal,IND,F,,,,1572,0,40,MAY26,2015,w
33493758,Aashvi Singh,IND,F,,,,1609,8,40,MAY26,2015,w
537094122,Aashvi V A,IND,F,,,,1425,0,40,MAY26,2019,w
537036238,Aashvick Gandhi,IND,M,,,,1664,8,40,MAY26,2014,
25956841,Aastha Turankar,IND,F,,,,1556,0,40,MAY26,2008,wi
33493766,Aastha Umesh Surkar,IND,F,,,,1427,0,40,MAY26,2015,wi
25932616,Aathidyan E R S,IND,M,,,,1491,9,40,MAY26,2007,
429001412,Aathif A,IND,M,,,,1517,0,40,MAY26,2011,i
48720704,Aathisha M G,IND,F,,,,1480,0,40,MAY26,2011,wi
48739979,Aatish Kumar Padhy,IND,M,,,,1556,0,40,MAY26,2012,
25197614,Aatman Raval,IND,M,,,,1747,0,40,MAY26,2010,
537055550,Aatmik Tyagi,IND,M,,,,1538,0,40,MAY26,2012,
547056070,Aavani V Menon,IND,F,,,,1485,0,40,MAY26,2014,w
33309710,Aayam Saxena,IND,M,,,,1528,0,20,MAY26,1999,
48766399,Aayan Gupta,IND,M,,,,1834,0,,MAY26,2016,
531020054,Aayann K Jain,IND,M,,,,1670,0,40,MAY26,2013,
547095296,Aayansh Goel,IND,M,,,,1457,0,40,MAY26,2015,
25191373,Aayat Bazaz,IND,F,,,,1492,0,40,MAY26,2013,w
88135365,Aayiu Atindrya Shetty,IND,M,,,,1647,24,40,MAY26,2015,
531024670,Aayush Bhardwaj,IND,M,,,,1622,0,,MAY26,2006,
35029070,Aayush Bhattacherjee,IND,M,FM,,,1942,8,20,MAY26,2007,
25944371,Aayush Bhojak,IND,M,,,,1761,0,40,MAY26,2009,i
46682201,Aayush Chadha,IND,M,,,,1522,0,20,MAY26,1998,i
558070133,Aayush Choudhary,IND,M,,,,1532,3,40,MAY26,2009,
564010139,Aayush Dipak Kamble,IND,M,,,,1584,0,,MAY26,2005,
25919520,Aayush Kabra,IND,M,,,,1713,0,40,MAY26,2008,
429057353,Aayush Kalita,IND,M,,,,1560,0,40,MAY26,2015,
429037212,Aayush Monga,IND,M,,,,1653,0,40,MAY26,2011,
537084631,Aayush Prabodhan Desai,IND,M,,,,1414,0,40,MAY26,2012,
33408025,Aayush Sachin Nair,IND,M,,,,1417,0,40,MAY26,2013,i
564011585,Aayush Santosh Mahurkar,IND,M,,,,1606,0,40,MAY26,2012,
558004220,Aayush Sharma,IND,M,,,,1515,0,20,MAY26,2003,
564040119,Aayushi Podder,IND,F,,,,1410,5,40,MAY26,2013,w
537033204,Aayushmann Chaturvedi,IND,M,,,,1481,0,40,MAY26,2019,
429031907,Aayushya Virmani,IND,M,,,,1503,0,40,MAY26,2008,
33459215,Aayusree Sarkar,IND,F,,,,1711,7,40,MAY26,2012,w
48755850,Abahan Sarkar,IND,M,,,,1478,0,,MAY26,1979,
46698582,Abdallah M Nisthar,IND,M,,,,1810,0,20,MAY26,1997,
35098020,Abdul Basheer K M,IND,M,,,,1465,0,20,MAY26,1975,
88135209,Abdul Faiz Shaik,IND,M,,,,1519,0,40,MAY26,2012,i
25001604,"Abdul Hakkeem, A",IND,M,,,,1840,0,20,MAY26,1989,i
25016490,Abdul Hameed,IND,M,,,,1707,0,20,MAY26,1953,i
366196720,"Abdul Hameed, Afsal",IND,M,,,,1811,0,20,MAY26,1991,i
537068962,Abdul Haseeb,IND,M,,,,1461,0,20,MAY26,1987,
564028151,Abdul Khalik Vohra,IND,M,,,,1543,0,20,MAY26,1998,
547009608,Abdul Matheen,IND,M,,,,1422,0,20,MAY26,2000,
10302700,Abdul Muneer Vengalasseri,IND,M,,,,1768,0,20,MAY26,1982,
33478350,Abdul Nasir P S,IND,M,,,,1437,0,20,MAY26,1993,i
46638652,"Abdul, Jabbar Assu",IND,M,,,,1611,0,20,MAY26,0,i
46617213,"Abdulkader, Moideen",IND,M,,,,1953,0,20,MAY26,0,i
5058201,"Abdulkhader, A.",IND,M,,,,1826,0,20,MAY26,1978,i
33418934,Abdullah Y A,IND,M,,,,1620,9,,MAY26,2011,
88105601,Abdur Rehman Siddiqui,IND,M,,,,1468,0,20,MAY26,1998,
429019664,Abeer,IND,M,,,,1808,9,40,MAY26,2010,
25151304,Abeer Dhingra,IND,M,,,,1505,0,40,MAY26,2011,
35010352,Abeer Nandrajog,IND,M,,,,1711,0,20,MAY26,1995,i
33398828,Abel Byju Thomas,IND,M,,,,1422,0,20,MAY26,2007,i
48779148,Abel Joseph,IND,M,,,,1596,0,40,MAY26,2011,
25735810,Abel M S,IND,M,,,,1620,0,20,MAY26,2006,i
558000097,Abel Mathew Abraham,IND,M,,,,1619,0,40,MAY26,2009,
25198874,Abel Sajan,IND,M,,,,1998,11,40,MAY26,2010,
45033706,Abhash Roimya Saikia,IND,M,,,,1863,0,40,MAY26,2008,i
45062404,Abhay B Bhandarkar,IND,M,,,,1613,0,20,MAY26,2004,i
25133527,Abhay Bairagi,IND,M,,,,1615,0,20,MAY26,2006,
45030251,Abhay Bandewar,IND,M,,,,1895,0,,MAY26,2000,i
25946455,Abhay Chetty,IND,M,,,,1704,0,40,MAY26,2010,
564011305,Abhay Dinesh Thorve,IND,M,,,,1539,0,20,MAY26,2001,
25745301,Abhay Hippargi,IND,M,,,,1629,0,40,MAY26,2010,i
429084857,Abhay Kaushik,IND,M,,,,1544,0,40,MAY26,2012,
547093773,Abhay Srivastava,IND,M,,,,1493,0,40,MAY26,2010,
25120387,Abheek Bhatt,IND,M,,,,1847,0,40,MAY26,2011,i
531052495,Abhi Prashar,IND,M,,,,1636,0,20,MAY26,2006,
25758519,Abhi Ram M B,IND,M,,,,1608,0,40,MAY26,2009,i
33408335,Abhibhav Kumar,IND,M,,,,1867,9,,MAY26,2011,
558067442,Abhigyan Dalei,IND,M,,,,1407,0,40,MAY26,2012,
25182749,Abhigyan Das,IND,M,,,,1756,7,40,MAY26,2012,
531020461,Abhigyan Das,IND,M,,,,1444,0,40,MAY26,2013,i
25127764,Abhigyan Dasgupta,IND,M,,,,1463,0,40,MAY26,2009,i
33346585,Abhigyan Goswami,IND,M,,,,1705,0,,MAY26,2009,i
531045588,Abhigyan Katiyar,IND,M,,,,1506,9,40,MAY26,2015,
88119912,Abhigyan Mehta,IND,M,,,,1464,0,40,MAY26,2010,
33376441,Abhigyan Singh,IND,M,,,,1609,0,40,MAY26,2015,
537008552,Abhigyan Tai Borah,IND,M,,,,1453,0,40,MAY26,2011,
33404852,Abhijay Aniruddha Walvekar,IND,M,,,,1664,8,40,MAY26,2012,
33485038,Abhijay Barua,IND,M,,,,1522,0,40,MAY26,2013,i
25798464,Abhijay Sachin Dandawate,IND,M,,,,1576,0,20,MAY26,2006,i
531052509,Abhijay Sharma,IND,M,,,,1629,8,40,MAY26,2010,
48727512,Abhijeet Ajaya Hota,IND,M,,,,1547,0,40,MAY26,2010,i
25118889,Abhijeet Ashokrao Joshi,IND,M,,NA,,1575,0,20,MAY26,1987,i
25751379,Abhijeet Awasthi,IND,M,,,,1504,0,20,MAY26,2003,
45030847,Abhijeet Behera,IND,M,,,,1516,0,20,MAY26,1997,i
25119389,Abhijeet Jayant Advant,IND,M,,,,1463,0,20,MAY26,1981,i
547095180,Abhijeet Kar,IND,M,,,,1468,0,20,MAY26,2001,
531092098,Abhijeet Koli,IND,M,,,,1511,0,20,MAY26,1977,
547021756,Abhijeet Kumar,IND,M,,,,1445,0,40,MAY26,2013,
531040799,Abhijeet Solanki,IND,M,,,,1645,0,40,MAY26,2010,
537071815,Abhijeet Tathagat,IND,M,,,,1482,0,20,MAY26,2000,i
33429391,Abhijit Barbhuiya,IND,M,,,,1558,0,40,MAY26,2010,
531041728,Abhijit Bhuyan,IND,M,,,,1467,0,20,MAY26,1977,
25037358,Abhijit Choudhury,IND,M,,,,1492,0,20,MAY26,1962,i
5020433,Abhijit Chutia,IND,M,,,,1863,0,,MAY26,1982,i
46664769,Abhijit Datta Prabhu,IND,M,,,,1428,0,20,MAY26,2001,i
25983687,Abhijit P Jaybhaye,IND,M,,,,1417,0,20,MAY26,2002,i
25177109,Abhijit Venkatesh,IND,M,,,,1473,0,20,MAY26,2003,i
33389829,Abhijit Vinay Sharma,IND,M,,,,1534,0,20,MAY26,2006,i
531030190,Abhijith R,IND,M,,,,1473,0,40,MAY26,2014,i
45078718,Abhijith U,IND,M,,,,1819,19,20,MAY26,2002,
25012878,Abhijith V K,IND,M,,,,1731,0,20,MAY26,1993,
25017500,Abhilash,IND,M,,,,1480,0,20,MAY26,1980,
25199676,Abhilash M,IND,M,,,,1528,0,40,MAY26,2008,i
5024668,"Abhilash, Reddy M.L.",IND,M,,,,2197,0,20,MAY26,1996,i
33371830,Abhimaan S Nair,IND,M,,,,1623,0,40,MAY26,2009,i
558046348,Abhiman Mithu Singh,IND,M,,,,1473,0,40,MAY26,2013,
547064323,Abhimanyu Kumar,IND,M,,,,1668,0,,MAY26,2012,
547015845,Abhimanyu Manu,IND,M,,,,1469,0,40,MAY26,2010,
25666088,Abhin A S,IND,M,,,,1552,0,20,MAY26,1987,i
547070951,Abhinaba Dey,IND,M,,,,1487,0,,MAY26,1990,
25107283,Abhinaba Paul,IND,M,,,,1598,0,,MAY26,1988,i
5028957,"Abhinaba, Pal",IND,M,,,,1700,0,20,MAY26,1998,i
48705195,Abhinam Srivastava,IND,M,,,,1426,0,40,MAY26,2012,
88199215,Abhinandan Arikrishnan,IND,M,,,,1461,0,40,MAY26,2017,
25907735,Abhinandan Babber,IND,M,,,,1566,0,20,MAY26,2003,
537014013,Abhinandan Bathina,IND,M,,,,1450,0,,MAY26,2014,
35091255,Abhinandan Ganguly,IND,M,,,,1672,0,,MAY26,2002,i
558048782,Abhinav A R,IND,M,,,,1467,6,40,MAY26,2014,
48738506,Abhinav Acharya,IND,M,,,,1557,0,40,MAY26,2011,
33471673,Abhinav Ajesh Nair,IND,M,,,,1413,0,40,MAY26,2008,i
33397481,Abhinav Anand,IND,M,,,,2009,9,40,MAY26,2014,
88156672,Abhinav Anand A,IND,M,,,,1468,0,40,MAY26,2011,i
25710540,Abhinav Banerjee,IND,M,,,,1572,0,20,MAY26,2007,i
25646605,Abhinav Bansal,IND,M,,,,1664,0,20,MAY26,1996,
33389616,Abhinav Benny,IND,M,,,,1964,0,40,MAY26,2013,
25693174,Abhinav Bhanupratap Singh,IND,M,,,,1473,0,20,MAY26,2006,i
46618791,Abhinav C S,IND,M,,,,1818,0,20,MAY26,2004,i
35077031,"Abhinav Chandra ,Kodali",IND,M,,,,1669,0,,MAY26,2005,i
35010379,Abhinav Chauhan,IND,M,,SI,,1649,0,20,MAY26,2001,
25730991,Abhinav D P,IND,M,,,,1540,0,40,MAY26,2008,i
88176533,Abhinav Das,IND,M,,,,1497,0,40,MAY26,2011,
547082852,Abhinav Das,IND,M,,,,1458,0,40,MAY26,2015,
48779962,Abhinav Deb,IND,M,,,,1406,0,40,MAY26,2010,
33476772,Abhinav Dey,IND,M,,,,1481,0,40,MAY26,2014,
46649417,Abhinav Ganti,IND,M,,,,1539,0,20,MAY26,2004,i
25049747,Abhinav Gola,IND,M,,,,1895,0,20,MAY26,1997,i
531039413,Abhinav Jaiswal,IND,M,,,,1552,0,,MAY26,2011,
577028708,Abhinav K S,IND,M,,,,1464,6,40,MAY26,2013,
429068436,Abhinav K Sharma,IND,M,,,,1460,0,40,MAY26,2009,i
88176541,Abhinav Kashyap,IND,M,,,,1463,0,40,MAY26,2013,
429067723,Abhinav Kirti Varman,IND,M,,,,1705,0,40,MAY26,2011,
48726729,Abhinav M B,IND,M,,,,1600,0,40,MAY26,2011,
531098533,Abhinav Narvekar,IND,M,,,,1576,0,40,MAY26,2010,i
531014844,Abhinav Palanichami,IND,M,,,,1528,0,40,MAY26,2016,
88125785,Abhinav Polisetty,IND,M,,,,1472,0,20,MAY26,2007,i
537064711,Abhinav Ponnuveettil,IND,M,,,,1582,0,40,MAY26,2012,i
48706868,Abhinav Prakash,IND,M,,,,1682,0,40,MAY26,2016,i
25955969,Abhinav Prasad,IND,M,,,,1575,0,40,MAY26,2008,i
531030203,Abhinav R,IND,M,,,,1465,0,40,MAY26,2012,i
25633139,Abhinav Raj,IND,M,,,,1946,0,40,MAY26,2010,
25735853,Abhinav Raj V S,IND,M,,,,1608,0,40,MAY26,2008,i
25611046,Abhinav Ram Bommakanti,IND,M,,,,1479,0,40,MAY26,2009,i
33394962,Abhinav Ravikannan,IND,M,,,,1698,0,40,MAY26,2010,
537085506,Abhinav Rungta,IND,M,,,,1584,0,20,MAY26,2006,
33477175,Abhinav S Kumar,IND,M,,,,1433,5,40,MAY26,2011,
547058315,Abhinav Sabarish,IND,M,,,,1460,7,40,MAY26,2014,
429051290,Abhinav Sankar,IND,M,,,,1477,0,40,MAY26,2014,
88134210,Abhinav Santhosh,IND,M,,,,1458,0,40,MAY26,2014,
33375950,Abhinav Singh,IND,M,,,,1759,0,40,MAY26,2010,
531003621,Abhinav Singh Rajput,IND,M,,,,1736,0,40,MAY26,2012,
564090574,Abhinav Subramanian Ganesh,IND,M,,,,1443,8,40,MAY26,2014,
88118037,Abhinav Suvithlal,IND,M,,,,1607,0,40,MAY26,2008,
33390959,Abhinav V,IND,M,,,,1634,0,40,MAY26,2009,i
5006732,"Abhinav, Nr",IND,M,,,,1921,0,20,MAY26,1995,i
88103374,Abhinava Arun A,IND,M,,,,1506,0,40,MAY26,2010,i
48710180,Abhinava Nath,IND,M,,,,1634,0,,MAY26,2012,
531038034,Abhinava P,IND,M,,,,1475,0,,MAY26,2011,
25986899,Abhineet Arya,IND,M,,,,1763,0,40,MAY26,2008,i
25158910,Abhineeth Bhat,IND,M,,,,1549,0,40,MAY26,2011,
35011650,Abhinessh S,IND,M,,,,1941,0,20,MAY26,2004,
33327467,Abhinov Baruah,IND,M,,NA,,1754,0,20,MAY26,1985,i
25118595,Abhir Prabhu,IND,M,,,,1526,0,40,MAY26,2012,i
25981277,Abhir Sandeep Dhote,IND,M,,,,1551,0,40,MAY26,2011,i
33399360,Abhiraam Aditya Devulapalli,IND,M,,,,1484,0,40,MAY26,2012,i
88119750,Abhiraj Bhattacharya,IND,M,,,,1546,0,40,MAY26,2012,
531041736,Abhiraj Bose,IND,M,,,,1560,0,40,MAY26,2009,i
537017136,Abhiraj Paul,IND,M,,,,1558,0,40,MAY26,2012,
33475571,Abhiraj Ratna,IND,M,,,,1455,0,20,MAY26,2006,
531034284,Abhiraj Singh Tomar,IND,M,,,,1458,0,40,MAY26,2013,
547069902,Abhirakshit Bhadoria,IND,M,,,,1428,0,40,MAY26,2017,
46612696,Abhiram C Nath,IND,M,,,,1659,0,20,MAY26,2000,i
48761729,Abhiram Dixit,IND,M,,,,1576,7,40,MAY26,2013,
46616446,Abhiram Reddy K,IND,M,,,,1525,0,20,MAY26,2006,i
25162357,Abhiram S,IND,M,,,,1493,0,20,MAY26,2006,i
537000497,Abhiram Sahoo,IND,M,,,,1644,0,20,MAY26,2006,
35098071,Abhiram Sudheesh,IND,M,,,,1789,0,20,MAY26,2004,i
25752405,Abhiram Vaddi,IND,M,,,,1688,0,,MAY26,2007,i
45006849,Abhiram Vannadil,IND,M,,,,1587,5,20,MAY26,2003,
577028686,Abhirama K T,IND,M,,,,1403,7,40,MAY26,2006,
547088079,Abhiruchi,IND,F,,,,1428,0,40,MAY26,2013,w
537017888,Abhiruchi Birajdar,IND,M,,,,1712,0,20,MAY26,1984,i
25641417,Abhirup Das,IND,M,,,,1775,0,20,MAY26,2004,i
48779970,Abhirup Dhar,IND,M,,,,1495,0,40,MAY26,2014,
48766410,Abhirup Mukherjee,IND,M,,,,1636,0,40,MAY26,2013,
88132250,Abhirup Rakshit,IND,M,,,,1538,0,,MAY26,2008,
25956000,Abhirup Saikia,IND,M,,,,1634,0,40,MAY26,2011,
537020323,Abhisar Mishra,IND,M,,,,1556,0,20,MAY26,2000,i
46615083,Abhisek Mohanty,IND,M,,,,1758,0,20,MAY26,1986,i
25175211,Abhishek,IND,M,,,,1693,9,20,MAY26,1999,
531076793,Abhishek Anand,IND,M,,,,1625,0,20,MAY26,1991,i
25958526,Abhishek Bordoloi,IND,M,,,,1496,0,40,MAY26,2011,
25771906,Abhishek Borthakur,IND,M,,NA,,1665,0,20,MAY26,1999,
45099960,Abhishek Chaudhuri,IND,M,,,,1497,0,20,MAY26,2003,i
531012035,Abhishek Desai,IND,M,,,,1527,0,20,MAY26,1994,
88171973,Abhishek Dhananjay Paithankar,IND,M,,,,1572,0,20,MAY26,2003,i
33495050,Abhishek Fernandez,IND,M,,,,1518,0,40,MAY26,2010,i
46640061,Abhishek Ganesan,IND,M,,,,1786,0,20,MAY26,2001,i
45084580,Abhishek I Ganiger,IND,M,,,,1702,0,20,MAY26,1997,
25738658,Abhishek J R,IND,M,,,,1670,0,20,MAY26,2006,
46615210,"Abhishek Jain , Ananthkumar Jain",IND,M,,,,1529,0,20,MAY26,1999,i
25136054,Abhishek Kar,IND,M,,,,1435,0,20,MAY26,2005,i
25674226,Abhishek Kumar,IND,M,,"NI,NA",,1550,0,20,MAY26,2002,i
564037304,Abhishek Kumar Agrawal,IND,M,,,,1526,0,40,MAY26,2011,
558018573,Abhishek Kumar Jha,IND,M,,,,1527,0,20,MAY26,2007,
45027528,Abhishek Kumar Mishra,IND,M,,NI,,1562,0,20,MAY26,1998,
33314047,Abhishek L,IND,M,,,,1501,0,20,MAY26,2005,i
25629913,Abhishek Maniyar,IND,M,,NI,,1446,0,,MAY26,1999,
547075260,Abhishek Nand Bharti,IND,M,,,,1462,0,20,MAY26,2004,
48737470,Abhishek Narayana Subramanian,IND,M,,,,1693,9,,MAY26,2012,
25092430,Abhishek R Patel,IND,M,,,,1654,0,20,MAY26,1998,i
547059605,Abhishek Raj,IND,M,,,,1657,0,40,MAY26,2010,
25653601,Abhishek Raj Shrivastava,IND,M,,,,1577,0,20,MAY26,1996,
547018950,Abhishek Rajwade,IND,M,,,,1645,0,20,MAY26,2002,
25999559,Abhishek Ranjan,IND,M,,,,1694,0,20,MAY26,2005,
25775073,Abhishek S Gawas,IND,M,,,,1511,0,20,MAY26,2007,i
25087827,Abhishek Sarkar,IND,M,,,,1945,0,20,MAY26,1989,i
25642685,Abhishek Shastry,IND,M,,,,1515,0,,MAY26,1992,i
558012095,Abhishek Singh,IND,M,,,,1603,0,20,MAY26,1999,
25007610,Abhishek Sonu,IND,M,,,,1649,0,20,MAY26,1991,i
35048252,Abhishek T M,IND,M,,,,1882,0,20,MAY26,2002,
48786012,Abhishek Tiwari,IND,M,,,,1537,0,40,MAY26,2008,
5013348,"Abhishek, Das",IND,M,FM,FT,,2119,0,20,MAY26,1987,
5045983,"Abhishek, Jaiswal",IND,M,,,,1914,0,20,MAY26,1988,i
5019257,"Abhishek, Kelkar",IND,M,IM,FT,,2092,0,20,MAY26,1992,
46638660,"Abhishek, Pradhan",IND,M,,,,1755,0,20,MAY26,0,i
5024676,"Abhishek, Singh",IND,M,,,,1882,0,20,MAY26,1977,i
45035474,Abhisheki Shravani,IND,F,,,,1447,0,20,MAY26,2003,wi
48740454,Abhishta Bhat,IND,M,,,,1466,0,40,MAY26,2011,
429083923,Abhit Naik,IND,M,,,,1462,0,40,MAY26,2012,
88174204,Abhiwadan Bhaduka,IND,M,,,,1638,8,40,MAY26,2016,
537073427,Abhradeep Bhattacharjee,IND,M,,,,1420,0,40,MAY26,2014,
33492972,Abhranil De,IND,M,,,,1643,6,40,MAY26,2014,
25798014,Abhrojyoty Nath,IND,M,,,,2037,0,40,MAY26,2009,
88174212,Abhyuday Bhaduka,IND,M,,,,1513,8,40,MAY26,2016,
88123642,Abhyuday Deo,IND,M,,,,1509,0,40,MAY26,2014,
33404763,Abhyuday Goenka,IND,M,,,,1449,0,40,MAY26,2013,
48771066,Abhyuday Jha,IND,M,,,,1500,0,40,MAY26,2012,
25624849,"Abhyuday, Santhosh",IND,M,CM,,,1805,0,40,MAY26,2009,i
33322554,Abhyudaya Matta,IND,M,,,,1729,9,,MAY26,2011,
5024684,"Abhyudaya, Rajpurohit",IND,M,,,,2014,0,20,MAY26,1991,i
537067826,Abhyudoy Lahkar,IND,M,,,,1463,0,40,MAY26,2015,
25682202,Abichal Sarma,IND,M,,,,1606,0,20,MAY26,2005,i
25656457,Abichandani Arnav,IND,M,,,,1568,0,20,MAY26,1996,
5021022,"Abid, Ali",IND,M,,,,1911,0,20,MAY26,1975,i
88191796,Abiel Shajan,IND,M,,,,1507,0,,MAY26,2009,
547079436,Abighna Bhowmik,IND,M,,,,1584,4,40,MAY26,2013,
45005052,Abijit Mistry,IND,M,,,,1875,0,20,MAY26,1982,i
25034707,Abilash G,IND,M,,"NI,FA",,1649,6,,MAY26,1996,
25157850,Abilash G V,IND,M,,,,1444,0,40,MAY26,2009,i
35098756,Abinand Baburaj V,IND,M,,,,1524,0,20,MAY26,2003,i
35011642,Abinandhan R,IND,M,,,,1840,8,20,MAY26,2005,
45070458,Abinash P Gogoi,IND,M,,,,1662,0,20,MAY26,2005,i
537085298,Abir Mukherjee,IND,M,,,,1412,25,40,MAY26,1982,
48752100,Abir Vidhur Singh,IND,M,,,,1670,12,40,MAY26,2014,
5045991,"Abir, Sinha",IND,M,,,,1925,0,,MAY26,1996,i
25964658,Abiram K,IND,M,,,,1584,0,20,MAY26,2006,i
5096413,"Abirama Srinithi, G",IND,F,,,,1793,0,20,MAY26,2001,wi
88195040,Abirami Ramasamy,IND,F,,,,1572,0,20,MAY26,1992,w
33311900,Abirup G,IND,M,,,,1586,0,,MAY26,2013,
537083520,Abirusai S,IND,M,,,,1446,0,40,MAY26,2017,
48705985,Abishek A,IND,M,,,,1490,0,40,MAY26,2010,i
33379033,Abishek E,IND,M,,,,1691,0,,MAY26,2011,
25716883,Abishek H,IND,M,,,,1426,0,20,MAY26,2004,i
35036190,Abishek K,IND,M,,,,1639,0,,MAY26,1999,i
33477183,Abishek S V,IND,M,,,,1518,0,40,MAY26,2010,i
35014234,"Abishek, R",IND,M,,,,1576,0,20,MAY26,1999,i
537049089,Abizer Pithewan,IND,M,,,,1587,0,20,MAY26,2005,
33310050,Abraham Justin S,IND,M,,NA,,1607,0,20,MAY26,2006,i
564034500,Abu Zafar Nadeem,IND,M,,,,1536,0,20,MAY26,1989,
33340501,Abubakar Bidari,IND,M,,,,1606,0,20,MAY26,1995,i
33421056,Acharekar Anvay,IND,M,,,,1482,0,40,MAY26,2010,i
25612522,Acharekar Soham,IND,M,,,,1440,0,20,MAY26,2001,i
35094360,Achaya Vijayan,IND,F,,,,1840,0,20,MAY26,2003,wi
25665600,Achilles M,IND,M,,,,1519,0,40,MAY26,2008,i
33438307,Achinthya Bhat,IND,M,,,,1780,18,,MAY26,2011,
429036372,Achintya Karmokar,IND,M,,,,1441,0,40,MAY26,2014,
531075223,Achintya Raj,IND,M,,,,1480,0,40,MAY26,2011,i
537042815,Achintya Subramanya Bharadwaj,IND,M,,,,1614,0,,MAY26,2010,
531014321,Achintya T T,IND,M,,,,1457,0,40,MAY26,2014,
25603256,Achitanga Kashyap,IND,M,,,,1611,0,20,MAY26,2004,
46637281,Achuthan K,IND,M,,,,1622,0,20,MAY26,2002,i
531057764,Achyut Kapoor,IND,M,,,,1723,0,20,MAY26,1994,i
25632353,Adalja Samarth,IND,M,,,,1536,0,20,MAY26,2005,i
45095116,Adalja Vanssh A,IND,M,,,,1825,7,20,MAY26,2007,
537015311,Adam Kuruvila Jacob,IND,M,,,,1451,0,40,MAY26,2016,i
25045601,"Adam, T",IND,M,,,,1471,4,20,MAY26,1981,
35093282,"Adane,Narayani",IND,F,,,,1827,0,20,MAY26,2004,wi
25612530,Adani Jay,IND,M,,,,1753,0,20,MAY26,2005,
531046371,Adarsh Agrawal,IND,M,,,,1481,0,20,MAY26,1998,
46643524,Adarsh Anand Patekar,IND,M,,,,1565,0,20,MAY26,2001,i
88173453,Adarsh Birudu,IND,M,,,,1599,0,40,MAY26,2011,
25137131,Adarsh D,IND,M,,,,1875,0,40,MAY26,2010,
33427810,Adarsh Debnath,IND,M,,,,1626,0,40,MAY26,2013,
25129660,Adarsh Goel,IND,M,,,,1636,0,20,MAY26,1996,i
429095654,Adarsh K,IND,M,,,,1564,6,40,MAY26,2016,
25944878,Adarsh Kumar,IND,M,,NA,,1469,0,20,MAY26,2002,i
531078583,Adarsh Kumar Mall,IND,M,,,,1488,0,20,MAY26,2005,
33333440,Adarsh M K S,IND,M,,,,1454,0,40,MAY26,2008,i
35072005,Adarsh P.B,IND,M,,,,1749,0,20,MAY26,2004,i
547017791,Adarsh Palaniappan Ramesh Kumar,IND,M,,,,1485,8,40,MAY26,2016,
531054170,Adarsh Parashar,IND,M,,,,1515,0,40,MAY26,2011,i
35048260,Adarsh S,IND,M,,,,1640,0,,MAY26,1999,
88109690,Adarsh S,IND,M,,,,1597,6,40,MAY26,2012,
33424110,Adarsh S Ajith,IND,M,,,,1650,9,40,MAY26,2010,
25112430,Adarsh Tyagi,IND,M,,,,1519,0,40,MAY26,2010,
547061537,Adarsh Verma,IND,M,,,,1527,0,40,MAY26,2012,
5067502,"Adarsh, Saji",IND,M,,,,1814,0,20,MAY26,2000,i
33331650,Adarsha B S,IND,M,,,,1510,0,20,MAY26,1989,i
429009898,Adeena Mohanty,IND,F,,,,1548,9,,MAY26,2017,w
48781053,Adel Joseph,IND,M,,,,1537,0,40,MAY26,2015,
48723541,Adesh Sangoi,IND,M,,,,1539,0,20,MAY26,1998,i
5072719,"Adethya, R",IND,M,,,,1817,0,20,MAY26,1998,i
46660860,Adharsh Ananda Ganesh,IND,M,,,,1700,0,,MAY26,2005,i
25731009,Adharsh D P,IND,M,,,,1586,0,20,MAY26,2006,i
25718207,Adharsh K,IND,M,FM,,,2105,0,40,MAY26,2011,
25656740,Adharsh R,IND,M,,,,1505,0,20,MAY26,2002,i
48738000,Adharv Sreejesh,IND,M,,,,1444,0,40,MAY26,2015,
88103382,Adharva P T,IND,M,,,,1846,0,40,MAY26,2011,
25726587,Adhavan J R,IND,M,,,,1429,0,20,MAY26,2003,i
547000503,Adherv Krishnn Vinay,IND,M,,,,1461,0,,MAY26,2016,
25750003,Adhiadhavan G,IND,M,,,,1833,9,40,MAY26,2009,
5018471,"Adhiban, B.",IND,M,GM,,,2515,0,10,MAY26,1992,
537084127,Adhik Nagpal,IND,M,,,,1441,0,40,MAY26,2013,
45059764,Adhikari Tanvi,IND,F,,,,1576,0,20,MAY26,2004,wi
33404240,Adhiraaj Sejwal,IND,M,,,,1575,0,40,MAY26,2012,i
25981935,Adhiraj Binyani,IND,M,,,,1594,8,40,MAY26,2011,
25128531,Adhiraj Mitra,IND,M,,,,1995,0,,MAY26,2012,
531018602,Adhiraj Singh,IND,M,,,,1485,4,,MAY26,2015,
33452237,Adhirath T,IND,M,,,,1575,0,40,MAY26,2012,i
25799207,Adhithya B,IND,M,,,,1645,0,,MAY26,2007,i
46650210,Adhithya C K,IND,M,,,,1672,0,20,MAY26,2004,i
5084326,Adhithya S,IND,M,,,,1881,19,20,MAY26,2000,
45015554,Adhiveer Kapuria,IND,M,,,,1465,0,,MAY26,2007,i
537006983,Adhrit Biswas,IND,M,,,,1471,0,40,MAY26,2015,
25944991,Adhrit Chatterjee,IND,M,,,,1563,0,40,MAY26,2011,i
48759619,Adhrit Das Purkayastha,IND,M,,,,1696,0,,MAY26,2011,
537000810,Adhrit Dubey,IND,M,,,,1508,0,40,MAY26,2016,
547055618,Adhrit Maiti,IND,M,,,,1411,0,40,MAY26,2018,
429010306,Adhrit Medda,IND,M,,,,1437,0,40,MAY26,2017,
537082426,Adhrit Samanta,IND,M,,,,1483,0,,MAY26,2011,
531006965,Adhrith Arun Raj,IND,M,,,,1419,0,40,MAY26,2013,
33488371,Adhul Adithyan J,IND,M,,,,1721,0,40,MAY26,2013,
531098908,Adhvaan Oswal,IND,M,,,,1463,0,40,MAY26,2018,
33478422,Adhvaith A,IND,M,,,,1423,0,,MAY26,2011,i
537083414,Adhvay G,IND,M,,,,1512,0,40,MAY26,2012,
33482969,Adhvik Chandra,IND,M,,,,1415,0,40,MAY26,2015,i
48778923,Adhvik Vigneshwaran,IND,M,,,,1632,0,,MAY26,2015,
429093791,Adhwait Pattampurath Sreenesh,IND,M,,,,1515,0,40,MAY26,2014,i
45026033,Adhya S,IND,F,,,,1465,0,,MAY26,2005,wi
429070031,Adhyan Jatia,IND,M,,,,1514,0,40,MAY26,2014,
547030534,Adhyan Kumar,IND,M,,,,1462,0,40,MAY26,2010,
429088577,Adhyansh Khandelwal,IND,M,,,,1402,0,40,MAY26,2010,i
33376590,Adhyayan Banerjee,IND,M,,,,1878,0,,MAY26,2012,
547006277,Adhyayan Ghosh,IND,M,,,,1502,0,40,MAY26,2013,
25990403,Adidam Sampath Karthik,IND,M,,,,1493,0,20,MAY26,2006,
88165299,Adidev S Nair,IND,M,,,,1447,0,40,MAY26,2012,i
429098785,Adil Pasha Sodial,IND,M,,,,1517,0,40,MAY26,2010,i
88138038,Adinath Amit Shastri,IND,M,,,,1503,0,40,MAY26,2012,
48752126,Adir Pratap Singh,IND,M,,,,1488,5,40,MAY26,2016,
25647709,Adireddy Arjun,IND,M,IM,,,2007,0,40,MAY26,2010,
25647261,Adireddy Tarun,IND,M,,,,1758,0,20,MAY26,2006,i
5046025,"Adishtha Selvam, S",IND,M,,NA,,1624,0,,MAY26,1982,i
429040442,Adit Gupta,IND,M,,,,1504,0,40,MAY26,2012,
25907220,Adit Kiruba Raj,IND,M,,,,1615,0,40,MAY26,2012,
33462127,Adit Nammilikkara,IND,M,,,,1464,0,40,MAY26,2015,i
45002932,Adit Pushan Krishnaswamy,IND,M,,,,1567,0,20,MAY26,2004,i
25149245,Adit Sood,IND,M,,,,1477,0,40,MAY26,2010,i
88165302,Adith N S,IND,M,,,,1479,0,40,MAY26,2009,i
429021189,Adith Shashank S,IND,M,,,,1400,0,,MAY26,2014,i
25158848,Adithi P Shetty,IND,F,,,,1446,0,40,MAY26,2010,w
45078734,Adithya A Chullikkad,IND,M,FM,,,1998,0,40,MAY26,2008,i
558080740,Adithya Ariga,IND,M,,,,1473,0,40,MAY26,2008,
48755940,Adithya R Pillai,IND,M,,,,1702,0,,MAY26,2009,
45070946,Adithya Ramesh,IND,M,,,,1733,9,20,MAY26,2006,
25965700,Adithya S,IND,M,,,,1686,0,20,MAY26,2006,i
33432260,Adithya Sakthimani,IND,M,,,,1635,0,20,MAY26,2005,i
33359806,Adithya Sarathy M,IND,M,,,,1523,0,40,MAY26,2008,i
25606662,Adithya Sarma,IND,M,,,,1471,0,20,MAY26,2006,i
45094594,Adithya Sekar,IND,M,,,,1486,0,,MAY26,2006,i
45028400,Adithya Vallinayagan Muthukumar,IND,M,,,,1633,0,20,MAY26,2002,i
35062549,Adithya Vishveshwaran M,IND,M,,,,1661,0,20,MAY26,1999,i
48742562,Adithyan S D,IND,M,,,,1482,0,20,MAY26,2007,i
33376999,Aditi Arun,IND,F,,,,1791,0,,MAY26,2010,w
48772232,Aditi Atul Kamat,IND,F,,,,1485,0,40,MAY26,2010,w
25995375,Aditi Garhwal,IND,F,,,,1444,0,40,MAY26,2010,wi
33493995,Aditi Mukherjee,IND,F,,,,1446,3,40,MAY26,2011,w
25942034,Aditi Raj,IND,F,,,,1608,0,40,MAY26,2008,wi
564034542,Aditi Singh,IND,F,,,,1536,0,20,MAY26,2007,w
33412782,Aditi Sudhir Kulkarni,IND,F,,,,1472,0,40,MAY26,2010,wi
45075050,Aditi Yogesh Kayal,IND,F,,,,1753,0,40,MAY26,2008,wi
429013682,Aditri Baisya,IND,F,,,,1669,8,40,MAY26,2014,w
25164198,Aditri Shome,IND,F,,,,1686,7,40,MAY26,2011,w
88166589,Aditya Agrawal,IND,M,,,,1525,0,20,MAY26,2002,
531098401,Aditya Amonkar,IND,M,,,,1600,0,20,MAY26,2004,i
33405360,Aditya Anand Singh,IND,M,,,,1586,0,20,MAY26,2004,
25043412,Aditya Anil Dixit,IND,M,,,,1790,0,20,MAY26,1999,i
33387206,Aditya Asaram Ghule,IND,M,,,,1501,0,20,MAY26,2005,
25195603,Aditya Ashish Patel,IND,M,,,,1664,7,40,MAY26,2014,
25710303,Aditya Atul Dongre,IND,M,,,,1539,0,20,MAY26,2006,i
25057553,Aditya B Kalyani,IND,M,,,,1949,0,20,MAY26,2002,
48740888,Aditya Baksi,IND,M,,,,1767,0,40,MAY26,2014,
25907751,Aditya Bansal,IND,M,,,,1526,0,20,MAY26,2003,
25031023,Aditya Basu,IND,M,,,,1985,0,20,MAY26,2003,i
547038489,Aditya Batra,IND,M,,,,1796,0,20,MAY26,2000,
33315620,Aditya Bhalla,IND,M,,,,1699,0,20,MAY26,2005,i
33471916,Aditya Bhatt,IND,M,,,,1670,0,20,MAY26,1982,i
531028853,Aditya Bose,IND,M,,,,1572,6,40,MAY26,2017,
531028314,Aditya Bruce,IND,M,,,,1477,0,40,MAY26,2013,
45066000,Aditya Chatterjee,IND,M,,,,1872,0,20,MAY26,2005,i
88189457,Aditya Chetan Nampalliwar,IND,M,,,,1515,0,40,MAY26,2015,
547002735,Aditya Chitlangia,IND,M,,,,1485,0,40,MAY26,2010,
33390800,Aditya Choube,IND,M,,,,1618,0,40,MAY26,2008,i
25601555,Aditya Chowdhury,IND,M,,,,1528,0,20,MAY26,2003,i
564007316,Aditya Das,IND,M,,,,1630,0,40,MAY26,2011,
429089131,Aditya Deepak Jadhav,IND,M,,,,1514,0,40,MAY26,2009,
429064511,Aditya Dhingra,IND,M,,,,1634,0,20,MAY26,1984,
48726745,Aditya Dileepraj,IND,M,,,,1648,0,40,MAY26,2012,i
33472610,Aditya Fenu,IND,M,,,,1677,0,20,MAY26,2006,i
25003224,Aditya Gupta,IND,M,,,,1699,0,20,MAY26,1994,i
25112490,Aditya Gupta,IND,M,,,,1486,0,40,MAY26,2009,
48746630,Aditya Gupta,IND,M,,,,1523,0,,MAY26,2013,i
25907760,Aditya Gupta,IND,M,,,,1462,0,20,MAY26,2007,
429071518,Aditya Gupta,IND,M,,,,1509,0,20,MAY26,2005,i
33476675,Aditya Gupta,IND,M,,,,1448,0,40,MAY26,2014,i
5083222,Aditya Hiren Vaidya,IND,M,,,,1858,0,20,MAY26,1999,i
45013284,Aditya Jain,IND,M,,,,1698,0,20,MAY26,2004,i
25128710,Aditya Jain,IND,M,,FA,,1572,8,20,MAY26,2004,
429019508,Aditya Jena,IND,M,,,,1600,0,,MAY26,2013,
48788066,Aditya Jitender Sharma,IND,M,,,,1745,0,20,MAY26,2001,
25979876,Aditya Jithesh,IND,M,,,,1554,0,40,MAY26,2008,i
5085810,Aditya Joshi,IND,M,,,,1735,0,20,MAY26,1998,i
88150453,Aditya K G,IND,M,,,,1444,0,40,MAY26,2015,
33422630,Aditya Kamlapurkar,IND,M,,,,1527,0,20,MAY26,1997,
25944002,Aditya Kayet,IND,M,,,,1756,8,40,MAY26,2011,
25073117,Aditya Kshitiz,IND,M,,,,1516,0,20,MAY26,2004,i
25049771,Aditya Kumar,IND,M,,,,1622,0,20,MAY26,2001,i
531029663,Aditya Kumar Gupta,IND,M,,,,1544,0,40,MAY26,2012,
429057809,Aditya Kumar Jha,IND,M,,,,1585,0,40,MAY26,2011,i
547006927,Aditya Kumar Mahakud,IND,M,,,,1627,0,40,MAY26,2011,
429039339,Aditya Kumar Singh,IND,M,,,,1566,0,40,MAY26,2008,
25656716,Aditya Kunal Patil,IND,M,CM,,,1687,0,40,MAY26,2010,
547004690,Aditya Kundu,IND,M,,,,1524,0,20,MAY26,2007,
88190447,Aditya Lakhe,IND,M,,,,1520,0,,MAY26,2005,
531044522,Aditya Leela Dakoju,IND,M,,,,1529,0,20,MAY26,2004,
531073646,Aditya Manish Nimekar,IND,M,,,,1533,0,40,MAY26,2011,
35052993,Aditya Manoharan,IND,M,,,,1524,0,20,MAY26,2000,i
25670646,Aditya Manoj,IND,M,,,,1638,0,20,MAY26,2004,i
45087598,Aditya Menon,IND,M,,,,1571,0,20,MAY26,2006,
33439222,Aditya Meshram,IND,M,,,,1583,0,40,MAY26,2011,i
35042025,Aditya Mittal,IND,M,GM,,,2393,0,10,MAY26,2006,
33407207,Aditya Narang,IND,M,,,,1480,0,40,MAY26,2011,i
33447454,Aditya Narendra Ukey,IND,M,,,,1661,0,20,MAY26,1987,
25753584,Aditya Naresh Ahuja,IND,M,,,,1435,0,20,MAY26,2005,i
35079190,Aditya P Melani,IND,M,,,,1952,9,20,MAY26,2002,
25784331,Aditya P Ranade,IND,M,,,,1474,0,20,MAY26,1997,
48773255,Aditya Prakash,IND,M,,,,1406,0,40,MAY26,2008,i
25708058,Aditya Prasad,IND,M,,,,1705,0,,MAY26,2007,i
88111768,Aditya Rawat U,IND,M,,,,1691,0,20,MAY26,2004,i
46630708,Aditya Reddy,IND,M,,,,1432,0,20,MAY26,2001,i
25067044,Aditya S Hariharan,IND,M,,,,1893,0,20,MAY26,2003,i
25009435,Aditya S S V,IND,M,,,,1840,0,20,MAY26,2002,i
25681001,Aditya Sai Krishna,IND,M,,,,1683,0,20,MAY26,2006,i
48792241,Aditya Sana,IND,M,,,,1525,4,40,MAY26,2011,
33396590,Aditya Sandeep Wagh,IND,M,,,,1593,0,20,MAY26,2007,i
547068256,Aditya Sanjay Gaikwad,IND,M,,,,1484,0,40,MAY26,2013,
35007157,Aditya Savalkar,IND,M,,NA,,1848,20,20,MAY26,2005,
25944088,Aditya Saxena,IND,M,,,,1627,0,40,MAY26,2010,
88138470,Aditya Saxena,IND,M,,,,1524,0,40,MAY26,2009,i
33367582,Aditya Shah,IND,M,,,,1670,0,,MAY26,2011,
33480150,Aditya Shardul Kadam,IND,M,,,,1630,0,40,MAY26,2013,
25756729,Aditya Sharma,IND,M,,,,1569,0,20,MAY26,1997,i
547083603,Aditya Srivastav,IND,M,,,,1593,0,40,MAY26,2010,
46690611,Aditya Srivastava,IND,M,,,,1585,0,20,MAY26,1998,i
25129970,Aditya Sur,IND,M,,,,1750,8,40,MAY26,2010,
25944495,Aditya Tanmay Sharma,IND,M,,,,1526,0,40,MAY26,2011,
25691406,Aditya Tari,IND,M,,,,1737,0,40,MAY26,2009,i
88117405,Aditya Telangi,IND,M,,,,1665,0,40,MAY26,2011,
48736406,Aditya Thakur,IND,M,,,,1467,0,40,MAY26,2014,i
88161293,Aditya Thakur,IND,M,,,,1479,0,40,MAY26,2009,
45066183,Aditya Varun Gampa,IND,M,FM,,,2269,9,20,MAY26,2006,
25917226,Aditya Vasudev Pai,IND,M,,,,1590,0,20,MAY26,2006,i
25929844,Aditya Vikram Mishra,IND,M,,,,1685,0,40,MAY26,2011,
45058962,Aditya Vikram Paul,IND,M,FM,,,2244,17,20,MAY26,2007,
25975838,Aditya Waman Bodalwar,IND,M,,,,1487,0,20,MAY26,2003,i
5085586,"Aditya, Pai",IND,M,,,,1766,0,20,MAY26,1991,i
35064916,"Aditya, Vijay Kumar",IND,M,,,,1606,0,20,MAY26,0,i
537099388,Adityaa M,IND,M,,,,1510,0,40,MAY26,2012,
25731050,Adityan Kumar,IND,M,,,,1600,0,20,MAY26,2004,i
25944096,Adityan T S,IND,M,,,,1570,0,,MAY26,2008,i
577040120,"Adlakha, Vyom",IND,M,,,,1412,6,40,MAY26,2015,
531007899,Admane Arjun,IND,M,,,,1424,0,40,MAY26,2010,
88158438,Adon Mulackal Joseph,IND,M,,,,1456,0,40,MAY26,2013,
547086785,Adoni Harshavardhan,IND,M,,,,1487,0,40,MAY26,2012,
45058555,Adra P,IND,F,,,,1694,0,20,MAY26,2006,wi
46619437,Adreeja Sinha,IND,F,,,,1652,0,20,MAY26,2006,wi
531065970,Adreesh Dey,IND,M,,,,1638,0,40,MAY26,2012,
25076825,Adrian Sajjan,IND,M,,,,1772,0,20,MAY26,2001,i
33397473,Adriel Job,IND,M,,,,1825,0,,MAY26,2014,
25130331,Adrij Bhattacharyya,IND,M,,,,1685,0,40,MAY26,2010,
33328560,Adrij Mohanty,IND,M,,,,1439,0,40,MAY26,2015,
25114611,Adrija Das,IND,F,,,,1559,0,40,MAY26,2011,w
25031074,Adrija Dawn,IND,F,,,,1522,0,20,MAY26,2002,wi
537056549,Adrija Khanikar,IND,F,,,,1431,0,40,MAY26,2016,w
33404054,Adrija Saha,IND,F,,,,1453,0,40,MAY26,2015,w
48724211,Adriraj Paul,IND,M,,,,1504,2,40,MAY26,2015,
547003995,Adrish Das,IND,M,,,,1452,4,,MAY26,2014,
531085121,Adrish Mitra,IND,M,,,,1522,5,40,MAY26,2015,
25600788,Adrita Mitra,IND,F,,,,1404,0,20,MAY26,2007,w
48703052,Adrush Karmakar,IND,M,,,,1722,0,40,MAY26,2015,
88152723,Advait Bagool,IND,M,,,,1460,0,40,MAY26,2012,
564025799,Advait Darsh Mishra,IND,M,,,,1558,0,40,MAY26,2015,
48714011,Advait Jarial,IND,M,,,,1533,6,40,MAY26,2014,
33398160,Advait Phadke,IND,M,,,,1555,0,40,MAY26,2008,i
564038459,Advait Prasad,IND,M,,,,1470,5,40,MAY26,2011,
88132374,Advait Prasanna Joshi,IND,M,,,,1513,0,40,MAY26,2016,
45015570,Advait Prashant Patil,IND,M,,,,1586,0,40,MAY26,2009,i
25775120,Advait Ratnakar Vibhute,IND,M,,,,1869,0,20,MAY26,2007,
33482977,Advait Suraj,IND,M,,,,1583,7,40,MAY26,2015,
25925261,Advait Vaze,IND,M,,,,1602,0,20,MAY26,2005,i
48768235,Advaith Arun,IND,M,,,,1588,0,40,MAY26,2010,i
33399344,Advaith Asokumar,IND,M,,,,1964,9,40,MAY26,2012,
25908960,Advaith Krishnan,IND,M,,,,1610,0,40,MAY26,2008,i
429046513,Advaith Manoj,IND,M,,,,1483,0,,MAY26,2013,
33424772,Advaith S B,IND,M,,,,1467,0,40,MAY26,2013,
547041811,Advaith Sajeev,IND,M,,,,1696,0,20,MAY26,2007,
429064112,Advaith Saravanan,IND,M,,,,1882,11,40,MAY26,2015,
25739875,Advaith Sivakumar,IND,M,,,,1557,0,20,MAY26,2005,i
25128396,Advaith U P,IND,M,,,,1694,20,,MAY26,2010,
25185454,Advaitt Srikant Koduri,IND,M,FM,,,2128,0,40,MAY26,2010,
33310696,Advay Dhoot,IND,M,,,,1460,0,,MAY26,2013,
25140574,Advay Dingari,IND,M,,,,1631,0,,MAY26,2012,
25911902,Advay Koganti,IND,M,,,,1455,0,,MAY26,2010,i
547030755,Advay Sahai,IND,M,,,,1468,0,40,MAY26,2012,
429031974,Advay Singh,IND,M,,,,1424,6,,MAY26,2017,
33396094,Advay Srivastava,IND,M,,,,1415,7,40,MAY26,2013,
531047661,Advay Swanand Bhedasgaonkar,IND,M,,,,1758,0,20,MAY26,2006,
33389888,Advay Vikrant Bende,IND,M,,,,1522,0,,MAY26,2012,i
564006808,Advaya Gurudas Pejathaya,IND,M,,,,1559,5,40,MAY26,2014,
33394172,Advik A,IND,M,,,,1482,0,40,MAY26,2012,i
33392854,Advik Achyut,IND,M,,,,1481,0,40,MAY26,2013,
33492042,Advik Aditya Swain,IND,M,,,,1584,8,40,MAY26,2016,
48753629,Advik Amit Agrawal,IND,M,CM,,,2109,10,40,MAY26,2015,
33465584,Advik Bansal,IND,M,,,,1447,0,40,MAY26,2009,i
429057400,Advik Chhetri,IND,M,,,,1481,0,40,MAY26,2012,
33466971,Advik Mundhada,IND,M,,,,1595,8,40,MAY26,2015,
33493278,Advik Praveen,IND,M,,,,1770,11,40,MAY26,2014,
88160491,Advik R N,IND,M,,,,1502,12,40,MAY26,2011,
88156222,Advik Ranga,IND,M,,,,1491,0,40,MAY26,2011,i
88136663,Advik Reddy Moate,IND,M,,,,1758,0,40,MAY26,2014,
48720925,Advik Singh,IND,M,,,,1515,7,,MAY26,2015,
33394091,Advik Singh Chauhan,IND,M,,,,1837,9,40,MAY26,2013,
33397848,Advik Srinivasan,IND,M,,,,1800,0,40,MAY26,2013,
33448159,Advika Pandey,IND,F,,,,1482,0,,MAY26,2013,w
25968858,Advika Sarupria,IND,F,,,,1612,0,40,MAY26,2011,w
25611461,Advika Singh,IND,F,,,,1637,0,40,MAY26,2008,wi
537031040,Advit Bansal,IND,M,,,,1585,0,40,MAY26,2014,
33407622,Advit Pandey,IND,M,,,,1446,0,,MAY26,2013,
564017893,Advith Adiga,IND,M,,,,1440,14,,MAY26,2012,
33466866,Advitiya A G,IND,M,,,,1473,0,40,MAY26,2016,i
48786047,Advitiya Tiwari,IND,M,,,,1484,0,40,MAY26,2010,
537018442,Adwait Majumder,IND,M,,,,1531,0,40,MAY26,2012,
33313270,Adwait Soman,IND,M,,,,1557,0,40,MAY26,2009,i
25923994,Adwaith P S,IND,M,,,,1522,0,20,MAY26,2006,i
25125150,Adwaith Praveen,IND,M,,,,1971,11,40,MAY26,2009,
547090154,Adwayan Jagdale,IND,M,,,,1414,0,40,MAY26,2015,
33459533,Adwit K Mishra,IND,M,,,,1688,0,,MAY26,2009,i
429019044,Adwitiya Chakraborty,IND,F,,,,1446,0,40,MAY26,2014,w
25064070,Adya Aditya,IND,M,,,,1729,0,20,MAY26,1996,i
429053480,Adya Advit Das,IND,M,,,,1596,0,40,MAY26,2015,
88120546,Adya Gupta,IND,F,,,,1455,0,,MAY26,2013,w
33482985,Adyanth Sathish,IND,M,,,,1516,0,40,MAY26,2015,i
547022027,Adyashis Biswas,IND,M,,,,1438,6,40,MAY26,2012,
429074436,Aeden Subi Kurisinkal,IND,M,,,,1461,0,40,MAY26,2014,i
35044133,Afinu Shifan M,IND,M,,,,1625,0,20,MAY26,1998,i
35098098,Afreed T Khan,IND,M,,,,1774,0,20,MAY26,2003,i
25772481,Afreen K,IND,F,,,,1456,8,20,MAY26,2007,w
531019560,Afshan Javed,IND,M,,,,1449,0,40,MAY26,2012,
45096341,Afsheen Afsha Zaman,IND,F,,,,1468,0,40,MAY26,2010,w
48752568,Afsheen Mohammed,IND,F,,,,1440,0,,MAY26,2014,w
429094593,Agam Mavi,IND,M,,,,1486,0,40,MAY26,2012,
25662210,Agam Srivastava,IND,M,,,,1509,0,20,MAY26,1999,i
88161315,Agamjot Singh Gill,IND,M,,,,1745,0,40,MAY26,2012,
5017726,"Agamjot, S Kals",IND,M,,,,1811,0,,MAY26,1998,i
547077794,Agamveer Singh,IND,M,,,,1588,7,40,MAY26,2013,
547059281,Agan Rithvik Mahendran Deepikka,IND,M,,,,1442,0,40,MAY26,2016,
537061402,Agaran S V,IND,M,,,,1651,18,,MAY26,2017,
33498954,Agarwal Adeetya,IND,M,,,,1551,0,40,MAY26,2009,i
35032623,Agarwal Aman,IND,M,,,,1705,0,20,MAY26,2005,i
429037786,Agarwal Ansh,IND,M,,,,1525,0,40,MAY26,2013,
25773771,Agarwal Ayush,IND,M,,,,1582,0,20,MAY26,1998,i
45091390,Agarwal Hari Lal,IND,M,,,,1477,0,20,MAY26,1961,
25744097,Agarwal Manas,IND,M,,,,1749,0,20,MAY26,2005,i
25122223,Agarwal Raaghav,IND,M,,,,1637,0,40,MAY26,2008,
45080526,Agarwal Shyam,IND,M,,,,1606,0,20,MAY26,2005,i
374095230,"Agarwal, Abhinav",IND,M,,,,1455,0,,MAY26,2014,
564073076,"Agarwal, Aditya",IND,M,,,,1586,0,40,MAY26,2016,
5000483,"Agarwal, Brajesh",IND,M,,,,1869,0,20,MAY26,1971,
537054139,Agaskar Kaustubh,IND,M,,,,1478,0,40,MAY26,2011,
25627902,Agasthan G,IND,M,,,,1420,0,40,MAY26,2008,i
537074121,Agasthiya M,IND,M,,,,1463,6,40,MAY26,2013,
547044918,Agasthya Ranjith Kumar Chellathurai,IND,M,,,,1555,0,40,MAY26,2013,
48785636,Agastya Ashish Dhuri,IND,M,,,,1408,0,40,MAY26,2011,
429013925,Agastya Jain,IND,M,,,,1413,0,40,MAY26,2012,i
429049938,Agastya Jha,IND,M,,,,1574,0,40,MAY26,2012,
564041573,Agastya Narula,IND,M,,,,1499,0,40,MAY26,2011,
429082773,Agastya Patwa,IND,M,,,,1582,0,,MAY26,2017,
547097752,Agastya Sagar Shivarkar,IND,M,,,,1519,0,40,MAY26,2017,
429084342,Agastya Shiva,IND,M,,,,1446,0,40,MAY26,2008,i
25647555,Aggarwal Siddharth,IND,M,,,,1626,0,20,MAY26,2007,i
25727745,Aggarwal Tashna,IND,F,,,,1461,0,40,MAY26,2011,wi
46637770,Aggarwal Vansh,IND,M,,,,1973,0,20,MAY26,2007,i
577039394,"Aggarwal, Hridyansh",IND,M,,,,1463,8,40,MAY26,2018,
366102222,"Aggarwal, Madhav",IND,M,,,,1496,0,,MAY26,2011,
33399352,Agham Surana,IND,M,,,,1680,0,40,MAY26,2012,
366108502,"Agharkar, Shrirang",IND,M,,,,1553,0,40,MAY26,2012,
366108511,"Agharkar, Shriyans",IND,M,,,,1678,0,40,MAY26,2012,
25973525,Agnibha Koley,IND,M,,,,1437,0,40,MAY26,2010,i
25950690,Agnidhra Singha,IND,M,,,,1571,5,40,MAY26,2009,
25094106,Agnihotri Ninad,IND,M,,,,1683,0,20,MAY26,1997,i
25786458,Agnihotri Viraj,IND,M,,,,1563,0,40,MAY26,2010,
25749110,Agnij P,IND,M,,,,1600,0,20,MAY26,2003,i
531085245,Agnirudra Barman,IND,M,,,,1604,0,40,MAY26,2013,
45033714,Agnish Ray,IND,M,,,,1501,0,20,MAY26,2007,i
33382069,Agniva Sengupta,IND,M,,,,1683,7,40,MAY26,2011,
25943570,Agnivo Chakraborty,IND,M,,,,2027,0,40,MAY26,2008,
88121917,Agraarth Mishra,IND,M,,,,1555,0,40,MAY26,2017,
25757725,Agrajit Paul,IND,M,,,,1872,0,40,MAY26,2008,
366127043,"Agraval, Shravana",IND,M,,,,1725,8,40,MAY26,2011,
531077455,Agravat Manav Pravinbhai,IND,M,,,,1587,3,20,MAY26,2004,
46616209,Agrawal Aanya,IND,F,,,,1675,0,20,MAY26,2006,wi
531078028,Agrawal Ansh Rakesh,IND,M,,,,1490,0,40,MAY26,2017,
35091212,Agrawal Aryan,IND,M,,,,1504,0,20,MAY26,2005,i
25181580,Agrawal Hardik,IND,M,,,,1553,0,20,MAY26,2006,i
531077102,Agrawal Meeshika Deepak,IND,F,,,,1504,0,40,MAY26,2016,w
25199404,Agrawal Riddhi,IND,F,,,,1482,0,40,MAY26,2010,wi
88135799,Agrawal Ridhaan,IND,M,,,,1462,0,40,MAY26,2016,
33498938,Agrawal Sahil,IND,M,,,,1468,0,40,MAY26,2012,
25783980,Agrawal Shamit,IND,M,,,,1514,0,20,MAY26,2006,i
25648195,Agrawal Trushdeep,IND,M,,,,1587,0,20,MAY26,2003,i
577042450,"Agrawal, Aaditya Agrawal",IND,M,,,,1534,7,40,MAY26,2005,
366110180,"Agrawal, Anay",IND,M,,,,1592,0,,MAY26,2016,
48764272,Agrima Smitha Shiju,IND,F,,,,1519,0,40,MAY26,2008,w
429047676,Agstheya Puri,IND,M,,,,1458,3,40,MAY26,2012,
33472602,Ahaan Dawar,IND,M,,,,1495,0,40,MAY26,2010,i
88136973,Ahaan Dinu Meckadan,IND,M,,,,1406,0,40,MAY26,2015,i
33479887,Ahaan Kataruka,IND,M,,,,1487,5,40,MAY26,2015,
429034566,Ahaan Mishra,IND,M,,,,1479,5,40,MAY26,2015,
48733628,Ahaan Mitra,IND,M,,,,1616,0,40,MAY26,2014,i
429004144,Ahaan Pathak,IND,M,,,,1429,0,,MAY26,2011,
48765791,Ahaan Sachdeva,IND,M,,,,1412,0,40,MAY26,2014,
25934627,Ahaan Samyak,IND,M,,,,1580,0,40,MAY26,2011,
48792250,Ahaan Vedant Maheshwari,IND,M,,,,1529,6,,MAY26,2011,
35061674,Ahalya A,IND,F,,,,1640,0,20,MAY26,2005,wi
25656228,Ahamed Abid P,IND,M,,,,1635,0,20,MAY26,1985,i
45060851,Ahammed Lal P A,IND,M,,,,1482,0,20,MAY26,1990,i
547004819,Ahan Aravind,IND,M,,,,1499,4,40,MAY26,2014,
88131777,Ahan Karthik,IND,M,,,,1457,6,,MAY26,2012,
33343080,Ahan Panicker,IND,M,,,,1433,14,40,MAY26,2015,
88131939,Ahan Prasad Kashyap,IND,M,,,,1486,0,40,MAY26,2012,i
25961357,Ahanjit Banerjee,IND,M,,,,1655,0,40,MAY26,2009,i
429030510,Aharna Dey,IND,F,,,,1502,7,40,MAY26,2012,w
531033571,Aharnish Nanda,IND,M,,,,1626,0,40,MAY26,2016,
33376433,Aharon Mittal,IND,M,,,,1492,0,,MAY26,2013,i
25182781,Aharsi Ghosh,IND,M,,,,1757,0,40,MAY26,2011,
25967193,Ahashik J H,IND,M,,,,1667,0,40,MAY26,2011,i
33452911,Ahaz E U,IND,M,,,,2143,0,40,MAY26,2010,
547058455,Ahil Alman S,IND,M,,,,1405,5,40,MAY26,2015,
33492131,Ahilaan Baishya,IND,M,,,,1573,0,40,MAY26,2016,
531003630,Ahilaan Roy,IND,M,,,,1624,0,40,MAY26,2011,
25747371,Ahire Aatish Keda,IND,M,,,,1426,0,40,MAY26,2011,i
45075620,Ahire Vivek,IND,M,,,,1454,0,20,MAY26,1990,i
46649115,Ahirrao Vedant,IND,M,,,,1705,0,20,MAY26,2000,i
35082833,AHIRWAL DINESH,IND,M,,,,1873,0,20,MAY26,1997,i
46666265,Ahirwar Aniket,IND,M,,,,1717,0,20,MAY26,2001,i
5098564,Ahmad Niaz,IND,M,,,,1753,0,20,MAY26,1964,i
35024728,Ahmad Sayeed,IND,M,,,,1764,0,20,MAY26,1963,
88196623,Ahmed Aboobacker P A,IND,M,,,,1490,0,40,MAY26,2008,i
429040469,Ahmed Farhan,IND,M,,,,1655,0,40,MAY26,2009,i
25030779,Ahmed Simran,IND,F,,,,1692,0,20,MAY26,2000,wi
5046858,"Ahmed, Anees, B.",IND,M,,,,1644,0,,MAY26,1970,i
5095549,"Ahmed, Sarfaraz",IND,M,,,,1790,0,20,MAY26,1987,i
25768123,Ahuja Kishan,IND,M,,,,1660,0,20,MAY26,1984,i
88125572,Ahyan Firoz,IND,M,,,,1450,0,40,MAY26,2009,i
537064762,Ahyan Haseeb,IND,M,,,,1571,0,40,MAY26,2018,
33442096,Aibel Jose Aldrin,IND,M,,,,1504,0,40,MAY26,2012,i
25198149,Aiden Jesus Savio Grao,IND,M,,,,1601,0,40,MAY26,2010,
537082787,Aijaag Debbarma,IND,M,,,,1482,0,40,MAY26,2016,
429088410,Ain Vaibhav,IND,M,,,,1427,0,40,MAY26,2013,i
146241751,"Ainikkal, Shaheen",IND,M,,,,1620,0,20,MAY26,1981,i
537033336,Aisha Agarwal,IND,F,,,,1407,0,40,MAY26,2014,wi
25781855,Aisha Wadhwani,IND,F,,,,1585,8,40,MAY26,2010,w
88127443,Aishani Bhowmik,IND,F,,,,1461,0,40,MAY26,2017,w
531004547,Aishani Chowdhury,IND,F,,,,1442,0,40,MAY26,2013,w
429054222,Aishani Dey,IND,F,,,,1477,0,40,MAY26,2015,w
25788728,Aishani Pathak,IND,F,,,,1624,0,,MAY26,2011,w
547073012,Aishik Sinha,IND,M,,,,1508,5,40,MAY26,2014,
25756273,Aishwarjya Gogoi,IND,M,,,,1446,0,,MAY26,1974,i
5063434,Aishwarya,IND,F,,IA,,1694,0,,MAY26,1996,wi
88170250,Aishwarya Arun,IND,F,,,,1631,6,40,MAY26,2010,w
537059092,Aishwarya Chhetri,IND,F,,,,1545,0,40,MAY26,2019,w
25037714,Aishwin Daniel,IND,M,CM,,,1948,9,20,MAY26,1999,
531072143,Aiswar Krishnan C,IND,M,,,,1494,0,40,MAY26,2012,i
33418942,Aiyan Samruddh T,IND,M,,,,1603,0,40,MAY26,2012,i
45046883,Aiyer Chandrasekhar,IND,M,,,,1417,2,20,MAY26,1958,
537002147,Ajaruddin Nizamuddin Shaikh,IND,M,,,,1516,0,20,MAY26,1987,i
429016355,Ajay C,IND,M,,,,1474,0,40,MAY26,2016,
45051925,Ajay D,IND,M,,,,1545,0,20,MAY26,2000,i
48794899,Ajay Harshiv Kannan,IND,M,,,,1747,9,40,MAY26,2011,
48735370,Ajay Joe Louis A,IND,M,,,,1464,0,40,MAY26,2008,i
35011685,Ajay Karthikeyan,IND,M,IM,,,2243,0,20,MAY26,2004,
33349959,Ajay Kher,IND,M,,,,1455,0,20,MAY26,1968,i
5096430,"Ajay Krishna, S",IND,M,IM,,,2217,0,20,MAY26,1999,i
25674099,Ajay Kumar,IND,M,,,,1529,0,20,MAY26,1997,
25982311,Ajay Kumar,IND,M,,,,1495,0,20,MAY26,1987,i
547078260,Ajay Kumar Chahal,IND,M,,,,1580,0,20,MAY26,1981,
564025950,Ajay Kumar Khare,IND,M,,,,1602,0,20,MAY26,1961,
558008470,Ajay Kumar MHA,IND,M,,,,1577,0,20,MAY26,1992,
531033989,Ajay Kumar Mishra,IND,M,,NA,,1521,0,20,MAY26,1998,
48755982,Ajay Manjunath Bhat,IND,M,,,,1552,11,40,MAY26,2015,
25003291,Ajay Pal Singh,IND,M,,SI,,1462,1,20,MAY26,1976,
88128911,Ajay Raju Beradia,IND,M,,,,1477,0,20,MAY26,1990,i
531018351,Ajay Rakzan R,IND,M,,,,1439,0,40,MAY26,2013,i
531052541,Ajay Ramani,IND,M,,,,1691,7,20,MAY26,2002,
25998676,Ajay Santhosh Parvathareddy,IND,M,IM,,,2306,0,20,MAY26,2010,
33418233,Ajay Sharma,IND,M,,,,1656,0,20,MAY26,1987,i
33434905,Ajay Vishwa,IND,M,,,,1519,0,40,MAY26,2011,i
531047688,Ajay Yadav,IND,M,,,,1568,0,20,MAY26,1993,i
5001188,"Ajay, Virwani",IND,M,,,,1961,0,20,MAY26,1979,i
46618805,"Ajaya,Bose Mohanchandran",IND,M,,,,1644,0,20,MAY26,1978,i
33424071,Ajeesh Praveen Kumar,IND,M,,,,1633,0,40,MAY26,2013,i
5033136,"Ajeesh, Antony",IND,M,,,,1935,0,20,MAY26,1983,i
5013780,Ajeet Kumar Verma,IND,M,,,,1943,0,20,MAY26,1972,i
45006229,Aji Kumar A,IND,M,,,,1588,0,20,MAY26,1980,i
33315639,Aji Shree A,IND,F,,,,1516,0,40,MAY26,2011,wi
33496838,Ajin P R,IND,M,,,,1540,0,,MAY26,2013,
25636600,Ajin Vinod K,IND,M,,,,1561,0,20,MAY26,1994,
88171990,Ajinkya Pise,IND,M,,,,1493,0,,MAY26,2010,i
25906216,Ajinkya Vaman Khorjuenkar,IND,M,,,,1461,0,40,MAY26,2011,
5027535,"Ajinkya, Pingale",IND,M,,IA,,1859,0,20,MAY26,1991,i
25666762,Ajit Balasaheb Dengle,IND,M,,,,1518,0,,MAY26,1986,
25601741,Ajit Chandrashekar,IND,M,,,,1710,0,20,MAY26,2002,i
25018663,Ajit Kumar Saw,IND,M,,,,1609,0,20,MAY26,1985,i
25055240,Ajit Masih,IND,M,,,,1750,0,20,MAY26,1963,i
5046076,"Ajit, Singh",IND,M,,,,1865,0,20,MAY26,1983,i
46651470,Ajitesh Kumara,IND,M,,,,1624,0,,MAY26,2004,i
558080813,Ajith Chiru Gowda,IND,M,,,,1461,5,40,MAY26,2013,
5029473,"Ajith, M.P.",IND,M,CM,,,1891,0,20,MAY26,1986,i
25739522,Ajjesh J R,IND,M,,,,1965,0,40,MAY26,2008,
35090291,"Ajmal, Ibrahim",IND,M,,,,1614,0,20,MAY26,1991,i
5046084,"Ajmal, P A",IND,M,,NA,,1862,0,20,MAY26,1988,
46671455,Ajul Ratish,IND,M,,,,1518,0,20,MAY26,1991,i
25901931,Akaitab Giri,IND,M,,,,1552,0,40,MAY26,2009,
25076868,Akankhya Dash,IND,F,,,,1669,0,20,MAY26,1998,wi
564013863,Akanksh Mayur Momaya,IND,M,,,,1590,7,20,MAY26,1989,
25909487,Akanksh U D,IND,M,,,,1613,0,40,MAY26,2010,
33382620,Akarsh Achyut,IND,M,,,,1625,0,40,MAY26,2010,
88126510,Akarsh M S,IND,M,,,,1460,0,20,MAY26,2005,i
537076868,Akarsh Singh,IND,M,,,,1579,0,40,MAY26,2015,
46647562,Akash,IND,M,,,,1557,0,20,MAY26,1998,i
537076493,Akash Biswas,IND,M,,,,1594,0,,MAY26,2011,
46686509,Akash Chandran,IND,M,,,,1509,0,20,MAY26,1973,i
25715860,Akash Dhotre,IND,M,,,,1518,0,20,MAY26,1996,i
5040299,Akash G,IND,M,GM,FT,,2346,0,20,MAY26,1996,
531018360,Akash G,IND,M,,,,1461,0,40,MAY26,2012,
558079564,Akash Kumar Sri Muktsar Sahib,IND,M,,,,1656,0,20,MAY26,2000,
88151840,Akash M,IND,M,,,,1522,0,40,MAY26,2012,
46698167,Akash M H,IND,M,,,,1549,0,20,MAY26,2006,i
25904728,Akash Mohan Shevate,IND,M,,,,1568,0,20,MAY26,2001,
33476802,Akash Neel Mitra,IND,M,,,,1498,0,40,MAY26,2014,
25615793,Akash Payasi,IND,M,,FA,,1563,0,20,MAY26,1996,i
5006775,"Akash Pc, Iyer",IND,M,IM,,,2280,0,20,MAY26,1997,i
88164527,Akash Prasad,IND,M,,,,1539,0,20,MAY26,2003,
35084500,Akash S,IND,M,,,,1818,0,20,MAY26,1999,i
5092094,Akash S,IND,M,,,,1639,0,20,MAY26,2001,i
46695753,Akash Sahukar,IND,M,,,,1526,0,20,MAY26,1991,i
547008270,Akash Senthilvel,IND,M,,,,1519,0,20,MAY26,1998,i
25714562,Akash Sharma,IND,M,,NA,,1446,0,20,MAY26,1999,i
35093908,Akash Sivaram D,IND,M,,,,1668,0,20,MAY26,2001,i
25196200,Akash Srivastav,IND,M,,,,1631,0,20,MAY26,2001,
25024701,Akash Thomas,IND,M,,NA,,1593,0,20,MAY26,1996,i
25119133,Akash Tripathi,IND,M,,,,1648,0,20,MAY26,2006,
5008107,"Akash, Deep",IND,M,,,,2112,0,20,MAY26,1983,
25001639,"Akash, R",IND,M,,,,1866,0,20,MAY26,1999,i
5056055,"Akash, Tiwari",IND,M,,,,1802,0,20,MAY26,1995,
45037647,Akavaram Aashish Reddy,IND,M,,,,1623,0,,MAY26,2003,i
374095848,"Akbar, Anya Fathima",IND,F,,,,1565,0,,MAY26,2013,w
45095337,Akhil B V S,IND,M,,,,1780,0,20,MAY26,2005,i
45034109,Akhil Bhuvanesh Reddy P,IND,M,,,,1486,0,20,MAY26,2005,i
46630155,Akhil C R,IND,M,,,,1572,0,20,MAY26,1992,
45089701,Akhil Chaudhary,IND,M,,,,1603,0,20,MAY26,2001,i
35051148,Akhil K G,IND,M,,,,1649,0,20,MAY26,1998,
25613723,Akhil Naik,IND,M,,,,1494,0,20,MAY26,2003,i
558037578,Akhil Neelam Sai,IND,M,,,,1560,0,40,MAY26,2012,
33355410,Akhil Renjith,IND,M,,,,1540,0,20,MAY26,2006,i
25998641,Akhil Repalle,IND,M,,,,1670,0,,MAY26,2010,
35035878,Akhil T U,IND,M,,,,1741,0,,MAY26,1987,i
558059415,Akhil Tukaram Naik,IND,M,,,,1484,0,40,MAY26,2013,
35098144,Akhil Vijayakumar,IND,M,,,,1787,0,20,MAY26,1991,
46650237,Akhila T M,IND,F,,,,1521,0,20,MAY26,2003,wi
33300011,Akhilash M,IND,M,,,,1490,0,40,MAY26,2011,i
46642714,Akhilesh Akshay Nigalye,IND,M,,,,1632,0,20,MAY26,2004,
429036186,Akhilesh Ghose,IND,M,,,,1439,0,40,MAY26,2012,
45015600,Akhilesh Goel,IND,M,,,,1404,0,20,MAY26,2003,i
429033713,Akhilesh Krishna Yadav,IND,M,,,,1435,0,,MAY26,2011,
25764845,Akhilesh Paswan,IND,M,,,,1629,0,20,MAY26,1990,
547087099,Akhilesh R,IND,M,,,,1527,7,40,MAY26,2014,
88107884,Akil A,IND,M,,,,1437,0,40,MAY26,2015,
25016512,Akil A S J,IND,M,,,,1908,0,20,MAY26,1997,i
537008218,Akil K,IND,M,,,,1505,0,20,MAY26,2007,i
33418950,Akil Sethu G,IND,M,,,,1832,0,40,MAY26,2014,
45002975,Akilan Chandrasekaran,IND,M,,,,1533,0,20,MAY26,1991,i
48738972,Akilan S P,IND,M,,,,1714,0,20,MAY26,2006,i
25905198,Akileash Kumar J K,IND,M,,,,1558,0,20,MAY26,2006,i
48762733,Akilesh S,IND,M,,,,1639,0,40,MAY26,2009,i
25090992,Akilesh Viswaa,IND,M,,,,1622,0,20,MAY26,2004,i
45073295,Akira Sowmyanath,IND,M,,,,1669,0,20,MAY26,2006,i
25001647,Akkilesh P,IND,M,,,,1517,0,20,MAY26,2000,i
25775634,Akkshat N,IND,M,,,,1496,0,20,MAY26,2006,
25139240,Akodia Nabhay,IND,M,,,,1570,0,40,MAY26,2010,
33487952,Akriti Tripathy,IND,F,,,,1417,0,40,MAY26,2011,wi
577028007,Aksh Nanda,IND,M,,,,1633,0,40,MAY26,2009,
33320403,Akshaey J,IND,M,,,,1541,0,40,MAY26,2008,i
547039132,Akshaj Kumar Vuppu,IND,M,,,,1536,0,40,MAY26,2014,
25190881,Akshaj Munjal,IND,M,,,,1587,0,40,MAY26,2008,
537006797,Akshaj Nambiar,IND,M,,,,1424,0,40,MAY26,2012,
33417156,Akshaj Nayak,IND,M,,,,1463,0,40,MAY26,2014,i
48745154,Akshaj P,IND,M,,,,1414,0,,MAY26,2013,i
537063979,Akshaj Raj,IND,M,,,,1502,8,40,MAY26,2014,
33458243,Akshaj Reddy Malgireddy,IND,M,,,,1556,0,40,MAY26,2013,
88173011,Akshaj S Gotur,IND,M,,,,1459,0,40,MAY26,2011,
25115910,Akshal Kamdar,IND,M,,,,1540,0,40,MAY26,2012,i
558077391,Akshansh Singh,IND,M,,,,1725,0,20,MAY26,1994,
33395292,Akshara Gobinath,IND,F,,,,1434,0,40,MAY26,2011,wi
531062245,Akshat Agnihotri,IND,M,,,,1426,0,20,MAY26,2004,
25118927,Akshat Bhatnagar,IND,M,,,,1570,0,20,MAY26,2006,
88121410,Akshat Choudhary,IND,M,,,,1448,0,40,MAY26,2015,
33323496,Akshat Gupta,IND,M,,,,1635,0,40,MAY26,2009,i
537041142,Akshat Gupta,IND,M,,,,1564,7,40,MAY26,2015,
33316651,Akshat K,IND,M,,,,1696,0,,MAY26,2012,
25922939,Akshat Karkar,IND,M,,,,1535,0,20,MAY26,2005,i
88103161,Akshat Kaushik,IND,M,,,,1434,3,40,MAY26,2008,
537035940,Akshat Kumar Gupta,IND,M,,,,1500,0,40,MAY26,2010,
33410690,Akshat Kumar Lakhara,IND,M,,,,1686,0,40,MAY26,2010,
25114034,Akshat Negi,IND,M,,,,1828,9,20,MAY26,2002,
45086052,Akshat Pathak,IND,M,,,,1503,0,20,MAY26,2002,i
547019859,Akshat Raj Dangre,IND,M,,,,1513,0,,MAY26,2017,
46655603,Akshat Sharma,IND,M,,,,1509,0,20,MAY26,1999,i
531028977,Akshat Shrivastav,IND,M,,,,1478,0,,MAY26,2013,
429049989,Akshat Singh,IND,M,,,,1638,0,20,MAY26,2006,
531054218,Akshat Singh,IND,M,,,,1536,0,40,MAY26,2008,i
25774492,Akshat Sureka,IND,M,FM,,,2055,8,40,MAY26,2009,
25937189,Akshat Upadhyay,IND,M,,,,1543,0,,MAY26,2010,
5016541,"Akshat, Khamparia",IND,M,IM,"FT,AO,NA",,2206,9,10,MAY26,1989,
5069599,"Akshat, Kumar Bansal",IND,M,,,,1862,0,20,MAY26,1992,i
33418977,Akshath D,IND,M,,,,1444,0,40,MAY26,2014,
35025333,Akshath Sinha,IND,M,,,,1849,0,20,MAY26,2005,i
48759996,Akshath Srinivasan,IND,M,,,,1469,0,,MAY26,2014,
33436126,Akshay A R,IND,M,,,,1765,0,40,MAY26,2009,
25030400,Akshay Anand,IND,M,,,,1905,0,,MAY26,1994,i
25770080,Akshay G,IND,M,,,,1581,0,40,MAY26,2009,i
25167278,Akshay Hiremath,IND,M,,,,1479,5,20,MAY26,1973,
25067737,Akshay Madhusoodhanan,IND,M,,,,1879,0,20,MAY26,1994,i
33455031,Akshay Mohan,IND,M,,,,1605,0,20,MAY26,1998,i
25905201,Akshay Prakash T B,IND,M,,,,1533,0,20,MAY26,2005,i
33407681,Akshay Sharma,IND,M,,,,1639,0,20,MAY26,2004,
547014059,Akshay Shrivastava,IND,M,,,,1626,0,20,MAY26,2006,
25730908,Akshay Sriram,IND,M,,,,1560,0,20,MAY26,2000,i
25020188,Akshay V Halagannavar,IND,M,,NA,,1924,0,20,MAY26,1995,i
531043119,Akshay Viswanathan,IND,M,,,,1649,0,20,MAY26,2004,
429046920,Akshaya G R,IND,F,,,,1415,7,40,MAY26,2015,w
25987720,Akshaya J,IND,F,,,,1522,0,40,MAY26,2010,wi
33411468,Akshaya Narahari,IND,F,,,,1742,0,,MAY26,2014,w
25130340,Akshaya Sathi,IND,F,WCM,WCM,,1720,0,40,MAY26,2010,wi
33418985,Akshaya Vignesh M,IND,M,,,,1627,0,40,MAY26,2014,
5075912,"Akshaya, Nandakumar",IND,F,,NI,,1903,0,20,MAY26,1996,wi
33353913,Akshayakumaran G,IND,M,,,,1497,0,40,MAY26,2008,i
25045750,Akshayalakshmi P,IND,F,,NA,,1495,0,20,MAY26,2002,wi
5012414,"Akshayraj, Kore",IND,M,GM,,,2399,0,10,MAY26,1988,i
33474974,Akshin Chugh,IND,M,,,,1505,0,,MAY26,2010,i
35080954,Akshit Jha,IND,M,,,,1784,0,20,MAY26,2007,i
25137875,Akshit Khera,IND,M,,,,1613,0,,MAY26,2009,
547093706,Akshit Kishore,IND,M,,,,1627,7,20,MAY26,2006,
25097431,Akshit Kumar J,IND,M,CM,,,2016,0,20,MAY26,2003,
547071230,Akshit Narang,IND,M,,,,1484,0,20,MAY26,2003,
88175243,Akshit Rana,IND,M,,,,1535,0,20,MAY26,2007,
531002340,Akshit Sharma,IND,M,,,,1417,15,,MAY26,2011,i
531042180,Akshit Sharma Punjab,IND,M,,,,1443,0,40,MAY26,2011,
33460710,Akshith Done,IND,M,,,,1598,15,40,MAY26,2016,
537021567,Akshith Kadungattil,IND,M,,,,1449,0,40,MAY26,2014,
33498865,Akshith Saravanan,IND,M,,,,2014,11,40,MAY26,2009,
33306320,Akshith Sriram Enadula,IND,M,,,,1590,0,20,MAY26,2002,i
33378703,Akshobhya Damodar Katti,IND,M,CM,,,1890,0,40,MAY26,2008,
25611070,Akshun Punchhi,IND,M,,,,1487,0,40,MAY26,2008,
25728288,Akshy Chander Tripathy,IND,M,,,,1500,0,20,MAY26,1984,
25189603,Akul Anand M,IND,M,,,,1611,0,40,MAY26,2010,i
33340439,Akul Vishruth T,IND,M,,,,1540,0,40,MAY26,2010,i
35077619,Alagappan E,IND,M,,,,1466,0,20,MAY26,1997,i
5009782,"Alaguraja, M.A.",IND,M,,,,1816,0,20,MAY26,1969,i
531017894,Alagusudiksha,IND,F,,,,1432,0,40,MAY26,2015,w
558027416,Alakh,IND,M,,,,1507,0,40,MAY26,2013,
25923706,Alakxya Das,IND,M,,,,1627,0,20,MAY26,2004,i
33402760,Alan Byju,IND,M,,,,1700,0,20,MAY26,2007,
33313296,Alan Danly,IND,M,,,,1739,0,40,MAY26,2009,
25034740,Alan Diviya Raj,IND,M,,,,2071,0,20,MAY26,2003,i
25008226,Alan E,IND,M,,,,1685,0,20,MAY26,1996,i
547056010,Alan Manoj,IND,M,,,,1432,15,,MAY26,2014,
33436134,Alan Pattayil Shajan,IND,M,,,,1924,12,40,MAY26,2012,
33330697,Alana Julieta Menezes Andrade,IND,F,,,,1534,0,40,MAY26,2008,wi
531072844,Alankrit Maheshwari,IND,M,,,,1516,0,40,MAY26,2013,
33377332,Alankrita Sharma,IND,F,,,,1560,0,40,MAY26,2015,wi
33402060,Alankrita Yogesh Belekar,IND,F,,,,1420,0,,MAY26,2012,wi
25798537,Alaukik Sinha,IND,M,,,,1619,0,,MAY26,2011,
46615989,Alaya vella d cruz,IND,F,,,,1561,0,20,MAY26,2006,wi
25198866,Albin Sajan,IND,M,,,,2000,11,40,MAY26,2012,
33436142,Alden John Biju,IND,M,,,,1507,0,40,MAY26,2009,i
33384240,Aleen Giruba R,IND,F,,,,1470,0,40,MAY26,2009,wi
429011396,Aleeza Suzanne Joseph,IND,F,,,,1475,0,40,MAY26,2010,wi
35009044,Alekhya B,IND,F,,,,1650,0,20,MAY26,2003,wi
25600826,Alekhya Mukhopadhyay,IND,M,,,,1923,0,20,MAY26,2007,
88122611,Alen Varghese Ninan,IND,M,,,,1549,0,20,MAY26,1998,i
45013772,Alex C Joy,IND,M,,,,1767,0,20,MAY26,2002,
33495076,Alex Titto Moothedan,IND,M,,,,1461,0,40,MAY26,2009,i
35065629,Alexander P,IND,M,,,,1491,0,20,MAY26,1967,i
45032645,Alfien Jessurun,IND,M,,,,1602,0,20,MAY26,2005,i
33436150,Alfred Joe Johns,IND,M,,,,1560,0,40,MAY26,2012,i
25758241,Alfred Jokelin,IND,M,,,,1521,0,20,MAY26,2006,i
25792334,Ali Amanat,IND,M,,,,1581,0,40,MAY26,2009,i
35091271,Ali Danish,IND,M,,,,1596,0,20,MAY26,1992,i
429039746,Ali Rehman,IND,M,,,,1602,0,40,MAY26,2014,
5006740,"Ali, Arif",IND,M,,,,1982,0,20,MAY26,1969,
48720747,Aligi Amrutha Hemal,IND,F,,,,1568,7,,MAY26,2014,w
48720755,Aligi Riya Hemal,IND,F,,,,1598,9,,MAY26,2012,w
88191877,Alina Thaware,IND,F,,,,1509,0,40,MAY26,2011,wi
46686045,Aliporewala Priyank,IND,M,,,,1683,0,20,MAY26,1990,i
429022240,Alisha Rodrigues,IND,F,,,,1461,0,40,MAY26,2014,w
5019478,"Alka, Das",IND,F,,,,1749,0,20,MAY26,1985,w
33439320,Allada Charan Someswar,IND,M,,,,1574,0,,MAY26,2010,
429000173,Alladi Srivatsan,IND,M,,,,1713,0,40,MAY26,2012,
33361495,Allen B Judwin,IND,M,,,,1540,0,40,MAY26,2008,i
25939343,Allen Jones,IND,M,,,,1574,0,20,MAY26,1988,i
25773135,Allen Varghese,IND,M,,,,1576,0,20,MAY26,2007,i
25105914,Allocious Franklin R,IND,M,,,,1594,0,20,MAY26,2006,i
33325855,Alluri Bhaskara Ratna Shanmukha Reddy,IND,M,,,,1779,0,40,MAY26,2009,
429093457,Alman Abdullah Rashid,IND,M,,,,1444,0,40,MAY26,2012,
25038125,Alok Barman,IND,M,,,,1746,0,20,MAY26,1970,
48779121,Alok Jain,IND,M,,,,1657,0,20,MAY26,1983,i
35077961,Alok Kumar Yadav,IND,M,,,,1804,0,20,MAY26,1988,i
25756036,Alok N Hegde,IND,M,,,,1556,0,20,MAY26,1991,i
25102621,Alok Saxena,IND,M,,,,1448,0,20,MAY26,1980,
25651412,Alok Singh Kshatri,IND,M,,NA,,1557,0,20,MAY26,1988,i
25072765,Alok Sinha,IND,M,,,,2127,0,20,MAY26,2004,
33404348,Alokik Maheshwari,IND,M,,,,1710,7,40,MAY26,2012,
33362734,Alphin Peter Sanjose,IND,M,,,,1488,0,40,MAY26,2009,i
531047700,Alston Boaz Selvaraj,IND,M,,,,1698,0,,MAY26,2005,
429077087,Alston Sabastian,IND,M,,,,1501,0,,MAY26,2012,
46649123,Alur Varun,IND,M,,,,1648,0,20,MAY26,2001,i
25736647,Alvares Sidarth,IND,M,,,,1701,0,20,MAY26,1984,i
531069770,Alvin Johnson,IND,M,,,,1698,0,40,MAY26,2014,
558075470,Alvin Singh Thind,IND,M,,,,1419,0,40,MAY26,2011,
25762265,Alwani Manas,IND,M,,,,1633,8,20,MAY26,2007,
25762273,Alwani Manav,IND,M,,,,1746,0,20,MAY26,2007,
25668129,Alwin Biby,IND,M,,,,1729,0,20,MAY26,1999,i
25150103,Alwin Micheal,IND,M,,,,2081,0,40,MAY26,2013,
48798320,Amaan Abdul Azeez,IND,M,,,,1686,0,40,MAY26,2009,i
558020250,Amaan Anooj,IND,M,,,,1404,0,40,MAY26,2013,
537066226,Amaan Khan,IND,M,,,,1531,5,40,MAY26,2009,
48713252,Amaan Mostahid,IND,M,,,,1517,0,40,MAY26,2013,
25972901,Amaey Abhinit Mittal,IND,M,,,,1411,0,40,MAY26,2011,
25767100,Amaira Mittal,IND,F,,,,1438,0,40,MAY26,2010,wi
46618830,"Amal ,Roozi",IND,M,,,,1830,0,20,MAY26,2004,
88154408,Amal Abishan,IND,M,,,,1598,0,40,MAY26,2014,i
5078261,"Amale, Bharat",IND,M,,NA,,1836,0,,MAY26,1980,i
25610813,Amam Hussain,IND,M,,,,1483,0,20,MAY26,1976,i
33466483,Amam Patel,IND,M,,,,1506,0,40,MAY26,2014,i
25928732,Aman Agarwal,IND,M,,,,1647,0,20,MAY26,1996,i
25974076,Aman Anupama Sumith,IND,M,,,,1823,10,,MAY26,2009,
25632701,Aman Arora,IND,M,,,,1684,0,20,MAY26,1986,
25996312,Aman Balana,IND,M,,,,1790,0,20,MAY26,2006,
33467935,Aman Bhargav,IND,M,,,,1591,0,20,MAY26,2005,
25066064,Aman Chandra,IND,M,,,,1890,0,20,MAY26,1971,i
564034526,Aman Dokania,IND,M,,,,1597,0,20,MAY26,2001,
33370630,Aman Farid N,IND,M,,,,1463,0,20,MAY26,1996,
25751158,Aman George Thomas,IND,M,,,,1500,0,40,MAY26,2011,i
25660322,Aman Kumar,IND,M,,,,1745,0,20,MAY26,2001,
33432295,Aman Kumar,IND,M,,,,1523,0,20,MAY26,2003,i
33391130,Aman Mathew,IND,M,,,,1466,0,40,MAY26,2011,i
531092683,Aman Pravna,IND,M,,,,1426,0,,MAY26,2015,
429024269,Aman Ram Balasankula,IND,M,,,,1450,0,40,MAY26,2013,i
33425450,Aman Sai,IND,M,,,,1618,0,20,MAY26,2000,
45016917,Aman Sharma,IND,M,,,,1797,0,20,MAY26,2004,i
429032016,Aman Shishodia,IND,M,,,,1432,0,,MAY26,2009,
48783366,Aman Singh,IND,M,,,,1485,0,40,MAY26,2010,
25779621,Aman Yadav,IND,M,,,,1535,0,,MAY26,1999,i
33495092,Amanat Farhan S,IND,M,,,,1497,0,40,MAY26,2008,i
48705373,Amanchi Naga Siva Sai Divya,IND,F,,,,1583,0,40,MAY26,2010,w
88183416,Amandu Jignesh,IND,M,,,,1528,0,,MAY26,2014,
33414947,Amanlal A,IND,M,,,,1734,17,40,MAY26,2013,
25923226,Amar Bhandari,IND,M,,FA,,1595,0,20,MAY26,1980,i
25652613,Amar C S,IND,M,,,,1596,0,20,MAY26,1954,
25919938,Amar Suresh Shinde,IND,M,,,,1509,0,,MAY26,1987,
5002443,"Amar, Jyoti Kakoty",IND,M,,,,1635,0,20,MAY26,1990,i
537010492,Amaresh Kumar Hanuman,IND,M,,,,1417,0,,MAY26,1984,
46663860,Amarnath Punna,IND,M,,,,1421,0,20,MAY26,1977,
33483027,Amarnath R,IND,M,,,,1700,9,40,MAY26,2010,
25977890,Amartya Saumitra Gupta,IND,M,,,,2003,9,40,MAY26,2011,
33309027,Amay Jain,IND,M,,,,1654,6,40,MAY26,2014,
547002409,Amay Rajendra,IND,M,,,,1406,0,40,MAY26,2014,
537035606,Amaya Singh,IND,F,,,,1434,5,40,MAY26,2015,w
537043455,Ambapurkar Vighnesh,IND,M,,,,1436,0,40,MAY26,2017,
35045482,Ambar Das,IND,M,,,,1849,0,20,MAY26,1964,i
25018981,Ambareesh. P,IND,M,,,,1792,0,20,MAY26,1998,i
537007246,Ambarish Saha,IND,M,,,,1444,5,40,MAY26,2016,
25076914,Ambarish Sharma,IND,M,,,,2043,0,20,MAY26,2002,
25968831,Ambarish Upadhya,IND,M,,,,1472,16,,MAY26,2012,
25639137,Ambegaonkar Rahul,IND,M,,,,1475,0,20,MAY26,2003,i
547075317,Amber Srivastava,IND,M,,,,1484,0,,MAY26,2011,
577055101,"Amberkar, Yash Nandkishor",IND,M,,,,1408,5,40,MAY26,2009,
5012740,Ambesh,IND,M,,,,1886,0,20,MAY26,1985,i
48764736,Ambika Masagi,IND,F,,,,1611,0,20,MAY26,2000,w
537050664,Ambika Prasad Chanda,IND,M,,,,1487,0,,MAY26,1993,
48786144,Ambika Prasad Dash,IND,M,,,,1452,0,20,MAY26,1970,
33373566,Ambone Shourya,IND,M,,,,1577,0,40,MAY26,2013,
46675426,Ambre Sayali,IND,F,,,,1465,0,20,MAY26,2007,wi
25973975,Ambre Ved,IND,M,,,,1426,0,20,MAY26,2006,i
46620133,Ameen Akbar T A,IND,M,,,,1589,0,20,MAY26,2007,i
577013166,Ameer Nisarahamed Korti,IND,M,,,,1465,0,20,MAY26,1998,
25965735,Ameesh K M,IND,M,,,,1479,0,20,MAY26,2006,i
35059882,Ameet Kumar Dalal,IND,M,,,,1776,0,20,MAY26,1984,i
25079816,Amer Basha Sk,IND,M,,,,1732,0,20,MAY26,1992,
25061232,Amersey Aniruddh,IND,M,,,,1593,0,20,MAY26,1998,i
577050720,"Amesar, Nitesh",IND,M,,,,1681,9,40,MAY26,2008,
33497630,Amey Chowdhury,IND,M,,,,1746,8,,MAY26,2013,
25697170,Amey Goyal,IND,M,,,,1453,0,40,MAY26,2009,
33435987,Ameya A R,IND,F,,,,1667,0,40,MAY26,2012,w
25043455,Ameya Abhay Shrivastava,IND,M,,,,1717,0,20,MAY26,2001,i
25043463,Ameya Godbole,IND,M,,,,1727,0,20,MAY26,2000,i
33415617,Ameya Gupta,IND,F,,,,1578,0,40,MAY26,2014,wi
25985655,Ameya Upasani,IND,M,,,,1615,0,40,MAY26,2011,i
5027322,"Ameya, Chavan",IND,M,,"FI,NA",,2032,0,20,MAY26,1984,i
5046190,"Amir, Asim",IND,M,,,,1931,0,20,MAY26,1996,
46664807,Amisha Arunjay Kumar,IND,F,,,,1581,0,20,MAY26,2002,w
45079870,Amisha Loni,IND,F,,,,1448,0,20,MAY26,2007,wi
558022880,Amishu Gupta,IND,F,,,,1518,2,,MAY26,2012,w
25900480,Amit Ashok Bandekar,IND,M,,,,1444,0,20,MAY26,1982,i
25633210,Amit Bhattrai,IND,M,,,,1584,0,20,MAY26,2000,i
25941356,Amit Dhoundiyal,IND,M,,NA,,1799,10,20,MAY26,2001,
429096251,Amit Hore,IND,M,,,,1587,2,20,MAY26,2001,
146241546,Amit Kaushal,IND,M,,,,1625,0,,MAY26,1979,i
25087843,Amit Kumar Santra,IND,M,,,,1571,6,20,MAY26,1969,
429046602,Amit Kumar Trivedi,IND,M,,,,1482,0,20,MAY26,1978,i
547006919,Amit Mallik,IND,M,,,,1466,4,40,MAY26,2011,
25138685,Amit Mudgundi,IND,M,,,,1466,0,20,MAY26,2001,
46677461,Amit N Pande,IND,M,,,,1609,0,20,MAY26,1995,i
5090245,Amit Panchal,IND,M,,,,1787,0,20,MAY26,1986,
46612076,Amit Saraf,IND,M,,,,1635,0,20,MAY26,1973,
5080878,Amit Sharma,IND,M,,,,1773,0,20,MAY26,1982,i
537027220,Amit Singh Chouhan,IND,M,,,,1582,0,40,MAY26,2012,
531046444,Amit Verma,IND,M,,,,1641,0,20,MAY26,1984,
5036216,"Amit, Soman",IND,M,,,,1775,0,20,MAY26,1993,i
5034302,"Amit, Sukhpal",IND,M,,,,1901,0,20,MAY26,1995,i
25174118,Amitabh Jain,IND,M,,,,1465,0,20,MAY26,2005,
5017920,"Amitabh, Chourasia",IND,M,,,,1887,0,20,MAY26,1983,i
33422664,Amitav Harshal Ramteke,IND,M,,,,1561,0,40,MAY26,2010,i
45058954,Amitava Bandyopadhyay,IND,M,,,,1428,0,20,MAY26,1954,i
48747882,Amith John George,IND,M,,,,1448,0,40,MAY26,2012,
33485100,Amitoj Singh Sabharwal,IND,M,,,,1512,0,20,MAY26,1997,i
429094615,Amitoj Singh Saluja,IND,M,,,,1410,0,40,MAY26,2010,
5012899,"Amitpal, Singh",IND,M,CM,,,2072,0,20,MAY26,1980,i
88131874,Amitrajit Kundu,IND,M,,,,1519,5,,MAY26,2017,
88195759,Amittej Kalia,IND,M,,,,1790,0,,MAY26,2013,
33367825,Amiyanshu Bhowal,IND,M,,,,1627,0,40,MAY26,2011,
25090267,Amlan Mahanta,IND,M,,,,1853,0,20,MAY26,2000,
46695788,Ammar Habib,IND,M,,,,1632,0,20,MAY26,1993,i
88171930,Ammar Sajjidali Shaikh,IND,M,,,,1515,0,20,MAY26,2004,i
33388857,Ammar Simab,IND,M,,,,1631,0,40,MAY26,2012,
46664637,Ammineni Uday Kumar,IND,M,,IA,,1583,0,20,MAY26,1996,
5084350,Amoga Vigram P,IND,M,,,,1539,0,20,MAY26,2000,i
88119360,Amogh Agrawal,IND,M,,,,1760,0,40,MAY26,2013,
25906127,Amogh Ashokkumar Suragihalli,IND,M,,,,1545,0,40,MAY26,2011,i
25690035,Amogh Bisht,IND,M,,,,1568,0,40,MAY26,2011,i
33412588,Amogh Desai,IND,M,,,,1520,0,40,MAY26,2010,i
429004209,Amogh G Sastry,IND,M,,,,1423,0,40,MAY26,2012,
33362629,Amogh Gupta,IND,M,,,,1822,0,40,MAY26,2008,i
45060053,Amogh Kannan,IND,M,,,,1527,0,20,MAY26,2002,i
537084097,Amogh Laroia,IND,M,,,,1521,0,40,MAY26,2013,
45079889,Amogh Manohar,IND,M,,,,1529,0,20,MAY26,2000,i
33436185,Amogh Pradeep,IND,M,,,,1499,0,,MAY26,2013,i
531059937,Amogh Reddy Kakarla,IND,M,,,,1488,0,,MAY26,2015,
5046246,"Amogh S, Namshiker",IND,M,,,,1823,0,20,MAY26,1980,i
33440166,Amogh Tripathy,IND,M,,,,1533,0,40,MAY26,2011,i
5079969,Amogha H A,IND,M,,,,1953,0,20,MAY26,1997,i
48756598,Amogha V N,IND,M,,,,1516,0,40,MAY26,2008,
25009133,Amol Baliram Adelkar,IND,M,,,,1478,0,20,MAY26,1984,
547019492,Amol Das Goswami,IND,M,,,,1520,0,40,MAY26,2012,
88172490,Amol Mankar,IND,M,,,,1475,0,20,MAY26,1980,i
537073656,Amol Subhashrao Pawar,IND,M,,,,1544,0,20,MAY26,1986,
25687352,Amolika Subhash,IND,F,,,,1467,0,40,MAY26,2008,wi
25641905,Amoolya Subhash,IND,F,,,,1515,0,20,MAY26,2002,wi
45077436,Amos Georgelal,IND,M,,,,1564,0,20,MAY26,2002,i
25956485,Amrish Ambadas Tallu,IND,M,,IA,,1512,0,20,MAY26,1994,i
33476420,Amrit Jeirath,IND,F,,,,1621,0,20,MAY26,2006,wi
25130145,Amrit Raj,IND,M,,,,1473,0,,MAY26,1990,i
25710389,Amrit Raunak,IND,M,,,,1627,0,20,MAY26,2007,
88175715,Amritesh Upadhyay,IND,M,,,,1587,0,40,MAY26,2010,
88132706,Amrith Sakalabhaktula,IND,M,,,,1488,0,40,MAY26,2010,i
33450641,Amrithavarshan Prasanth Pillai,IND,M,,,,1482,0,40,MAY26,2012,i
25072773,Amrutansu Bhatta,IND,M,,,,1464,0,20,MAY26,2003,
25987860,Amrutha Bhagavatula,IND,F,,,,1433,0,20,MAY26,2007,w
25798642,Amrutha Lakshmi Pilli,IND,F,,,,1497,0,20,MAY26,2005,wi
25927434,Amrutha Varshini Damisetty,IND,F,,,,1673,0,40,MAY26,2009,wi
25683896,Amulya Guruprasad,IND,F,WFM,WFM,,1860,0,40,MAY26,2008,wi
33422524,Amulyaa Vikas Chaudhari,IND,F,,,,1430,0,40,MAY26,2013,wi
547056339,AN Jihan Pradhan,IND,M,,,,1497,8,40,MAY26,2012,
537021125,Anaaya Lodha,IND,F,,,,1459,0,40,MAY26,2015,w
25149750,Anabil Goswami,IND,M,,,,1653,0,20,MAY26,2005,
45017905,Anadkat Kartavya,IND,M,,,,2213,8,20,MAY26,2004,
33327327,Anagani Sasank,IND,M,,,,1727,0,40,MAY26,2013,
48723355,Anagha Abhinav Krishna,IND,F,,,,1544,0,,MAY26,2010,wi
45077460,Anagha Arun,IND,F,,,,1423,0,20,MAY26,2003,wi
45033498,Anagha K G R,IND,F,,,,1522,0,40,MAY26,2008,wi
25608762,Anahita Verma,IND,F,,,,1690,0,40,MAY26,2008,wi
25724860,Anaidaa Santosh,IND,F,,,,1536,0,20,MAY26,2003,wi
25693620,Anaishaa Pinkesh Nahar,IND,F,,,,1479,0,40,MAY26,2011,w
5080975,"Anam,Alpesh Laxmikant",IND,M,,,,1851,0,20,MAY26,1979,i
429081211,Anand Athialy,IND,M,,,,1494,0,20,MAY26,2005,
25015281,Anand D B,IND,M,,,,1588,0,20,MAY26,1981,i
25081012,Anand Joseph,IND,M,,,,1541,0,20,MAY26,1996,
531048447,Anand Kumar M,IND,M,,,,1488,0,20,MAY26,1997,
531096832,Anand Kumar Yadav,IND,M,,,,1626,9,40,MAY26,2009,
577015410,"Anand Kumar, Parama Sivan",IND,M,,,,1444,5,40,MAY26,1986,
5095972,Anand Kurtiker,IND,M,,,,1518,0,20,MAY26,1979,i
45087644,Anand M P,IND,M,,,,1647,0,20,MAY26,1996,i
25009141,Anand Nadar,IND,M,IM,,,2247,0,20,MAY26,2001,i
25054155,Anand R,IND,M,,,,1724,0,20,MAY26,1996,i
5036224,Anand Raj S,IND,M,,,,2074,0,20,MAY26,1994,i
33319472,Anand Shekhar,IND,M,,NA,,1605,0,20,MAY26,2002,
33440409,Anand Singh Kushwah,IND,M,,,,1597,0,,MAY26,2011,
531050310,Anand Vijeyakumar,IND,M,,,,1455,0,20,MAY26,1988,
25093355,Anand Vittal T R,IND,M,,,,1727,0,20,MAY26,1991,i
30953553,"Anand, Nandhitha",IND,F,,,,1536,0,20,MAY26,2007,wi
5045290,"Anand, Sivasankar A",IND,M,,,,1908,0,20,MAY26,1983,i
5000017,"Anand, Viswanathan",IND,M,GM,,,2704,0,10,MAY26,1969,
547020431,Ananda Vinayagam,IND,M,,,,1410,0,20,MAY26,1998,i
5064155,"Ananda, Subramaniam",IND,M,,,,1737,0,20,MAY26,1993,i
45044988,Anandan Dayalan,IND,M,,,,1665,0,20,MAY26,1991,i
46673644,Anandan Ranganadan,IND,M,,,,1563,0,20,MAY26,1993,i
25961438,Anandha Kumar K,IND,M,,,,1579,0,20,MAY26,1992,i
25644980,Anandha Kumar S,IND,M,,,,1561,0,20,MAY26,1993,i
25033344,Anandha Venkatesan,IND,M,,,,1764,0,20,MAY26,2002,i
25772490,Anandhi P,IND,F,,,,1604,0,40,MAY26,2011,w
25735918,Anandraj V S,IND,M,,,,1533,0,20,MAY26,2005,i
33364591,Ananga Harsha Borthakur,IND,M,,,,1588,0,40,MAY26,2009,i
45050112,Anannth Varun R,IND,M,,,,1870,0,20,MAY26,2003,i
429099552,Anant A V,IND,M,,,,1618,0,40,MAY26,2012,
537063596,Anant Agarwal,IND,M,,,,1430,0,40,MAY26,2011,
537026704,Anant Chaudhary,IND,M,,,,1473,0,40,MAY26,2011,i
537028464,Anant Goel,IND,M,,,,1478,6,40,MAY26,2015,
537028375,Anant Mattha,IND,M,,,,1725,0,40,MAY26,2011,
88172538,Anant Padmanabhan Ratheesh Sunitha,IND,M,,,,1425,0,40,MAY26,2010,i
33469008,Anant Panwar,IND,M,,NA,,1623,0,20,MAY26,2001,i
5084377,Anant Prabhudesai,IND,M,,,,1867,0,20,MAY26,2001,i
547009047,Anant Saini,IND,M,,,,1499,0,40,MAY26,2011,i
25182820,Anantajit Seal,IND,M,,,,1705,0,40,MAY26,2012,
46624481,Ananth Ramdas,IND,M,,,,1578,0,40,MAY26,2008,i
25983059,Ananth Sriram,IND,M,,,,1493,0,40,MAY26,2011,i
5017521,"Ananth, R.",IND,M,,,,2015,0,20,MAY26,1990,i
25605836,Anantha Krishnan K,IND,M,,,,1431,0,20,MAY26,2002,i
25173952,Anantha Narayan,IND,M,,,,1476,0,40,MAY26,2011,i
25743546,Ananthakrishna R,IND,M,,,,1584,0,40,MAY26,2009,i
25696840,Ananthanarayan K,IND,M,,,,1404,0,20,MAY26,1971,i
46630163,Ananthapadmanabh D V,IND,M,,,,1849,0,20,MAY26,2005,i
5066794,"Anantharam, R U",IND,M,,,,1828,0,20,MAY26,1999,
33347190,Ananthnarayan,IND,M,,,,1940,0,40,MAY26,2010,
577021118,Anany Pratyush,IND,M,,,,1507,7,20,MAY26,2006,
429048222,Ananya Anthuvan Xavier Selvaraj,IND,F,,,,1440,0,40,MAY26,2015,wi
531034500,Ananya Anuj,IND,F,,,,1432,5,40,MAY26,2011,w
45012261,Ananya Bothra,IND,F,,,,1608,0,20,MAY26,2002,wi
33383308,Ananya Mishra,IND,F,,,,1449,0,40,MAY26,2014,wi
25743457,Ananya Raman,IND,F,WCM,WCM,,1751,0,40,MAY26,2009,w
35011731,Ananya Rishi Gupta,IND,F,WCM,WCM,,1920,0,20,MAY26,2004,wi
531000622,Ananya V S,IND,F,,,,1435,0,40,MAY26,2011,w
25004450,"Ananya, Suresh",IND,F,WCM,WCM,,1902,0,20,MAY26,2000,wi
366109288,"Anas, Yaseen",IND,M,,,,1473,0,,MAY26,2012,
531068677,Anay Brijesh Ved,IND,M,,,,1471,0,40,MAY26,2012,
531024742,Anay Goel,IND,M,,,,1455,0,40,MAY26,2010,
33424128,Anay Gupta,IND,M,,,,1517,0,40,MAY26,2014,
531096255,Anay Jaiprakash Ghuge,IND,M,,,,1446,0,40,MAY26,2011,
429076609,Anay Popli,IND,M,,,,1473,0,40,MAY26,2013,
88131254,Anay Saraf,IND,M,,,,1500,0,40,MAY26,2011,
33491666,Anay Tiwari,IND,M,,,,1551,4,,MAY26,2013,
558022945,Anaya Neogi,IND,F,,,,1498,0,40,MAY26,2014,w
531000630,Anaya Sharma,IND,F,,,,1519,0,40,MAY26,2017,w
33460361,Anbit Banerjee,IND,M,,,,1589,0,40,MAY26,2011,
25709119,Anbu Selvan Petchimuthu,IND,M,,,,1678,0,40,MAY26,2009,
5069610,"Anchal, Rastogi",IND,M,,,,1798,0,20,MAY26,1983,
25664085,Anchit Ajeet Naik,IND,M,,,,1428,0,20,MAY26,2007,i
547014342,Anchit Kashyap,IND,M,,,,1467,0,40,MAY26,2014,
5083230,Anchit Vyas,IND,M,,,,1965,0,20,MAY26,1996,i
25119923,Andabatla Satvik,IND,M,,,,1845,0,40,MAY26,2011,
33315957,Andalamala Hemal Varshan,IND,M,,,,1885,0,40,MAY26,2013,
25762281,Andhere Omkar,IND,M,,,,1549,0,,MAY26,2004,i
531071880,Andor P,IND,M,,,,1613,0,20,MAY26,2006,i
547021462,Andrew Joseph,IND,M,,,,1436,0,40,MAY26,2015,
33369240,Andrey Shervin V S,IND,M,,,,1595,0,40,MAY26,2011,i
33479089,Andria Bhattacharya,IND,F,,,,1760,0,40,MAY26,2012,w
5066808,"Andria, L D`souza",IND,F,,,,1850,0,20,MAY26,1998,wi
25076930,Aneek Das,IND,M,,,,1843,0,20,MAY26,2001,i
33300135,Aneesh Adiga,IND,M,,,,1877,0,40,MAY26,2009,
25951742,Aneesh Krishna S,IND,M,,,,1786,0,,MAY26,2007,
25907026,Aneesh S C,IND,M,,,,1649,0,,MAY26,2011,
46610260,Aneesha Sathish,IND,F,,,,1568,0,20,MAY26,1999,wi
88128954,Aneya Kopardekar,IND,M,,,,1434,0,40,MAY26,2011,
33427828,Angad Chanda,IND,M,,,,1488,0,40,MAY26,2009,
25986350,Angad Raj Khanna,IND,M,,,,1530,7,40,MAY26,2009,
45041016,Angad Singh Bedi,IND,M,,,,1492,0,20,MAY26,2004,
48759660,Angada H P,IND,M,,,,1985,10,40,MAY26,2012,
558027408,Angel Makhija,IND,F,,,,1451,0,40,MAY26,2013,w
33483833,Angelina George,IND,F,,,,1484,0,,MAY26,2012,wi
25761196,Angelo Lijo,IND,M,,,,1548,0,40,MAY26,2010,
25730002,Angle Vedant,IND,M,,,,1492,0,40,MAY26,2010,i
429018064,Angshuk Chakraborty,IND,M,,,,1477,4,40,MAY26,2014,
88168646,Angshuman Debnath,IND,M,,,,1581,0,40,MAY26,2012,i
537007114,Angshuman Patra,IND,M,,,,1619,0,40,MAY26,2015,
45070474,Angshuman Rajkonwar,IND,M,,,,1629,0,20,MAY26,2001,i
25731165,Angu Hari Karthick M,IND,M,,,,1494,0,20,MAY26,2007,i
46668330,Anguselvam A,IND,M,,,,1548,0,20,MAY26,1994,i
35007165,Anhat Singh,IND,M,,,,1573,0,20,MAY26,2004,i
5093384,Anigani Kavya,IND,F,,,,1926,0,20,MAY26,1999,wi
429019567,Anika Bhagat,IND,F,,,,1425,0,40,MAY26,2013,w
564019144,Anika Goel,IND,F,,,,1482,0,40,MAY26,2015,w
537063995,Anika Gurtu,IND,F,,,,1454,0,40,MAY26,2014,w
537097822,Anika Iyer,IND,F,,,,1551,0,40,MAY26,2012,w
429082641,Anika Reddy Goluguri,IND,F,,,,1417,0,,MAY26,2016,wi
25143697,Aniket Bhagwan Ubale,IND,M,,,,1530,0,20,MAY26,1985,i
88138100,Aniket Bhuniya,IND,M,,,,1417,6,,MAY26,1999,
25947630,Aniket Chatterjee,IND,M,,,,1500,0,20,MAY26,2004,i
48766526,Aniket Das,IND,M,,,,1811,8,40,MAY26,2016,
46679081,Aniket Datta Prabhu,IND,M,,,,1542,0,20,MAY26,2001,i
25962663,Aniket Dhande,IND,M,,,,1471,0,20,MAY26,2006,i
25141104,Aniket Kailas Joshi,IND,M,,,,1443,0,20,MAY26,1997,i
33331928,Aniket Mohapatra,IND,M,,,,1620,0,20,MAY26,2007,i
45045755,Aniket Mukherjee,IND,M,,,,1610,0,20,MAY26,1992,i
25953133,Aniket Narayan Biswas,IND,M,,,,1826,0,20,MAY26,2005,i
25791001,Aniket Pawar,IND,M,,,,1476,0,20,MAY26,1999,
25985582,Aniket Ranjan,IND,M,,,,1887,0,20,MAY26,2007,
45060789,Aniket Thakkar,IND,M,,,,1652,0,20,MAY26,2001,i
33494975,Aniket Verma,IND,M,,,,1570,0,20,MAY26,2007,i
48760242,Aniket Verma,IND,M,,,,1481,0,20,MAY26,2001,
537021133,Aniketh Chikkalli,IND,M,,,,1421,0,40,MAY26,2013,i
537001906,Aniketh G Kundar,IND,M,,,,1425,7,,MAY26,2012,
429041198,Aniketh R Bhat,IND,M,,,,1559,0,40,MAY26,2011,i
531023304,Aniketh Ruthvik,IND,M,,,,1518,0,,MAY26,2016,i
537030779,Aniketh Sailesh,IND,M,,,,1572,5,40,MAY26,2015,
25119559,Aniketh Singh,IND,M,,,,1439,0,20,MAY26,2006,i
25177613,Anil Dash,IND,M,,,,1573,0,20,MAY26,1997,
429051509,Anil Gera,IND,M,,,,1423,0,20,MAY26,1968,
25629450,Anil Kumar B S,IND,M,,,,1425,0,20,MAY26,1966,i
531050832,Anil Kumar Bhattacharjee,IND,M,,,,1567,0,20,MAY26,1969,
547096896,Anil Kumar Chaurasia,IND,M,,,,1466,0,20,MAY26,1990,
25750747,Anil Kumar G,IND,M,,,,1629,0,20,MAY26,1990,
88104192,Anil Kumar Pujari,IND,M,,,,1543,0,20,MAY26,1983,
25719025,Anil M,IND,M,,,,1597,0,20,MAY26,1974,i
25005383,Anil Prasad,IND,M,,,,1660,0,20,MAY26,1984,i
25009150,Anil Sandanshi,IND,M,,,,1728,0,20,MAY26,1969,i
25612085,Anil Singh,IND,M,,,,1495,0,20,MAY26,1990,i
45085188,Anilkumar Reddy Kasireddy,IND,M,,,,1663,0,20,MAY26,1987,i
5000190,"Anilkumar, N R",IND,M,,,,2245,0,20,MAY26,1957,i
5017530,"Anilkumar, O.T.",IND,M,FM,,,1930,11,20,MAY26,1963,
547091649,Animesh Kumar Choudhury,IND,M,,,,1510,0,20,MAY26,1999,
25902733,Animesh Singh Chauhan,IND,M,,,,1581,0,20,MAY26,2003,
48753637,Animesh Yadav,IND,M,,,,1458,0,40,MAY26,2015,
537056506,Anindita Khanikar,IND,F,,,,1492,0,40,MAY26,2015,w
25981757,Anindita Misra,IND,F,,,,1440,0,40,MAY26,2009,wi
88122670,Anindita Mondal,IND,F,,,,1461,3,40,MAY26,2013,w
429098793,Anindita Roy,IND,F,,,,1443,0,40,MAY26,2011,w
25039210,Anirban Basu,IND,M,,,,1629,0,20,MAY26,1974,i
25107372,Anirban Das,IND,M,,,,1641,0,40,MAY26,2008,
25789961,Anirban Mondal,IND,M,,,,1689,5,40,MAY26,2011,
33354103,Anirban Pahari,IND,M,,,,1493,3,20,MAY26,2003,
33311781,Anirban Patra,IND,M,,,,1599,0,40,MAY26,2012,
25625446,Anirud Nandakumar,IND,M,,,,1477,0,20,MAY26,2003,i
25618563,Aniruddh B,IND,M,,,,1491,0,40,MAY26,2009,i
35076060,Aniruddh Chatterjee,IND,M,,,,2034,0,20,MAY26,2005,
25054163,Aniruddh Venkata Krishnan,IND,M,,,,1698,0,20,MAY26,1996,i
88155080,Aniruddha Kumar,IND,M,,,,1476,0,20,MAY26,2005,i
564034143,Aniruddha Mukherjee,IND,M,,,,1545,0,40,MAY26,2018,
33324590,Anirudh Anand,IND,M,,,,1564,0,40,MAY26,2013,i
25643665,Anirudh B,IND,M,,,,1615,0,20,MAY26,2004,i
35082124,Anirudh D Venkat,IND,M,,,,1634,0,20,MAY26,2001,i
25697013,Anirudh Daga,IND,M,,,,1906,0,40,MAY26,2008,i
25921711,Anirudh Dattatreyarao Dasari,IND,M,,,,1451,0,40,MAY26,2011,
45021112,Anirudh Jain,IND,M,,,,1698,0,20,MAY26,2004,i
45067163,Anirudh Jain,IND,M,,,,1448,0,20,MAY26,2007,i
88109755,Anirudh Kiran,IND,M,,,,1479,0,,MAY26,2014,i
88128962,Anirudh Kokate,IND,M,,,,1579,0,20,MAY26,2003,i
25158422,Anirudh Maheshwari,IND,M,,,,1616,0,40,MAY26,2008,i
25956264,Anirudh More,IND,M,,,,1569,0,20,MAY26,1989,i
429078105,Anirudh Narendran,IND,M,,,,1660,8,20,MAY26,2005,
33394393,Anirudh P B,IND,M,,,,1413,0,40,MAY26,2012,i
25775677,Anirudh R,IND,M,,,,1689,9,40,MAY26,2008,
45013306,Anirudh R S,IND,M,,,,1402,0,20,MAY26,2003,i
25769413,Anirudh Rajan P,IND,M,,,,1677,0,20,MAY26,2007,i
429043310,Anirudh Ramesh,IND,M,,,,1416,0,40,MAY26,2009,i
25961454,Anirudh S S,IND,M,,,,1605,0,,MAY26,2004,
25681010,Anirudh Sai Krishna,IND,M,,,,1812,0,20,MAY26,2004,i
25715658,Anirudh Satish,IND,M,,,,1495,0,,MAY26,2010,i
25754815,Anirudh Shaji Nair,IND,M,,,,1495,0,20,MAY26,2005,i
46632387,Anirudh Shiva S,IND,M,,,,1626,0,20,MAY26,1999,
48762776,Anirudh Subramanian,IND,M,,,,1471,0,40,MAY26,2009,i
88170535,Anirudh Varadhan Srinivasan,IND,M,,,,1530,0,40,MAY26,2013,i
45003033,Anirudh Venkat Ramesh Kumar,IND,M,,,,1701,0,,MAY26,2005,i
5026679,"Anirudh, Singh Negi",IND,M,,,,1906,0,20,MAY26,1994,i
88108104,Aniruth E S,IND,M,,,,1521,0,40,MAY26,2016,i
25039229,Anirvan Choudhuri,IND,M,,,,1701,0,20,MAY26,1995,i
35072765,Anish A,IND,M,,,,1596,0,20,MAY26,1998,i
429014336,Anish Abhijeet Jawalkar,IND,M,,,,1495,0,40,MAY26,2017,
25982320,Anish Goswami,IND,M,,,,1711,0,40,MAY26,2011,
33477230,Anish K,IND,M,,,,1526,8,40,MAY26,2014,
25030418,Anish Naik,IND,M,,FA,,1693,10,20,MAY26,2000,
547004266,Anish Panda,IND,M,,,,1477,0,40,MAY26,2011,
33371075,Anish Ramkumar,IND,M,,,,2034,9,40,MAY26,2013,
45012369,Anish Rooj,IND,M,,,,1723,0,20,MAY26,2005,i
25796976,Anish Roshan Dhakne,IND,M,,,,1483,0,20,MAY26,2005,
88135489,Anish Shanmukha Sai P,IND,M,,,,1432,0,40,MAY26,2012,i
25927108,Anish Vaman Khorjuenkar,IND,M,,,,1587,0,40,MAY26,2009,
33493782,Anisha Acharya,IND,F,,,,1448,0,40,MAY26,2015,w
25130382,Anisha H Devadiga,IND,F,,,,1654,0,40,MAY26,2011,wi
33483949,Anishka Biyani,IND,F,,,,1428,0,40,MAY26,2016,w
25693832,Anishka Pandey,IND,F,,,,1520,0,40,MAY26,2009,wi
45013314,Anishka Vikram,IND,F,WCM,WCM,,1949,9,20,MAY26,2007,w
66602157,Anissa Das,IND,F,,,,1438,0,40,MAY26,2008,wi
25067052,Anita Bharathi A S E,IND,F,,,,1578,0,20,MAY26,1999,wi
531017690,Anjal Chanda,IND,M,,,,1506,0,40,MAY26,2013,
5007089,Anjali R. Sagar,IND,F,,,,1670,9,20,MAY26,1970,w
33492840,Anjali Shrivastava,IND,F,,,,1490,1,40,MAY26,2015,w
25611496,Anjana A,IND,F,,,,1658,17,40,MAY26,2011,w
537001612,Anjana Balabharathi,IND,F,,,,1442,0,40,MAY26,2012,w
5046424,"Anjana Krishna, S",IND,F,,,,1937,0,20,MAY26,1995,wi
25027727,Anjana S G,IND,F,,,,1560,0,20,MAY26,1999,wi
537038567,Anjaneya Sahu,IND,M,,,,1430,0,20,MAY26,1993,
25935372,Anjaneyulu,IND,M,,,,1539,0,,MAY26,1992,i
547018836,Anjani Kumar Hazari,IND,M,,,,1554,0,20,MAY26,1992,
46654119,Anjitha Krishnakumar,IND,F,,,,1687,0,20,MAY26,2005,wi
33348413,Anjum Shafiq Khan,IND,M,,,,1598,0,20,MAY26,1977,i
45065721,Ankan Saha,IND,M,,,,1645,0,20,MAY26,2003,i
46606718,Ankel Gautam,IND,M,,,,1576,0,20,MAY26,1996,i
33422672,Ankesh Chatrapal Chopde,IND,M,,,,1663,0,20,MAY26,2000,
33327483,Ankipan Kalita,IND,M,,,,1447,0,40,MAY26,2011,i
564033031,Ankit Arora,IND,M,,,,1514,5,20,MAY26,1985,
88110664,Ankit Arun,IND,M,,,,1491,0,40,MAY26,2015,i
25704869,Ankit Basumatary,IND,M,,,,1484,0,40,MAY26,2009,i
35042106,Ankit Bhattacharya,IND,M,,,,1674,0,,MAY26,2002,i
46627391,Ankit Chatterjee,IND,M,,,,1517,0,20,MAY26,2003,i
48727563,Ankit Chhabra,IND,M,,,,1502,0,20,MAY26,1988,
48705217,Ankit Ganguly,IND,M,,,,1754,0,40,MAY26,2012,
46604995,Ankit Garg,IND,M,,,,1603,0,20,MAY26,1995,
25939670,Ankit Kumar,IND,M,,,,1579,0,20,MAY26,1999,i
429067847,Ankit Kumar,IND,M,,,,1516,0,20,MAY26,1997,
45077533,Ankit Kumar Singh (hdca),IND,M,,,,1563,0,20,MAY26,1995,i
5046483,"Ankit Kumar, Singh",IND,M,,,,1851,0,20,MAY26,1998,i
558004211,Ankit Mishra,IND,M,,,,1475,0,20,MAY26,2003,
46694528,Ankit Payal,IND,M,,,,1728,0,20,MAY26,1990,i
46696997,Ankit Raj,IND,M,,,,1663,0,,MAY26,2000,i
25770624,Ankit Ray,IND,M,FM,,,2093,0,40,MAY26,2009,
48709590,Ankit Saha,IND,M,,,,1557,5,,MAY26,2016,
46617256,Ankit Sen,IND,M,,,,1791,0,20,MAY26,1997,
33422680,Ankit Shekanna Bhingewar,IND,M,,,,1492,0,20,MAY26,1992,i
25633236,Ankit Upadhyay,IND,M,,,,1623,0,20,MAY26,2000,i
5024714,"Ankit, Dalal",IND,M,,,,1716,0,,MAY26,1984,
5023335,"Ankit, R. Rajpara",IND,M,GM,FT,,2447,0,10,MAY26,1994,i
33494851,Ankita Raj,IND,F,,,,1400,0,,MAY26,2016,wi
25638661,Ankita Sahoo,IND,F,,,,1489,0,40,MAY26,2009,wi
429096057,Ankita Sahu,IND,F,,,,1537,5,40,MAY26,2015,w
33451940,Ankita Sarkar,IND,F,,,,1520,0,40,MAY26,2013,w
25121944,Ankith Arun Aswath,IND,M,,,,1532,0,,MAY26,2004,
25916238,Ankith K S,IND,M,,,,1504,0,40,MAY26,2008,i
35036270,Ankitha Goud Palle,IND,F,WCM,WCM,,1929,0,20,MAY26,1998,wi
25740636,Ankur Agarwal,IND,M,,,,1467,0,20,MAY26,2007,i
48729132,Ankur Garg,IND,M,,NI,,1496,0,20,MAY26,1982,
25033352,Ankur Mahesh Gokhale,IND,M,,,,1863,0,20,MAY26,2002,i
537062743,Ankush Haloi,IND,M,,,,1412,0,40,MAY26,2013,
537010301,Ankush Kumar,IND,M,,NA,,1458,0,20,MAY26,2003,
25639617,Ankush Kumar Singh,IND,M,,,,1572,0,20,MAY26,2003,i
429082145,Ankush Raj,IND,M,,,,1434,0,40,MAY26,2013,
33484716,Anmay Arora,IND,M,,,,1579,0,40,MAY26,2012,
537023802,Anmay Chander Bidhan,IND,M,,,,1451,0,40,MAY26,2014,
5084636,Anmol Agarwal,IND,M,,,,1702,0,20,MAY26,2000,i
25902261,Anmol Degwekar,IND,M,,,,1495,0,20,MAY26,1995,i
25111701,Anmol Dhakre,IND,M,,,,1540,0,20,MAY26,2007,i
25053655,Anmol Gupta,IND,M,,,,1800,0,20,MAY26,1999,i
88186695,Anmol Murarka,IND,M,,,,1549,0,20,MAY26,2007,i
558018670,Anmol Patel,IND,M,,,,1473,0,,MAY26,2010,
45091439,Anmol Rattan,IND,M,,,,1450,0,20,MAY26,2004,i
48783056,Anmol Rockwill Dsouza,IND,M,,,,1549,6,40,MAY26,2012,
25065475,Annadurai C,IND,M,,,,1699,0,20,MAY26,1971,i
88134342,Annamalai Pheriyakaruppan P,IND,M,,,,1461,6,,MAY26,2012,
537011022,Annant Jeet,IND,M,,,,1595,0,40,MAY26,2014,
531044549,Annanya Chinta,IND,F,,,,1543,0,40,MAY26,2015,w
45025045,Annapurni S,IND,F,,,,1631,0,20,MAY26,2003,wi
88173127,Annepu Sashank,IND,M,,,,1452,0,,MAY26,2017,
25043226,Annie Gladys A,IND,F,,,,1708,0,20,MAY26,1999,wi
88114015,Annie Joy R,IND,F,,,,1488,0,40,MAY26,2014,wi
66602149,Annika Das,IND,F,,,,1552,0,20,MAY26,2004,wi
48718548,Annliya Sajan,IND,F,,,,1486,0,40,MAY26,2014,w
48725714,Anointah A,IND,F,,,,1514,6,,MAY26,2016,w
25736485,Anoop K B,IND,M,,,,1612,0,20,MAY26,1993,i
35002368,Anoop P,IND,M,,,,1616,0,20,MAY26,1991,
5016827,"Anoop, Jayaraj",IND,M,,,,1834,0,20,MAY26,1983,i
25156446,Ansaf Sadik Muhammed,IND,M,,,,1481,0,,MAY26,2009,i
25705423,Ansari Abdul Rashid,IND,M,,,,1541,0,20,MAY26,1951,i
5036801,"Ansari, Mohd Athar Dr",IND,M,,,,2179,0,20,MAY26,0,i
45034842,Ansarul Haque R V,IND,M,,NA,,1478,3,20,MAY26,1996,
429019753,Ansh,IND,M,,,,1436,2,20,MAY26,2000,
33369500,Ansh Abishek Nair,IND,M,,,,1461,0,40,MAY26,2010,
45041075,Ansh Batra,IND,M,,,,1539,0,20,MAY26,2006,i
25799460,Ansh Bhargava,IND,M,,,,1746,0,20,MAY26,2003,
531064779,Ansh Dadhich,IND,M,,,,1449,0,,MAY26,2018,
547093854,Ansh Gaggar,IND,M,,,,1429,0,40,MAY26,2012,
531047742,Ansh Hitesh Sharma,IND,M,,,,1466,0,40,MAY26,2013,
577021304,Ansh Jain,IND,M,,,,1538,0,40,MAY26,2012,
547003898,Ansh Javla,IND,M,,,,1448,0,40,MAY26,2011,
429010349,Ansh Kabra,IND,M,,,,1763,9,40,MAY26,2016,
25941240,Ansh Katyayan,IND,M,,,,1457,0,20,MAY26,2005,i
25721950,Ansh Kumar,IND,M,,,,1709,0,20,MAY26,2006,
25033379,Ansh M Shah,IND,M,,,,2065,0,20,MAY26,2002,i
558017291,Ansh Mirav Prajapati,IND,M,,,,1601,6,40,MAY26,2011,
564035506,Ansh Saurav Mishra,IND,M,,,,1420,0,40,MAY26,2015,
33403821,Ansh Setia,IND,M,,,,1589,0,40,MAY26,2011,
537023675,Ansh Sheth,IND,M,,,,1546,0,40,MAY26,2010,
547094230,Ansh Singh,IND,M,,,,1548,0,40,MAY26,2008,
88158942,Ansh Sunilkumar Maheshwari,IND,M,,,,1765,8,40,MAY26,2012,
33415110,Anshel Sanjith Arun,IND,M,,,,1504,0,40,MAY26,2011,i
33432325,Anshik Chakraborty,IND,M,,,,1542,0,,MAY26,2009,i
25111825,Anshika Dongre,IND,F,,,,1605,0,40,MAY26,2012,w
48753645,Anshit Dad,IND,M,,,,1694,0,40,MAY26,2015,
25901788,Anshiv Raj,IND,M,,,,1627,0,40,MAY26,2011,
531043917,Anshu Kinkar Goswami,IND,M,,,,1435,0,40,MAY26,2012,
25764861,Anshul Bhardwaj,IND,M,,,,1551,0,,MAY26,1998,
45075123,Anshul D Baswanti,IND,M,,,,1540,0,40,MAY26,2008,i
25036262,Anshul Kaushik,IND,F,,,,1794,0,20,MAY26,1992,wi
33422699,Anshul Mahant,IND,M,,,,1488,0,40,MAY26,2009,i
33422702,Anshul Nanwani,IND,M,,,,1630,0,20,MAY26,2006,
25915525,Anshul Panicker,IND,M,,,,1689,14,40,MAY26,2010,
564011801,Anshul Raghunath Bhukan,IND,M,,,,1452,2,40,MAY26,2013,
48741442,Anshul Satheesh Thakaraparambil,IND,M,,,,1493,0,40,MAY26,2012,
48745545,Anshul V Ra,IND,M,,,,1503,0,40,MAY26,2012,
33331278,Anshulkumar Roy,IND,M,,,,1500,0,20,MAY26,2007,i
48703508,Anshuman Dey,IND,M,,,,1625,6,,MAY26,2009,
48739162,Anshuman Ghosh,IND,M,,,,1540,0,40,MAY26,2009,i
48712183,Anshuman Nikhil Shevade,IND,M,,,,1564,16,40,MAY26,2012,
547019603,Anshuman Sahay,IND,M,,,,1496,0,,MAY26,2013,
33393591,Anshuman Samal,IND,M,,,,1427,0,,MAY26,2011,
25615637,Anshuman Shaji,IND,M,,,,1569,0,20,MAY26,2004,i
25014820,Anshuman Singh,IND,M,,,,1786,0,20,MAY26,2002,i
5006945,"Anshuman, K",IND,M,,,,1943,0,20,MAY26,1998,i
429088682,Anshumat Inesh J,IND,M,,,,1601,0,40,MAY26,2010,
429011760,Anson Mano V,IND,M,,,,1453,15,40,MAY26,2014,
25072820,Ansuman Bhatta,IND,M,,,,1570,0,20,MAY26,2003,
88188434,Antarip Acharya,IND,M,,,,1721,0,40,MAY26,2014,
25182854,Antarip Ghosh,IND,M,,,,1711,0,40,MAY26,2011,
429099978,Anto Akil R,IND,M,,,,1487,0,40,MAY26,2011,
537052284,Anto Cresto A,IND,M,,,,1479,0,40,MAY26,2012,i
25663593,Antoniolee Peroz,IND,M,,,,1630,0,20,MAY26,2003,i
547086866,Antony Eshaan Elango,IND,M,,,,1450,0,40,MAY26,2017,
35095021,Antony Jesumarian Leslie,IND,M,,,,1814,0,20,MAY26,2003,i
48787892,Antony L,IND,M,,,,1452,0,20,MAY26,1954,i
45074267,Antony Nelson V,IND,M,,,,1422,0,20,MAY26,1981,i
35053949,Antony Roosvelt P,IND,M,,,,1600,0,20,MAY26,2001,i
48721018,Antony Santhosh M,IND,M,,,,1413,0,,MAY26,2013,
25012886,Antony Simethy,IND,M,,,,1557,0,20,MAY26,1954,i
35076078,Anubhab Gupta,IND,M,,,,1750,0,20,MAY26,2001,i
25959492,Anubhav Gogoi,IND,M,,,,1581,0,20,MAY26,2007,i
25100068,Anubhav Goswami,IND,M,,,,1570,0,40,MAY26,2011,
537072099,Anubhav Mishra,IND,M,,,,1553,0,40,MAY26,2011,
25740202,Anubhav Patel,IND,M,,,,1662,0,20,MAY26,1993,
25646583,Anubhav Sharma,IND,M,,,,1649,0,20,MAY26,1999,i
33402213,Anubhav Sharma,IND,M,,,,1680,0,20,MAY26,2007,i
25741438,Anubhav Singh,IND,M,,,,1595,0,20,MAY26,2003,
5032270,"Anubhav, Tuknayat",IND,M,,,,1737,0,,MAY26,2000,
25601032,Anubrato Basu,IND,M,,,,1492,0,20,MAY26,2004,i
25098705,Anugrah Nair,IND,M,,,,1743,0,20,MAY26,2001,i
558004262,Anuj,IND,M,,,,1571,0,20,MAY26,2004,
33410097,Anuj Anant Joshi,IND,M,,,,1440,0,40,MAY26,2010,i
429013950,Anuj Chourasia,IND,M,,,,1423,0,20,MAY26,1997,i
48784516,Anuj Kumar,IND,M,,,,1537,0,20,MAY26,2004,
25006738,"Anuj Kumar, Rajput",IND,M,,,,1495,0,20,MAY26,1978,i
46695818,Anuj Nadig M,IND,M,,,,1656,0,20,MAY26,1994,i
33353905,Anuj Narayanan D V,IND,M,,,,1510,0,40,MAY26,2009,i
537017683,Anuj Narendra Sharma,IND,M,,,,1520,0,40,MAY26,2010,i
48711292,Anuj Prakash,IND,M,,,,1544,0,40,MAY26,2010,
558093079,Anuj Prasad Gupta,IND,M,,,,1454,0,20,MAY26,2000,
88189490,Anuj Ravindra Rajuskar,IND,M,,,,1474,0,40,MAY26,2010,i
35070924,Anuj Shrivatri,IND,M,IM,,,2354,9,20,MAY26,2004,
48780634,Anukrita Chatterjee,IND,F,,,,1511,4,,MAY26,2010,w
88133303,Anukriti Yadav,IND,F,,,,1499,0,40,MAY26,2012,w
577021029,Anunak Roy,IND,M,,,,1518,0,20,MAY26,2003,
429094143,Anunay Baparnash,IND,M,,,,1461,0,,MAY26,2015,i
45026092,Anunyaa S,IND,F,,,,1454,0,20,MAY26,2000,wi
25107291,Anup Kumar Rai,IND,M,,"SI,NA",,1493,0,,MAY26,1986,i
33394130,Anup S A,IND,M,,,,1487,0,40,MAY26,2009,
25040359,Anup Shankar R,IND,M,,,,1857,0,20,MAY26,2002,i
25017802,"Anup, Yelure",IND,M,,,,1654,0,20,MAY26,1998,i
35015150,Anupam Dutta,IND,M,,,,1626,0,20,MAY26,2004,i
547021632,Anupam Kumar,IND,M,,,,1613,0,20,MAY26,1975,
45033501,Anupam M Sreekumar,IND,F,WCM,WCM,,1794,0,40,MAY26,2008,w
88127605,Anupam Nath,IND,M,,,,1619,0,,MAY26,2013,
25007670,Anupam Talukdar,IND,M,,,,1732,0,20,MAY26,1972,i
5012635,"Anuprita, Patil",IND,F,WFM,WFM,,2047,0,20,MAY26,1984,wi
88172058,Anuraag Gopal Bagdi,IND,M,,,,1449,0,40,MAY26,2011,
46691596,Anuraag Saikia,IND,M,,,,1678,0,20,MAY26,1995,i
33330115,Anurag Aloke Maity,IND,M,,,,1632,0,,MAY26,2009,i
33425060,Anurag Bhadra,IND,M,,,,1609,6,,MAY26,2011,
25132890,Anurag Bhattacharjee,IND,M,,,,1715,0,40,MAY26,2010,
25027182,Anurag Kuruvada,IND,M,,,,1755,0,20,MAY26,2003,i
25136658,Anurag M S,IND,M,,,,1674,0,40,MAY26,2009,i
25648578,Anurag Malik,IND,M,,,,1724,0,20,MAY26,1996,i
25053230,Anurag P Chaudhari,IND,M,,,,1650,0,20,MAY26,2002,i
25726021,Anurag Panigrahi,IND,M,,,,1709,0,20,MAY26,2005,i
5002591,Anurag Pritam Medhi,IND,M,,NA,,1684,0,20,MAY26,1994,
25699261,Anurag R P,IND,M,,,,1486,0,40,MAY26,2008,i
35035339,Anurag Sandesh Adwalpalkar,IND,M,,,,1540,0,20,MAY26,2003,i
547022639,Anurag Sanjay Mishra,IND,M,,,,1720,0,40,MAY26,2009,
577027973,Anurag Sinha,IND,M,,,,1484,6,,MAY26,1980,
429068681,Anurag Tiwari,IND,M,,,,1527,0,20,MAY26,1999,i
5017858,"Anurag, Jaiswal",IND,M,CM,,,1989,0,20,MAY26,1985,i
5024366,"Anurag, Mhamal",IND,M,GM,,,2399,0,20,MAY26,1995,i
33418802,Anuragpal Baishya,IND,M,,,,1598,0,40,MAY26,2013,
48723649,Anuran Ghosh,IND,M,,,,1820,0,20,MAY26,2007,
33438714,Anush Bansal,IND,M,,,,1622,5,40,MAY26,2014,
33354340,Anusha Chakravarthy,IND,F,,,,1516,0,40,MAY26,2010,w
25173782,Anusha M S,IND,F,,,,1595,0,40,MAY26,2012,wi
5041627,Anusha N L V,IND,F,WFM,WFM,,1933,0,20,MAY26,1994,wi
33440743,Anusha Sreejith,IND,F,,,,1489,0,40,MAY26,2008,wi
564015637,Anushan Kumaran,IND,M,,,,1420,6,40,MAY26,2013,
429090954,Anushka,IND,F,,,,1574,0,40,MAY26,2012,w
33479160,Anushka Ayyappan,IND,F,,,,1727,0,40,MAY26,2010,w
25964437,Anushka Bapu Kutwal,IND,F,WCM,WCM,,1803,0,40,MAY26,2009,w
25660802,Anushka Gupta,IND,F,,,,1776,0,20,MAY26,2006,w
33381607,Anushka Jain,IND,F,,,,1476,0,40,MAY26,2009,wi
25751034,Anushri Nair,IND,F,,,,1488,0,40,MAY26,2010,wi
33384274,Anusri S,IND,F,,,,1475,0,40,MAY26,2009,wi
5093821,Anustoop Biswas,IND,M,,,,2182,0,20,MAY26,2000,
531041523,Anuvrat Tiwari,IND,M,,,,1574,0,40,MAY26,2008,
33341958,Anvay A Kamath,IND,M,,,,1609,0,40,MAY26,2012,
48741876,Anvay Borkar,IND,M,,,,1431,0,40,MAY26,2012,
429039320,Anvay Rathi,IND,M,,,,1473,0,40,MAY26,2013,
88149625,Anvay Sham Bhosale,IND,M,,,,1476,0,40,MAY26,2008,
45052336,Anvekar Prashant,IND,M,,,,1610,0,20,MAY26,1978,
45005613,Anvesh Bandekar,IND,M,,,,1643,0,20,MAY26,2004,i
33480621,Anvi Bansal,IND,F,,,,1418,0,40,MAY26,2014,w
88149498,Anvi Deepak Hinge,IND,F,,,,1615,0,40,MAY26,2017,w
33311056,Anvi Vinit Hirde,IND,F,,,,1610,0,40,MAY26,2013,w
429018960,Anvit Sreejith,IND,M,,,,1646,0,40,MAY26,2010,
88159434,Anvit Srivastava,IND,M,,,,1625,8,,MAY26,2015,
531018670,Anvit Suchit Kamble,IND,M,,,,1451,0,40,MAY26,2009,
429065356,Anvita Jalan,IND,F,,,,1504,0,40,MAY26,2011,w
25130390,Anvita Sathi,IND,F,,,,1522,0,40,MAY26,2013,w
48746703,Anvith Agastya Chanda,IND,M,,,,1412,0,40,MAY26,2015,
48738549,Anvith Shetty P,IND,M,,,,1484,0,40,MAY26,2013,
25091018,Anwar N K,IND,M,,,,1770,0,20,MAY26,1990,i
5046548,"Anwar, K A K",IND,M,,,,1737,0,20,MAY26,1969,i
5028949,"Anwesh, Upadhyaya",IND,M,IM,,,2323,0,10,MAY26,1992,i
33416206,Anwesha Chhajlani,IND,F,,,,1531,0,40,MAY26,2015,w
547002468,Anwesha Goswami,IND,F,,,,1504,0,40,MAY26,2014,w
88125769,Anwitha Polisetty,IND,F,,,,1425,0,40,MAY26,2011,wi
558007083,Anya Chatterjee,IND,F,,,,1433,4,40,MAY26,2012,w
45079900,Anya Seth Syed,IND,F,,,,1769,0,20,MAY26,2006,wi
33331162,Aole Sangharsh,IND,M,,,,1620,0,20,MAY26,2005,
25155199,Aoskar Vaibhaw Rabvinci,IND,M,,,,1457,0,40,MAY26,2009,i
25937219,Apaar Saxena,IND,M,FM,,,2066,0,40,MAY26,2012,
5046556,"Aparajita, Gochhikar",IND,F,CM,IA,,1718,0,20,MAY26,1993,w
25030434,Apoorv Anand,IND,M,,,,1872,0,20,MAY26,1997,
429094640,Apoorv Goel,IND,M,,,,1484,0,,MAY26,2014,i
35020536,Apoorv Indrajit Belgundi,IND,M,,,,1482,0,,MAY26,2004,i
25683012,Apoorv Kamble,IND,M,IM,,,2249,0,40,MAY26,2009,
25611771,Apoorva Jain,IND,M,,,,1620,0,20,MAY26,2004,i
48746223,Apoorva Mithra Bhole,IND,F,,,,1430,0,40,MAY26,2011,w
46621431,Apoorva Prashanth,IND,F,,,,1459,0,20,MAY26,2003,wi
25939246,Appas M,IND,M,,,,1568,0,20,MAY26,1997,i
429041961,Apramey Kulkarni,IND,M,,,,1418,0,40,MAY26,2013,
48719200,Apratim Shukla,IND,M,,,,1658,0,40,MAY26,2012,
33422710,Apratim Yadav,IND,M,,,,1552,0,40,MAY26,2011,i
429098807,Apurba Choudhury,IND,M,,,,1563,0,40,MAY26,2014,
531074723,Apurv Bhargav,IND,M,,,,1590,0,40,MAY26,2017,
25185640,Apurv Shekhar Desmukh,IND,M,,,,1546,0,40,MAY26,2008,i
25938053,Apurv Wakchaure,IND,M,,,,1479,0,40,MAY26,2010,i
5083990,Apurva Naik,IND,F,,,,1707,0,20,MAY26,1999,wi
5027551,"Apurva, Abhyankar",IND,M,,,,1808,0,20,MAY26,1991,
366108182,"AR, Saisharvesh",IND,M,,,,1760,18,,MAY26,2014,
564071553,"Arab, Aadhish",IND,M,,,,1456,0,20,MAY26,1999,
429024803,Aradhy Gupta,IND,M,,,,1580,0,40,MAY26,2012,
88166325,Aradhy Roy,IND,M,,,,1715,0,40,MAY26,2013,
25006746,"Aradhya, Garg",IND,M,IM,,,2342,27,20,MAY26,2000,
531021824,Aradhyaa Choudhuri,IND,F,,,,1528,0,40,MAY26,2013,w
25130404,Aradyo Bhattacharyya,IND,M,,,,1760,0,40,MAY26,2010,
25098241,Aram M,IND,M,,,,1696,0,20,MAY26,1999,i
25932977,Arasu B,IND,M,,IA,,1539,0,,MAY26,1984,
88119769,Aratrik Majumder,IND,M,,,,1674,0,40,MAY26,2014,
25770632,Aratrika Das,IND,F,,,,1463,5,40,MAY26,2009,w
547053410,Aratrika Das,IND,F,,,,1411,0,40,MAY26,2016,w
48727601,Arav Abhaykumar Moon,IND,M,,,,1631,0,40,MAY26,2011,
48748013,Arav Bhola,IND,M,,,,1447,0,40,MAY26,2012,i
88119297,Arav Bisht,IND,M,,,,1490,6,40,MAY26,2012,
33492441,Arav Das,IND,M,,,,1555,6,40,MAY26,2014,
33422729,Arav Dhoot,IND,M,,,,1670,0,40,MAY26,2014,i
33442380,Arav Dubey,IND,M,,,,1430,0,40,MAY26,2012,
48732796,Arav Majumdar,IND,M,,,,1577,0,40,MAY26,2010,
429019460,Arav Mehta,IND,M,,,,1451,0,40,MAY26,2014,
537026747,Arav Singh,IND,M,,,,1466,0,40,MAY26,2012,
48725161,Arav Vinod,IND,M,,,,2108,20,40,MAY26,2014,
25729829,Aravind D M,IND,M,,,,1530,0,20,MAY26,1984,i
25064410,Aravind G,IND,M,,,,1776,0,20,MAY26,1979,i
25085557,Aravind K,IND,M,,,,1847,0,20,MAY26,1999,i
45013195,Aravind Matthews A C T,IND,M,,,,1672,0,,MAY26,1981,i
25097512,Aravind P V S,IND,M,,,,1945,0,20,MAY26,1995,i
33494290,Aravind Rajesh Menon,IND,M,,,,1746,0,20,MAY26,2003,i
33430403,Aravind S,IND,M,,,,1664,15,40,MAY26,2012,
429068630,Aravind S R,IND,M,,,,1479,0,,MAY26,2015,i
5026512,"Aravind, Subramanian N.",IND,M,,,,2189,0,20,MAY26,1990,i
5090261,"Aravinda, B R",IND,M,,,,1612,0,20,MAY26,1978,
35021222,Aravindakshan Su,IND,M,,,,1707,0,20,MAY26,1999,
25038427,Aravindaswami T,IND,M,,,,1894,0,20,MAY26,1997,i
45042756,Aravindh Annamalai G,IND,M,,,,1702,9,40,MAY26,2004,
33475008,Aravindh B,IND,M,,,,1473,0,20,MAY26,2007,i
33475806,Aravindh S,IND,M,,,,1554,0,40,MAY26,2008,i
5072786,"Aravindh, Chithambaram VR.",IND,M,GM,,,2550,0,10,MAY26,1999,
25967215,Aravindha Samy K,IND,M,,,,1572,7,,MAY26,2003,
45071110,Aravindhan M,IND,M,,,,1596,0,20,MAY26,1999,i
25961187,Aravindhnath T R,IND,M,,,,1466,5,20,MAY26,2004,
88178609,Aravindhraj A,IND,M,,,,1432,0,20,MAY26,1996,
5048494,Aravindkumar S,IND,M,,NA,,1804,0,20,MAY26,1994,i
46668357,Aravinth Raj S,IND,M,,,,1586,0,20,MAY26,2001,i
35024035,Aravinth Shanmugam S,IND,M,,,,1746,0,20,MAY26,2004,i
25920898,Aravinth Venkatesh N,IND,M,,,,1572,0,20,MAY26,2005,i
33410704,Arbaz Ashfaque Shaikh,IND,M,,,,1589,0,20,MAY26,1998,
25956892,Archhit Ashish Wagh,IND,M,,,,1689,0,20,MAY26,2007,i
25049879,Archi Agrawal,IND,F,,,,1675,0,20,MAY26,2001,w
48793582,Archishman Panda,IND,M,,,,1615,7,,MAY26,2012,
25149156,Archisman Das,IND,M,,,,1476,0,20,MAY26,2004,
25746472,Archisman Patra,IND,M,,,,1962,0,40,MAY26,2010,
429018587,Archit Gulawani,IND,M,,,,1433,0,40,MAY26,2011,
531069100,Archit Kirdat,IND,M,,,,1444,0,40,MAY26,2012,
25601539,Archit Mittal,IND,M,,,,1554,0,40,MAY26,2009,
25981625,Archit Nikhil Deshpande,IND,M,,,,1543,5,40,MAY26,2008,
46631291,Archit Saigal,IND,M,,NA,,1566,0,20,MAY26,2003,
547018429,Archit Singh,IND,M,,,,1433,0,40,MAY26,2015,
25688693,Archit Vimal,IND,M,,,,1458,0,,MAY26,2008,
48784567,Archita Agrawal,IND,F,,,,1807,0,40,MAY26,2011,w
25690043,Architha J,IND,F,,,,1456,0,40,MAY26,2008,wi
48791717,Arde Parinita,IND,F,,,,1486,0,40,MAY26,2011,w
5037263,Ardhendu Sekhar Mandal,IND,M,,,,1608,0,20,MAY26,1969,
5010357,Argade Keshav,IND,M,,"SI,LSI",,1519,0,20,MAY26,1977,i
537069098,Arghadeep Das,IND,M,,,,1453,0,20,MAY26,1998,
429098823,Arghadeep Debnath,IND,M,,,,1427,0,40,MAY26,2014,
33460345,Arghadeep Dey,IND,M,,,,1520,1,40,MAY26,2012,
48726540,Arghadeep Roy,IND,M,,,,1699,0,20,MAY26,2007,
429030250,Arghyadeep Adhikary,IND,M,,,,1582,0,,MAY26,2011,
33420750,Arhaan Agrawal,IND,M,,,,1538,0,40,MAY26,2014,
48713139,Arhaan Rahman Bora,IND,M,,,,1744,0,40,MAY26,2012,
429039290,Arham Jain,IND,M,,,,1436,0,40,MAY26,2015,
429010365,Arham Jain,IND,M,,,,1462,0,,MAY26,2016,
577031016,Arham Jain 1811,IND,M,,,,1498,0,40,MAY26,2011,
33492140,Arham Suvidh Turakhia,IND,M,,,,1495,6,40,MAY26,2015,
25077074,Arhan Boyd,IND,M,,,,1648,0,20,MAY26,2001,i
45062510,Arhan Chethan Anand,IND,M,IM,,,2106,0,40,MAY26,2008,i
25770640,Arhashirsha Biswas,IND,F,,,,1772,0,,MAY26,2011,w
33475660,Arhit Lokare,IND,M,,,,1426,0,40,MAY26,2015,i
33399050,Ariav Nilesh Kamat,IND,M,,,,1512,0,40,MAY26,2014,i
25961470,Arif A,IND,M,,,,1635,0,20,MAY26,1995,i
429019818,Arif Khan,IND,M,,,,1548,0,20,MAY26,2003,
5003202,"Arif, Mohammed",IND,M,,,,2087,0,20,MAY26,1966,
48760064,Arihaan Roy,IND,M,,,,1545,5,40,MAY26,2012,
88147479,Arihant Ashishkumar Rangari,IND,M,,,,1545,0,,MAY26,2015,
531004296,Arihant Dikshit,IND,M,,,,1609,0,,MAY26,2014,
25100521,Arihant Jain,IND,M,,,,1522,0,20,MAY26,2005,
48761737,Arihant Singh,IND,M,,,,1576,0,40,MAY26,2011,
33480176,Arij Amit Sathe,IND,M,,,,1516,0,40,MAY26,2013,
558091394,Arijeet De,IND,M,,,,1436,0,40,MAY26,2009,
45032289,Arijit Ghosh,IND,M,,,,1738,9,20,MAY26,2004,
48707023,Arijit Ghosh,IND,M,,,,1617,0,40,MAY26,2012,
35025511,Arijit Mukherjee,IND,M,,,,1788,0,20,MAY26,2001,i
5092825,"Arijith, M",IND,M,,,,1815,0,20,MAY26,1999,i
48747661,Arikesh S K,IND,M,,,,1420,0,40,MAY26,2010,i
537055844,Arin Kadbe,IND,M,,,,1734,0,20,MAY26,2004,
33306966,Arindam Das,IND,M,,,,1515,0,20,MAY26,1995,i
48763616,Arindam Ghosh,IND,M,,,,1539,0,,MAY26,2011,i
33480966,Arindam Shukla,IND,M,,,,1713,3,40,MAY26,2012,
537034685,Arindam Singh,IND,M,,,,1443,7,40,MAY26,2014,
5004080,"Arindam, Mukherjee",IND,M,,FT,,1986,0,20,MAY26,1978,
46634738,Aringar Anna V,IND,M,,,,1525,4,20,MAY26,1970,
547054204,Arinjoy Patra,IND,M,,,,1466,0,40,MAY26,2017,
88179702,Arisapu Vedhaanshi,IND,F,,,,1408,0,40,MAY26,2017,w
531001831,Arish Nanda Goswami,IND,M,,,,1454,0,40,MAY26,2014,
33483582,Arishman A,IND,M,,,,1456,0,40,MAY26,2010,i
537068458,Arit Bhagat,IND,M,,,,1451,6,40,MAY26,2013,
547043520,Aritra Adhikary,IND,M,,,,1423,0,40,MAY26,2011,
537017098,Aritra Dey,IND,M,,,,1525,0,40,MAY26,2012,
25077090,Aritra Ganguly,IND,M,,,,1705,0,20,MAY26,2003,i
33383006,Aritra Rakshit,IND,M,,,,1424,0,20,MAY26,1996,
25612093,Aritrya Pal,IND,M,,,,1716,0,20,MAY26,2007,i
46647627,Arivan N,IND,M,,,,1461,0,20,MAY26,1989,i
33413703,Arixander Johny,IND,M,,,,1745,9,40,MAY26,2013,
25169530,Arjav Jain,IND,M,,,,1529,0,20,MAY26,2007,
531075320,Arjita Saha,IND,F,,,,1437,0,40,MAY26,2013,w
25017535,Arjun Adappa,IND,M,,,,1924,0,20,MAY26,1999,i
33488428,Arjun Adithiya K,IND,M,,,,1529,0,40,MAY26,2011,i
33451770,Arjun Anup Kaulgud,IND,M,,,,1523,7,40,MAY26,2015,
531092837,Arjun Arora,IND,M,,,,1571,0,40,MAY26,2008,
35053124,Arjun B,IND,M,,,,1702,0,20,MAY26,1996,i
25682440,Arjun Bharadwaj,IND,M,,,,1730,0,40,MAY26,2009,i
25918656,Arjun Bhardwaj Sanjeev,IND,M,,,,1542,0,20,MAY26,2004,
25135520,Arjun Bhoi,IND,M,,,,1505,0,40,MAY26,2011,
547008806,Arjun C,IND,M,,,,1409,0,20,MAY26,1990,
46653252,Arjun C Krishnamachari,IND,M,,,,2114,0,20,MAY26,2001,i
558059512,Arjun Dama,IND,M,,,,1505,0,,MAY26,2014,
429030021,Arjun Darla,IND,M,,,,1607,0,40,MAY26,2012,i
25965760,Arjun Das C P,IND,M,,NA,,1470,0,20,MAY26,2001,i
33472629,Arjun Fenu,IND,M,,,,1549,0,20,MAY26,2007,i
33327963,Arjun G V,IND,M,,,,1450,0,20,MAY26,2004,
25660349,Arjun Gupta,IND,M,,,,1975,0,20,MAY26,2006,
33408610,Arjun Gupta,IND,M,,,,1456,9,40,MAY26,2013,
5048842,Arjun K,IND,M,CM,,,2091,0,20,MAY26,1993,
88153878,Arjun K A,IND,M,,,,1625,0,40,MAY26,2009,
45089175,Arjun K P,IND,M,,,,1414,0,20,MAY26,2001,i
35018701,Arjun Kalyan,IND,M,GM,,,2451,9,10,MAY26,2002,
531067670,Arjun Kamat,IND,M,,,,1606,0,40,MAY26,2011,i
88159930,Arjun Kasam,IND,M,,,,1508,0,,MAY26,2016,
558070370,Arjun Ketanbhai Thakkar,IND,M,,,,1501,5,40,MAY26,2013,
46661174,Arjun Khandelwal,IND,M,,,,1542,0,20,MAY26,2007,i
429067863,Arjun Krishna Mishra,IND,M,,,,1579,0,40,MAY26,2013,
25653580,Arjun Kumar,IND,M,,,,1529,0,20,MAY26,1994,
46668365,Arjun Kumar S,IND,M,,,,1688,0,20,MAY26,2005,i
564014029,Arjun Mahesh Supekar,IND,M,,,,1608,10,40,MAY26,2012,
88102360,Arjun Maipady,IND,M,,,,1578,0,40,MAY26,2015,
33404402,Arjun Muthukaruppan,IND,M,,,,1437,8,40,MAY26,2014,
531048463,Arjun Nagam,IND,M,,,,1536,0,40,MAY26,2019,
33399417,Arjun Negi,IND,M,,,,1505,0,40,MAY26,2011,i
33425264,Arjun Nitesh Padharia,IND,M,,,,1647,0,,MAY26,2011,i
25723804,Arjun P,IND,M,,,,1444,0,40,MAY26,2008,i
25641972,Arjun P R,IND,M,,,,1610,0,20,MAY26,2006,i
88187217,Arjun Puri,IND,M,,,,1463,0,40,MAY26,2010,i
547068744,Arjun Reddy Vuggumudi,IND,M,,,,1551,0,40,MAY26,2019,
429066646,Arjun Roy,IND,M,,,,1552,16,,MAY26,2016,
33478201,Arjun S Anil,IND,M,,,,1554,0,40,MAY26,2009,i
429019435,Arjun Sabi Kumar,IND,M,,,,1487,0,20,MAY26,2006,
429021626,Arjun Sharma,IND,M,,,,1440,0,40,MAY26,2017,
33391734,Arjun Shrivastava,IND,M,,,,1441,0,40,MAY26,2014,i
35055054,Arjun Sidharth S,IND,M,,,,1720,0,20,MAY26,2007,i
33342300,Arjun Singh,IND,M,,,,1832,0,40,MAY26,2015,
25662325,Arjun Singh,IND,M,,,,1629,0,,MAY26,1991,i
35016792,Arjun Singh Puri,IND,M,,,,1666,0,20,MAY26,2000,i
46690336,Arjun Sreekumar,IND,M,,,,1540,0,20,MAY26,2004,i
25600982,Arjun Srinivas,IND,M,,,,1545,0,20,MAY26,2005,i
88167623,"Arjun Srinivasan, Perathur",IND,M,,,,1545,0,40,MAY26,2017,
5046602,"Arjun U, Prabhu",IND,M,,,,1835,0,20,MAY26,1992,
33354359,Arjun Veerendhra R,IND,M,,,,1474,0,40,MAY26,2009,i
429047684,Arjun Verma,IND,M,,,,1494,0,40,MAY26,2012,
564012948,Arjun Vikas Gupta,IND,M,,,,1437,4,40,MAY26,2013,
5070414,"Arjun, Satheesh",IND,M,,,,1943,0,20,MAY26,1994,
5013291,"Arjun, Vishnuvardhan",IND,M,IM,,,2227,0,20,MAY26,1990,i
25131494,Arka Datta Chaudhuri,IND,M,,,,1547,0,20,MAY26,2006,
25031198,Arka Dutta,IND,M,,,,1717,0,20,MAY26,2002,
33384819,Arka Ram Mahankali,IND,M,,,,1573,0,,MAY26,2013,i
25031201,Arka Sengupta,IND,M,,,,1956,0,,MAY26,2001,i
25728423,Arkaansh Singh,IND,M,,,,1464,0,20,MAY26,2007,i
537073354,Arkadeep Nath,IND,M,,,,1451,0,40,MAY26,2012,
547004878,Arkadyuti Mitra,IND,M,,,,1463,0,40,MAY26,2015,
33383944,Arkaj Menon,IND,M,,,,1680,0,40,MAY26,2011,
429068533,Arkajit Goswami,IND,M,,,,1551,0,20,MAY26,2004,
547085851,Arkaprava Aich,IND,M,,,,1475,4,,MAY26,2010,
577025687,Arkaprava Bhowmik,IND,M,,,,1468,6,40,MAY26,2013,
88100448,Arkaprava Pal,IND,M,,,,1476,0,40,MAY26,2011,i
5056381,"Arko, Narayan Ganguly",IND,M,,,,1600,0,20,MAY26,2000,i
33342024,Arkodipto Dutta,IND,M,,,,1640,8,,MAY26,2001,
33415714,Arkoprobha Banik,IND,M,,,,1684,0,20,MAY26,2002,
33396280,Armaan Chandragupta Jain,IND,M,,,,1974,8,40,MAY26,2014,
88177025,Armaan Kohli,IND,M,,,,1614,0,40,MAY26,2009,i
429032083,Armaan Zameer,IND,M,,,,1551,0,,MAY26,2013,
537021486,Arman Pratik Sahoo,IND,M,,,,1435,0,40,MAY26,2015,
25768719,Arman Siddique,IND,M,,,,1821,0,20,MAY26,2003,
25181815,Arnab Das,IND,M,,,,1418,0,40,MAY26,2012,
25770667,Arnab Debnath,IND,M,,,,1734,0,20,MAY26,2007,i
48741361,Arnab Dutta,IND,M,,,,1551,0,40,MAY26,2012,
33329222,Arnab Jena,IND,M,,,,1892,0,40,MAY26,2009,
46605010,Arnab Kumar Mullick,IND,M,,,,1770,0,20,MAY26,2003,i
25652141,Arnab Kumar Pal,IND,M,,,,1542,0,20,MAY26,2005,i
33306419,Arnab Nandy,IND,M,,,,1862,8,40,MAY26,2013,
33451796,Arnab Saha,IND,M,,,,1551,0,40,MAY26,2010,
25607529,Arnabjyoti Gogoi,IND,M,,,,1482,0,20,MAY26,2004,i
33437149,Arnam Ashutosh Reengusia,IND,M,,,,1634,0,40,MAY26,2012,
48727610,Arnav Abhaykumar Moon,IND,M,,,,1561,0,40,MAY26,2011,
48779857,Arnav Agrawal,IND,M,FM,,,2083,0,40,MAY26,2010,
531016375,Arnav Agrawal,IND,M,,,,1506,0,40,MAY26,2014,
33478317,Arnav Ajesh Nair,IND,M,,,,1440,0,40,MAY26,2015,i
547064714,Arnav Anand,IND,M,,,,1520,6,40,MAY26,2017,
531032672,Arnav Arya,IND,M,,,,1412,0,40,MAY26,2011,
25964798,Arnav Ashish Thatte,IND,M,,,,1626,0,40,MAY26,2011,
547029854,Arnav Atriwal,IND,M,,,,1506,0,,MAY26,2012,
33485127,Arnav Avinash Pawar,IND,M,,,,1523,0,40,MAY26,2010,
88124460,Arnav B Kumar,IND,M,,,,1615,0,40,MAY26,2010,
33397210,Arnav Baibhaw,IND,M,,,,1581,0,,MAY26,2010,i
537036742,Arnav Bhardwaj,IND,M,,,,1650,0,40,MAY26,2008,
547073926,Arnav Chalana,IND,M,,,,1513,0,40,MAY26,2016,
547062541,Arnav Chaudhary,IND,M,,,,1472,0,40,MAY26,2008,
25788850,Arnav Dawn,IND,M,,,,1526,0,40,MAY26,2010,i
25713337,Arnav Dhamija,IND,M,,,,1698,0,20,MAY26,2007,
33422338,Arnav Dinesh Amin,IND,M,,,,1518,6,40,MAY26,2012,
25954490,Arnav Drolia,IND,M,,,,1629,0,,MAY26,2008,i
33385971,Arnav Garg,IND,M,,,,1461,0,40,MAY26,2011,i
429008190,Arnav Gavandi,IND,M,,,,1560,0,40,MAY26,2010,i
88132242,Arnav Goyal,IND,M,,,,1825,9,40,MAY26,2014,
429010373,Arnav Goyal,IND,M,,,,1570,0,40,MAY26,2016,
33345732,Arnav Gupta,IND,M,,,,1910,0,40,MAY26,2009,
547007540,Arnav Hemant Yadav,IND,M,,,,1434,0,40,MAY26,2011,
429035414,Arnav Jain,IND,M,,,,1531,0,40,MAY26,2013,
547015314,Arnav Jain,IND,M,,,,1489,0,20,MAY26,2004,
531067310,Arnav Kiran Dhamapurkar,IND,M,,,,1465,0,,MAY26,2016,
33349215,Arnav Krishna,IND,M,,,,1553,0,40,MAY26,2009,i
25119770,Arnav Krishna Sripadam,IND,M,,,,1536,0,40,MAY26,2011,i
531054285,Arnav Kumar,IND,M,,,,1458,0,40,MAY26,2013,i
547075899,Arnav Kumar Singh,IND,M,,,,1449,6,40,MAY26,2014,
45013330,Arnav Kushwaha,IND,M,,,,1738,0,20,MAY26,2007,i
25799819,Arnav Lunia,IND,M,,,,1467,0,40,MAY26,2009,i
25988620,Arnav Mahesh Koli,IND,M,,,,1866,0,40,MAY26,2010,
25660357,Arnav Maheshwari,IND,M,FM,,,1922,0,20,MAY26,2007,i
48720496,Arnav Malani,IND,M,,,,1519,0,20,MAY26,2004,i
33396035,Arnav Mukesh Bang,IND,M,,,,1601,0,40,MAY26,2010,i
46694544,Arnav Muralidhar,IND,M,,,,1807,0,40,MAY26,2008,i
537035967,Arnav Nandan,IND,M,,,,1666,10,,MAY26,2011,
33436223,Arnav Nithyanand,IND,M,,,,1728,0,40,MAY26,2011,i
558071881,Arnav Nitin Navghane,IND,M,,,,1556,0,40,MAY26,2013,
531030866,Arnav Pandit Wankhade,IND,M,,,,1510,0,40,MAY26,2011,i
547064102,Arnav Pankajkumar Dhote,IND,M,,,,1447,0,40,MAY26,2013,
48726559,Arnav Paul,IND,M,,,,1479,0,40,MAY26,2012,
429062314,Arnav Pawar,IND,M,,,,1525,8,40,MAY26,2014,
531067328,Arnav Pramod Parab,IND,M,,,,1534,0,20,MAY26,2007,
48714887,Arnav Prashant Kunchalwar,IND,M,,,,1501,0,40,MAY26,2016,
547079380,Arnav Raj,IND,M,,,,1446,6,40,MAY26,2013,
531030840,Arnav Ravindra Gajbhiye,IND,M,,,,1607,0,40,MAY26,2011,
537023705,Arnav Rohit Gupta,IND,M,,,,1566,0,40,MAY26,2011,
33382581,Arnav Sharma,IND,M,,,,1609,0,20,MAY26,2007,i
558091670,Arnav Sharma 3010,IND,M,,,,1452,3,40,MAY26,2012,
564014622,Arnav Sharma Omkar,IND,M,,,,1540,0,20,MAY26,2005,
558029150,Arnav Sihag,IND,M,,,,1474,2,40,MAY26,2012,
429044650,Arnav Singh,IND,M,,,,1418,0,40,MAY26,2012,
531028730,Arnav Singh (16-03-2013),IND,M,,,,1454,0,40,MAY26,2013,
429018471,Arnav Singh Dewan,IND,M,,,,1704,0,40,MAY26,2012,
48765872,Arnav Singhal,IND,M,,,,1507,0,40,MAY26,2010,
33485410,Arnav Suhas Bidwai,IND,M,,,,1422,0,20,MAY26,2007,i
537048520,Arnav Sujay,IND,M,,,,1445,0,40,MAY26,2014,
88185087,Arnav Suriya,IND,M,,,,1540,0,40,MAY26,2012,
429094178,Arnav Talukdar,IND,M,,,,1505,0,40,MAY26,2011,
531018688,Arnav Tapkir,IND,M,,,,1537,0,40,MAY26,2010,
429072123,Arnav Verma,IND,M,,,,1487,3,40,MAY26,2014,
48764663,Arnav Vivek,IND,M,,,,1521,0,40,MAY26,2012,i
25138979,Arnav Wasan,IND,M,,,,1474,0,20,MAY26,2005,
33498989,Arnav Yogesh Netankar,IND,M,,,,1544,0,40,MAY26,2009,i
25782991,Arnav Yogesh Parsewar,IND,M,,,,1496,0,20,MAY26,2005,i
25781880,Arnavv Kejriwal,IND,M,,,,1510,0,40,MAY26,2010,
537039750,Arnim Shrivastava,IND,M,,,,1447,0,40,MAY26,2014,
88120520,Arnit Gupta,IND,M,,,,1641,0,40,MAY26,2014,
25610821,Arnob Phukon,IND,M,,,,1545,0,20,MAY26,2003,i
35095277,Arnold P,IND,M,,,,1655,0,20,MAY26,2005,i
48766925,Arohan Dey,IND,M,,,,1825,0,,MAY26,2013,
45008817,Aron Rose,IND,M,,,,1572,0,20,MAY26,2006,i
25159607,Aron S P,IND,M,,,,1721,0,40,MAY26,2009,i
88165418,Aron S S,IND,M,,,,1548,0,40,MAY26,2009,i
25072846,Aronyak Ghosh,IND,M,IM,,,2476,8,10,MAY26,2003,
25631705,Arora Advay,IND,M,,,,1657,0,40,MAY26,2010,
46616454,Arora Honi,IND,M,FM,,,1868,0,20,MAY26,2007,
45081093,Arora Prabir Pal Singh,IND,M,,,,1563,0,20,MAY26,2003,i
35003003,Arora Saksham,IND,M,,,,1582,0,20,MAY26,2003,
564072088,"Arora, Madhav",IND,M,,,,1444,0,40,MAY26,2012,
537068199,Arpan Dang,IND,M,,,,1401,0,20,MAY26,1995,i
429096308,Arpan Das,IND,M,,,,1576,5,20,MAY26,2007,
25077155,Arpan Das (Jr),IND,M,,,,2196,0,20,MAY26,2004,
558053239,Arpan Deval,IND,M,,,,1439,7,40,MAY26,2010,
429004322,Arpan Kini,IND,M,,,,1580,0,40,MAY26,2013,
5007208,"Arpan, Das",IND,M,,,,1972,0,20,MAY26,1997,
33394482,Arpit Abhishek Agrawal,IND,M,,,,1538,0,,MAY26,2010,i
531036490,Arpit Dixit,IND,M,,,,1460,6,,MAY26,2009,
547029838,Arpit Gupta,IND,M,,,,1532,0,40,MAY26,2012,
88123588,Arpit Lakra,IND,M,,,,1451,0,40,MAY26,2009,
45079277,Arpit Roy,IND,M,,,,1532,0,20,MAY26,2006,i
33380473,Arpit Singh,IND,M,,,,1575,0,20,MAY26,2001,
429092051,Arpit Tomar,IND,M,,,,1547,0,40,MAY26,2009,
48706523,Arpita Kumari,IND,F,,,,1461,0,40,MAY26,2014,wi
33330247,Arpita Patankar,IND,F,,,,1663,8,40,MAY26,2013,w
5056403,"Arpita, Mukherjee",IND,F,WIM,WIM,,2088,0,20,MAY26,2001,wi
429009995,Arpitangshi Bhattacharya,IND,F,,,,1446,0,40,MAY26,2017,w
25677217,Arpith S Bijoy,IND,M,,,,2256,0,40,MAY26,2008,
88144461,Arsekar Naksh,IND,M,,,,1491,0,40,MAY26,2012,
547075880,Arsh Gupta,IND,M,,,,1490,0,,MAY26,2014,
558019480,Arsh Kushwaha,IND,M,,,,1463,0,40,MAY26,2013,
25633252,Arsh Marwah,IND,M,,,,1658,0,20,MAY26,2002,
33424276,Arsh Shareen,IND,M,,,,1480,0,40,MAY26,2012,
25107933,Arshdeep Singh,IND,M,,,,1557,0,20,MAY26,2004,i
45013349,Arshin Sikka,IND,M,,,,1597,0,20,MAY26,2005,i
33415080,Arshit Kumar,IND,M,,,,1533,0,40,MAY26,2013,
88106837,Arshitha S,IND,F,,,,1511,0,40,MAY26,2017,w
25652150,Arshiya Das,IND,F,FM,WFM,,1948,0,40,MAY26,2010,w
25902113,Arshpreet Singh,IND,M,FM,,,2147,27,40,MAY26,2009,
25790668,Arsi Shiva,IND,M,,,,1750,0,20,MAY26,1991,i
25672312,Arsum Javaid,IND,M,,NI,,1661,0,20,MAY26,1998,i
429050030,Arth Bhardwaj,IND,M,,,,1645,0,,MAY26,2011,
547073276,Arthit Debnath,IND,M,,,,1450,6,,MAY26,2015,
88160548,Arthur Arun Alex,IND,M,,,,1500,14,,MAY26,2014,
45091455,Arti Singh,IND,F,,,,1437,0,20,MAY26,1999,wi
45026793,Arueran Raghuraman,IND,M,,,,1642,0,20,MAY26,2007,i
45086931,Arul Anandh S P K,IND,M,,,,2030,0,20,MAY26,2006,
537084410,Arul Goswami,IND,M,,,,1504,0,40,MAY26,2010,
45061114,Arul Prakash N,IND,M,,,,1823,0,,MAY26,2009,
25054686,Arul Suresha G A,IND,M,,,,1616,0,20,MAY26,2001,i
25174169,Arul Tripathi,IND,M,,NA,,1566,0,,MAY26,2005,
547048301,Arulamuthan Anbazhagan,IND,M,,,,1596,0,40,MAY26,2014,
5042437,"Arulkumar, S",IND,M,,,,1624,0,20,MAY26,1984,i
33483060,Arulsriram V,IND,M,,,,1516,0,,MAY26,2009,i
46665560,Arun Bose V S,IND,M,,NI,,1449,0,20,MAY26,1983,i
25092480,Arun D,IND,M,,FA,,1703,0,20,MAY26,1998,i
429003024,Arun G,IND,M,,NI,,1464,8,20,MAY26,1999,
35035347,Arun Harishankar Tripathi,IND,M,,,,1578,0,20,MAY26,1988,i
5021030,Arun Karthik R,IND,M,,,,2248,0,,MAY26,1990,i
25767283,Arun Karthikeyan R,IND,M,,,,1513,0,20,MAY26,2006,i
46630368,Arun Kataria,IND,M,FM,,,2051,0,20,MAY26,2006,
25609858,Arun Kumar,IND,M,,,,1686,0,20,MAY26,1989,i
25925938,Arun Kumar,IND,M,,,,1461,0,20,MAY26,1973,i
25098250,Arun Kumar A,IND,M,,,,1536,0,20,MAY26,1998,i
25047906,Arun Kumar G,IND,M,,"NI,FI,IA",,1587,0,20,MAY26,1989,
35072137,Arun Kumar K.G,IND,M,,,,1839,0,20,MAY26,1980,
25082094,Arun Kumar M,IND,M,,,,1708,0,20,MAY26,1992,i
25044346,Arun Kumar P,IND,M,,,,1759,0,20,MAY26,1999,i
46695826,Arun Lobo,IND,M,,,,1541,10,20,MAY26,1986,
25014838,Arun M S,IND,M,,,,1703,0,20,MAY26,2000,i
45044074,Arun Nandi,IND,M,,,,1653,0,20,MAY26,1978,i
35011499,Arun Narayan,IND,M,,,,1519,0,20,MAY26,1991,i
25026828,Arun Prasad D,IND,M,,,,1649,0,20,MAY26,1997,
5011167,"Arun Prasad, S.",IND,M,GM,,,2514,0,10,MAY26,1988,i
25018990,Arun Prasath P,IND,M,,,,1614,0,20,MAY26,1989,
46637338,Arun R,IND,M,,,,1681,0,20,MAY26,1989,
25074253,Arun R Nath,IND,M,,,,1693,0,20,MAY26,1998,
46673709,Arun R U,IND,M,,,,1867,0,20,MAY26,2001,i
25098713,Arun Rathee,IND,M,,,,1972,11,20,MAY26,1996,
537008994,Arun Subramaniyam N K,IND,M,,,,1442,0,40,MAY26,2012,
33348561,Arun Verma,IND,M,,,,1513,0,20,MAY26,1994,
25004077,Arun Wahi,IND,M,,,,1723,0,20,MAY26,1958,i
5058988,"Arun, Kumar.b",IND,M,,,,1463,0,20,MAY26,1988,i
5016436,"Arun, Srinivaas R.S.",IND,M,,,,2052,0,20,MAY26,1986,i
35010972,Aruna Dinakara,IND,M,,,,1606,0,,MAY26,1986,i
33449481,Arunachalam Nachiappan,IND,M,,,,1900,0,40,MAY26,2010,
35062689,Arunachalam Palani,IND,M,,,,1698,0,20,MAY26,1978,
45061912,Arunav Thakur,IND,M,,,,1488,0,20,MAY26,2001,
537004042,Arunava Bandyopadhyay,IND,M,,,,1463,0,20,MAY26,1995,
547005157,Arundhuti Das,IND,F,,,,1506,0,40,MAY26,2013,w
48768120,Arundhuti Mukherjee,IND,F,,,,1512,0,40,MAY26,2013,w
25734385,Arunit Dey,IND,M,,,,1493,0,20,MAY26,2005,i
25142690,Arunkarthik Muthukaruppan,IND,M,,,,1682,9,40,MAY26,2010,
558035826,Arunkumar B,IND,M,,,,1460,0,20,MAY26,1994,
25603698,Arunkumar B Budihal,IND,M,,,,1542,0,,MAY26,1995,
45009511,Arunkumar K S,IND,M,,,,1600,0,20,MAY26,2002,i
33306974,Arunkumar M,IND,M,,,,1515,0,20,MAY26,2001,i
46673717,Arunkumar Muthukumar,IND,M,,,,1717,0,20,MAY26,2002,i
25650882,Arunkumar S,IND,M,,,,1658,0,20,MAY26,1985,i
25948504,Arunodhay K,IND,M,,,,1462,0,40,MAY26,2008,i
45003084,Arunraj Muniandi,IND,M,,,,1603,0,20,MAY26,1987,i
48725170,Arush A,IND,M,,,,1940,0,40,MAY26,2012,
531098983,Arush Bimal,IND,M,,,,1473,0,40,MAY26,2016,
547069589,Arush Gupta,IND,M,,,,1478,0,40,MAY26,2016,
33325111,Arush Sachin,IND,M,,,,1518,0,40,MAY26,2011,
429094208,Arushi Dhar,IND,F,,,,1413,0,40,MAY26,2014,w
33437459,Arushi Dinesh,IND,F,,,,1583,7,,MAY26,2015,w
25060856,Arushi Kotwal,IND,F,WCM,WCM,NA,1748,0,20,MAY26,2004,wi
25914081,Arushi Severin Helen D Silva,IND,F,,,,1849,11,40,MAY26,2010,w
25659510,Arushi Srichandan,IND,F,,,,1533,0,40,MAY26,2009,wi
5084407,Arvind M,IND,M,,,,1879,0,20,MAY26,2001,i
5062160,Arvind Ramnath Iyer,IND,M,,,,1766,0,20,MAY26,1999,
537039296,Arvind Sivdas,IND,M,,,,1436,0,20,MAY26,1982,i
5007470,"Arvind, C.J.",IND,M,FM,,,2174,0,20,MAY26,1981,i
5030234,"Arvind, Kumar V.",IND,M,,,,1854,0,20,MAY26,1992,i
5008778,"Arvind, Shastry",IND,M,FM,,,2241,0,20,MAY26,1975,i
45007900,Arvindh Raj A R,IND,M,,,,1535,0,20,MAY26,2001,i
5014654,Arvindu,IND,M,,NA,,1776,0,20,MAY26,1985,i
25789198,Arya Amit Dublay,IND,F,,,,1499,0,40,MAY26,2009,wi
33487383,Arya Amol Bagayatkar,IND,M,,,,1516,0,,MAY26,2010,i
88170853,Arya Arul,IND,M,,,,1435,0,40,MAY26,2013,
35025589,Arya Bhakta,IND,M,,,,2100,0,20,MAY26,2006,i
25938533,Arya Dabholkar,IND,F,,,,1591,0,40,MAY26,2008,wi
25949829,Arya Divyanshu,IND,M,,,,1591,0,20,MAY26,1995,
25115324,Arya G Mallar,IND,F,WFM,WFM,,1761,0,40,MAY26,2009,w
25686500,Arya Hitenkumar Pandya,IND,F,,,,1611,0,,MAY26,2009,wi
429076692,Arya Jaiman,IND,F,,,,1513,0,40,MAY26,2017,w
48797324,Arya Ketti Ramesh,IND,M,,,,1428,0,,MAY26,2010,i
25072960,Arya Ranjan,IND,F,,,,1524,0,20,MAY26,2003,wi
25101420,Arya Rathod,IND,M,,,,1512,0,40,MAY26,2008,i
33391823,Arya Ray,IND,M,,,,1599,0,20,MAY26,2004,
33478481,Arya Riaan R,IND,M,,,,1436,0,,MAY26,2013,i
25770705,Arya Sengupta,IND,M,,,,1560,7,40,MAY26,2011,
25964640,Aryaa Hansal Parikh,IND,M,,,,1533,0,40,MAY26,2008,i
25702157,Aryaan Ganesh,IND,M,,,,1503,0,20,MAY26,2005,i
46630856,Aryagopal,IND,M,,,,1640,0,20,MAY26,2002,i
48754234,Aryahi Bhattacharya,IND,F,,,,1583,7,40,MAY26,2016,w
25684809,Aryam Sreyoj Gogoi,IND,M,,,,1512,0,20,MAY26,2005,i
48736147,Aryamaan Sen,IND,M,,,,1536,0,,MAY26,2012,
531034950,Aryaman Aggrwal,IND,M,,,,1550,0,20,MAY26,2006,
48734004,Aryaman Barooah,IND,M,,,,1491,0,40,MAY26,2010,i
35049577,Aryaman Bhatia,IND,M,,,,1706,0,20,MAY26,2002,i
25981226,Aryaman Ganguly,IND,M,,,,1920,0,40,MAY26,2012,
33485135,Aryaman Manish Kumar Chopade,IND,M,,,,1453,0,40,MAY26,2009,i
537095021,Aryaman Rajvanshi,IND,M,,,,1515,6,40,MAY26,2009,
547089172,"Aryaman, Kashyap",IND,M,,,,1564,0,40,MAY26,2011,
25007700,Aryan,IND,M,,,,1837,0,,MAY26,1993,i
25097830,Aryan,IND,M,,,,1704,0,20,MAY26,1999,i
25087576,Aryan Abhijeet Shah,IND,M,,,,1943,11,20,MAY26,2004,
429022134,Aryan Agarwal,IND,M,,,,1659,7,40,MAY26,2010,
25628658,Aryan Anand,IND,M,,,,1623,0,20,MAY26,2004,i
25798065,Aryan Anand Bansod,IND,M,,,,1473,0,40,MAY26,2009,i
48768766,Aryan Arun Gadre,IND,M,,,,1659,0,20,MAY26,2006,
558079130,Aryan Barani,IND,M,,,,1404,4,40,MAY26,2014,
25149652,Aryan Behera,IND,M,,,,1898,0,40,MAY26,2012,
88193462,Aryan Bhushan Kothawade,IND,M,,,,1410,13,40,MAY26,2012,
547008920,Aryan Bindal,IND,M,,,,1489,0,40,MAY26,2008,i
537083791,Aryan Chauhan,IND,M,,,,1506,0,40,MAY26,2008,
5084423,Aryan Chopra,IND,M,GM,,,2603,0,10,MAY26,2001,
33481156,Aryan Dey,IND,M,,,,1419,0,40,MAY26,2011,i
45087407,Aryan Garg,IND,M,,,,1707,0,20,MAY26,2003,i
366108825,Aryan Goyal,IND,M,,,,1852,0,,MAY26,2015,
45007918,Aryan Gupta,IND,M,,,,1504,0,20,MAY26,2001,i
429048370,Aryan Gupta,IND,M,,,,1416,0,40,MAY26,2012,i
547066059,Aryan Juneja,IND,M,,,,1426,0,20,MAY26,2001,
25917242,Aryan Kamath,IND,M,,,,1584,0,40,MAY26,2009,
25074288,Aryan Khurana,IND,M,,,,1519,0,20,MAY26,2003,i
33329664,Aryan Mehta,IND,M,,,,2101,11,40,MAY26,2014,
33410011,Aryan Mehta,IND,M,,,,1603,0,40,MAY26,2008,i
33373264,Aryan Mehta,IND,M,,,,1596,0,20,MAY26,2005,
33301506,Aryan Mishra,IND,M,,,,1500,0,40,MAY26,2011,i
45099103,Aryan N Phadke,IND,M,,,,1613,0,20,MAY26,2002,i
33495467,Aryan Naik,IND,M,,,,1560,16,40,MAY26,2015,
33395578,Aryan Nair,IND,M,,,,1612,0,20,MAY26,2006,
48786225,Aryan Pandey,IND,M,,,,1512,0,40,MAY26,2011,
25105787,Aryan Pandit,IND,M,,,,1501,0,40,MAY26,2009,
25165267,Aryan Rai,IND,M,,,,1563,0,20,MAY26,1996,i
366196532,Aryan Raj,IND,M,,,,1419,0,40,MAY26,2009,i
35044230,Aryan Rajesh Jain,IND,M,,,,1576,0,20,MAY26,2003,i
25072870,Aryan Ranjan,IND,M,,,,1875,0,20,MAY26,2004,
547092050,Aryan Reza,IND,M,,,,1504,0,40,MAY26,2017,
531052690,Aryan Saha,IND,M,,,,1474,6,40,MAY26,2017,
48713473,Aryan Sankar Goswami,IND,M,,,,1438,0,40,MAY26,2012,i
547018232,Aryan Saxena,IND,M,,,,1582,0,40,MAY26,2013,
46642765,Aryan Shamrao Raikar,IND,M,,NA,,1748,0,20,MAY26,2002,
48712000,Aryan Shreenivas Pardeshi,IND,M,,,,1427,0,40,MAY26,2010,i
33401659,Aryan Sista,IND,M,,,,1719,0,,MAY26,2006,
429097142,Aryan Soni,IND,M,,,,1653,5,20,MAY26,2002,
45044210,Aryan Surya S A,IND,M,,,,1459,0,40,MAY26,2008,i
48739804,Aryan Verma,IND,M,,,,1735,0,20,MAY26,1998,
537035843,Aryan Verma,IND,M,,,,1544,0,40,MAY26,2009,
33357269,Aryan Vijay Godbole,IND,M,,,,1557,0,20,MAY26,2007,i
531029051,Aryansh Rathore,IND,M,,,,1486,0,40,MAY26,2016,
88166910,Aryarav Das,IND,M,,,,1512,0,40,MAY26,2011,i
531022219,Aryaveer Jindal,IND,M,,,,1736,8,40,MAY26,2011,
88120490,Aryaveer Kapoor,IND,M,,,,1667,8,40,MAY26,2010,
429017726,Aryaveer Lodha,IND,M,,,,1477,0,40,MAY26,2010,
25118072,Arz Bhatia,IND,M,,,,1421,0,40,MAY26,2010,i
45084904,Asain L,IND,M,,,,1563,0,20,MAY26,1986,i
429016975,Asapu Shreyas,IND,M,,,,1454,0,40,MAY26,2016,
429016983,Asapu Suhas,IND,M,,,,1553,0,40,MAY26,2013,
33384096,Ashank Kailas Goliwadekar,IND,M,,,,1534,0,40,MAY26,2013,i
25096273,Ashar Grishma,IND,F,,,,1705,0,20,MAY26,1998,wi
547075759,Ashar Rehman,IND,M,,,,1464,0,40,MAY26,2009,
88170357,Ashay Paturkar,IND,M,,,,1870,0,40,MAY26,2010,
564002837,Asher G Jabrel,IND,M,,,,1527,0,,MAY26,2013,
33472491,Asher Selvin Jayaseelan,IND,M,,,,1524,0,40,MAY26,2011,i
5095999,Ashesh Keni,IND,M,,IA,,1556,0,20,MAY26,1965,i
25670700,Ashil A J,IND,M,,,,1585,0,20,MAY26,2006,i
5037735,"Ashim, Roy",IND,M,,,,1882,0,20,MAY26,0,
25018698,Ashis Kumar,IND,M,,,,1609,0,20,MAY26,1979,
564007227,Ashis Kundu,IND,M,,,,1404,0,20,MAY26,1995,
48793124,Ashish A,IND,M,,,,1532,0,40,MAY26,2011,i
531018696,Ashish Bharat Lokhande,IND,M,,,,1436,0,20,MAY26,1985,
25974955,Ashish Krishnamurari Desai,IND,M,,,,1967,0,20,MAY26,1968,i
25044230,Ashish Kumar,IND,M,,,,1665,0,20,MAY26,2001,i
537019813,Ashish Kumar,IND,M,,,,1580,0,40,MAY26,2010,i
547071850,Ashish Kumar 19981017,IND,M,,,,1805,0,20,MAY26,1998,
564014010,Ashish Kumar Raj,IND,M,,,,1496,0,40,MAY26,2011,
35078046,Ashish Kumar Singh,IND,M,,,,1635,0,20,MAY26,1989,
33316716,Ashish Kumar Trivedi,IND,M,,,,1443,0,20,MAY26,1987,i
25067796,Ashish Madhusoodhanan,IND,M,,,,1822,0,20,MAY26,1998,i
48793647,Ashish Manocha,IND,M,,NA,,1412,0,,MAY26,2002,i
88153908,Ashish N Nambiar,IND,M,,,,1472,0,40,MAY26,2012,
35042971,Ashish Raj,IND,M,,FA,,1813,0,20,MAY26,1996,i
25793390,Ashish Sankalecha,IND,M,,,,1564,0,20,MAY26,2005,i
25648683,Ashish Saxena,IND,M,,,,1503,0,20,MAY26,1974,i
25097849,Ashish Sehgal,IND,M,,,,1537,0,20,MAY26,1987,i
25134248,Ashish Sharma,IND,M,,,,1585,0,20,MAY26,1998,i
35007580,Ashit Kumar Jha,IND,M,,,,1645,0,20,MAY26,1990,i
35048325,Ashkar M M,IND,M,,,,1471,0,20,MAY26,1990,
547016604,Ashkar Rahman A R,IND,M,,,,1443,0,40,MAY26,2015,
33343144,Ashley Syon Lewis,IND,M,,,,1468,0,40,MAY26,2009,
46664840,Ashmit Arunjay Kumar,IND,M,,,,1693,0,20,MAY26,2004,
25065246,Ashmitha Kiran Raju,IND,F,,,,1564,0,20,MAY26,2001,wi
25198858,Ashok Jasma Vollepore,IND,M,,,,1581,0,40,MAY26,2011,i
46674497,Ashok Kumar Jaju,IND,M,,,,1671,0,20,MAY26,1980,i
5002850,"Ashok Kumar, Mohanty",IND,M,,,,1948,0,20,MAY26,1966,i
5015146,"Ashok, Gajwani",IND,M,,,,1678,0,20,MAY26,1965,
88148033,Ashraf Ali,IND,M,,,,1516,0,40,MAY26,2011,i
33386013,Ashrik Shivam,IND,M,,,,1564,0,40,MAY26,2009,i
429022282,Ashrith B O,IND,M,,,,1452,0,40,MAY26,2014,
25077180,Ashry Srivastava,IND,F,,,,1500,0,20,MAY26,2000,wi
45015678,Ashtosh A Wagh,IND,M,,,,1510,0,40,MAY26,2009,i
46698191,Ashuthosh Srivatsa R,IND,M,,,,1498,0,20,MAY26,2001,i
25991647,Ashutosh Jamwal,IND,M,,,,1669,0,20,MAY26,1999,i
88120503,Ashutosh Khati,IND,M,,,,1516,0,20,MAY26,2005,
25965344,Ashutosh Krushnakumar Sapkal,IND,M,,,,1595,0,,MAY26,2003,
5097940,Ashutosh Mohapatra,IND,M,,,,1825,0,20,MAY26,1996,
33345392,Ashutosh Purohit,IND,M,,,,1616,0,20,MAY26,2001,
5018714,"Ashutosh, Kumar",IND,M,,,,1912,0,20,MAY26,1988,i
366196846,Ashvath Mittal,IND,M,,,,2089,0,40,MAY26,2010,
25179780,Ashvath N R,IND,M,,,,1534,0,40,MAY26,2010,i
25127292,Ashvath Ram R,IND,M,,,,1517,0,20,MAY26,2007,i
46691618,Ashvin Sharma,IND,M,,,,1665,0,20,MAY26,2007,i
46637346,Ashvin Venkat G,IND,M,,,,1810,0,20,MAY26,2007,i
46636692,Ashwani Kumar Grover,IND,M,,,,1839,0,20,MAY26,1995,i
25099701,Ashwani Mahesh,IND,M,,,,1864,0,20,MAY26,1978,i
33375704,Ashwath Narayanan P,IND,M,,,,1743,0,40,MAY26,2009,
88118568,Ashwath Ram U S,IND,M,,,,1513,0,40,MAY26,2013,i
5021049,"Ashwath, R.",IND,M,FM,,,2287,0,20,MAY26,1991,
35084135,Ashwin Bakre,IND,M,,,,1507,0,20,MAY26,2006,i
88176622,Ashwin Dey,IND,M,,,,1647,0,40,MAY26,2009,
48715719,Ashwin Gurbani,IND,M,,,,1582,0,20,MAY26,1999,i
531099220,Ashwin Prabhu Marakada,IND,M,,,,1518,0,20,MAY26,2000,
48735906,Ashwin R,IND,M,,,,1612,0,40,MAY26,2009,
48721107,Ashwin R,IND,M,,,,1430,0,40,MAY26,2013,i
33405026,Ashwin Rajan N,IND,M,,,,1504,0,40,MAY26,2010,i
45086966,Ashwin Ravichandran,IND,M,,,,1701,0,20,MAY26,1999,
48729965,Ashwin Ravikumar,IND,M,,,,1603,0,20,MAY26,1995,i
88104680,Ashwin S P,IND,M,,,,1447,0,40,MAY26,2012,
45010030,Ashwin Sairam,IND,M,FM,,,1859,0,20,MAY26,2007,i
25074300,Ashwin Senthilkumar,IND,M,,,,1636,0,20,MAY26,1998,
25052187,Ashwin Shenoy K,IND,M,,,,1628,0,20,MAY26,1989,i
48721611,Ashwin Valliappan,IND,M,,,,1410,0,40,MAY26,2009,i
5018137,"Ashwin, Jayaram",IND,M,GM,,,2461,0,10,MAY26,1990,i
88177165,Ashwindev B,IND,M,,,,1457,0,40,MAY26,2012,
5046785,Ashwini Udhayasuriyan,IND,F,,,,1896,0,20,MAY26,1998,wi
5033152,"Ashwini, S.",IND,F,,,,1872,0,20,MAY26,1992,wi
25990810,Ashwinth Michael,IND,M,,,,1676,0,,MAY26,2008,i
35069608,Asif Ikbal Hazarika,IND,M,,,,1632,0,20,MAY26,1979,i
25054201,Asish Babu V,IND,M,,,,1516,0,20,MAY26,1998,i
45012458,Asish Panda,IND,M,,,,1948,0,20,MAY26,2004,i
429059305,Aslam A,IND,M,,,,1652,0,40,MAY26,2012,i
25171542,Aslam K A,IND,M,,,,1531,0,20,MAY26,1982,i
48745090,Aslam Mujeeb,IND,M,,,,1488,0,40,MAY26,2013,i
537064223,Asmit Kumar,IND,M,,,,1426,0,40,MAY26,2009,i
25799037,Asmit Mishra,IND,M,,,,1600,0,20,MAY26,2004,i
531017703,Asmit Samanta,IND,M,,,,1437,4,40,MAY26,2012,
25786911,Asmita Avijit Ray,IND,F,,,,1627,0,40,MAY26,2009,w
33344523,Asmita Biswas,IND,F,,,,1675,0,40,MAY26,2013,w
5093872,Asmita Das,IND,F,,,,1795,0,,MAY26,2001,wi
35073010,Asmitaa S,IND,F,,,,1465,0,20,MAY26,2005,wi
48717487,Asmitha Animi,IND,F,,,,1586,0,40,MAY26,2011,w
46618880,"Asna,Abdeen",IND,F,,,,1809,0,20,MAY26,2004,wi
25082116,Aspaq Hussain M,IND,M,,,,1617,0,20,MAY26,1999,i
537036343,Asritaram Gellanki,IND,M,,,,1591,0,40,MAY26,2014,
537024116,Asshwin Changade,IND,M,,,,1525,0,40,MAY26,2011,
25083988,Astha Rastogi,IND,F,,,,1499,0,20,MAY26,1999,wi
25697463,Asudani Ruhani Raj,IND,F,,,,1713,0,,MAY26,2010,w
5055229,Aswanth.s,IND,M,,,,1546,0,20,MAY26,2000,i
46645810,Aswanther S,IND,M,,,,1504,0,20,MAY26,1991,i
88162206,Aswanthram Sankar Ganesh Kannan,IND,M,,,,1673,0,,MAY26,2014,
5037743,"Aswath P, Hari",IND,M,,,,1805,0,20,MAY26,1998,i
46694919,"Aswath, S",IND,M,IM,,,2412,0,10,MAY26,2008,
35018876,Aswin Babu J,IND,M,,,,1730,0,20,MAY26,2000,i
33477299,Aswin Bala S,IND,M,,,,1563,7,40,MAY26,2013,
25767305,Aswin D,IND,M,,,,1680,0,40,MAY26,2009,
33483590,Aswin Kumar A,IND,M,,,,1540,0,40,MAY26,2010,i
25058614,Aswin Kumar B S,IND,M,,,,1806,0,20,MAY26,2004,i
429095700,Aswin S,IND,M,,,,1440,0,,MAY26,2012,i
25965786,Aswin T,IND,M,,,,1468,0,20,MAY26,2006,
25067826,Aswin Viswananth U P,IND,M,,,,1575,0,20,MAY26,1996,
5058252,Aswin.p.g,IND,M,,,,1531,0,20,MAY26,1989,
25611518,Aswinika Mani R,IND,F,,,,1694,0,40,MAY26,2009,w
25132628,Atal Paramlal Ahirwar,IND,M,,,,1570,0,20,MAY26,1975,i
537088602,Atal Phatak,IND,M,,,,1441,0,20,MAY26,1990,
46690727,Atamjeet Singh,IND,M,,,,1645,0,,MAY26,1993,
35067630,Atanu Chakraborty,IND,M,,,,1786,0,20,MAY26,1978,
25601318,Atchaya A,IND,F,,,,1472,0,20,MAY26,2007,wi
25923200,Ateeque Khan,IND,M,,,,1645,0,20,MAY26,1977,i
48715727,Athang Jayant Hirpurkar,IND,M,,,,1566,0,40,MAY26,2015,i
429036666,Atharav Jagtap,IND,M,,,,1514,0,40,MAY26,2012,
25128981,Atharav Singh Naruka,IND,M,,,,1419,0,,MAY26,2009,
558018638,Atharava Kumar Walia,IND,M,,,,1520,0,40,MAY26,2009,
48764760,Atharv A Mungarwadi,IND,M,,,,1455,9,40,MAY26,2015,
429022711,Atharv Agrawal,IND,M,,,,1512,9,40,MAY26,2012,
48715735,Atharv Amit Goenka,IND,M,,,,1594,0,40,MAY26,2014,
531024823,Atharv Arora,IND,M,,,,1519,7,,MAY26,2015,
25903713,Atharv Bansal,IND,M,,,,1997,0,40,MAY26,2008,
25786873,Atharv Bisht,IND,M,,,,1575,0,40,MAY26,2008,i
429030641,Atharv Ghatwal,IND,M,,,,1733,0,40,MAY26,2014,i
88191907,Atharv Gururaj Kulkarni,IND,M,,,,1475,3,40,MAY26,2018,
429058937,Atharv Jaglan,IND,M,,,,1656,0,40,MAY26,2013,i
33496455,Atharv Javali,IND,M,,,,1487,0,40,MAY26,2010,
547083573,Atharv Khanna,IND,M,,,,1585,8,40,MAY26,2009,
45092826,Atharv Krishna Vedula,IND,M,,,,1514,0,40,MAY26,2008,i
429098181,Atharv Laxman Chougule,IND,M,,,,1457,0,20,MAY26,2003,
88106799,Atharv Nayak,IND,M,,,,1443,0,40,MAY26,2013,
45068135,Atharv Nitin Narayan,IND,M,,,,1575,0,40,MAY26,2009,i
33425817,Atharv Palta,IND,M,,,,1686,8,40,MAY26,2012,
88170322,Atharv Parsekar,IND,M,,,,1477,0,,MAY26,2013,
577011180,Atharv R Kulkarni,IND,M,,,,1525,0,40,MAY26,2014,
429082790,Atharv Raj,IND,M,,,,1436,0,40,MAY26,2014,i
547015519,Atharv Sahu,IND,M,,,,1406,0,40,MAY26,2014,
25980823,Atharv Sawant Dessai,IND,M,,,,1439,0,40,MAY26,2008,i
537000888,Atharv Seetharam Nayak Banoth,IND,M,,,,1444,0,40,MAY26,2018,
577028090,Atharv Sharma,IND,M,,,,1577,0,40,MAY26,2011,
25191470,Atharv Shukla Parab,IND,M,,,,1428,0,40,MAY26,2013,
48714070,Atharv Singh,IND,M,,,,1528,0,40,MAY26,2016,
33401390,Atharv Singh Negi,IND,M,,,,1750,9,40,MAY26,2013,
531048480,Atharv Srivastava,IND,M,,,,1436,0,,MAY26,2011,
531098029,Atharv Tandon,IND,M,,,,1406,0,40,MAY26,2013,
577028104,Atharv Vatsya,IND,M,,,,1453,0,40,MAY26,2015,
33383731,Atharv Venkatesh,IND,M,,,,1713,0,40,MAY26,2013,
33484562,Atharv Vohra,IND,M,,,,1853,9,40,MAY26,2011,
547064889,Atharva,IND,M,,,,1413,11,40,MAY26,2015,
25702939,Atharva Aloni,IND,M,,,,1615,0,20,MAY26,2004,i
537068504,Atharva Anish Pillai,IND,M,,,,1432,2,40,MAY26,2014,
33367337,Atharva Atul Borkar,IND,M,,,,1516,0,40,MAY26,2013,
25929941,Atharva Balvalli,IND,M,,,,1769,0,20,MAY26,2007,i
25906470,Atharva Bodade,IND,M,,,,1497,0,40,MAY26,2011,i
48727644,Atharva Buradkar,IND,M,,,,1431,0,40,MAY26,2010,i
33396795,Atharva Chaitanya Mhetras,IND,M,,,,1536,0,40,MAY26,2009,i
25972065,Atharva Ghugal,IND,M,,,,1471,0,20,MAY26,2007,i
25922793,Atharva Kale,IND,M,,,,1857,0,40,MAY26,2008,i
48734187,Atharva Kannaujiya,IND,M,,,,1490,0,40,MAY26,2010,
33411140,Atharva Kedia,IND,M,,,,1599,0,40,MAY26,2011,
35007190,Atharva M Parulekar,IND,M,,,,1598,0,20,MAY26,2004,i
537059580,Atharva Manoj,IND,M,,,,1489,0,,MAY26,2018,
33469725,Atharva Nilesh Ranjane,IND,M,,,,1506,0,40,MAY26,2008,i
25135406,Atharva Nitin Tarale,IND,M,,,,1435,0,40,MAY26,2011,i
537085220,Atharva Nitinkumar Yemul,IND,M,,,,1453,4,40,MAY26,2016,
48736171,Atharva Parag Koranne,IND,M,,,,1528,0,40,MAY26,2012,i
88142990,Atharva R,IND,M,,,,1406,0,,MAY26,2012,i
33417199,Atharva Rajesh,IND,M,,,,1419,0,,MAY26,2015,
35028715,Atharva Rakesh Bhede,IND,M,,,,1701,0,20,MAY26,2004,i
531020720,Atharva S K,IND,M,,,,1479,0,40,MAY26,2017,
537014838,Atharva S Kulkarni,IND,M,,,,1511,0,40,MAY26,2010,i
35023837,Atharva Sadawrate,IND,M,,,,1538,0,20,MAY26,2001,i
25664026,Atharva Sawal,IND,M,,,,1570,0,40,MAY26,2010,i
48755842,Atharva Thampy,IND,M,,,,1599,4,,MAY26,2011,
45067244,Atharva Tomar,IND,M,,,,1611,0,20,MAY26,2006,i
429039410,Atharva Tyagi,IND,M,,,,1429,0,40,MAY26,2013,
48756075,Atharva V N,IND,M,,,,1593,0,40,MAY26,2012,
33451575,Atharva Vijay Dabholkar,IND,M,,,,1733,0,20,MAY26,2002,
25042955,Atharvaa P Tayade,IND,M,,,,2025,0,20,MAY26,2001,
48727075,Atharvan Mishra,IND,M,,,,1504,6,40,MAY26,2012,
429075050,Athavan Thirumoorthy,IND,M,,,,1451,0,20,MAY26,1985,
25761226,Athira A J,IND,F,,,,1582,0,40,MAY26,2009,w
5034760,"Athirai, S",IND,F,,,,1909,0,20,MAY26,1991,wi
88107809,Athish Balamurugan,IND,M,,,,1467,0,40,MAY26,2014,
5074711,"Athithya, J",IND,M,,,,1620,0,,MAY26,1997,
25756117,Athul Shetty,IND,M,,,,1672,0,20,MAY26,1997,
5046815,"Athul, Krishna S",IND,M,,,,1947,0,20,MAY26,1998,i
33496900,Athulkrishna P,IND,M,,,,1816,0,40,MAY26,2011,
33316953,Athvik M,IND,M,,,,2044,0,40,MAY26,2013,
537073311,Atif Arman Laskar,IND,M,,,,1463,0,40,MAY26,2008,
33426830,Atiksh Agarwal,IND,M,,,,1502,0,40,MAY26,2013,
531036643,Atiksh S Birajdar,IND,M,,,,1435,0,40,MAY26,2016,
88105733,Atiksh Sagar,IND,M,,,,1508,0,40,MAY26,2011,
429080789,Atiksh Sahani,IND,M,,,,1476,0,40,MAY26,2016,
33478902,Atiksh Thakur,IND,M,,,,1821,0,40,MAY26,2011,
558095551,Atish Kumar Gupta,IND,M,,,,1480,9,40,MAY26,2014,
531001866,Atish Nanda Goswami,IND,M,,,,1459,0,40,MAY26,2011,
5044502,"Atishay, Ajmera",IND,M,,,,2006,0,20,MAY26,1993,i
366108923,"ATM, Aravindalochanan",IND,M,,,,1585,0,,MAY26,2010,i
33309264,Atraya Roy Barman,IND,M,,,,1614,0,20,MAY26,2007,
25612115,Atri Bhattacharya,IND,M,,,,1446,0,20,MAY26,2002,i
45012466,Atri Chattopadhyay,IND,M,,,,1933,0,20,MAY26,2004,i
531052720,Atrij Roy,IND,M,,,,1577,0,40,MAY26,2013,
531005543,Atta Akshaya,IND,F,,,,1490,0,40,MAY26,2013,wi
547085835,Attrinetra Sahoo,IND,M,,,,1545,0,40,MAY26,2009,
45047146,Atul Babu,IND,M,,,,1662,0,20,MAY26,2000,i
5076234,Atul Bihari sharan,IND,M,,,,1616,0,20,MAY26,1953,i
25117599,Atul Kumar Tiwari,IND,M,,,,1467,0,20,MAY26,2004,
35017250,Atul Srivatsa,IND,M,,,,1690,0,20,MAY26,2001,i
25778226,Atul Suresh dongre,IND,M,,,,1527,0,20,MAY26,1976,i
33307555,Atul Venkateswaran,IND,M,,,,1596,0,20,MAY26,2006,i
5064430,"Atul, Hingad",IND,M,,,,1647,0,20,MAY26,1992,
5018510,"Atul, Kumar",IND,M,,,,1900,0,20,MAY26,1973,i
5007232,"Aubhropratim, Manna",IND,M,,,,2082,0,20,MAY26,1996,i
25693190,Aubrey Armstrong A,IND,M,,,,1644,0,20,MAY26,2006,i
48786241,Audhvik Mazumdar,IND,M,,,,1484,0,40,MAY26,2014,
25034430,Audi Ameya,IND,M,IM,,,2233,0,20,MAY26,1999,i
25034448,Audi Saiesh,IND,M,,,,1640,0,20,MAY26,2002,i
25637665,Audipudy Sitaram,IND,M,,,,1762,0,20,MAY26,1965,i
5046831,"Augustin, A",IND,M,,,,1955,0,20,MAY26,1997,
35007203,Aum Chordia,IND,M,,,,1611,0,20,MAY26,2004,i
547044365,Aum Divyesh Nagar,IND,M,,,,1555,7,40,MAY26,2012,
5088445,Aurangabadkar Prasad,IND,M,,,,2017,0,20,MAY26,1998,i
88124606,Aurik Joshi,IND,M,,,,1826,0,,MAY26,2014,
564019349,Aurik Paul De,IND,M,,,,1450,0,40,MAY26,2018,
531031706,Aurinjay Mukhopadhyay,IND,M,,,,1595,8,40,MAY26,2014,
25728490,Auro Sankalp,IND,M,,,,1519,0,20,MAY26,2004,i
537036777,Austin Bernard John Anthony,IND,M,,,,1485,0,40,MAY26,2010,
33496463,Avadhoot Lokesh Bhakti Brahme,IND,M,,,,2028,9,40,MAY26,2010,
48733148,Avadhooth M,IND,M,,,,1413,0,40,MAY26,2011,i
33352399,Avan Asif,IND,M,,,,1506,0,40,MAY26,2013,
25617060,Avaneesh Gupta D C S,IND,M,,,,1531,0,20,MAY26,2007,i
48760560,Avaneesh Karanamu,IND,M,,,,1548,0,40,MAY26,2008,i
547005394,Avaneesh Kashyap,IND,M,,,,1631,0,40,MAY26,2015,
429000068,Avaneesh Kulkarni,IND,M,,,,1407,0,40,MAY26,2011,
547019760,Avaneet Singh Gour,IND,M,,,,1445,0,40,MAY26,2016,
33496765,Avani Krishna K,IND,F,,,,1591,0,20,MAY26,2007,wi
25750739,Avani M Hegde,IND,F,,,,1463,0,20,MAY26,2007,wi
35098837,Avanthika F G,IND,F,,,,1464,0,20,MAY26,2006,wi
45050236,Avanthika R P,IND,F,,,,1481,0,20,MAY26,2004,wi
33418306,Avantika Maneesh,IND,F,,,,1498,0,40,MAY26,2012,wi
33438579,Avantika Priyesh,IND,F,,,,1426,0,40,MAY26,2015,w
48740004,Avasarala Saurjyesh,IND,M,,,,1463,0,40,MAY26,2016,
33443670,Avayukt Sharma,IND,M,,,,1493,0,40,MAY26,2011,
35003038,Avdhoot Lendhe,IND,M,CM,,,2117,0,20,MAY26,2001,i
45081824,Avhad Prajwal,IND,M,,NA,,1790,0,20,MAY26,2003,
35025627,Avhra Biswas,IND,M,,,,1695,0,20,MAY26,2001,i
35047507,Avichal Jadeja,IND,M,,,,1593,0,20,MAY26,2002,
25907824,Avichal Tripathi,IND,M,,,,1576,0,40,MAY26,2011,
48793086,Avighna Das,IND,M,,,,1675,0,,MAY26,2011,
48720763,Avighna Shakthi G,IND,F,,,,1511,8,40,MAY26,2015,w
25731645,Avigyan Ghosh,IND,M,,,,1823,0,40,MAY26,2008,i
547089180,"Avigyan, Kashyap",IND,M,,,,1402,0,40,MAY26,2011,
25077198,Avijaan Roy Choudhury,IND,M,,,,1789,8,20,MAY26,2003,
547035927,Avika Bhatt,IND,F,,,,1475,0,40,MAY26,2017,w
25788590,Avika Panwar,IND,F,,,,1523,0,40,MAY26,2009,w
35076124,Avinandan Bhowmik,IND,M,,,,1538,0,20,MAY26,2001,i
35015184,Avinash Baliarsingh,IND,M,,NI,,1572,0,20,MAY26,1991,
35058711,Avinash C S,IND,M,,,,1501,0,20,MAY26,2001,i
45058598,Avinash Hari,IND,M,,,,1804,0,20,MAY26,2002,i
547008229,Avinash Mishra,IND,M,,,,1535,0,20,MAY26,1992,i
25144278,Avinash Patil,IND,M,,,,1473,0,20,MAY26,1987,i
45018340,Avinash Ramesh,IND,M,IM,,,2282,0,20,MAY26,2004,
25157698,Avinash Reddy Y V,IND,M,,,,1569,0,40,MAY26,2009,i
25755862,Avinash S P,IND,M,,,,1653,0,40,MAY26,2009,i
25602276,Avinash Shrivastava,IND,M,,,,1516,0,20,MAY26,1981,i
547062479,Avinash Singh,IND,M,,,,1564,0,20,MAY26,1998,
558037292,Avinash Singh Aditya,IND,M,,,,1514,0,20,MAY26,1984,
25744089,Avinash Sivakumar,IND,M,,,,1581,0,20,MAY26,2000,
25671324,Avinash V,IND,M,,,,1596,0,20,MAY26,2003,i
35066048,Avinash VVUS,IND,M,,NI,,1553,0,,MAY26,2000,i
564033180,Avinash Yadav,IND,M,,,,1475,0,20,MAY26,2006,
46605037,Avinash Yadav,IND,M,,,,1512,0,20,MAY26,1979,i
531085237,Avipsa Biswas,IND,F,,,,1448,0,40,MAY26,2015,w
48703567,Aviraj Roy,IND,M,,,,1671,6,,MAY26,2016,
25631225,Aviral Gupta,IND,M,,,,1723,0,20,MAY26,2002,i
429051541,Aviral Pratap Singh,IND,M,,,,1524,0,40,MAY26,2012,
33310688,Avirat Chauhan,IND,M,,,,2049,22,40,MAY26,2014,
531064370,Avirat Raghvendra Pratap Singh,IND,M,,,,1601,0,40,MAY26,2009,i
25600931,Avirup Das Neogi,IND,M,,,,1641,0,20,MAY26,2007,i
88174840,Avish Vishal Shinde,IND,M,,,,1594,0,,MAY26,2013,
537061976,Avishek N M,IND,M,,,,1456,0,40,MAY26,2017,
537064240,Avishmat Bhardwaj,IND,M,,,,1546,0,40,MAY26,2010,
33303908,Aviwer Nigam,IND,M,,,,1619,0,20,MAY26,2004,i
33474435,Avneesh Devadiga,IND,M,,,,1518,0,,MAY26,2015,i
25986910,Avneet Singh,IND,M,,,,1489,0,20,MAY26,2000,
48772240,Avni Atul Kamat,IND,F,,,,1478,0,40,MAY26,2010,w
25122975,Avnish Borker,IND,M,,,,1500,0,40,MAY26,2011,
88157652,Avradeep Gupta,IND,M,,,,1557,2,40,MAY26,2008,
33389551,Avraham Ganji,IND,M,,,,1595,0,40,MAY26,2013,i
25938541,Avran Mathew Thomas,IND,M,,,,1594,0,40,MAY26,2008,i
33413797,Avuti Sukrutha,IND,F,,,,1426,0,40,MAY26,2014,wi
33369348,Avvaru Vijay Kumar,IND,M,,,,1470,0,20,MAY26,2006,
48761761,Avyaan Ajay Singh,IND,M,,,,1510,3,,MAY26,2013,
558011722,Avyan Deka,IND,M,,,,1513,0,40,MAY26,2013,
531047793,Avyan Ingole,IND,M,,,,1589,0,40,MAY26,2015,
25690086,Avyan Shah,IND,M,,,,1553,0,,MAY26,2010,i
547095270,Avyann Goel,IND,M,,,,1509,0,40,MAY26,2013,
537037528,Avyav Namdev,IND,M,,,,1552,0,40,MAY26,2010,
429082170,Avyay Sharma,IND,M,,,,1736,0,,MAY26,2011,
25129023,Avyaya Kumara Bhat,IND,M,,,,1751,0,40,MAY26,2010,i
537036289,Avyukt Jain,IND,M,,,,1511,8,40,MAY26,2015,
48767905,Avyukth Nanda Manoj,IND,M,,,,1409,0,40,MAY26,2014,
88176037,Awachat Akhilesh,IND,M,,,,1601,0,40,MAY26,2012,
35003917,Awade Pradeep,IND,M,,,,1730,0,20,MAY26,1987,i
25086391,Awadh Chaitanya,IND,M,,,,1942,0,,MAY26,1998,i
88193314,Awale Omkar,IND,M,,,,1410,0,20,MAY26,2007,
537012029,Awani Avinash Kapse,IND,F,,,,1460,0,40,MAY26,2011,w
25047914,Awasthi Balgovind,IND,M,,,,1543,0,20,MAY26,1953,
45083274,Awghad Shyam,IND,M,,NA,,1592,3,20,MAY26,1998,
429025931,Axai Kumar Vasupalli,IND,M,,,,1560,0,40,MAY26,2012,
33392200,Ayaan Arora,IND,M,,,,1801,9,,MAY26,2013,
88164586,Ayaan Arora,IND,M,,,,1576,7,40,MAY26,2011,
88198979,Ayaan Arora,IND,M,,,,1509,0,20,MAY26,2007,i
25116797,Ayaan Bhatia,IND,M,,,,1704,0,,MAY26,2011,
25182242,Ayaan Garg,IND,M,FM,,,1913,0,40,MAY26,2012,
33402850,Ayaan Goel,IND,M,,,,1660,7,40,MAY26,2012,
537038206,Ayaan Haseeb,IND,M,,,,1482,0,40,MAY26,2016,
429020913,Ayaan Hashmi,IND,M,,,,1596,0,40,MAY26,2010,
558088210,Ayaan Kaushal,IND,M,,,,1406,0,40,MAY26,2013,
429000645,Ayaan Mukherjee,IND,M,,,,1669,12,40,MAY26,2016,
33472564,Ayaan Phutane,IND,M,,,,1937,20,40,MAY26,2016,
25902695,Ayaan Somani,IND,M,,,,1772,0,40,MAY26,2011,
88120686,Ayaan Trikha,IND,M,,,,1772,9,40,MAY26,2012,
33400393,Ayaanraj Kottapally,IND,M,,,,1530,0,40,MAY26,2015,
537081829,Ayaansh Anand Davda,IND,M,,,,1420,0,40,MAY26,2016,
531060625,Ayachit Riddhesh,IND,M,,,,1555,6,40,MAY26,2016,
33459495,Ayan Asthana,IND,M,,,,1542,0,20,MAY26,2006,
558047816,Ayan Bhardwaj,IND,M,,,,1435,0,40,MAY26,2011,
429019281,Ayan Hota,IND,M,,,,1404,0,40,MAY26,2014,
25612123,Ayan Pal,IND,M,,,,1871,0,20,MAY26,2005,
429028213,Ayan Rai,IND,M,,,,1598,0,40,MAY26,2009,i
531079610,Ayansh Bannurmath,IND,M,,,,1599,0,40,MAY26,2015,
547018526,Ayansh Chaurasia,IND,M,,,,1576,9,40,MAY26,2016,
531022626,Ayansh Dalal,IND,M,,,,1431,0,40,MAY26,2017,
33472653,Ayansh Gangil,IND,M,,,,1411,0,40,MAY26,2015,
564034127,Ayansh Saha,IND,M,,,,1499,6,40,MAY26,2017,
531020100,Ayansh Singh,IND,M,,,,1633,0,40,MAY26,2017,
537058819,Ayansh Thakur,IND,M,,,,1672,0,40,MAY26,2014,
537075454,Ayansh Ved Jadhav Daravath,IND,M,,,,1454,0,40,MAY26,2020,
33484341,Ayantika Deb,IND,F,,,,1527,0,40,MAY26,2012,wi
33494029,Ayesha Mohanty,IND,F,,,,1401,0,40,MAY26,2012,w
558061754,Ayesha Verma,IND,F,,,,1432,0,40,MAY26,2010,w
48798347,Ayham Syed,IND,M,,,,1561,0,40,MAY26,2011,
25153811,Aylore Hari Suryanarayana,IND,M,,,,1564,0,,MAY26,2012,
25712896,Ayman Najeeb,IND,M,,,,1468,0,20,MAY26,2006,i
558009574,Ayush Agarwal,IND,M,,,,1423,0,40,MAY26,2011,
88181960,Ayush Ashish Sharma,IND,M,,,,1421,0,40,MAY26,2009,i
429045070,Ayush Bakshi,IND,M,,,,1567,0,20,MAY26,2007,i
547065893,Ayush Chadha,IND,M,,,,1559,7,40,MAY26,2010,
25959247,Ayush Das,IND,M,,,,1670,11,20,MAY26,2006,
88177033,Ayush Das (Maligaon),IND,M,,,,1410,0,40,MAY26,2008,i
25148915,Ayush Dey,IND,M,,,,1437,0,40,MAY26,2013,i
5089891,Ayush Garg,IND,M,,,,1900,0,20,MAY26,1997,i
531017711,Ayush Goswami,IND,M,,,,1569,6,40,MAY26,2014,
46699848,Ayush J Yajaman,IND,M,,,,1819,0,,MAY26,2008,i
33485518,Ayush Jangawali,IND,M,,,,1497,9,40,MAY26,2014,
25600915,Ayush Jha,IND,M,,,,1885,0,20,MAY26,2005,i
558023224,Ayush Keshav,IND,M,,,,1557,0,40,MAY26,2009,
558004467,Ayush Kumar Singh,IND,M,,,,1505,0,40,MAY26,2012,
33469237,Ayush Nath,IND,M,,,,1925,3,40,MAY26,2009,
558013415,Ayush Pandey,IND,M,,,,1486,0,20,MAY26,2007,
35062948,Ayush Pandey,IND,M,,,,1553,0,20,MAY26,2000,i
88161978,Ayush Parija,IND,M,,,,1441,0,,MAY26,2001,
25014870,Ayush Pattanaik,IND,M,,,,1821,0,20,MAY26,2002,
531038786,Ayush Pradeep,IND,M,,,,1607,10,,MAY26,2016,
45005656,Ayush Ramchandra Shetkar,IND,M,,,,1590,0,20,MAY26,2003,i
48703958,Ayush S Jagtap,IND,M,,,,1509,7,40,MAY26,2016,
33476462,Ayush Sachin Sonawane,IND,M,,,,1426,0,40,MAY26,2009,i
25152076,Ayush Saha,IND,M,,,,1734,0,40,MAY26,2011,
25103202,Ayush Sahu,IND,M,,,,1564,0,20,MAY26,2005,i
25108859,Ayush Sandeep Naik,IND,M,,,,1562,0,40,MAY26,2009,i
45051046,Ayush Sanjeev Naik,IND,M,,,,1620,0,20,MAY26,2001,i
33388083,Ayush Sarmah,IND,M,,,,1511,0,40,MAY26,2015,
531098444,Ayush Satish Yadav,IND,M,,,,1654,0,20,MAY26,2005,
33408360,Ayush Saxena,IND,M,,,,1940,0,40,MAY26,2009,
45010943,Ayush Sharma,IND,M,IM,,,2224,0,20,MAY26,2005,
33327009,Ayush Yadav,IND,M,,,,1619,0,40,MAY26,2009,i
35039482,Ayushh Ravikumar,IND,M,FM,,,1984,0,20,MAY26,2004,
48724173,Ayushi Bag,IND,F,,,,1500,4,40,MAY26,2014,w
33400024,Ayushi Dinesh,IND,F,,,,1478,4,,MAY26,2013,w
25021532,Ayushi Jaiswal,IND,F,,"NI,NA",,1421,0,,MAY26,1998,w
48700630,Ayushi Roy,IND,F,,,,1576,0,40,MAY26,2011,wi
429050464,Ayushmaan Kunal Pal,IND,M,,,,1451,0,40,MAY26,2011,
33359920,Ayushmaan Natarajan Iyer,IND,M,,,,1408,7,40,MAY26,2010,
531069860,Ayushman Barman,IND,M,,,,1518,0,40,MAY26,2011,
88167119,Ayushman Behera,IND,M,,,,1418,0,40,MAY26,2011,i
25111949,Ayushman Bhatt,IND,M,,,,1459,0,20,MAY26,2004,
45000808,Ayushman Chetia,IND,M,,,,1615,0,20,MAY26,2002,i
25926586,Ayushman Mohanty,IND,M,,,,1779,0,40,MAY26,2011,
531000207,Ayushman Pradhan,IND,M,,,,1520,0,40,MAY26,2012,
429004381,Ayushman Singh,IND,M,,,,1546,0,,MAY26,2011,
33410631,Ayushman Thakur,IND,M,,,,1531,0,,MAY26,2012,
25966537,Ayya Ayush Umesh,IND,M,,,,1650,10,40,MAY26,2008,
429085730,Ayyan Patansaongikar,IND,M,,,,1403,0,40,MAY26,2015,
45018359,Ayyappan P Santhana Prabu,IND,M,,,,1898,29,20,MAY26,2005,
25964119,Ayyappan S,IND,M,,,,1548,0,40,MAY26,2009,
25645889,Azal Nasir,IND,F,,,,1617,0,20,MAY26,2004,wi
33398674,Azim Hakeem,IND,M,,,,1620,0,,MAY26,2013,
25662406,Azimuddin,IND,M,,,,1618,0,20,MAY26,1993,i
25199749,Azmal Deen M,IND,M,,,,1542,0,20,MAY26,1997,i
45039054,Azmat Gowher Khan,IND,M,,,,1515,0,20,MAY26,1978,i
366109591,"B S, Pujesh",IND,M,,,,1619,0,,MAY26,2012,i
558001867,"B, Kavin",IND,M,,,,1454,2,40,MAY26,2012,
564046737,"B, Rajvinoth",IND,M,,,,1414,9,,MAY26,1994,
25632922,Babaria Rahil Pareshbhai,IND,M,,,,1808,0,20,MAY26,2002,i
35030639,Babbar Sarthak,IND,M,,,,1607,0,20,MAY26,1994,i
25069802,Babel T Divyanshu,IND,M,,,,1783,8,,MAY26,2002,
5000068,"Babu, N Sudhakar",IND,M,IM,,,2264,0,20,MAY26,1965,i
5011876,"Babu, S.",IND,M,,,,1928,0,20,MAY26,1971,i
531075991,Bachani Param,IND,M,,,,1540,4,40,MAY26,2011,
5013216,"Bachikar, Girish",IND,M,,FA,,1875,0,20,MAY26,1980,i
46623574,Badamundi Tapan,IND,M,,,,1978,0,20,MAY26,1998,
5045614,Badavath Anand,IND,M,,,,1932,0,20,MAY26,1990,i
531077285,Badgujar Vivek Hiralal,IND,M,,,,1721,0,20,MAY26,1999,i
25952900,Badole Shaunak,IND,M,,,,1990,0,40,MAY26,2012,
45018367,Badri Narayan B,IND,M,,,,1793,0,20,MAY26,2005,i
25775235,Badri V Baradwaj,IND,M,,,,1472,0,20,MAY26,2003,
46683437,Badrinarayanan N,IND,M,,,,1776,0,,MAY26,2007,i
5029961,"Badrinath, S.",IND,M,CM,,,1976,0,20,MAY26,1998,
25620290,Bafna Tanish,IND,M,,,,1545,0,20,MAY26,2001,i
25141554,Bagde Jay Mangesh,IND,M,,,,1493,0,20,MAY26,2004,
25959000,Bagde Shrikant,IND,M,,NA,,1514,0,20,MAY26,1989,i
5024765,"Bagdi, Avi",IND,M,,,,2088,0,20,MAY26,1991,i
88105105,Bagdia Kavya,IND,F,,,,1409,0,40,MAY26,2011,w
33489475,Bagdia Shourya,IND,M,,,,1734,12,40,MAY26,2014,
33439338,Baggu Abhinav,IND,M,,,,1491,0,20,MAY26,2005,i
45039895,Bagwe Gaurang,IND,M,FM,,,2167,25,40,MAY26,2008,
25668633,Bagwe Suneet,IND,M,,,,1560,0,20,MAY26,2005,i
45055505,Bahadure Shreyas,IND,M,,,,1494,0,20,MAY26,2004,i
25685970,Bahalkar Aarya,IND,M,,,,1589,0,,MAY26,2007,
429090539,Bahis Bushkar,IND,M,,,,1482,0,40,MAY26,2017,
88106578,Bahure Aryan,IND,M,,,,1488,0,40,MAY26,2008,i
25072897,Baibhab Singh,IND,M,,,,1651,0,20,MAY26,2004,i
366111965,"Baid, Arav",IND,M,,,,1883,9,,MAY26,2005,
5012759,"Baig, Akram",IND,M,,,,1918,0,,MAY26,1987,
577050738,"Baig, Ayaan",IND,M,,,,1501,5,40,MAY26,2014,
25982230,Bairavamoorthy S,IND,M,,,,1582,0,20,MAY26,1990,i
429070686,Bairi Devansh Reddy,IND,M,,,,1447,0,40,MAY26,2018,
537082442,Baivab Bhowmick,IND,M,,,,1416,0,40,MAY26,2011,
5098238,Baivab Mishra,IND,M,,,,2058,0,20,MAY26,1997,i
25903055,Bajaj Jeet,IND,M,,,,1611,0,20,MAY26,2007,i
25628291,Bajaj Prakhar,IND,M,CM,,,1985,0,20,MAY26,2006,
25969838,Bajaj Shraddha,IND,F,,,,1614,0,40,MAY26,2010,w
25778374,Bakhare Atharva,IND,M,,,,1737,0,20,MAY26,1999,
88147673,Bakliwal Sharvee,IND,F,,,,1560,0,40,MAY26,2010,w
88147681,Bakliwal Vaibhav,IND,M,,,,1594,0,20,MAY26,1981,i
5003695,"Bakliwal, Gaurav",IND,M,FM,FI,,1914,9,20,MAY26,1976,
5004195,"Bakre, Tejas",IND,M,GM,FST,,2366,0,10,MAY26,1981,i
88145743,Bakshi Rutuj,IND,M,,,,1452,0,20,MAY26,1998,i
66609011,"Bakshi, Anshul",IND,M,,,,1467,0,,MAY26,2011,i
35041886,"Bakshi, Mandar",IND,M,,NA,,1666,0,,MAY26,2000,
5016509,"Bakshi, Rutuja",IND,F,WIM,WIM,,1950,0,20,MAY26,1999,w
35014498,Bala Ganesan,IND,M,,,,1666,8,20,MAY26,1988,
5081432,Bala Kannamma P,IND,F,WFM,WFM,,1981,0,20,MAY26,1996,wi
25965247,Bala Lakshmanan,IND,M,,,,1446,0,20,MAY26,2007,i
45026823,Bala Murugan D,IND,M,,,,1429,0,20,MAY26,2001,i
35013084,Bala Murugan G,IND,M,,,,1696,0,20,MAY26,1988,i
25966111,Bala Sanjay J G,IND,M,,,,1690,9,40,MAY26,2008,
88189961,Bala Subramani P,IND,M,,,,1411,0,40,MAY26,2009,i
5063566,"Bala, Mukilan",IND,M,,,,1456,0,20,MAY26,1996,i
5046882,"Balachandar, E",IND,M,,,,1743,0,20,MAY26,1975,i
5035546,Balaguru Vinodhkumar,IND,M,,,,2117,0,20,MAY26,1993,i
5044219,"Balaguru, T",IND,M,,,,1901,0,20,MAY26,1955,i
25773720,Balahanuman Naradala,IND,M,,,,1548,0,20,MAY26,1980,
45071160,Balaji Karthic R S,IND,M,,,,1561,0,20,MAY26,2007,i
48715131,Balaji Karthikeyan,IND,M,,,,1558,0,20,MAY26,2005,i
88179834,Balaji Kasannagari,IND,M,,,,1427,0,40,MAY26,2012,
35075217,Balaji M,IND,M,,,,1772,0,,MAY26,1998,i
564006913,Balaji Narayanaswami,IND,M,,,,1596,0,20,MAY26,1966,
5016118,Balaji P,IND,M,,,,1725,0,20,MAY26,1970,i
25731254,Balaji P,IND,M,,,,1584,0,40,MAY26,2009,i
25725416,Balaji Sai K,IND,M,,,,1715,9,20,MAY26,2006,
25940139,Balaji Shanmugavel,IND,M,,,,1546,0,20,MAY26,1998,i
46673741,Balaji Suyam Prakasam,IND,M,,,,1468,0,20,MAY26,1964,i
45025088,Balakowshi D S,IND,M,,,,1748,0,20,MAY26,2000,
25683500,Balakrishna Kavatrapu,IND,M,,,,1597,0,20,MAY26,1973,i
88188329,Balakrishnan R,IND,M,,,,1435,7,40,MAY26,2014,
35081390,Balakrishnan V,IND,M,,,,1510,0,20,MAY26,1967,i
5063582,Balakrishnan.k,IND,M,,,,1443,0,20,MAY26,1960,i
25195000,Balamurugan Senthilkumar,IND,M,,,,1763,9,,MAY26,2004,
33437530,Balan Vairavan,IND,M,,,,1564,0,20,MAY26,1966,i
33377820,Balanandan Ayyappan,IND,M,,,,2061,0,,MAY26,2013,
25767313,Baland Prajith S T,IND,M,,,,1504,0,20,MAY26,2005,i
48767476,Balani Manya,IND,F,,,,1540,0,40,MAY26,2011,w
537013297,Balaprasanna M,IND,M,,,,1408,0,40,MAY26,2014,
25157051,Balaram Harsha Kallakuri,IND,M,,,,1524,0,20,MAY26,2007,i
35053248,Balasubramaniam H,IND,M,FM,,,2200,0,20,MAY26,2004,i
45059551,Balasubramanian Karuppasamy,IND,M,,,,1409,0,20,MAY26,1989,i
5046912,Balasubramanian Krishnamoorthy,IND,M,,,,1742,0,20,MAY26,1991,i
25010689,"Balasubramanian, Akshaj",IND,M,,,,1917,0,20,MAY26,1999,i
46686827,Baldawa Nishit,IND,M,,,,1455,0,20,MAY26,2007,i
48704229,Balgude Sarvadnya,IND,M,,,,1548,7,40,MAY26,2015,
25776690,Balia Sachin,IND,M,,,,1582,0,20,MAY26,1995,
5086582,"Baligar, Dr Vishwanath",IND,M,,,,1571,0,20,MAY26,1966,
33386218,Balivada Sai Deepak,IND,M,,,,1471,0,,MAY26,2002,i
46686835,Balkawade Om,IND,M,,,,1483,0,20,MAY26,2006,i
46686843,Balkawade Sai,IND,M,,,,1774,0,20,MAY26,2006,i
5029520,"Balkishan, A.",IND,M,,,,2019,0,20,MAY26,1993,
33313644,Balkrishna Prakash Khadilkar,IND,M,,,,1501,0,20,MAY26,1992,
25020749,"Ballal, Ishan",IND,M,,,,1793,0,20,MAY26,1997,
25652168,Ballyr Sinha,IND,M,,NA,,1625,0,20,MAY26,1987,
35011880,Balu Karthick,IND,M,,,,1644,0,20,MAY26,1990,i
25668277,Balu P,IND,M,,,,1549,0,20,MAY26,2004,i
429054117,Balwant Singh Rautela,IND,M,,,,1492,0,20,MAY26,1977,
45092842,Bamboat Hrrehan,IND,M,,,,1626,0,20,MAY26,2007,i
429040272,Bandeep Sharma,IND,M,,,,1402,0,40,MAY26,2014,
33325960,Bandi Prashant,IND,M,,,,1538,0,,MAY26,1999,
25715682,Bandikatte Shubham,IND,M,,,,1856,0,,MAY26,2002,i
48763659,Bandish Oza,IND,M,,,,1483,0,20,MAY26,2003,i
564039714,Baneetharun,IND,M,,,,1471,0,40,MAY26,2013,
35070932,Banerjee Ashutosh,IND,M,,,,1888,0,20,MAY26,2004,i
366127633,"Banerjee, Amit",IND,M,,,,1644,0,20,MAY26,1986,
35045547,"Banerjee, Ayon",IND,M,,,,1578,0,,MAY26,1997,i
5011000,"Banerjee, Sushant",IND,M,,,,2182,0,20,MAY26,1980,i
46608346,Bang Atharva,IND,M,,,,1650,0,20,MAY26,2007,i
48796034,Bang Nitya,IND,F,,,,1411,0,40,MAY26,2016,w
46676066,Banibrata Bera,IND,M,,,,1439,0,20,MAY26,1987,i
25762940,Banik Hrishikesh Kumar,IND,M,,,,1755,0,,MAY26,2010,i
25040766,Banjan Priyadarshan,IND,M,,,,1786,0,20,MAY26,1993,i
45093750,Bankar Prashant Suresh,IND,M,,,,1548,0,,MAY26,1988,i
429048966,Banothu Humpy,IND,F,,,,1618,0,40,MAY26,2016,w
531031374,Banrijohn Mukhim,IND,M,,,,1466,0,20,MAY26,1992,i
374094985,"Bansal, Abhinav",IND,M,,,,1683,0,,MAY26,2012,
25768174,Bante Shreyash,IND,M,,,,1459,0,20,MAY26,1998,i
25132776,Bapuram Engti,IND,M,,,,1545,0,20,MAY26,1983,i
25016555,Barath Kalyan M,IND,M,CM,,,2038,9,20,MAY26,2000,
25033450,Barath M,IND,M,FM,,,2164,0,20,MAY26,2002,i
88180131,Barath Raj B K,IND,M,,,,1458,0,40,MAY26,2012,i
88103129,Barath Raj Matchakalai,IND,M,,,,1551,0,20,MAY26,2007,
5005531,"Barath, L",IND,M,,,,1946,9,20,MAY26,1997,
46658505,Barbade Chinmay,IND,M,,,,1495,0,20,MAY26,2000,
33428042,Barbhaya Chintan,IND,M,,,,1520,0,20,MAY26,1991,i
35068881,Barde Om,IND,M,,,,1754,0,20,MAY26,2005,i
48769738,Barik Anshuman,IND,M,,,,1576,0,,MAY26,2004,
46693645,Barik Jagdish,IND,M,,,,1827,0,20,MAY26,2005,
5025915,"Barkale, Sohan",IND,M,,,,1886,0,20,MAY26,1988,i
429010802,Barnavo Biswas,IND,M,,,,1437,0,40,MAY26,2016,
429040531,Barnil Baishya,IND,M,,,,1428,0,40,MAY26,2015,
25771990,Barnil Kumar Das,IND,M,,,,1742,0,40,MAY26,2010,i
547094524,Barnil Nandan Das,IND,M,,,,1552,0,40,MAY26,2011,
577010051,"Baroi, Kamalesh",IND,M,,,,1443,0,20,MAY26,1985,
366111286,"Barolia, Arihan",IND,M,,,,1551,0,40,MAY26,2008,
25190890,Barot Yug Kandarpbhai,IND,M,,,,1622,8,20,MAY26,2007,
45019002,Bartakke Aditya,IND,M,,,,1827,8,20,MAY26,2003,
5003288,"Bartakke, Amardeep S.",IND,M,CM,,,1898,0,20,MAY26,1974,
5086620,"Bartakke, Pranav",IND,M,,,,1812,0,20,MAY26,1995,i
5036283,"Barun, Paul",IND,M,,,,1886,0,20,MAY26,1980,i
33335966,Barve Advait,IND,M,,,,1532,0,20,MAY26,2007,
45012733,Barve Mayuresh,IND,M,,,,1584,0,20,MAY26,1997,i
45049599,Basak Bishal,IND,M,,,,1810,0,20,MAY26,1996,i
25055267,Basant Khandelwal,IND,M,,,,1729,0,20,MAY26,1995,i
35025660,Basant Kr. Das,IND,M,,,,1677,0,20,MAY26,2000,i
25047930,Basargikar Chandrashekhar,IND,M,,,,1522,6,20,MAY26,1976,
25793993,Basavana Gowda P T,IND,M,,,,1495,0,20,MAY26,1995,i
25676644,Basha Shaik,IND,M,,,,1502,0,20,MAY26,1989,i
35004360,Baskar P,IND,M,,,,1698,0,20,MAY26,1983,i
5051282,Baskar Palanisamy,IND,M,,,,1568,0,20,MAY26,1988,i
25911139,Basling Shivsharan,IND,M,,,,1429,0,20,MAY26,1986,i
45049629,Basu Utkarsh,IND,M,,,,1514,0,20,MAY26,2002,i
5015154,"Basu, Suman",IND,M,,,,2072,0,20,MAY26,1990,i
25039024,Basudeb Pal,IND,M,,,,1650,0,20,MAY26,1950,i
46666338,Batham Avinash,IND,M,,,,1740,0,20,MAY26,1990,
5021413,"Batham, Pawan",IND,M,,NA,,1929,0,,MAY26,1976,
33489343,Bathina Mokshatra Sri Abhiram,IND,M,,,,1601,0,40,MAY26,2012,
547016710,Bathini Srihan,IND,M,,,,1425,0,40,MAY26,2013,i
35005693,"Bathula, Abhinav Reddy",IND,M,,,,2177,0,20,MAY26,2000,
531077234,Batra Bhuvan P,IND,M,,,,1725,0,20,MAY26,1995,
25664433,Batra Krishna,IND,M,,,,1551,0,20,MAY26,2003,i
5028787,"Batra, Kartikeya",IND,M,,,,1855,0,20,MAY26,1988,i
5026784,Bavankumar,IND,M,,,,2047,0,20,MAY26,1993,i
48784060,Bavdhane Sahil Santosh,IND,M,,,,1502,0,20,MAY26,2004,
35023420,Baviskar Shubham C,IND,M,,,,1581,0,20,MAY26,1997,i
25711350,Bawangade Krish,IND,M,,,,1542,0,20,MAY26,2006,i
33427909,Bayangolkar Bhargavi,IND,F,,,,1550,0,40,MAY26,2013,w
547004800,Bedabrata Banerjee,IND,M,,,,1671,0,40,MAY26,2013,
547026537,Bedanta Kamal Kashyap,IND,M,,,,1445,0,20,MAY26,2005,
25086820,Begum Ashiya,IND,F,,,,1626,0,20,MAY26,2002,wi
25024000,Behera Manish,IND,M,,,,1457,0,20,MAY26,1995,i
35032674,Behera Somnath,IND,M,,,,1475,0,,MAY26,1979,
25071971,Behere Ravi,IND,M,,,,1705,0,20,MAY26,1950,i
33303690,Bekesh Nishad,IND,M,,,,1582,0,20,MAY26,1996,i
45055025,Bele Siddhant,IND,M,,,,1422,0,20,MAY26,1998,i
564005089,Bellam Jayanth Chowdary,IND,M,,,,1427,0,20,MAY26,1991,
33397708,Bellowin Kertzel B,IND,M,,,,1455,0,40,MAY26,2009,i
2079097,"Bemarkar, Kiran",IND,M,,,,1556,7,20,MAY26,1970,
46634800,Benasir M,IND,F,,,,1731,0,20,MAY26,2002,wi
35093924,Benatin Britto Hamlet raj,IND,M,,,,1598,0,20,MAY26,1997,i
45081859,Bendre Aman,IND,M,,,,1554,0,20,MAY26,2003,i
33466475,Benedict Tojan,IND,M,,,,1676,0,40,MAY26,2011,
88156796,Benjamin B C H,IND,M,,,,1582,0,20,MAY26,2006,i
46689052,Benjamin Lalhmingliana,IND,M,,,,1628,0,20,MAY26,1974,i
46654135,Benjamin Varghees Issac,IND,M,,,,1797,0,20,MAY26,2004,i
25195018,Benno Rufin S,IND,M,,,,1574,0,20,MAY26,1999,i
35059262,Benny P C,IND,M,,,,1642,0,,MAY26,1972,i
35014501,Benny Thomas,IND,M,,,,1543,0,20,MAY26,1968,i
35084291,"Benu ,Varghese Benjamin",IND,M,,,,1512,0,,MAY26,1997,
577034961,"Bera, Bitanu",IND,M,,,,1444,5,40,MAY26,2013,
25072978,Beverly Mendonca,IND,F,,,,1575,0,20,MAY26,2003,wi
429092361,Bhaavesh Satish,IND,M,,,,1557,0,40,MAY26,2014,
25688251,Bhadhri Naath N,IND,M,,,,1497,0,20,MAY26,2004,i
35077490,"Bhadra, Sujatro",IND,M,,,,1532,6,,MAY26,2004,
25763660,Bhadricha Shiv Chetan,IND,M,,,,1418,0,20,MAY26,2003,i
25070940,Bhagare Abhishek,IND,M,,,,1640,0,,MAY26,1997,i
46672940,Bhagat Kush,IND,M,FM,,,2194,0,40,MAY26,2009,
46628100,Bhagatji Nishant,IND,M,,,,1611,0,20,MAY26,1985,i
33359350,Bhagchandani Mohak,IND,M,,,,1594,0,40,MAY26,2011,
564065090,"Bhagesh, R P",IND,M,,,,1556,0,20,MAY26,2004,
558027904,Bhagirath Bishnoi,IND,M,,,,1460,6,40,MAY26,2008,
35042530,Bhagtani Rahul,IND,M,,,,1729,0,20,MAY26,1998,i
25054791,Bhagwat Heramb,IND,M,,,,1762,0,20,MAY26,2001,i
5046971,"Bhagwat, S.M.",IND,M,,,,1588,0,20,MAY26,1955,
5005949,"Bhagwat, Vinod",IND,M,CM,NA,,2115,0,20,MAY26,1976,i
25016849,Bhagya Jayesh,IND,F,,,,1771,0,20,MAY26,1999,wi
429019923,Bhagyaansh Goel,IND,M,,,,1638,0,40,MAY26,2014,
46600825,Bhagyashree G Patil,IND,F,,,,1579,0,20,MAY26,2006,wi
25053256,Bhagyashree Patil,IND,F,WFM,WFM,,1899,0,20,MAY26,2005,w
5087155,Bhairab Gogoi,IND,M,,NA,,1803,0,,MAY26,1989,i
88122948,Bhairava Simman,IND,M,,,,1475,0,40,MAY26,2009,i
5088461,Bhajne Atharva,IND,M,,,,1719,0,20,MAY26,1999,i
25727613,Bhake Vallabh,IND,M,,,,1501,0,40,MAY26,2010,
25667815,Bhakta Ansh,IND,M,,,,1527,4,,MAY26,2004,
25975897,Bhakti Vinod Titarmare,IND,F,,,,1508,0,40,MAY26,2010,w
25053264,Bhalchandra Belorkar,IND,M,,,,1534,0,20,MAY26,1958,i
45031533,Bhalgat Teerth,IND,M,,,,1465,0,20,MAY26,2004,i
5041333,"Bhalgat, Bhushan",IND,M,,,,1789,0,20,MAY26,1991,i
25051938,Bhambu Suman,IND,F,,,,1494,0,20,MAY26,1990,wi
5025931,"Bhambure, Shantanu",IND,M,IM,,,2202,0,20,MAY26,1995,i
485527,"Bhamidipati, Sanath Kumar",IND,M,,,,1518,0,,MAY26,1960,i
33431701,Bhan Singh,IND,M,,,,1562,0,40,MAY26,2015,
33359393,Bhanarkar Rajat,IND,M,,,,1545,0,20,MAY26,1999,i
537050702,Bhanav Shyam Sunitha,IND,M,,,,1560,0,20,MAY26,2001,
25791370,Bhandari Aaditya,IND,M,,,,1516,0,20,MAY26,2006,i
25658026,Bhandari Agastya,IND,M,,,,1516,0,40,MAY26,2009,i
25786490,Bhandari Arjun,IND,M,,,,1479,0,40,MAY26,2012,i
35086235,Bhandari Nilesh,IND,M,,,,1759,0,20,MAY26,1973,i
25994409,Bhandari Ridhan,IND,M,,,,1430,0,40,MAY26,2010,i
5034345,"Bhandari, Jitendra Singh",IND,M,,,,1707,0,20,MAY26,1979,
25914596,Bhange Adityasing,IND,M,,,,1466,0,40,MAY26,2009,i
88100545,Bhange Sanjay,IND,M,,,,1474,0,20,MAY26,1962,
531039480,Bhanu Jindal,IND,M,,,,1545,0,40,MAY26,2012,
25792806,Bhanu Kiran Verma,IND,M,,,,1486,0,20,MAY26,2003,i
33340587,Bhanu Prasad M,IND,M,,,,1487,0,40,MAY26,2012,i
547088192,Bhanu Prasad Yadav,IND,M,,,,1584,0,40,MAY26,2012,
45015708,Bhanu Pratap Singh,IND,M,,,,1509,0,20,MAY26,2007,i
46648712,Bhanuprakash P V,IND,M,,,,1547,0,,MAY26,2000,
33412685,Bhanushali Neemay,IND,M,,,,1681,0,40,MAY26,2012,
35079891,"Bhanushali,Kunj",IND,M,,,,1644,0,20,MAY26,2003,
25633295,Bhanvi Nayer,IND,F,,,,1410,0,20,MAY26,2005,w
45087814,Bharadia Madhav,IND,M,,,,1708,0,20,MAY26,2005,i
45087822,Bharadia Yash,IND,M,IM,,,2137,0,40,MAY26,2009,i
35068903,Bharadwaj Rahul,IND,M,,,,1493,0,20,MAY26,2003,i
46693661,Bharadwaj Rao D,IND,M,,,,1437,0,20,MAY26,2003,i
5045029,"Bharadwaj, S",IND,M,,,,1885,0,20,MAY26,1995,i
25705474,Bharadwaja B,IND,M,,,,1500,0,20,MAY26,2006,i
25019244,"Bharambe, Bhavik C",IND,M,,,,2109,0,20,MAY26,2002,i
25733010,Bharani G N,IND,F,,,,1628,0,20,MAY26,2007,wi
88118584,Bharani Sudhakar S,IND,M,,,,1530,0,40,MAY26,2010,i
5051126,"Bharany, Nirvaan",IND,M,,,,1954,4,20,MAY26,1996,
33337160,Bharat Bansal,IND,M,,,,1738,0,40,MAY26,2008,i
5082218,Bharat Bhushan,IND,M,,,,1700,0,20,MAY26,1967,
46600353,Bharat Kumar Reddy Poluri,IND,M,FM,,,2186,0,20,MAY26,1994,i
25918770,Bharat Singh Rawat,IND,M,,,,1695,0,20,MAY26,1992,
5014697,"Bharat, Singh",IND,M,,,,1762,0,20,MAY26,1982,i
25942255,Bharath Chand Klass,IND,M,,,,1824,0,20,MAY26,1995,i
25761234,Bharath Krishna R,IND,M,,,,1524,0,20,MAY26,2006,i
46698205,Bharath M,IND,M,,NA,,1555,0,20,MAY26,1995,i
45039453,Bharath Narayanaswamy,IND,M,,,,1677,0,20,MAY26,1990,i
25716964,Bharath R,IND,M,,,,1636,0,,MAY26,1991,i
25907298,Bharath Rao S,IND,M,,,,1413,0,20,MAY26,2005,i
25018230,Bharath Ravikumar,IND,M,,,,1629,0,20,MAY26,1987,i
558045090,Bharath Rushi Varma Kalidindi,IND,M,,,,1562,0,20,MAY26,2002,
46634827,Bharath Subramaniyam H,IND,M,GM,,,2546,0,10,MAY26,2007,
45028516,Bharath Thanigaivelan,IND,M,,,,1463,0,20,MAY26,1998,
45066272,Bharath Venugopal,IND,M,,,,1653,0,20,MAY26,2002,i
25626132,Bharathakoti Sneha,IND,F,,,,1749,0,20,MAY26,2003,w
25103946,Bharathan D,IND,M,,,,1524,0,,MAY26,2010,i
25690965,Bharathi Raja R,IND,M,,,,1545,0,20,MAY26,1982,i
5044634,"Bharathi, R.",IND,F,WFM,WFM,,2088,0,20,MAY26,1993,wi
5040639,"Bharathyraja, K",IND,M,,,,1848,0,20,MAY26,1994,i
33492476,Bhargab Debnath,IND,M,,,,1688,0,40,MAY26,2014,
48719790,Bhargav Bhootra,IND,M,,,,1500,0,20,MAY26,2005,i
547015446,Bhargav Rajak,IND,M,,,,1502,0,40,MAY26,2014,
558091734,Bhargav Saini,IND,M,,,,1517,5,40,MAY26,2013,
25677535,Bhargav Yarnagula,IND,M,,,,1661,0,,MAY26,1994,
35024736,Bhargava Aayush,IND,M,,,,1584,0,20,MAY26,1999,
45037302,Bhargava Kartik,IND,M,,,,1516,0,20,MAY26,2006,i
88103722,Bhargava N,IND,M,,,,1460,0,20,MAY26,2002,
33326720,Bhargava Susanth Saketh M,IND,M,,,,1699,0,40,MAY26,2010,i
25026852,Bharkavi S,IND,F,,,,1787,0,20,MAY26,1999,wi
33356939,Bharsita Saharia,IND,F,,,,1529,0,40,MAY26,2011,wi
25959018,Bhartia Aarav,IND,M,,,,1504,0,40,MAY26,2010,i
48788090,Bhaskar Brahma,IND,M,,,,1469,0,20,MAY26,1978,
35031481,Bhaskar N S,IND,M,,,,1749,0,20,MAY26,1973,i
547084332,Bhaskar Rajeev Gupta,IND,M,,,,1428,0,20,MAY26,2001,
5092205,Bhaskar Sri Viswaroopanand,IND,M,,,,1775,0,20,MAY26,1999,i
537001841,Bhaskara Ramesh,IND,M,,,,1473,0,20,MAY26,2006,
35039490,Bhaskara Rao Balaga,IND,M,,,,1534,0,20,MAY26,1951,i
531070396,Bhaskor Jyoti Sarmah,IND,M,,,,1566,0,20,MAY26,1988,i
25762125,Bhat Bhargavi,IND,F,,,,1450,0,20,MAY26,2006,wi
48783293,Bhat Neil Nikhil,IND,M,,,,1466,0,40,MAY26,2014,
48783307,Bhat Nikhil Shekhar,IND,M,,,,1600,0,20,MAY26,1984,
25792695,Bhat Sannidhi Ramakrishna,IND,F,,,,1755,7,40,MAY26,2009,w
5065046,"Bhat, S. Rekha",IND,F,,,,1751,0,20,MAY26,1984,wi
531019773,"Bhat, Sanjit",IND,M,,,,1745,19,40,MAY26,2015,
25631381,Bhatia Ayushi,IND,F,,FA,,1464,0,20,MAY26,2004,wi
25631730,Bhatia Daksh,IND,M,,,,1458,0,,MAY26,2008,i
25631390,Bhatia Jugal,IND,M,,,,1459,0,20,MAY26,2001,i
25754602,Bhatia Kiran,IND,M,,,,1470,0,20,MAY26,1960,i
33480206,Bhatia Utkarsh,IND,M,,,,1414,0,20,MAY26,1986,i
366111339,"Bhatia, Sanjit",IND,M,,,,1564,0,20,MAY26,2004,i
45081131,Bhatkar Pravin,IND,M,,,,1750,0,20,MAY26,1977,i
25099744,Bhatkar Zaheer Abbas,IND,M,,,,1797,7,20,MAY26,1980,
547052082,Bhatnagar Kushagra,IND,M,,,,1454,0,40,MAY26,2012,
33370079,Bhatt Dhruv Bharatbhai,IND,M,,,,1617,0,20,MAY26,1994,i
25046853,Bhatt Harsh,IND,M,,,,1745,0,20,MAY26,2002,i
5019800,"Bhatt, Jalpan",IND,M,,,,1990,0,20,MAY26,1991,i
366112416,"Bhattacharjee, Anik",IND,M,,,,1520,0,40,MAY26,2010,
35076116,"Bhattacharya, Arunava",IND,M,,,,1764,0,,MAY26,2004,i
5008581,"Bhattacharya, Niladri Shekhar",IND,M,,,,1924,0,20,MAY26,1978,
25690841,Bhattacharyya Soham,IND,M,,,,2297,0,20,MAY26,2005,i
48734063,Bhaumik Kishore Das,IND,M,,,,1521,0,40,MAY26,2014,
48769754,Bhava Kishan,IND,M,,,,1509,0,40,MAY26,2009,i
48769533,Bhava Pranitha,IND,F,,,,1449,0,40,MAY26,2013,w
5023211,Bhavani Shankar R,IND,M,,,,1914,0,20,MAY26,1971,i
45003122,Bhavani Shree Margabandhu,IND,F,,,,1422,0,20,MAY26,2002,wi
33367060,Bhavanya Panchumarthi,IND,F,,,,1824,0,40,MAY26,2014,w
48746428,Bhavarnav Sarma,IND,M,,,,1498,0,40,MAY26,2011,i
25150030,Bhave Chaitanya Vishwajeet,IND,M,,,,1478,0,20,MAY26,1999,
25954407,Bhave Harshal,IND,M,,,,1493,0,20,MAY26,2005,i
558016678,Bhavesh Chaudhary,IND,M,,,,1543,8,40,MAY26,2012,
48782661,Bhavesh Goyal,IND,M,,,,1536,0,20,MAY26,2006,
537028006,Bhavesh M,IND,M,,,,1694,0,40,MAY26,2012,
25646923,Bhavesh Mahajan,IND,M,CM,,,2112,0,20,MAY26,2007,i
558015604,Bhavesh S,IND,M,,,,1484,0,40,MAY26,2015,
25955322,Bhavesh S,IND,M,,,,1474,0,20,MAY26,2007,i
48794929,Bhavesh Siva Kumar,IND,M,,,,1624,0,20,MAY26,2007,
35028790,Bhavi Bhansali,IND,F,,,,1591,0,20,MAY26,2002,wi
46647392,Bhavik Ahuja,IND,M,CM,,,2215,0,20,MAY26,2007,
429084890,Bhavik Dipakbhai Tanna,IND,M,,,,1525,6,20,MAY26,2004,
547013451,Bhavik Nandan Mhatre,IND,M,,,,1576,0,40,MAY26,2009,
33422796,Bhavik Ritesh Banthiya,IND,M,,,,1595,0,40,MAY26,2009,i
5055393,"Bhavik, Joshi",IND,M,,,,1783,0,20,MAY26,1982,i
429094690,Bhavika Gosain,IND,F,,,,1463,0,40,MAY26,2012,w
33324026,Bhavin Saurot,IND,M,,,,1531,0,,MAY26,2013,i
531009298,Bhavish Pandikkannan,IND,M,,,,1458,0,40,MAY26,2016,
25909134,Bhavish S,IND,M,,,,1498,0,40,MAY26,2011,
25953435,Bhavishya Chauhan,IND,M,,,,1451,0,20,MAY26,2006,i
88160564,Bhavith Pradeep Shetty,IND,M,,,,1439,3,40,MAY26,2016,
46628118,Bhavsar Ashok,IND,M,,,,1510,0,20,MAY26,1959,
46679162,Bhavsar Bharat,IND,M,,,,1680,0,20,MAY26,1981,i
45097151,Bhavsar Krishnom,IND,M,,,,1621,0,20,MAY26,1988,i
25973010,Bhavsar Krutarth,IND,M,,,,1544,0,20,MAY26,2001,i
45094217,Bhavsar Rachay,IND,M,,,,1538,0,20,MAY26,2000,
46658513,Bhavthankar Rohit,IND,M,,,,1656,8,20,MAY26,1998,
45061963,Bhavuk Verma,IND,M,,,,1540,0,20,MAY26,1998,i
547091800,Bhavy Tatiya,IND,M,,,,1569,0,40,MAY26,2008,
531029108,Bhavya Agrawal,IND,M,,,,1521,0,40,MAY26,2017,i
33424837,Bhavya Arora,IND,M,,,,1656,0,40,MAY26,2011,
25113461,Bhavya Bhargava,IND,F,,,,1547,0,20,MAY26,2005,w
429061318,Bhavya Bhavik Modi,IND,M,,,,1530,3,40,MAY26,2014,
45007950,Bhavya Gehlot,IND,M,,,,1609,0,20,MAY26,1998,i
25990144,Bhavya Gupta,IND,M,,,,1787,0,40,MAY26,2010,
35042157,Bhavya Gupta,IND,F,,,,1592,0,20,MAY26,2002,wi
537041150,Bhavya Krishn Bansal,IND,M,,,,1455,7,40,MAY26,2016,
48751774,Bhavya Kumar Moolchandani,IND,M,,,,1623,0,40,MAY26,2011,
45095450,Bhavya Narapuram,IND,F,,,,1479,0,40,MAY26,2009,wi
537040944,Bhavya Verma,IND,M,,,,1476,0,40,MAY26,2010,
429036852,Bhavyam Jhawar,IND,M,,,,1625,0,40,MAY26,2015,
537051806,Bhavyansh Mukesh Sharma,IND,M,,,,1462,0,40,MAY26,2014,
531010156,Bhavyesh Balaji Reddy Mareddy,IND,M,,,,1454,0,40,MAY26,2016,i
48759988,Bhawen Marimuthu,IND,M,,,,1519,0,40,MAY26,2011,i
25015885,Bhawesh Pandiyar,IND,M,,FA,,1697,0,20,MAY26,2001,
531049770,Bhawish N,IND,M,,,,1435,0,40,MAY26,2009,
5096502,Bheri Chinna Rao,IND,M,,,,1587,0,20,MAY26,1971,i
25089641,Bheri Yaswanth,IND,M,,,,1674,0,20,MAY26,2000,i
25694294,Bhillva Nilaya Kondari Eswara Krishna,IND,F,WCM,WCM,,1789,0,20,MAY26,2007,wi
5090296,Bhimappa Harijan,IND,M,,,,1567,0,20,MAY26,1979,
45001243,Bhise Adinath,IND,M,,,,1444,0,,MAY26,2006,i
25604910,Bhise Akanksha,IND,F,,,,1411,0,20,MAY26,2006,wi
88101096,Bhogal Vedanth Reddy,IND,M,,,,1420,0,,MAY26,2012,
5085616,"Bhogal, Rupesh",IND,M,,NA,,1756,0,,MAY26,1988,i
25953370,Bhogirath Halder,IND,M,,,,1572,0,20,MAY26,1974,
25763695,Bhoir Paras Dilip,IND,M,,,,1889,0,40,MAY26,2009,
5085624,"Bhoir, Pandit",IND,M,,,,1561,0,20,MAY26,1979,i
48795321,Bhola Vivek,IND,M,,,,1457,0,20,MAY26,1983,i
45054762,Bhole Vineet,IND,M,,,,1501,0,20,MAY26,2001,i
531026990,Bhomick L R,IND,M,,,,1402,0,40,MAY26,2013,
33345503,Bhomik Singh Chauhan,IND,M,,,,1531,0,40,MAY26,2011,
25653628,Bhoopnath,IND,M,,NA,,1829,0,20,MAY26,2000,i
25183672,Bhore Mahadev,IND,M,,NA,,1480,0,20,MAY26,1991,i
33427046,Bhosale Aditya Kishor,IND,M,,,,1409,0,20,MAY26,2007,i
25717405,Bhosale Saarth,IND,M,,,,1620,0,40,MAY26,2010,i
25661566,Bhosale Shrikant,IND,M,,,,1597,0,20,MAY26,1978,i
48789526,Bhosale Shrinidhi Jayprakash,IND,F,,,,1540,0,,MAY26,2013,w
25034456,Bhosale Shriraj,IND,M,,,,2077,0,20,MAY26,2003,i
45096716,Bhosale Yashaswi,IND,F,,,,1439,0,40,MAY26,2008,wi
33480214,Bhosle Aditya,IND,M,,,,1496,0,40,MAY26,2011,i
25670263,Bhrigu Suryanarayan,IND,M,,,,1747,0,20,MAY26,2005,i
25704931,Bhringish Kalita,IND,M,,,,1687,0,20,MAY26,2007,i
429058910,Bhukya Thaneesh,IND,M,,,,1615,0,40,MAY26,2013,i
547064129,Bhumi Punith Reddy,IND,M,,,,1426,0,40,MAY26,2014,
5047153,"Bhupendra, Kumar",IND,M,,,,1757,0,20,MAY26,1976,
547027240,Bhupesh Vishwakarma Anand Vishwakarma,IND,M,,,,1634,0,20,MAY26,2005,
25634690,Bhupinder Narang,IND,M,,,,1548,0,20,MAY26,1992,i
46647295,Bhushita Ahuja,IND,F,,,,1534,0,20,MAY26,2004,wi
46608370,Bhuta Hriday,IND,M,,,,1956,0,20,MAY26,2005,i
33412561,Bhute Nikhil,IND,M,,DI,,1642,8,20,MAY26,1982,
45098727,Bhute Srujal,IND,M,,,,1455,0,40,MAY26,2008,i
547040459,Bhuva Dhruv,IND,M,,,,1578,8,40,MAY26,2008,
531096379,Bhuvan Hrishikesh Konnur,IND,M,,,,1682,9,40,MAY26,2012,
366104441,Bhuvan Krishna Prasanth,IND,M,,,,2023,23,40,MAY26,2012,
25628704,Bhuvan Rao,IND,M,,,,1449,0,40,MAY26,2008,i
25917676,Bhuvan Suhas Shitole,IND,M,,,,1839,9,40,MAY26,2011,
25625730,Bhuvanesh G,IND,M,,,,1638,0,20,MAY26,2003,i
88155730,Bhuvanesh Pandi E,IND,M,,,,1409,0,,MAY26,2010,i
48741930,Bhuvanraj Rane Sardesai,IND,M,,,,1452,0,40,MAY26,2009,i
531036465,Bhuwanesh S,IND,M,,,,1815,0,20,MAY26,2004,
25958585,Bibek Bordoloi,IND,M,,,,1462,0,20,MAY26,2007,i
35018434,Bibendu Das,IND,M,,,,1768,0,20,MAY26,1976,i
564028429,"Bibra, Reyansh",IND,M,,,,1439,3,40,MAY26,2014,
564008037,Bibudhendra Lenka,IND,M,,,,1493,0,,MAY26,2009,
48750166,Bidarshan Hazarika,IND,M,,,,1500,0,20,MAY26,2006,i
25013769,"Bidhar, Rutumbara",IND,F,WFM,WFM,,1911,0,20,MAY26,2001,wi
25652176,Bidhata Sagar Debbarma,IND,M,,,,1603,0,,MAY26,1991,
429028248,Bidipto Saud Dihingia,IND,M,,,,1416,0,40,MAY26,2015,
46629548,Bidkar Nikhil,IND,M,,,,1719,0,20,MAY26,1996,
33499012,Bidwe Vedant,IND,M,,,,1438,0,20,MAY26,2007,i
531053130,Bidyan Saikia,IND,M,,,,1577,0,40,MAY26,2011,
25081489,Bidyut Kr. Mondal,IND,M,,,,1535,0,20,MAY26,1976,
5020573,"Bidyut, Bikash Handique",IND,M,,,,2023,0,20,MAY26,1979,
88121089,Bighnesh Sahu,IND,M,,,,1445,0,40,MAY26,2010,
25679872,Bihani Kanav,IND,M,,,,1508,0,20,MAY26,2004,i
25679880,Bihani Vandan,IND,M,,,,1587,0,40,MAY26,2008,i
5034370,"Bihari, P.K.",IND,M,,,,1825,0,20,MAY26,1969,i
558002170,Bijalwan Dhairya Rajesh,IND,M,,,,1424,0,40,MAY26,2014,
46677810,Bijan Chandra Mitra,IND,M,,,,1692,0,20,MAY26,1975,i
45078025,Bijender Singh Bhati,IND,M,,,,1438,0,20,MAY26,1974,
25684841,Bijit Chetia,IND,M,,,,1710,0,20,MAY26,1998,i
88141462,Bijit Sen,IND,M,,,,1528,0,40,MAY26,2013,i
25950770,Bijoy Mondal,IND,M,,,,1477,2,20,MAY26,1986,
48746436,Bikash Bora,IND,M,,,,1577,0,20,MAY26,1991,i
5039169,"Bikramjit, Dhar",IND,M,,NA,,1640,0,20,MAY26,1992,i
25610287,Bilal Ahamed Moosa,IND,M,,,,1620,0,20,MAY26,2001,i
33334293,Bimla Sharma,IND,F,,,,1504,0,20,MAY26,1971,wi
25034995,Binayak Rath,IND,M,,NA,,1920,0,20,MAY26,1981,i
25721259,Binayak Verma,IND,M,,,,1601,0,20,MAY26,2005,
5002745,"Bindipal, Doley",IND,M,,,,1563,0,,MAY26,1962,i
564024385,Bindu Prakash Yadav M,IND,M,,,,1611,0,20,MAY26,2002,
5044260,"Bindumadhavan, Krishnaprasad",IND,M,,,,1851,0,20,MAY26,1995,i
531052762,Binish Kumar Sharma,IND,M,,,,1635,0,20,MAY26,1998,
45032807,Binisya E L,IND,F,,,,1475,0,20,MAY26,2002,w
25083163,Binu Sebastian,IND,M,,,,1653,0,,MAY26,1984,
366108941,"Binu, Devdutt",IND,M,FM,,,1999,12,40,MAY26,2011,
35083929,Bipin Raj S,IND,M,,,,1741,0,20,MAY26,2000,i
46677828,Biplab Mitra,IND,M,,,,1686,0,20,MAY26,1978,i
25077309,Bipra Nath,IND,M,,NI,,1658,0,20,MAY26,2000,i
531035760,Biprajit Patowary,IND,M,,,,1420,0,40,MAY26,2011,
547092203,Bir Kashyap,IND,M,,,,1423,0,40,MAY26,2012,
5008360,"Bir Singh, Raminder",IND,M,,,,1657,8,,MAY26,1957,
25094874,Bir Yogesh Pai,IND,M,,,,1531,0,20,MAY26,1979,i
33337292,Bisal Boruah,IND,M,,,,1538,0,20,MAY26,2006,
88135810,Bisen Aarav,IND,M,,,,1476,0,,MAY26,2010,
537082655,Bishal Bhowmik,IND,M,,,,1596,0,20,MAY26,1999,i
531092438,Bishal Jyoti Panda,IND,M,,,,1445,0,40,MAY26,2011,
25090380,Bishal Patowary,IND,M,,,,1581,0,20,MAY26,1996,i
547066008,Bisholiya Aditya,IND,M,,,,1439,0,40,MAY26,2009,
25904396,Bisht Vishal Jagjeetsingh,IND,M,,,,1494,0,20,MAY26,2001,i
564047245,"Bisht, Krish",IND,M,,,,1405,0,20,MAY26,2007,
547060603,Bishwayan Sen,IND,M,,,,1462,1,40,MAY26,2013,
25955802,Biswa Preet Ray,IND,M,,,,1780,0,40,MAY26,2011,
531070450,Biswadeep Dey,IND,M,,,,1601,0,40,MAY26,2010,i
46619542,Biswajit Changmai,IND,M,,,,1666,0,20,MAY26,2000,i
5013798,Biswajit Chatterjee,IND,M,,FI,,1938,0,20,MAY26,1979,i
25090399,Biswajit Phukan,IND,M,,,,1739,0,20,MAY26,1970,i
46612190,Biswajit Shil,IND,M,,,,1787,0,20,MAY26,1977,i
35043773,Biswal Sumit,IND,M,,,,1546,0,20,MAY26,2005,
35047043,Biswas Sampurna,IND,F,,,,1541,0,20,MAY26,2001,wi
577010221,"Biswas, Arkapravo",IND,M,,,,1472,0,40,MAY26,2013,
5024803,"Bitan, Banerjee",IND,M,IM,,,2421,0,10,MAY26,1993,
25772023,Bitupon Saika,IND,M,,,,1653,0,20,MAY26,2000,i
33394440,Bivor Adak,IND,M,FM,,,2108,8,40,MAY26,2009,
25631411,Biyani Amitkumar,IND,M,,,,1585,0,20,MAY26,1994,i
46611185,Biyani Pawan,IND,M,,,,1673,0,20,MAY26,1999,i
33339147,Blesset Hilton,IND,M,,,,1500,0,40,MAY26,2010,i
46627065,Boda Gyaneshwar,IND,M,,,,1714,0,20,MAY26,2002,i
25047965,Bodade Mangesh,IND,M,,,,1581,0,20,MAY26,1993,i
33386234,Bodda Sri Jayya Mohan,IND,M,,,,1460,0,40,MAY26,2013,i
25195824,Bodhisatwa Bhowmik,IND,M,,,,1563,0,40,MAY26,2012,i
25081500,Bodhisatya Pal,IND,M,,,,1800,0,20,MAY26,1996,i
25147617,Bodke Atharva,IND,M,,,,1486,0,20,MAY26,2006,i
45096724,Bodkhe Aditya,IND,M,,,,1655,0,40,MAY26,2008,i
25681745,Bogawat Pranav,IND,M,,,,1548,0,20,MAY26,2007,i
48785288,Boibhab Sarma,IND,M,,,,1415,0,40,MAY26,2009,i
547055600,Boitan Saha,IND,M,,,,1438,0,40,MAY26,2017,
45022968,Bokade Chinmay,IND,M,,,,1598,7,20,MAY26,2004,
33439249,Bolla Sruthi,IND,F,,,,1412,0,40,MAY26,2013,wi
33439362,Bolla Yaswanth,IND,M,,,,1517,0,40,MAY26,2012,i
25019872,Bommini Mounika Akshaya,IND,F,WIM,WIM,,2045,0,20,MAY26,2003,wi
46682376,Bondale Shrirang,IND,M,,,,1590,0,20,MAY26,2003,
25178865,Bondre Vismaya Vijay,IND,F,,,,1461,0,40,MAY26,2010,wi
25104004,Boomika S,IND,F,,,,1564,0,40,MAY26,2008,wi
25698532,Boopalan R,IND,M,,,,1463,0,20,MAY26,2007,i
35049097,Boopesh Kumar M,IND,M,,,,1628,0,20,MAY26,2005,
25973959,Bopardikar Veer,IND,M,,,,1642,0,40,MAY26,2009,i
33427054,Boppa Ritik Sai,IND,M,,,,1523,0,40,MAY26,2013,i
5011450,"Bora, Mahendra",IND,M,,,,1619,0,20,MAY26,1964,
35023454,Boramanikar Tanisha S,IND,F,WCM,WCM,,1794,0,20,MAY26,2006,wi
46603336,Borase Manoj,IND,M,,NI,,1664,0,20,MAY26,1993,i
25639110,Borgaonkar Akshay,IND,M,IM,,,2322,10,20,MAY26,2009,
46672923,Boricha Yohan,IND,M,,,,1893,9,20,MAY26,2006,
5008719,"Boricha, Ketan",IND,M,CM,,,1995,0,20,MAY26,1978,i
25053272,Borkar B C,IND,M,,,,1545,0,20,MAY26,1951,
25969315,Borkar Rudraksh,IND,M,,,,1553,0,20,MAY26,2005,i
45091196,Borkar Shravani,IND,F,,,,1573,0,20,MAY26,2002,wi
5025958,"Borkar, Yashwant",IND,M,,,,1799,0,20,MAY26,1937,i
25135872,"Borker, Samruddh",IND,M,,,,1495,0,20,MAY26,2007,
25777033,Borkhetariya Devarsh M,IND,M,,,,1986,0,20,MAY26,2007,
35059270,Borse Pankaj,IND,M,,,,1706,7,20,MAY26,1983,
5011990,"Bose, Sayan",IND,M,,,,1986,0,,MAY26,1995,i
25149237,Botuku Poojan,IND,M,,,,1681,0,40,MAY26,2009,
429096359,Boxi Anudeep,IND,M,,,,1567,9,40,MAY26,2016,
558073930,Boya Sudhakar,IND,M,,,,1461,0,20,MAY26,1992,
25033476,"Bragadeeshwaran, Chidambaram.C",IND,M,,,,1768,0,20,MAY26,2004,i
537050869,Brahma Sadhan Das,IND,M,,,,1586,0,40,MAY26,2012,
35028120,Brajanath Samaddar,IND,M,,,,1636,0,20,MAY26,1950,i
25025864,Brajesh Kumar Upadhyay,IND,M,,NA,,1724,0,20,MAY26,1963,i
46693700,Bramha Satyabrata,IND,M,,,,1492,0,20,MAY26,1981,
547000783,Brayden Anand,IND,M,,,,1504,0,40,MAY26,2018,
5096014,Brendan Peroz,IND,M,,,,1745,0,20,MAY26,1996,i
5014700,"Brijbhooshan, Dubey",IND,M,,NA,,1803,0,20,MAY26,1960,i
531083439,Brijesh Mishra,IND,M,,,,1478,0,40,MAY26,2010,
33398984,Brijesh Poola,IND,M,,,,1491,0,40,MAY26,2013,i
547069236,Brijesh Yadav,IND,M,,,,1609,0,20,MAY26,1973,
25077325,Bristy Mukherjee,IND,F,WFM,WFM,,1951,0,20,MAY26,2004,w
25125001,Bruhathi Kondisetti,IND,F,,,,1519,0,40,MAY26,2013,wi
25705482,Buchade Chitransh,IND,M,,,,1419,0,20,MAY26,2006,i
25082663,Buchibabu Chennupati,IND,M,,,,1664,0,,MAY26,1981,
366194636,"Bulla, Nagashiva Janardhan Rao",IND,M,,,,1576,0,,MAY26,1987,
45092508,Bulsara Yazaan,IND,M,,,,1480,0,20,MAY26,2006,
25047973,Burli Pranav,IND,M,,,,1657,9,20,MAY26,1997,
429090458,Bushkar Chembatheyil Muhammad,IND,M,,,,1536,0,20,MAY26,1986,
46671994,Butala Krish,IND,M,,,,1668,0,,MAY26,2005,i
531041477,Bute Rajveer,IND,M,,,,1423,0,40,MAY26,2011,
5073898,Buxy Rajanikant,IND,M,,,,1758,0,20,MAY26,1988,
48785296,C Lalmuanzuala,IND,M,,,,1610,0,40,MAY26,2013,i
25781324,C R Ritvik,IND,M,,,,1771,0,20,MAY26,2004,
547025395,Caleb Johann Aravind,IND,M,,,,1482,0,40,MAY26,2013,
88138216,Caleb Vihaan John,IND,M,,,,1462,6,40,MAY26,2014,
25725459,Calvin Richard C J,IND,M,,,,1581,0,20,MAY26,2002,i
531023959,Cardozo Joash,IND,M,,,,1418,10,40,MAY26,2017,
88194590,Cardozo Nathan Jess,IND,M,,,,1552,8,40,MAY26,2013,
33317330,Caris Jeshurun A,IND,M,,,,1449,0,40,MAY26,2008,i
429088518,Ceonal Roy Xavier,IND,M,,,,1579,0,20,MAY26,2007,i
45033528,Cera Dagariya,IND,F,WFM,WFM,,1863,0,20,MAY26,2007,w
33482748,Chaanthnisri V,IND,F,,,,1555,0,40,MAY26,2015,wi
25195832,Chaarvi Choudhury,IND,F,,,,1811,0,40,MAY26,2009,wi
33382000,Chaarvi Jain,IND,F,,,,1548,0,40,MAY26,2010,wi
88131610,Chaarvi Shree Barman,IND,F,,,,1516,0,40,MAY26,2016,wi
25040790,Chachad Akshay,IND,M,,,,1759,0,20,MAY26,1991,i
35051636,Chachad Himanshu,IND,M,,,,1563,0,20,MAY26,1999,i
46637826,Chadha Anay,IND,M,,,,1561,0,20,MAY26,2005,i
35049887,Chafle Prashant,IND,M,,,,1666,0,20,MAY26,1974,i
88130126,Chahare Prabhas,IND,M,,,,1456,0,40,MAY26,2017,
25621041,Chahat Sethiya,IND,M,,,,1510,0,20,MAY26,2003,i
25711741,Chainani Dimple,IND,F,,,,1431,7,20,MAY26,2002,w
46663932,Chaitan Shet,IND,M,,,,1659,0,20,MAY26,1983,i
48713236,Chaitanaya Siotia,IND,M,,,,1499,0,40,MAY26,2014,i
531024866,Chaitanya Hans,IND,M,,,,1470,0,40,MAY26,2011,
429077206,Chaitanya Jain,IND,M,,,,1647,0,40,MAY26,2009,
45091480,Chaitanya Kapoor,IND,M,,,,1605,0,20,MAY26,2000,i
88197085,Chaitanya Krishna Vadlamani,IND,M,,,,1564,0,40,MAY26,2014,
25176307,Chaitanya Lohar,IND,M,,,,1547,0,40,MAY26,2011,
537020471,Chaitanya Raj Aditya,IND,M,,,,1424,0,40,MAY26,2014,
35066099,Chaitanya Sairam Mogili,IND,M,CM,,,2102,0,20,MAY26,2000,i
547008636,Chaitanya Sharma,IND,M,,,,1550,0,40,MAY26,2015,
429057736,Chaitanya Singh Rawat,IND,M,,,,1448,0,40,MAY26,2016,
48708593,Chaitanya Sushant Patil,IND,M,,,,1598,0,40,MAY26,2010,
48708607,Chaitanya V Gaonkar,IND,M,,,,1696,0,40,MAY26,2010,
33309663,Chaitanya Vadehra,IND,M,,,,1546,0,40,MAY26,2010,i
5028116,"Chaitanya, V.",IND,F,WFM,WFM,,1857,0,20,MAY26,1993,wi
25092499,Chaithanya Ganesh,IND,M,,,,1675,0,20,MAY26,2003,i
88193489,Chaithanya Ganesha D,IND,M,,,,1442,16,40,MAY26,2012,
45009058,Chaithanya Shyam D,IND,M,,,,1673,0,20,MAY26,2001,i
5068754,Chaithanyaa K G,IND,M,,,,2044,0,20,MAY26,1996,i
537005219,Chaitra Sree Magham,IND,F,,,,1534,5,40,MAY26,2014,w
25612654,Chakave Dnyaneshwar,IND,M,,,,1514,0,20,MAY26,1987,
5008204,"Chakrabarti, Tamal",IND,M,,,,1920,0,20,MAY26,1967,i
537079875,Chakraborty Beetihotra,IND,M,,,,1639,0,,MAY26,2011,
564066479,"Chakraborty, Navonil",IND,M,,,,1517,0,40,MAY26,2016,
9991212,"Chakraborty, Priyanshu",IND,M,,,,1623,0,20,MAY26,2004,
25181882,Chakradeo Shriram Vinit,IND,M,,,,1621,9,20,MAY26,2001,
48740039,Chakrapani Cheripally,IND,M,,,,1425,0,20,MAY26,1993,i
35045806,Chakrapani K G,IND,M,,,,1478,0,20,MAY26,1968,i
25761013,chakravarthi Eleti,IND,M,,,,1492,0,20,MAY26,1989,i
25009532,"Chakravarthi Reddy, M",IND,M,IM,,,2189,0,20,MAY26,1996,
5029546,Chakravarthy Y V K,IND,M,,NA,,2084,0,20,MAY26,1996,i
45059829,Chakravarti Shivalingam,IND,M,,,,1428,0,20,MAY26,2002,i
25030825,Chakravarty Avishek,IND,M,,NA,,1472,0,20,MAY26,1981,i
33341257,Chakresh Ganesan,IND,M,,,,1766,0,,MAY26,2013,
429064597,Chakri Rajalbandi,IND,M,,,,1518,0,40,MAY26,2011,
25650327,Challangga D Sangma,IND,M,,,,1603,0,20,MAY26,1967,i
429033802,Challapalli Nishanth Srigiri,IND,M,,,,1560,0,40,MAY26,2011,i
5080770,"Chama, Chanukya Krishna",IND,M,,,,1853,0,,MAY26,1985,i
429057540,Chanakya Medhi,IND,M,,,,1453,0,40,MAY26,2013,i
48700649,Chanda Ujan,IND,M,,,,1894,0,40,MAY26,2013,
5004225,"Chanda, Sandipan",IND,M,GM,,,2403,0,10,MAY26,1983,
35066447,Chandak Anmol,IND,M,,,,1570,0,20,MAY26,1984,i
5073472,Chandak Shivam,IND,M,,,,1966,0,20,MAY26,1998,i
5088518,Chandak Shubh,IND,M,,,,1761,0,20,MAY26,2000,i
48712914,Chandan Dharai,IND,M,,,,1532,0,40,MAY26,2011,i
33368945,Chandan Dutta Banik,IND,M,,,,1559,0,20,MAY26,1963,i
48748196,Chandan Engti,IND,M,,,,1698,0,20,MAY26,1994,i
33340609,Chandan Gowda K S,IND,M,,FA,,1473,0,20,MAY26,2004,i
25050443,Chandan Kapahi,IND,M,,,,1621,0,20,MAY26,1994,i
5097983,"Chandan Kumar Prasad, Jharkhand",IND,M,,IA,,1606,0,20,MAY26,1991,i
25788930,Chandan Malhotra,IND,M,,,,1616,0,20,MAY26,1985,i
35091662,Chandan Palash N,IND,M,,,,1750,0,20,MAY26,2001,i
5029554,"Chandan, Mahajan",IND,M,,,,1867,0,20,MAY26,1979,i
5031109,"Chandan, Mandal",IND,M,,,,1911,0,20,MAY26,1986,i
46610308,Chandana Prasad,IND,F,,,,1620,0,20,MAY26,2003,wi
5010411,"Chandanani, Girish",IND,M,,,,1838,0,20,MAY26,1975,
25629743,Chandankhede Yashika,IND,F,,,,1496,0,40,MAY26,2008,wi
25008307,Chandar Raju,IND,M,,NA,,2047,0,20,MAY26,1999,
25745387,Chandhan G,IND,M,,,,1582,0,20,MAY26,2005,i
5059500,"Chandi, Sachin",IND,M,,,,1766,0,20,MAY26,1966,i
48746568,Chandilya Kashyap,IND,M,,,,1465,0,40,MAY26,2009,i
531063802,Chandini Surendran,IND,F,,,,1496,0,40,MAY26,2011,w
48742554,Chandra Kiran,IND,M,,,,1401,0,20,MAY26,1999,i
45049360,Chandra Mohan B,IND,M,,,,1432,0,20,MAY26,1977,i
25930630,Chandra Mouli K R G V,IND,M,,,,1618,0,,MAY26,1984,
33480982,Chandra Prakash,IND,M,,,,1491,0,,MAY26,2004,i
25666576,Chandra Prakash S,IND,M,,,,1674,9,20,MAY26,2004,
46693629,Chandra Sekharan A P,IND,M,,,,1722,0,20,MAY26,1960,i
25660799,Chandra Varma G Y,IND,M,,,,1436,0,40,MAY26,2010,i
45010617,Chandrahaas M C J,IND,M,,,,1770,0,20,MAY26,2004,i
35018043,Chandrajeet Singh Rajawat,IND,M,,"FI,NA",,1864,0,,MAY26,1996,i
25017560,Chandrakant Jadhav,IND,M,,,,1478,0,20,MAY26,1976,
45066280,Chandramouli Gopalakrishnan,IND,M,,,,1480,0,20,MAY26,2006,i
547055898,Chandramouli Jayakrishnan,IND,M,,,,1500,0,40,MAY26,2013,
35045008,Chandran G,IND,M,,,,1503,0,20,MAY26,1954,i
5016266,Chandran T.,IND,M,,,,1777,0,20,MAY26,1954,i
35037790,Chandrani Shlok,IND,M,,,,1806,0,20,MAY26,2007,
25950070,Chandrasekar Reddy K M,IND,M,,,,1422,0,20,MAY26,2005,i
35019988,Chandrasekar S,IND,M,,,,1475,0,20,MAY26,2000,
25975021,Chandrashekhar Sable,IND,M,,NI,,1578,0,20,MAY26,1991,
35070215,"Chandrashekhara, Mayuraditya",IND,M,,,,1495,0,20,MAY26,2004,i
46611215,Chandratreya Prachiti,IND,F,WFM,WFM,,1939,0,20,MAY26,2004,wi
5097401,Chandraveer Singh Chauhan,IND,M,,,,1676,0,20,MAY26,1989,i
5056535,"Chandreyee, Hajra",IND,F,WIM,WIM,,1834,0,20,MAY26,1999,wi
531070841,Chandrim Saha,IND,M,,,,1503,0,40,MAY26,2013,
25136674,Chandru M,IND,M,,,,1437,0,20,MAY26,2001,i
35043013,Chandwani Prateek,IND,M,,,,1724,8,20,MAY26,1997,
547054417,Chandwani Sahil,IND,M,,,,1621,0,40,MAY26,2010,
33349711,Channabasav Kataraki,IND,M,,,,1480,0,20,MAY26,1982,
35071858,"Channawar, Shlok",IND,M,,,,1508,0,20,MAY26,2005,i
35071840,"Channawar,Nilesh",IND,M,,NA,,1592,0,20,MAY26,1990,i
45036292,Chanwal Gitesh,IND,M,,,,1648,0,20,MAY26,1987,i
33326134,Charan Battu,IND,M,,,,1525,0,40,MAY26,2012,i
25930672,Charan G,IND,M,,,,1494,0,,MAY26,2007,i
45002843,Charan K,IND,M,,,,1654,0,20,MAY26,2006,i
537009168,Charan Krishna,IND,M,,,,1541,0,40,MAY26,2011,i
25035010,Charan Kumar A,IND,M,,,,1699,0,20,MAY26,1999,i
33381739,Charan Napa,IND,M,,,,1540,0,,MAY26,2009,i
48798894,Charan R,IND,M,,,,1534,0,20,MAY26,1999,i
429093686,Charchit Swain,IND,M,,,,1490,0,40,MAY26,2012,i
33427070,Charit Subhajit,IND,M,,,,1547,0,20,MAY26,1996,
33432392,Charith Bhat,IND,M,,,,1850,0,40,MAY26,2009,
33440573,Charith Sai Alahari,IND,M,,,,1599,0,,MAY26,2012,
25778897,Charles Finny A,IND,M,,,,1510,0,20,MAY26,2004,i
5070910,Charles J,IND,M,,,,1766,0,20,MAY26,1988,i
45002215,Charles Ore Rajesh C D,IND,M,,,,1404,0,20,MAY26,2001,i
25975366,Charudharshini R,IND,F,,,,1560,0,40,MAY26,2012,wi
48784095,Charugundla Viraj Krishna,IND,M,,,,1502,0,40,MAY26,2008,i
45004447,Charumati K,IND,F,,,,1467,0,20,MAY26,2005,wi
48759457,Charushi B,IND,F,,,,1453,0,40,MAY26,2015,w
46642790,Charuta J Shetye,IND,F,,,,1465,0,20,MAY26,2005,wi
25101811,Charvak,IND,M,,IA,,1441,0,20,MAY26,1970,
531017088,Charvaka Piya A B,IND,M,,,,1408,6,,MAY26,2017,
25165518,Charvi A,IND,F,FM,WFM,,2315,0,20,MAY26,2014,w
33475989,Charvi Maheshwari,IND,F,,,,1615,0,40,MAY26,2011,w
25944312,Charvi Patidar,IND,F,,,,1549,0,40,MAY26,2008,wi
429088208,Charvik A G,IND,M,,,,1446,0,40,MAY26,2012,
429012651,Charvik Avula,IND,M,,,,1504,0,40,MAY26,2014,
45031649,Chary Abhishek,IND,M,,,,1438,0,20,MAY26,2001,i
5040353,"Chattarjee, Laltu",IND,M,,,,2060,8,20,MAY26,1974,
5001439,"Chatterjee, K.K.",IND,M,CM,,,2119,0,20,MAY26,1961,i
564067432,"Chatterjee, Sabyasachi",IND,M,,,,1413,11,40,MAY26,2012,
25019295,"Chaturvedi, Atharva",IND,M,,,,1684,0,20,MAY26,1999,i
88147720,Chaudhari Prithviraj,IND,M,,,,1822,0,20,MAY26,2001,i
531088503,Chaudhari Varad Kiran,IND,M,,,,1451,0,40,MAY26,2015,i
366108932,"Chaudhari, Ashish",IND,M,,,,1894,20,20,MAY26,2007,
25702971,Chaudhary Bhavik,IND,M,,,,1607,0,20,MAY26,2007,
33416273,Chaudhary Parv,IND,M,,,,1469,6,40,MAY26,2014,
25014137,Chaudhary Saket Kumar,IND,M,,NA,,1621,0,20,MAY26,1991,i
35032704,Chaudhary Sanket,IND,M,,,,1551,5,20,MAY26,1988,
374100080,"Chaudhary, Aadavan",IND,M,,,,1554,0,40,MAY26,2018,
48701416,Chauhan Anmol,IND,M,,,,1479,0,,MAY26,2010,
25021516,Chauhan Atul,IND,M,,FI,,1638,0,,MAY26,1996,
531081347,Chauhan Dhruv Hasmukhbhai,IND,M,,,,1705,0,40,MAY26,2012,
25773844,Chauhan Janmesh,IND,M,,,,1617,0,40,MAY26,2008,i
88146740,Chauhan Poorv,IND,M,,,,1516,6,40,MAY26,2012,
531075649,Chauhan Vicky Kailash,IND,M,,,,1521,0,20,MAY26,1994,i
5087996,"Chauhan, Ashish",IND,M,,,,1841,0,20,MAY26,1993,
5029155,"Chauhan, Bharat Singh",IND,M,,,,1950,0,20,MAY26,1958,i
5010373,"Chauhan, Joy",IND,M,,,,1974,0,20,MAY26,1973,i
366100003,"Chauhan, Kapil",IND,M,,,,1505,0,,MAY26,2001,
45035083,Chaurasia Sanjiv,IND,M,,,,1800,0,20,MAY26,1970,i
5016568,"Chaurasia, B.K.",IND,M,,NA,,2037,0,20,MAY26,1962,i
5079756,Chavada Rajendrasinh,IND,M,,,,1874,0,20,MAY26,1978,i
46682384,Chavan Abhijit,IND,M,,,,1497,1,20,MAY26,1989,
33311560,Chavan Aditya,IND,M,,,,1805,10,40,MAY26,2011,
46645454,Chavan Nameet,IND,M,,,,1820,0,20,MAY26,2000,
25748092,Chavan Nihaar,IND,M,,,,1476,0,20,MAY26,2007,i
25762370,Chavan Omkar,IND,M,,,,1612,0,20,MAY26,2005,i
35008161,Chavan Pawan,IND,M,,,,1553,0,20,MAY26,1989,i
25979078,Chavan Soham,IND,M,,,,1566,0,40,MAY26,2010,i
537096087,Chavhan Eknath Kishan,IND,M,,,,1442,0,20,MAY26,1994,
25795031,Chaya C Poojari,IND,F,,,,1501,0,20,MAY26,2006,wi
25036769,Chayan Palit,IND,M,,,,1787,0,20,MAY26,1993,
25684906,Chayan Subhashkar Das,IND,M,,,,1549,0,20,MAY26,2005,i
5021545,"Cheela Naga, Sampath",IND,M,,,,1958,0,20,MAY26,2002,i
531062288,Cheetransh Malhotra,IND,M,,,,1528,6,40,MAY26,2018,
25764055,Chehal Nikhil,IND,M,,,,1838,11,20,MAY26,2004,
45093687,Chellani Chirag,IND,M,,,,1488,0,20,MAY26,1991,i
537079182,Chelluri Navish,IND,M,,,,1508,0,40,MAY26,2014,
33393494,Chemudugunta Dwaraknadh,IND,M,,,,1617,0,40,MAY26,2010,i
5042011,"Cheniram, Pegu",IND,M,,,,1739,0,20,MAY26,1980,i
11202939,"Cherian Thomas, Yakov",IND,M,,,,1728,0,20,MAY26,2005,i
33362769,Cherith Ram K,IND,M,,,,1401,0,40,MAY26,2012,i
25120956,Cherukuri Naga Sri Vardhan Chowdary,IND,M,,,,1520,0,20,MAY26,2005,i
537076116,Cherukuri Sourya,IND,M,,,,1476,0,40,MAY26,2012,
33495483,Chetan Babuso Kurtikar,IND,M,,,,1413,0,40,MAY26,2012,
5091349,Chetan Chavan,IND,M,,,,1795,0,20,MAY26,1990,i
531027016,Chetan Karthik A,IND,M,,,,1484,0,40,MAY26,2009,
429077214,Chetan Khatri,IND,M,,,,1428,0,40,MAY26,2014,
537074741,Chetan Mukkapati,IND,M,,,,1479,0,40,MAY26,2016,
45028044,Chetan Prashanth,IND,M,,,,1605,0,20,MAY26,2004,i
25991701,Chetan Pratap Singh Rathor,IND,M,,,,1636,0,20,MAY26,1967,i
45065128,Chetan Rao D,IND,M,,,,1653,0,20,MAY26,2007,i
25650130,Chetan Sharma,IND,M,,,,1840,0,20,MAY26,2002,i
35047698,Chetan Sharma,IND,M,,,,1843,0,,MAY26,1992,i
5045428,"Chetan, Deodhagle",IND,M,,,,2007,0,20,MAY26,1980,i
48723290,Chetana Gopalakrishnan,IND,F,,,,1511,0,40,MAY26,2011,w
33387982,Chethan Yogisha Bangera,IND,M,,,,1497,0,20,MAY26,1990,i
564039609,Chethus Suresh,IND,M,,,,1454,0,20,MAY26,1999,
88176649,Chhaayank Tahbildar,IND,M,,,,1743,0,40,MAY26,2013,
45017379,Chhabda Aishita,IND,F,,,,1533,0,20,MAY26,2006,wi
45017387,Chhabda Soham,IND,M,,,,1529,0,20,MAY26,2007,i
46613234,Chhabra Aakash,IND,M,,,,1770,0,20,MAY26,2004,i
46670726,Chhabra Kunal,IND,M,,,,1563,0,20,MAY26,2002,i
537094270,Chhajer Manan,IND,M,,,,1473,0,20,MAY26,2000,i
46666346,Chhattani Shourya,IND,M,,,,1588,0,20,MAY26,2005,i
25754688,Chheda Dev,IND,M,,,,1437,0,20,MAY26,2004,
33374643,Chidambaram Chockalingam,IND,M,,,,1417,9,40,MAY26,2014,
25066170,Chidanand A,IND,M,,,,1552,0,20,MAY26,1971,i
33436240,Chidanand S Pillai,IND,M,,,,1542,0,40,MAY26,2010,i
25748530,Chidvilash Sai Surapaneni,IND,M,CM,,,2104,0,40,MAY26,2008,i
531048528,Chidwilasini Kummarikuntla,IND,F,,,,1428,0,40,MAY26,2012,w
25617125,Chilukuri Sai Varshith,IND,M,FM,,,1906,0,20,MAY26,2007,i
5022487,"Chincholimath, Halsagar",IND,M,CM,,,1842,0,20,MAY26,1987,i
25655329,Chincholkar Aditya,IND,M,,,,1566,0,20,MAY26,2004,i
25701495,Chinmai Kanala,IND,M,,,,1438,0,,MAY26,2008,i
25621130,Chinmay Danawat,IND,M,,,,1622,0,,MAY26,2001,i
33399409,Chinmay Kannan Iyer,IND,M,,,,1651,0,40,MAY26,2011,i
537023217,Chinmay Kedia,IND,M,,,,1470,0,40,MAY26,2016,
25780204,Chinmay Kowshik,IND,M,CM,,,2030,0,40,MAY26,2011,
33440433,Chinmay Suresh Reddy,IND,M,,,,1524,0,40,MAY26,2013,
88105768,Chinmay Vajpayee,IND,M,,,,1514,0,40,MAY26,2008,i
5047390,"Chinmay, Pathak",IND,M,,,,1928,0,20,MAY26,1995,i
88179931,Chinmaya Kanaka Karthikeya Malapaka,IND,M,,,,1502,0,40,MAY26,2014,
33497176,Chinmaya Kundu,IND,M,,,,1477,0,20,MAY26,1993,
531038107,Chinmayakrishna M,IND,M,,,,1407,5,40,MAY26,2013,
25628755,Chinmayee R K,IND,F,,,,1437,0,20,MAY26,2007,wi
25648780,Chinmoy Roy,IND,M,,,,1579,0,40,MAY26,2008,i
5012007,"Chinmoy, Mukherjee",IND,M,,,,1712,0,20,MAY26,1977,i
5014255,Chinnadurai S.,IND,M,,,,1555,0,20,MAY26,1968,
35061690,Chinnam Vyshnavi,IND,F,WCM,WCM,,1736,0,20,MAY26,2005,w
33405921,Chinta Abhiram,IND,M,,,,1448,0,20,MAY26,1989,i
33321027,Chintan Koli,IND,M,,,,1450,0,,MAY26,1986,
33400458,Chintha Venkata Gokul Siddardh,IND,M,,,,1439,0,20,MAY26,2007,i
429049687,Chinthana M M B,IND,F,,,,1403,0,40,MAY26,2014,w
48748811,Chinthapatla Dhanvin Ram,IND,M,,,,1470,0,40,MAY26,2016,i
33425434,Chirag Adiga,IND,M,,,,1616,0,40,MAY26,2010,
48718335,Chirag Agarwalla,IND,M,,,,1458,0,20,MAY26,2007,i
35089633,Chirag Arora,IND,M,,NA,,1568,6,20,MAY26,1995,
35048350,Chirag Hirinja G J,IND,M,,,,1783,0,,MAY26,2000,i
25053280,Chirag Khakkar,IND,M,,,,1647,0,20,MAY26,1996,i
531009492,Chirag Kommineni,IND,M,,,,1521,0,40,MAY26,2012,
33422818,Chirag Lahoti,IND,M,,,,1654,0,40,MAY26,2014,i
537045962,Chirag Maheshwari,IND,M,,,,1583,0,20,MAY26,2003,
35013688,Chirag Manchanda,IND,M,,,,1791,0,20,MAY26,1992,i
25970356,Chirag Ragesh Bais,IND,M,,,,1701,7,40,MAY26,2011,
33479186,Chirag Sethi,IND,M,,,,1526,0,40,MAY26,2011,i
33496471,Chirag Suresh Reddy,IND,M,,,,1525,0,40,MAY26,2013,
558017208,Chiragkumar Hasmukhlal Thakkar,IND,M,,,,1640,0,20,MAY26,1999,
35020625,Chiranjan Kumarr K S,IND,M,,,,1581,0,20,MAY26,2004,i
429083095,Chiranjeevi M S,IND,M,,,,1483,0,40,MAY26,2012,i
25717359,Chiranjiv Singhi,IND,M,,,,1592,0,20,MAY26,2007,
25000012,Chiranth M D,IND,M,,NI,,1695,0,20,MAY26,1999,i
5020581,"Chiraranjan, Bhuyan",IND,M,,,,1717,0,20,MAY26,1965,
5065062,Chitaranjan Taorem,IND,M,,,,1961,0,20,MAY26,1992,i
25140400,Chithambaram A C,IND,M,,,,1406,0,20,MAY26,2005,i
48731757,Chithresh P,IND,M,,,,1510,0,40,MAY26,2012,i
35002899,Chitlange Sakshi,IND,F,WIM,WIM,,2075,10,20,MAY26,2000,w
25679473,Chitoda Priyesh,IND,M,,,,1467,0,20,MAY26,2004,i
88197174,Chitrala Venkata Mukul Anand,IND,M,,,,1533,0,40,MAY26,2013,
48771228,Chitrarth Ambardekar,IND,M,,,,1544,0,40,MAY26,2014,
25959026,Chitre Arush,IND,M,FM,,,2211,0,40,MAY26,2010,
547080485,Chitta Ranjan Dash,IND,M,,,,1445,0,40,MAY26,2014,
5047404,"Chittal, Sairaj",IND,M,,,,1952,0,20,MAY26,1997,i
33417652,Chittesh Pandeeshwaran,IND,M,,,,1434,0,40,MAY26,2011,i
429023963,Chittumalla Kashyap,IND,M,,,,1490,0,40,MAY26,2012,i
25939572,Chitturi Haasini,IND,F,,,,1489,0,40,MAY26,2009,wi
25939556,Chitturi Murali Srinivas,IND,M,,,,1417,0,20,MAY26,1973,i
25181920,Chivukula Chandrasekar,IND,M,,,,1494,0,20,MAY26,1977,i
35016350,Chockalingam Balaji Ulaganathan Dr.,IND,M,,SI,,1484,0,,MAY26,1995,i
35077120,Chodankar Akash,IND,M,,,,1516,0,20,MAY26,2001,i
48784117,Chogle Sahil Prashant,IND,M,,,,1882,11,,MAY26,2012,
5004438,"Chokshi, Manthan J.",IND,M,,,,2156,0,20,MAY26,1978,i
531015239,Cholan A,IND,M,,,,1597,7,40,MAY26,2014,
5006201,"Chole, Vikrant",IND,M,,,,2014,0,,MAY26,1981,i
5045118,Cholleti Sahajasri,IND,F,WIM,WIM,,2137,0,20,MAY26,1996,wi
25098896,Chopada Ketan B,IND,M,,,,1774,0,20,MAY26,1989,
25705504,Chopade Saimira,IND,F,,,,1453,0,20,MAY26,2007,wi
564047920,"Chopde, Varchasva",IND,M,,,,1501,0,40,MAY26,2016,
25135147,Chopdekar Aarav,IND,M,,,,1633,0,40,MAY26,2011,
25099450,Chopdekar Gunjal,IND,F,WCM,WCM,,1762,0,20,MAY26,2005,wi
5086850,Chopon Babu .R.K,IND,M,,,,1605,0,20,MAY26,1987,i
25985035,Choppa Adyantha Raman Naidu,IND,M,,,,1544,0,40,MAY26,2011,i
33489335,Choppa Veera Venkata Vivek,IND,M,,,,1555,0,40,MAY26,2009,
48784125,Chopra Jahaan Varun,IND,M,,,,1463,0,40,MAY26,2012,i
48783986,Chopra Jeevika Varun,IND,F,,,,1426,0,40,MAY26,2012,wi
25753177,Chopra Karan,IND,M,,,,1433,0,20,MAY26,2007,i
45053790,Chopra Syna,IND,F,,,,1527,0,20,MAY26,2007,wi
25968076,Chordiya Vijay Mangilal,IND,M,,NA,,1434,0,20,MAY26,1974,i
531075711,Choube Shivam Kamlesh,IND,M,,NI,,1779,0,20,MAY26,2000,i
46666362,Choubey Saurabh,IND,M,,,,1898,0,,MAY26,2000,
35082965,Choudhary Sagar,IND,M,,,,1616,0,,MAY26,1999,
35083317,Choudhary Sarita,IND,F,,,,1563,0,20,MAY26,1988,wi
45036365,Choudhary Tanmay,IND,M,,,,1487,0,20,MAY26,2004,i
547007028,Choudhury Subham Nanda,IND,M,,,,1452,0,40,MAY26,2014,
45080380,Choudki Khushi,IND,F,,,,1616,0,20,MAY26,2005,wi
531023967,Chougale Shrihan,IND,M,,,,1453,6,40,MAY26,2018,
25715810,Chougule Akshay,IND,M,,,,1560,0,20,MAY26,1994,i
46625763,Chouhan G.S.,IND,M,,,,1573,0,20,MAY26,1964,i
25910825,Chouhan Kuldeep,IND,M,,,,1576,0,20,MAY26,1999,i
5017882,"Chouhan, N.c.",IND,M,,,,1598,0,20,MAY26,1963,
25139258,Chouksey Sarthak,IND,M,,,,1552,0,20,MAY26,2004,i
25627821,Chourasia Yogendra,IND,M,,,,1542,0,20,MAY26,2004,i
45017417,Chourasiya Sumukh,IND,M,,,,1475,0,20,MAY26,2004,i
577012445,"Chowdhury, Debangshu",IND,M,,,,1557,0,40,MAY26,2010,
537033549,Chris Leo,IND,M,,,,1573,0,40,MAY26,2014,
88123898,Chris Moolayil Sinju,IND,M,,,,1426,0,40,MAY26,2014,
88170624,Christopher M Anish,IND,M,,,,1610,0,,MAY26,2012,
48701050,Christy George,IND,M,,,,1891,0,,MAY26,2011,
45059144,Chudasama Ankit,IND,M,,,,1855,0,20,MAY26,1995,i
5007984,"Chugh, Prem",IND,M,,,,1676,9,20,MAY26,1958,
5084474,Chujeeth Vignesh A,IND,M,,,,1815,0,20,MAY26,1999,
33367787,Chukka Vineel Radha Karthik,IND,M,,,,1816,0,40,MAY26,2011,
25119486,Chunduri Gopal,IND,M,,,,1468,0,,MAY26,1999,i
33438374,Clive Allen Lobo,IND,M,,,,1618,0,20,MAY26,2003,
88193373,Clyde Samir Rodrigues,IND,M,,,,1503,0,40,MAY26,2014,
45035512,Colaco Reuben,IND,M,,,,1807,0,20,MAY26,2007,
35035371,Colaco Vernon Jesus,IND,M,,,,1513,0,,MAY26,2006,i
25789139,Coleridge Timothy Fernandes,IND,M,,,,1422,0,,MAY26,2000,i
5009855,"Cruz, Wilson",IND,M,,NA,,1849,0,,MAY26,1984,i
429072867,Cyril Joy J,IND,M,,,,1417,0,40,MAY26,2011,
25072935,Cyrus Chhikara,IND,M,,,,1729,0,20,MAY26,2003,i
33398941,Cyrus Eldho,IND,M,,,,1817,9,40,MAY26,2013,
537019678,D Murmu,IND,M,,,,1431,0,20,MAY26,1964,i
25778390,D Souza Kevin,IND,M,,,,1945,0,20,MAY26,2001,
48748609,D V Anish Srivardhan,IND,M,,,,1521,0,40,MAY26,2011,
5013259,"D. Ashraf, Subhani",IND,M,,,,2037,0,20,MAY26,1990,i
5037867,D.K. Chopra,IND,M,,,,1881,0,20,MAY26,1952,i
45015724,Daaevik Wadhawan,IND,M,IM,,,2004,9,40,MAY26,2009,
366195016,Daakshin Arun,IND,M,FM,,,2032,0,40,MAY26,2009,
537036270,Daanish Vini,IND,M,,,,1527,6,,MAY26,2015,
537038818,Daanyish Jaleel,IND,M,,,,1473,0,,MAY26,2013,
547086637,Dabanshu Mazumder,IND,M,,,,1558,0,40,MAY26,2013,
25727621,Dabhade Arnav,IND,M,,,,1815,0,,MAY26,2010,i
5034400,"Dabhade, Ajit Padman",IND,M,,,,1911,0,20,MAY26,1971,i
45082332,Dabhi Geet H,IND,M,,,,1695,0,,MAY26,2001,
46620311,Dabhi Harish,IND,M,,,,1810,0,20,MAY26,1985,i
46666397,Dadwani Sahil,IND,M,,,,1787,0,20,MAY26,2005,i
46666400,Dafal Aishwaryaditya,IND,M,,,,1591,0,20,MAY26,2000,i
5037794,"Dahale, Atul",IND,M,CM,,,2031,0,20,MAY26,1989,i
366108950,"Dahale, Rajas",IND,M,,,,1695,17,,MAY26,2010,
88170314,Dahveed Sibi Kurisinkal,IND,M,,,,1933,7,40,MAY26,2016,
25908502,Daibik Barik,IND,M,,,,1578,0,20,MAY26,2005,i
13214624,"Daivik, Dayanand",IND,M,,,,1557,0,40,MAY26,2013,i
88152537,Daiwik Hemant Mehta,IND,M,,,,1521,0,40,MAY26,2012,
25973584,Daiwik Jain,IND,M,,,,1942,0,40,MAY26,2012,
429055466,Daiwik Khubchandani,IND,M,,,,1533,0,40,MAY26,2009,
429007364,Daiwik Nayar,IND,M,,,,1565,0,,MAY26,2012,i
48751987,Daiwik Sinha,IND,M,,,,1548,3,,MAY26,2013,
25687786,Dakare Rucha,IND,F,,,,1452,0,40,MAY26,2008,wi
25973398,Dakhsha Rudra,IND,F,,,,1646,0,40,MAY26,2011,w
531029639,Daksh Abhishek Jain,IND,M,,,,1554,0,40,MAY26,2012,
33349517,Daksh Bansal,IND,M,,,,1485,0,40,MAY26,2010,
531029132,Daksh Baveja,IND,M,,,,1484,0,40,MAY26,2012,
33322937,Daksh Bhargava,IND,M,,,,1499,7,40,MAY26,2009,
429091012,Daksh Birla,IND,M,,,,1811,0,40,MAY26,2009,
25191993,Daksh Dileep,IND,M,,,,1420,0,40,MAY26,2013,i
25100149,Daksh Goyal,IND,M,,,,2064,0,40,MAY26,2008,
537040243,Daksh Goyal,IND,M,,,,1575,0,40,MAY26,2015,
25969269,Daksh Jain,IND,M,,,,1952,0,40,MAY26,2010,
25025023,Daksh Jain,IND,M,,,,1652,0,20,MAY26,2003,
558049223,Daksh Jain,IND,M,,,,1628,0,20,MAY26,2002,
537024396,Daksh Kumar,IND,M,,,,1534,0,40,MAY26,2014,
33473510,Daksh M,IND,M,,,,1610,16,,MAY26,2010,
33498490,Daksh Markan,IND,M,,,,1533,0,40,MAY26,2010,
33481130,Daksh Patel,IND,M,,,,1614,0,,MAY26,2010,
33478210,Daksh S Nair,IND,M,,,,1535,0,40,MAY26,2012,i
48713813,Daksh Saha,IND,M,,,,1544,0,40,MAY26,2013,
88140261,Daksh Santosh Nathani,IND,M,,,,1783,0,40,MAY26,2010,i
33471959,Daksh Sarang Anajwala,IND,M,,,,1419,0,,MAY26,2010,i
547008652,Daksh Sinsinwar,IND,M,,,,1446,0,40,MAY26,2015,
48727687,Daksh Yogesh Vayle,IND,M,,,,1443,0,40,MAY26,2015,i
25738747,Dakshayani Ganesan,IND,F,,,,1564,0,40,MAY26,2008,wi
45095515,Dakshesh Chitta,IND,M,,,,1494,0,20,MAY26,2002,i
48755117,Dakshin Manikandan,IND,M,,,,1531,0,40,MAY26,2010,i
48750298,Dakshina R,IND,F,,,,1530,0,40,MAY26,2014,w
547009101,Dakshit Jain,IND,M,,,,1538,0,40,MAY26,2012,i
531088740,Dakshit Karthikeyan,IND,M,,,,1444,7,40,MAY26,2016,
48753696,Dakshit Sodani,IND,M,,,,1610,0,,MAY26,2015,
564020762,Dakshita Bawal,IND,F,,,,1612,0,40,MAY26,2011,w
25944304,Dakshita Kumawat,IND,F,,,,1737,0,40,MAY26,2008,wi
531091946,DAKSHITH GOWDA B,IND,M,,,,1431,0,40,MAY26,2017,
531027024,Dakshith M,IND,M,,,,1470,0,40,MAY26,2014,
25677691,Dakshitha Anand,IND,F,,,,1477,0,40,MAY26,2009,w
33320985,Dakshraj Shadanan Bole,IND,M,,,,1841,0,20,MAY26,2007,
45096767,Dalal Aashi,IND,F,,,,1610,0,20,MAY26,2005,wi
46664874,Dalal Ambar Abhay,IND,M,,"NI,SI,FA",,1501,0,20,MAY26,2000,i
45046662,Dalal Prathmesh,IND,M,,,,1569,0,20,MAY26,2003,i
25010174,"Dalal, Ashutosh",IND,M,,,,1834,0,20,MAY26,1998,i
537043226,Dalvi Viraj,IND,M,,,,1593,0,40,MAY26,2012,
146242472,"Dalvi, Sharjeel",IND,M,,,,1606,0,,MAY26,1987,i
48714542,Dameshai Umdor,IND,M,,,,1492,0,20,MAY26,2007,i
537096745,Damle Vyom Amit,IND,M,,,,1458,0,40,MAY26,2012,
33417750,Damodaram D,IND,M,,,,1467,0,20,MAY26,2000,i
531001572,Damor Hiteshbhai,IND,M,,,,1474,0,20,MAY26,2006,
46625003,Danait Ved,IND,M,,,,1611,0,20,MAY26,2004,i
25697706,Dandawate Abhishek,IND,M,,,,1546,0,20,MAY26,1999,i
25631454,Dande Pushpak,IND,M,,,,1511,5,20,MAY26,2000,
45055564,Dande Vyankatesh S,IND,M,,,,1588,0,20,MAY26,2006,i
25048007,Dandekar Amey,IND,M,,,,1789,0,20,MAY26,1996,i
48753548,Dangeti Giri Mani Sekhar,IND,M,,,,1528,0,40,MAY26,2009,i
537005758,Dangi Yatharth Mangesh,IND,M,,,,1483,0,40,MAY26,2011,
5001242,"Dangmei, Bosco",IND,M,,,,1901,0,20,MAY26,1988,i
25727370,Dani Mohit,IND,M,,,,1575,0,20,MAY26,2002,i
33398968,Daniel Ajish,IND,M,,,,1932,0,40,MAY26,2013,i
33435340,Daniel James,IND,M,,,,1492,0,20,MAY26,1995,i
25668900,Daniel Pramod,IND,M,,,,1448,2,20,MAY26,1968,
45074380,Daniel Prasanna Kumar S,IND,M,,,,1417,0,20,MAY26,2002,i
537077554,Daniel Ratan Lakra,IND,M,,,,1445,0,40,MAY26,2019,
35041207,Daniel Solomon VS,IND,M,,,,1783,0,20,MAY26,1990,i
46689060,Daniela C,IND,M,,,,1787,0,20,MAY26,1974,i
48774316,Danish,IND,M,,,,1492,0,40,MAY26,2015,
48715140,Danish S V,IND,M,,,,1512,0,40,MAY26,2013,i
558062980,Dantani Vishruth Sunil Kumar,IND,M,,,,1562,5,40,MAY26,2014,
25955527,Danvanth R,IND,M,,,,1659,0,40,MAY26,2010,i
531017924,Dany Clinton V,IND,M,,,,1476,0,20,MAY26,2000,
25070991,Darekar Piyush,IND,M,,,,1711,0,20,MAY26,1999,i
429048168,Daris George Antony,IND,M,,,,1413,0,,MAY26,2012,
25082140,Darsana M S,IND,F,,,,1584,0,20,MAY26,2006,wi
88155145,Darsh Agarwal,IND,M,,,,1623,0,40,MAY26,2009,
558098151,Darsh Garg,IND,M,,,,1537,0,40,MAY26,2013,
33493006,Darsh Gaurav,IND,M,,,,1471,0,40,MAY26,2014,i
429062497,Darsh Goyal,IND,M,,,,1746,0,,MAY26,2012,
537023772,Darsh Gupta,IND,M,,,,1577,7,40,MAY26,2013,
25974840,Darsh Ilwadi,IND,M,,,,1759,9,40,MAY26,2011,
25740075,Darsh Jain,IND,M,,,,1604,0,40,MAY26,2010,i
25614851,Darsh Kansal,IND,M,,,,1790,0,20,MAY26,2004,i
48796115,Darsh Kumar,IND,M,,,,1674,0,40,MAY26,2013,
11202580,Darsh Manoj,IND,M,,,,1500,0,20,MAY26,2000,i
33356084,Darsh Prasad,IND,M,,,,1501,0,40,MAY26,2009,i
48769800,Darsh Raut,IND,M,,,,1522,0,40,MAY26,2016,
531031510,Darsh Sharma,IND,M,,,,1465,0,40,MAY26,2010,i
25906887,Darsh Shetty,IND,M,,SI,,1746,0,40,MAY26,2008,
33307857,Darsh Verma,IND,M,,,,1486,0,40,MAY26,2008,
88162451,Darsh Vijay Khachane,IND,M,,,,1421,0,40,MAY26,2016,
25946706,Darsha Bhat,IND,M,,,,1625,18,40,MAY26,2011,
531018394,Darshan B,IND,M,,,,1499,0,40,MAY26,2010,i
25112201,Darshan Challani,IND,M,,,,1452,0,20,MAY26,2006,i
33439877,Darshan Choudhury,IND,M,,,,1641,0,40,MAY26,2011,i
25157760,Darshan G,IND,M,CM,,,2069,12,40,MAY26,2013,
88133567,Darshan Jaiswal,IND,M,,,,1662,0,40,MAY26,2010,
33431337,Darshan M,IND,M,,,,1516,0,40,MAY26,2009,i
25624903,Darshan M K,IND,M,,,,1549,0,20,MAY26,1996,
33378460,Darshan Mandrekar,IND,M,,,,1813,0,20,MAY26,1969,i
537041703,Darshan R,IND,M,,,,1509,16,40,MAY26,2012,
33486352,Darshan R Palrecha,IND,M,,,,1542,0,20,MAY26,2007,i
25140639,Darshan Rajmohan,IND,M,,,,1532,0,,MAY26,2010,i
33386374,Darshan S,IND,M,,,,1818,0,40,MAY26,2011,i
25701509,Darshan Sasthaa M,IND,M,,,,1692,9,40,MAY26,2008,
558031596,Darshan Shah,IND,M,,,,1634,0,20,MAY26,2005,
33378100,Darshan Shashidhar,IND,M,,,,1449,0,20,MAY26,2003,i
5044855,"Darshan, V P S",IND,M,,NA,,1830,0,20,MAY26,1993,i
35019244,Darshana Balakrishnan,IND,F,,,,1547,0,20,MAY26,2003,wi
429025680,Darsheel Dinesh Dhakne,IND,M,,,,1642,0,40,MAY26,2010,i
48753700,Darsheel Suteri,IND,M,,,,1551,0,,MAY26,2016,
537003291,Darshika Padmanabhan,IND,F,,,,1516,0,,MAY26,2015,w
48713180,Darshil,IND,M,,,,1638,0,40,MAY26,2015,
33303622,Darshil Iyer,IND,M,,,,1511,3,,MAY26,2011,
25009214,Darshil K Desai,IND,M,,,,1708,0,20,MAY26,1999,i
25989944,Darshil Krunal Sutariya,IND,M,,,,1409,0,40,MAY26,2013,
537053370,Darshil Sharma,IND,M,,,,1447,0,40,MAY26,2012,
25722034,Darshit Bagla,IND,M,,,,1459,0,40,MAY26,2008,i
48798916,Darshvi Rai,IND,F,,,,1485,0,40,MAY26,2017,w
25614860,Darvesh Singh,IND,M,,,,1605,0,20,MAY26,2003,
25980980,Darwin Joseph C,IND,M,,,,1618,0,40,MAY26,2011,
25636880,Das Bhola Nath,IND,M,,,,1678,0,20,MAY26,1998,i
45070229,Das Debayan,IND,M,,,,1670,0,20,MAY26,2002,
46609695,Das Diya,IND,F,,,,1460,0,20,MAY26,2007,wi
25748114,Das Manvel,IND,M,,,,1440,0,20,MAY26,1985,
25024434,Das Susobhit,IND,M,,,,1871,0,20,MAY26,1998,i
25974564,Das Tanmoy,IND,M,,,,1611,0,20,MAY26,1974,i
577010108,"Das, Abheek",IND,M,,,,1477,0,40,MAY26,2010,
5003610,"Das, Arghyadip",IND,M,IM,,,2250,0,10,MAY26,1985,
5014506,"Das, Indranil",IND,M,,,,1976,8,,MAY26,1977,
577016521,"Das, Indrayudh",IND,M,,,,1469,6,20,MAY26,2000,
564055167,"Das, Manish Kumar",IND,M,,,,1419,0,20,MAY26,2003,
25001485,"Das, Monaj",IND,M,,,,1724,0,20,MAY26,1974,
48713171,"Das, Nivaann",IND,M,,,,1561,0,40,MAY26,2008,
577010116,"Das, Priangshu",IND,M,,,,1422,0,,MAY26,2010,
564076580,"Das, Rishaan R",IND,M,,,,1526,18,40,MAY26,2015,
5034426,"Das, Sayantan",IND,M,GM,,,2355,0,10,MAY26,1997,
5062241,"Dasari Dattatreya, Rao",IND,M,,,,1795,0,20,MAY26,1973,
537074474,Dasariraju Gaanavisri,IND,F,,,,1420,0,40,MAY26,2014,w
5034108,"Dasgupta, Natun",IND,M,,,,1904,0,20,MAY26,1994,i
48701424,Dashora Atharva,IND,M,,,,1506,6,40,MAY26,2009,
33478511,Dasmat Ajmani,IND,M,,,,1551,0,40,MAY26,2009,i
25626884,Dastapure Prathamesh,IND,M,,,,1656,0,20,MAY26,1996,i
25620380,Datar Amey,IND,M,,,,1453,0,20,MAY26,2003,i
33427097,Datar Swanand Manish,IND,M,,,,1628,0,40,MAY26,2009,i
5009928,Date P G,IND,M,,,,1978,0,20,MAY26,1950,i
25964224,Datta Magnus,IND,M,,,,1577,0,40,MAY26,2011,
25959034,Datta Soumyajit,IND,M,,,,1460,0,20,MAY26,2006,i
25994395,Dattani Vraj Vishal,IND,M,,,,1441,0,20,MAY26,2007,i
35056492,Davda Rutul,IND,M,,,,1728,0,20,MAY26,1996,i
25636049,Dave Akshat,IND,M,,,,1565,0,,MAY26,2006,i
25777130,Dave Arjun,IND,M,,,,1780,0,20,MAY26,1997,i
25046900,Dave Dhairya,IND,M,,,,1686,0,20,MAY26,1997,i
25099779,Dave Sneh,IND,M,,,,1778,0,20,MAY26,1997,i
25046942,Dave Tigmanshu,IND,M,,,,1717,0,20,MAY26,1998,i
25692186,Dave Vatsal,IND,M,,,,1587,0,20,MAY26,1999,i
5000521,"Dave, Kantilal",IND,M,,,,1647,0,20,MAY26,1956,
5000734,"Dave, Shiv Shankar",IND,M,,,,1871,0,20,MAY26,1953,i
25096346,David Avril R,IND,F,,,,1585,0,20,MAY26,2004,wi
531050069,David Koshy John,IND,M,,,,1636,0,,MAY26,2010,
25701517,David R,IND,M,,,,1601,0,20,MAY26,1975,i
46663975,David Vargheese,IND,M,,,,1558,0,20,MAY26,1995,i
25934724,Davidlang Nongbet,IND,M,,,,1815,0,20,MAY26,1998,
577050789,"Dawani, Nikhil Mahesh",IND,M,,,,1456,7,40,MAY26,2006,
46686851,Daware Arth K,IND,M,,,,1512,0,20,MAY26,2005,i
25681834,Dawda Vihaan,IND,M,CM,,,1852,0,40,MAY26,2009,
46655484,Dawngliana M S,IND,M,,,,1710,0,20,MAY26,1985,i
48724351,Dayakar Saravanan,IND,M,,,,1451,5,40,MAY26,2012,
45061998,Dayanand Kanyamarala,IND,M,,,,1485,0,20,MAY26,1972,i
25789767,Dayanand Thoudam,IND,M,,,,1618,0,40,MAY26,2011,
88191320,Dayashankar M B,IND,M,,,,1584,8,20,MAY26,2007,
577012682,"De, Mahiruha",IND,M,,,,1470,0,40,MAY26,2015,
46612220,Deba Kumar Das,IND,M,,,,1634,0,20,MAY26,1971,i
25950819,Debabrata Dolia,IND,M,,,,1528,6,40,MAY26,2002,
48790516,Debabrata Nath,IND,M,,,,1441,0,40,MAY26,2010,i
531033601,Debadrito Biswas,IND,M,,,,1518,0,40,MAY26,2012,
531079059,Debadrito Saha,IND,M,,,,1504,6,40,MAY26,2014,
25170872,Debajit Dey,IND,M,,,,1504,0,40,MAY26,2010,
531021930,Debamoy Barman,IND,M,,,,1489,0,40,MAY26,2010,i
531021948,Debamoy Kar,IND,M,,,,1521,0,40,MAY26,2010,
5099862,Debanga Koushik bhattacharyya,IND,M,,,,1662,0,20,MAY26,1997,i
537017063,Debangshu Paul,IND,M,,,,1565,0,40,MAY26,2011,
25770780,Debanjan Banerjee,IND,M,,,,1492,0,,MAY26,2011,
35067656,Debanjan Ghosh,IND,M,,,,1549,0,20,MAY26,2001,i
25676539,Debanjan Ray,IND,M,,,,1492,0,20,MAY26,2004,i
35092014,Debanjan Rudra,IND,M,,,,1655,0,20,MAY26,2001,
25767798,Debanjan Sinha,IND,M,,,,1761,0,40,MAY26,2010,i
25964232,Debankur Banerjee,IND,M,,,,1887,0,20,MAY26,2007,
33332517,Debapriya Das,IND,M,,,,1521,0,20,MAY26,1993,i
25679104,Debapriya Manna,IND,F,,,,1627,0,40,MAY26,2009,wi
25102630,Debarati Dey,IND,F,,,,1564,0,40,MAY26,2011,w
531070965,Debargha Samadder,IND,M,,,,1600,0,40,MAY26,2017,
35076183,Debarghya Samanta,IND,M,,,,1803,0,,MAY26,2006,i
48735116,Debarjun Paul,IND,M,,,,1568,0,40,MAY26,2008,
537007580,Debarpan Manna,IND,M,,,,1418,4,,MAY26,2015,
33399301,Debarpit Mishra,IND,M,,,,1561,0,40,MAY26,2011,
5007291,"Debarshi, Mukherjee",IND,M,,,,2235,0,20,MAY26,1996,i
5024854,"Debashis, Das",IND,M,GM,,,2474,0,10,MAY26,1993,i
531041809,Debasish Deb,IND,M,,,,1408,0,20,MAY26,1987,i
5008620,"Debasish, Mukherjee",IND,M,,,,2049,0,20,MAY26,1980,i
429036232,Debatirtha Das,IND,M,,,,1541,0,40,MAY26,2011,
25696629,Debi Prasad Nayak,IND,M,,,,1656,0,20,MAY26,2002,
35074750,Debiprasad Sarkar,IND,M,,,,1674,0,20,MAY26,1975,i
25746510,Debjeet Das,IND,M,,,,1677,0,20,MAY26,1999,i
25643924,Debmalya Chakraborty,IND,M,,,,1542,0,20,MAY26,2004,i
564057640,"Debomoy, Ghosh",IND,M,,,,1637,6,20,MAY26,1999,
558003533,Debopriya Sarkar,IND,F,,,,1465,0,40,MAY26,2012,w
33456194,Debopriyo Dutta,IND,M,,,,1614,0,40,MAY26,2013,
429096375,Debopriyo Guria,IND,M,,,,1532,6,40,MAY26,2011,
33439800,Deboraj Biswas,IND,M,,,,1402,0,20,MAY26,2007,i
33331723,Deborshi Roy Chowdhury,IND,M,,,,1430,0,20,MAY26,2007,
537021168,Deboshma Talukdar,IND,F,,,,1500,0,40,MAY26,2014,w
25768778,Deboushnik De,IND,M,CM,,,2107,0,20,MAY26,2007,
88127486,Debraj Bhattacharya,IND,M,,,,1473,0,40,MAY26,2018,
35028138,Debraj Gangopadhyay,IND,M,,,,1627,8,20,MAY26,2000,
547035331,Debrup Chakraborty,IND,M,,,,1502,0,40,MAY26,2013,
577012526,"Debsarma, Susomoy",IND,M,,,,1486,0,40,MAY26,2014,
33490287,Debsubhra Dutta,IND,M,,,,1459,0,40,MAY26,2014,
46678743,Dedhia Anan,IND,M,,,,1493,0,20,MAY26,2001,i
46620346,Dedhia Jash,IND,M,,,,1413,0,20,MAY26,2004,i
25735659,Deeksha Vishwakarma,IND,F,,,,1612,0,20,MAY26,1996,wi
35005430,Deekshith J,IND,M,,NI,,1604,0,20,MAY26,1998,i
33336644,Deekshith M,IND,M,,,,1564,0,,MAY26,1998,i
577037049,Deekshith VS,IND,M,,,,1670,9,40,MAY26,2006,
46654704,Deeksith Kasthuri Rajan,IND,M,,,,1484,0,20,MAY26,2006,i
25044427,Deena Dayalan S,IND,M,,,,1500,0,20,MAY26,1990,i
25729926,Deep Bhavik Shah,IND,M,,,,1458,0,20,MAY26,2004,i
25030469,Deep Das,IND,M,,,,1740,0,,MAY26,1994,
5093953,Deep Dutta,IND,M,,FA,,1764,0,20,MAY26,1994,i
5078733,Deep Kapoor,IND,M,,,,1945,0,20,MAY26,1996,i
25722042,Deep Karmakar,IND,M,,,,1616,0,40,MAY26,2009,i
531067786,Deep Phunage,IND,M,,,,1475,0,40,MAY26,2013,
558018484,Deepak,IND,M,,,,1571,0,20,MAY26,2000,
25037838,Deepak Batra,IND,M,,,,1807,0,20,MAY26,1994,
531007015,Deepak Charan V,IND,M,,,,1487,6,40,MAY26,2014,
25781170,Deepak Chaurasia,IND,M,,,,1586,0,20,MAY26,1986,i
35021508,Deepak Dhall,IND,M,,,,1528,0,20,MAY26,1976,
25014919,Deepak K,IND,M,,,,1667,0,,MAY26,2002,i
25925865,Deepak Khas,IND,M,,,,1714,0,20,MAY26,2002,i
531052797,Deepak Kumar,IND,M,,,,1616,0,20,MAY26,1993,i
564034534,Deepak Kumar,IND,M,,,,1406,0,20,MAY26,2002,
35058460,Deepak Kumar J,IND,M,,,,1463,0,20,MAY26,2002,i
33416290,Deepak Kumar Prajapati,IND,M,,,,1453,0,20,MAY26,2002,i
25948830,Deepak Kushwaha,IND,M,,,,1609,0,20,MAY26,1999,
33449112,Deepak Pramod Patil,IND,M,,,,1681,0,20,MAY26,1998,i
33412090,Deepak Raj Hari,IND,M,,,,1808,0,40,MAY26,2013,
25605909,Deepak Raj R,IND,M,,,,1788,0,,MAY26,2005,i
547046449,Deepak S,IND,M,,,,1505,0,40,MAY26,2013,
537073281,Deepak Singh,IND,M,,,,1539,0,20,MAY26,2004,
531072747,Deepak Singh,IND,M,,,,1549,0,40,MAY26,2011,
531059490,Deepak Singh Bisht,IND,M,,,,1483,0,20,MAY26,2002,
48783382,Deepak V,IND,M,,,,1501,0,40,MAY26,2009,
33489904,Deepak Vinod,IND,M,,,,1541,0,20,MAY26,1990,i
146105437,"Deepak, Aakarsh",IND,M,,,,1743,0,20,MAY26,2006,
5026792,"Deepak, Katiyar",IND,M,CM,FI,,2069,0,20,MAY26,1992,i
5011132,Deepan Chakkravarthy J.,IND,M,GM,,,2261,0,10,MAY26,1987,
25658999,Deepan Raj S V,IND,M,,NA,,1404,0,,MAY26,2003,i
429084016,Deepansh Naik,IND,M,,,,1419,0,40,MAY26,2014,
45086141,Deependra Dangi,IND,M,,,,1415,0,20,MAY26,1992,
88150003,Deepesh U,IND,M,,,,1403,0,,MAY26,2010,
25049585,Deepika P,IND,F,,,,1532,0,20,MAY26,2004,wi
46677860,Deepraj Mandal,IND,M,,,,1522,0,20,MAY26,2003,i
429091039,Deeptanshu Prasad,IND,M,,,,1653,0,20,MAY26,2007,
48735230,Deeptanshu Saha,IND,M,,,,1407,0,40,MAY26,2010,
25187562,Deeptesh Kumar Sahu,IND,M,,,,1533,7,20,MAY26,2006,
33397724,Deepthaashri Ravi Ganesh,IND,F,,,,1579,0,40,MAY26,2014,w
5026300,"Deepthamsh, Reddy. M",IND,M,CM,,,2029,0,20,MAY26,1996,i
531054390,Deeshansh Bandhu,IND,M,,,,1417,0,40,MAY26,2011,i
25915150,Deevitha G,IND,F,,,,1604,0,40,MAY26,2012,w
537045709,Dehan Bhowmik,IND,M,,,,1513,0,40,MAY26,2015,
35056514,Deliwala Arpit,IND,M,,,,1831,0,20,MAY26,1991,i
35080008,"Demelo,Caitano",IND,M,,,,1611,0,20,MAY26,2002,i
531025510,Deniya V,IND,F,,,,1467,0,40,MAY26,2016,wi
46665676,Denny V Davis,IND,M,,,,1586,0,20,MAY26,1985,i
88147738,Deo Sushrut,IND,M,,,,1565,0,20,MAY26,1999,i
46640754,Deo Varad,IND,M,,"NI,NA",,1588,0,,MAY26,1997,i
45004218,Deobrat Singh,IND,M,,,,1517,0,20,MAY26,1990,i
33359458,Deodhagale Arnav,IND,M,,,,1470,0,40,MAY26,2012,
5076030,"Deodhar,Vrushali Umesh",IND,F,WFM,WFM,,2023,0,20,MAY26,1997,w
45031673,Deogade Aryan,IND,M,,,,1579,0,20,MAY26,2003,i
35037862,Deogade Salil,IND,M,,,,1737,0,20,MAY26,2001,i
25708600,Deogade Tanishka,IND,F,,,,1431,0,40,MAY26,2008,wi
35023500,Deore Atharva G,IND,M,,,,1602,0,20,MAY26,1999,i
25682210,Deoshatwar Avinash,IND,M,,,,1570,0,20,MAY26,1976,i
45098816,Deoshatwar Ojas,IND,M,,,,1644,0,40,MAY26,2009,
25040898,Dere Pushkar,IND,M,,,,1999,0,20,MAY26,2002,
366127670,"Derekar, Gandhar",IND,M,,,,1573,0,40,MAY26,2009,i
25747460,Desai Anvi Abhay,IND,F,,,,1434,0,40,MAY26,2011,w
558031456,Desai Brijesh Dhirubhai,IND,M,,,,1659,0,20,MAY26,1994,
531076130,Desai Devarsh Hardik,IND,M,,,,1538,0,40,MAY26,2012,
25747479,Desai Dhruv Manjunath,IND,M,,,,1507,0,40,MAY26,2010,i
46628185,Desai Hreeday,IND,M,,,,1651,8,20,MAY26,2005,
25046977,Desai Jay Viral,IND,M,,,,1833,0,20,MAY26,1997,i
35099639,Desai Jaykumar,IND,M,,,,1697,0,20,MAY26,1984,i
25098918,Desai Kapil,IND,M,,,,1618,0,,MAY26,1997,i
25064940,Desai Manas,IND,M,,,,1746,0,20,MAY26,2001,i
5079772,Desai Mihir,IND,M,,,,1771,0,20,MAY26,1999,i
531076459,Desai Pranil Amit,IND,M,,,,1508,7,40,MAY26,2014,
48766720,Desai Srujan,IND,M,,,,1401,0,40,MAY26,2010,i
33428115,Desai Tezz Jash,IND,M,,,,1575,9,40,MAY26,2014,
35099647,Deshmukh Anurag,IND,M,,,,1578,0,20,MAY26,1992,i
25959042,Deshmukh Avadhoot,IND,M,,,,1459,0,40,MAY26,2008,
45096783,Deshmukh Deep,IND,M,,,,1448,0,20,MAY26,2001,i
33499039,Deshmukh Dipesh,IND,M,,,,1582,0,20,MAY26,1998,
25904434,Deshmukh Om Sachin,IND,M,,,,1474,0,20,MAY26,2006,i
35080016,Deshmukh Reema,IND,F,,FA,,1529,0,20,MAY26,2002,wi
429089395,Deshmukh Sarang Devdatta,IND,M,,,,1532,0,40,MAY26,2011,
45036381,Deshmukh Varun,IND,M,,,,1630,0,20,MAY26,2000,i
25711091,Deshmukh Yash,IND,M,,,,1477,0,,MAY26,2000,i
5000564,"Deshmukh, Anup",IND,M,IM,,,1953,11,20,MAY26,1967,
5025990,"Deshmukh, Nachiket",IND,M,,,,1765,0,20,MAY26,1989,i
146105007,"Deshmukh, Omm",IND,M,,,,1640,5,40,MAY26,2012,
25019333,"Deshmukh, Vinayak",IND,M,,,,1817,0,,MAY26,1995,i
46637842,Deshpande Abhishek,IND,M,,,,1915,0,20,MAY26,1988,i
531088449,Deshpande Advay Himanshu,IND,M,,,,1409,5,40,MAY26,2014,
88130134,Deshpande Anushka,IND,F,,,,1432,0,40,MAY26,2014,wi
88111245,Deshpande Dilip Yeshwant,IND,M,,,,1528,0,20,MAY26,1974,i
46629572,Deshpande Ishan M,IND,M,,,,1588,0,20,MAY26,2001,i
35023519,Deshpande Jatin N,IND,M,,,,1727,0,,MAY26,2003,i
531051901,Deshpande Madhavi,IND,F,,,,1501,0,,MAY26,2014,w
25126873,Deshpande Neeraj,IND,M,,,,1437,0,20,MAY26,2005,i
25711407,Deshpande Suhan,IND,M,,,,1702,0,20,MAY26,2005,
25904450,Deshpande Tushar,IND,M,,,,1459,2,20,MAY26,2003,
5081890,"Deshpande, Amit",IND,M,,,,1771,0,20,MAY26,1979,i
5021774,"Deshpande, Aniruddha",IND,M,FM,,,2067,10,20,MAY26,1989,
5060990,"Deshpande, Gaurav",IND,M,,,,1690,0,20,MAY26,1990,i
25112180,Desmond Toppo,IND,M,,,,1580,0,20,MAY26,1991,i
531024017,Dessai Piyush,IND,M,,,,1490,0,40,MAY26,2011,
48765635,Dessai Vansh Vallabha,IND,M,,,,1456,0,40,MAY26,2010,
25695991,Desurkar Spandan,IND,M,,,,1593,0,20,MAY26,2005,i
577055012,"Dethe, Devashish Devidas",IND,M,,,,1535,8,40,MAY26,2006,
537036157,Dev Aayush Mondal,IND,M,,,,1531,0,40,MAY26,2012,
558009744,Dev Aditya Ghosh,IND,M,,,,1486,0,40,MAY26,2013,
429001544,Dev Darshan M,IND,M,,,,1531,0,40,MAY26,2010,i
25151096,Dev Darshan Thanikachalam,IND,M,,,,1499,0,40,MAY26,2010,i
33421528,Dev Dharshan S,IND,M,,,,1472,7,40,MAY26,2012,
33324964,Dev Goyal,IND,M,,,,1469,0,40,MAY26,2008,i
25708503,Dev Jubin,IND,M,,,,1695,0,20,MAY26,2007,i
547064625,Dev Nandan P,IND,M,,,,1522,17,40,MAY26,2013,
33412855,Dev Parikh,IND,M,,,,1562,0,20,MAY26,2002,i
88123715,Dev Pratap,IND,M,,,,1593,7,40,MAY26,2014,
25674366,Dev Raj,IND,M,,,,1686,0,40,MAY26,2008,i
88120600,Dev Raj,IND,M,,,,1505,0,40,MAY26,2011,
33491739,Dev Rishit Shah,IND,M,,,,1519,0,40,MAY26,2008,i
33355959,Dev Sankar S,IND,M,,,,1745,0,,MAY26,2012,i
33491712,Dev Tejaskumar Karia,IND,M,,,,1612,0,40,MAY26,2013,
5037824,"Dev, Krishan",IND,M,,,,1932,0,20,MAY26,1979,i
35019058,"Dev, Shah",IND,M,FM,,,2208,0,20,MAY26,2007,i
48739324,Deva Joel D B,IND,M,,,,1508,0,40,MAY26,2013,
48713317,Deva Kingkar Kalita,IND,M,,,,1422,0,40,MAY26,2013,
429023351,Devaansh Chadha,IND,M,,,,1466,7,40,MAY26,2013,
46616217,Devaanshee Agarwal,IND,F,,,,1450,0,20,MAY26,2006,w
531096034,Devadarsh Sreeraj Mattakkattu,IND,M,,,,1595,0,40,MAY26,2015,
25745018,Devadarshaan I,IND,M,,,,1463,0,40,MAY26,2010,i
5008182,"Devadasan, K.V.",IND,M,,,,1850,0,20,MAY26,1964,i
46602801,Devajit Khanikar,IND,M,,,,1509,0,20,MAY26,1989,
531052800,Devak Mittal,IND,M,,,,1413,0,40,MAY26,2011,
35099671,Deval Rohit,IND,M,,,,1538,0,20,MAY26,2002,i
537043714,Devam Shah,IND,M,,,,1400,0,40,MAY26,2011,i
429017262,Devam Turakhia,IND,M,,,,1518,5,40,MAY26,2012,
35053302,Devanand K C,IND,M,,,,1502,0,20,MAY26,1974,i
531099777,Devanandan M M,IND,M,,,,1583,0,20,MAY26,2005,
88157962,Devanarayanan Kalliyath,IND,M,,,,1774,17,40,MAY26,2017,
25972952,Devang K Gharge,IND,M,,,,1430,0,20,MAY26,2006,i
5072913,"Devang, Bisani",IND,M,,,,1786,0,20,MAY26,1999,i
531070205,Devangaraj Nirmalia,IND,M,,,,1422,0,40,MAY26,2012,i
5002567,"Devangshu, Datta",IND,M,,,,2160,0,20,MAY26,0,i
33480249,Devani Roopam,IND,M,,,,1465,0,20,MAY26,1996,i
35028510,Devansh Ajay Sarda,IND,M,,,,1516,0,20,MAY26,2006,i
33405409,Devansh Ashvin Jasani,IND,M,,,,1494,0,20,MAY26,2006,
33350361,Devansh Bagai,IND,M,,,,1434,0,20,MAY26,2001,i
537060783,Devansh Balamurugan,IND,M,,,,1554,8,40,MAY26,2013,
25129481,Devansh Chaudhury,IND,M,,,,1522,0,20,MAY26,2006,i
88166660,Devansh Darpan Patel,IND,M,,,,1547,2,,MAY26,2017,
531024912,Devansh Dikshit,IND,M,,,,1467,0,40,MAY26,2008,
429024820,Devansh Gupta,IND,M,,,,1504,0,40,MAY26,2014,
547009020,Devansh Gupta,IND,M,,,,1592,0,40,MAY26,2011,i
33452105,Devansh Jain,IND,M,,,,1528,0,40,MAY26,2012,
577020642,Devansh Kaushik,IND,M,,,,1639,0,20,MAY26,2006,
537008749,Devansh Kaushik,IND,M,,,,1467,0,40,MAY26,2014,
429036402,Devansh Keshri,IND,M,,,,1810,0,40,MAY26,2015,
25782355,Devansh Mahajan,IND,M,,,,1660,0,40,MAY26,2010,
33397368,Devansh Nammi,IND,M,,,,1500,8,40,MAY26,2014,
45078050,Devansh Panthi,IND,M,,,,1551,0,20,MAY26,2007,i
45032351,Devansh Porwal,IND,M,,,,1409,0,40,MAY26,2008,i
25928511,Devansh Rai,IND,M,,,,1691,8,40,MAY26,2011,
25086243,Devansh Ratti,IND,M,,,,1852,0,20,MAY26,2002,i
537039245,Devansh Roy,IND,M,,,,1457,0,20,MAY26,2006,
558028340,Devansh Santwani,IND,M,,,,1618,0,40,MAY26,2010,
531030904,Devansh Shrikant Deshmukh,IND,M,,,,1446,0,20,MAY26,2006,
25621092,Devansh Singh,IND,M,,"NI,NA",,1810,0,20,MAY26,2001,
45076782,Devansh V,IND,M,,,,1525,0,40,MAY26,2008,i
25041452,Devanshi Rathi,IND,F,,,,1646,0,,MAY26,1999,w
537059246,Devarishi Dutta,IND,M,,,,1566,0,40,MAY26,2010,
33435626,Devarsh Kinra,IND,M,,,,1736,0,,MAY26,2011,
537063707,Devarsh Malik,IND,M,,,,1455,4,40,MAY26,2012,
25788710,Devaryya Bansal,IND,M,,,,1503,0,40,MAY26,2010,i
25089056,Devashish Gupta,IND,M,,,,1576,0,20,MAY26,2001,i
5029570,"Devasthali, Madhav",IND,M,,,,1679,8,20,MAY26,1961,
429000254,Devatheertha P,IND,F,,,,1554,0,40,MAY26,2013,w
46621474,Devathma D,IND,M,,,,1654,0,20,MAY26,2005,i
429054923,Devavrthan R,IND,M,,,,1431,0,40,MAY26,2017,
88153940,Devdan P Vinod,IND,M,,,,1447,0,40,MAY26,2017,
531032230,Devdutt Mahanand,IND,M,,,,1542,0,20,MAY26,2003,i
25155164,Devegk R,IND,M,,,,1695,0,,MAY26,2012,i
45030359,Devendra Kataria,IND,M,,,,1482,0,20,MAY26,1985,i
46613056,Devendra Kumar,IND,M,,,,1559,8,20,MAY26,1984,
33382751,Devendra Punyasi,IND,M,,,,1558,0,20,MAY26,2002,i
5010780,"Devendra, Kumar D.",IND,M,,,,2100,0,20,MAY26,1980,i
45023425,Devendran M,IND,M,,,,1431,3,20,MAY26,1987,
45005702,Devesh Anand Naik,IND,M,,,,1855,0,20,MAY26,2005,i
33312702,Devesh Anil Ambre,IND,M,,,,1527,0,40,MAY26,2009,i
547041650,Devesh Dhamija,IND,M,,,,1498,0,40,MAY26,2012,
33342121,Devesh Madnani,IND,M,,,,1509,0,40,MAY26,2012,i
48792268,Devesh Marathe,IND,M,,,,1550,8,40,MAY26,2006,
547062495,Devesh Parashar,IND,M,,,,1715,0,20,MAY26,2001,
33311200,Devesh Subhashsing Chavan,IND,M,,,,1452,0,40,MAY26,2011,i
45087563,Devesh Vijay Pansare,IND,M,,,,1736,0,20,MAY26,2002,i
33342679,Deveshmukul D D,IND,M,,,,1471,0,40,MAY26,2011,
25010816,Devi Das Suresh Pai,IND,M,,,,1756,0,20,MAY26,1994,i
25765744,Devi Prasad Biswal,IND,M,,,,1649,0,20,MAY26,1999,
35045040,Devi Priya A V,IND,F,,,,1503,0,20,MAY26,2001,w
35087665,"Devi,Dayal Singh",IND,M,,,,1613,0,20,MAY26,1993,
531044182,Devika Anil Jai Prabhakaran,IND,F,,,,1479,0,40,MAY26,2014,w
45074399,Devin S V,IND,M,,NA,,1414,0,20,MAY26,2006,i
25138588,Devkrishan Panwar,IND,M,,,,1466,7,20,MAY26,1960,
25924729,Devlekar Vaibhavi,IND,F,,,,1452,0,20,MAY26,2005,wi
45093806,Devnani Kush,IND,M,,,,2033,0,20,MAY26,2002,
33390096,Devnath Bijesh,IND,M,,,,1818,12,40,MAY26,2010,
25784340,Devnath S,IND,M,,,,1489,0,40,MAY26,2008,i
48785318,Devraj Dutta,IND,M,,,,1522,0,40,MAY26,2011,
558028080,Devraj Lodha,IND,M,,,,1571,0,40,MAY26,2011,
88178250,Devraj Samgeeth,IND,M,,,,1496,0,40,MAY26,2009,
5037832,"Devvrat, Tiwari",IND,M,,NA,,1971,0,20,MAY26,1990,i
577020987,Devyn Gupta,IND,M,,,,1426,8,40,MAY26,2017,
45013101,Dewang Kalpesh,IND,M,,,,1713,7,20,MAY26,2000,
531033717,Dewashish Ghuge,IND,M,,,,1448,0,20,MAY26,1997,i
25612778,Dey Jeet,IND,M,,,,1473,0,,MAY26,2005,i
25085131,Dey Kishan,IND,M,,,,1826,0,20,MAY26,1990,
577012496,"Dey, Ritam",IND,M,,,,1446,0,40,MAY26,2013,
531052819,Dhaamik Baliyan,IND,M,,,,1508,0,40,MAY26,2010,
25738151,Dhaanush Sundararajan,IND,M,,,,1576,8,20,MAY26,2003,
25094203,Dhagdhage Shashank,IND,M,,,,1624,0,,MAY26,1999,
88184250,Dhage Darsh,IND,M,,,,1545,3,40,MAY26,2014,
531039367,Dhairy Bora,IND,M,,,,1508,0,40,MAY26,2016,
547062444,Dhairya Bagga,IND,M,,,,1493,4,,MAY26,1992,
48777242,Dhairya Khandelwal,IND,M,,,,1440,0,40,MAY26,2011,
88149510,Dhairya Mitesh Desai,IND,M,,,,1440,0,40,MAY26,2012,
558017364,Dhairya Mukeshkumar Chaudhari,IND,M,,,,1506,0,40,MAY26,2014,
429093317,Dhairya Rakesh Soni,IND,M,,,,1492,0,40,MAY26,2011,
48792489,Dhairya Sehgal,IND,M,,,,1497,0,40,MAY26,2013,
429082838,Dhairya Vishal Parekh,IND,M,,,,1448,0,40,MAY26,2011,
531067794,Dhaka Sumeet,IND,M,,,,1728,0,20,MAY26,2000,
25611542,Dhakshniga T,IND,F,,,,1534,0,40,MAY26,2008,wi
35006070,Dhamale Amol,IND,M,,,,1714,0,20,MAY26,1993,i
45048746,Dhamane Yash,IND,M,,,,1506,0,20,MAY26,2002,i
25054864,Dhamangaonkar Medhavi,IND,M,,,,1645,0,20,MAY26,1991,i
33359466,Dhamecha Mayur J,IND,M,,,,1545,0,20,MAY26,2006,i
46617728,Dhamodharan D,IND,M,,,,1459,0,20,MAY26,2000,i
46650342,Dhamodharan R,IND,M,,,,1581,0,20,MAY26,1995,i
537077155,Dhana Rakesh Palepu,IND,M,,,,1628,0,,MAY26,2009,
88199010,Dhana Vignesh Pandi,IND,M,,,,1517,0,40,MAY26,2011,i
547039140,Dhanala Anish Surya,IND,M,,,,1472,0,40,MAY26,2014,
531075584,Dhanani Nilesh Vallabhbhai,IND,M,,,,1496,0,20,MAY26,1978,i
547052759,Dhananjay B,IND,M,,,,1537,7,40,MAY26,2015,
88171574,Dhananjay Hansda,IND,M,,,,1473,0,20,MAY26,1982,i
25157027,Dhananjay Jagadeesan,IND,M,,,,1628,0,40,MAY26,2011,
5092892,Dhananjay S,IND,M,FM,,,2091,0,20,MAY26,2000,
88185168,Dhananjay Shukla,IND,M,,,,1522,0,40,MAY26,2012,
25096907,Dhananjay Sunil Bhugaonkar,IND,M,,,,1708,0,20,MAY26,1995,i
35057812,Dhananjay V P,IND,M,,,,1571,0,20,MAY26,2001,i
45023654,Dhananjeyan M,IND,M,,,,1657,0,20,MAY26,2007,
25968262,Dhanaseelan,IND,M,,,,1489,0,20,MAY26,1982,i
35048740,Dhanasekar M,IND,M,,,,1565,7,,MAY26,1998,
5018170,"Dhanasekar, K.",IND,M,,FA,,1909,0,20,MAY26,1982,i
5007070,"Dhanasekaran Suresh, R.",IND,M,,"FI,NA",,1756,0,20,MAY26,1968,i
537085468,Dhanashree Mohan Raj,IND,F,,,,1458,0,40,MAY26,2014,w
5061202,"Dhanashree, Pandit",IND,F,,,,1858,0,,MAY26,1998,wi
33497206,Dhanat Subham Senapaty,IND,M,,,,1498,0,40,MAY26,2011,
35035398,Dhanavi Ulhas Fondekar,IND,F,,,,1448,0,20,MAY26,1997,w
35018086,Dhandhukiya Kishor,IND,M,,,,1589,0,20,MAY26,1962,
25767330,Dhanesh G R,IND,M,,,,1472,0,20,MAY26,2003,i
5022622,"Dhanesh, P.M.",IND,M,,,,1735,0,20,MAY26,1978,i
5079349,"Dhanesh,P H",IND,M,,,,1525,0,20,MAY26,1989,i
46649867,Dhanesha Jignesh,IND,M,,,,1719,0,20,MAY26,1978,
25635310,Dhaneshwar Akash,IND,M,,,,1570,0,20,MAY26,1988,i
25152432,Dhaneshwaran M,IND,M,,,,1495,0,20,MAY26,2007,i
46675531,Dhannawat Chakshu,IND,M,,,,1678,0,20,MAY26,2002,i
577023579,"Dhanotia, Sarthak",IND,M,,,,1445,0,20,MAY26,2004,
25115626,Dhansika N,IND,F,,,,1668,0,40,MAY26,2010,w
5017602,"Dhanunjaya, Rao L.",IND,M,,,,1899,0,20,MAY26,1976,i
25058746,Dhanush Bharadwaj,IND,M,FM,,,2287,0,20,MAY26,2004,i
45062927,Dhanush M S,IND,M,,NA,,1531,0,20,MAY26,2001,i
537004247,Dhanush Maharanth K,IND,M,,,,1568,15,40,MAY26,2014,
531047831,Dhanush Nagula,IND,M,,,,1731,0,20,MAY26,2001,
45078815,Dhanush Prakaash B A,IND,M,,,,1542,0,20,MAY26,2004,i
35097695,Dhanush Ragav N S,IND,M,,,,1875,0,20,MAY26,2003,i
45044309,Dhanush Ram M,IND,M,,,,1870,0,20,MAY26,2007,
45095140,Dhanush Reddy A,IND,M,,,,1519,0,,MAY26,2007,i
88186318,Dhanush Sandesh Mane,IND,M,,,,1503,0,40,MAY26,2013,
25058754,Dhanusha S,IND,F,,,,1728,0,20,MAY26,2003,wi
33320551,Dhanushkka S,IND,F,,,,1603,0,40,MAY26,2010,w
25975510,Dhanusya S G,IND,F,,,,1585,0,20,MAY26,2004,w
33417288,Dhanvant Balachandran,IND,M,,,,1423,6,40,MAY26,2014,
33479194,Dhanvi Ayinaparthi,IND,M,,,,1457,13,,MAY26,2013,
537035495,Dhanviin A S,IND,M,,,,1436,0,40,MAY26,2017,
46629599,Dhanvij Ansh,IND,M,,,,1839,0,20,MAY26,2006,i
33478023,Dhanvin P Vinod,IND,M,,,,1500,0,40,MAY26,2009,
48720690,Dhanvin Vinothraj,IND,M,,,,1682,9,40,MAY26,2013,
25966375,Dhanyashree H,IND,F,,,,1440,0,40,MAY26,2008,wi
33474214,Dhanyata Goswami,IND,F,,,,1493,0,40,MAY26,2015,wi
5015596,"Dhar, Rajib",IND,M,,NA,,1953,0,20,MAY26,1987,
531018408,Dharagan S V,IND,M,,,,1565,0,,MAY26,2017,
25660373,Dharamveer Chaudhary,IND,M,,,,1601,0,20,MAY26,1995,i
88180158,Dharaneswaran J,IND,M,,,,1429,0,40,MAY26,2010,i
35017306,Dharani Kumar M S,IND,M,,,,1830,0,20,MAY26,2004,i
5009383,"Dharani, Sree R",IND,F,,,,1717,0,20,MAY26,1998,wi
25645099,Dharanidharan G,IND,M,,,,1417,8,40,MAY26,2008,
45023662,Dharanidharan M,IND,M,,,,1748,0,20,MAY26,2007,
45076162,Dharia Vishal,IND,M,,NA,,1703,0,20,MAY26,1996,i
25656830,Dharma Surendar Raj A,IND,M,,,,1471,0,20,MAY26,2004,i
5072930,"Dharmadhikari, Siddhesh",IND,M,,,,1803,0,20,MAY26,1998,i
25739999,Dharmaditya Sandeep Naik,IND,M,,,,1462,0,40,MAY26,2010,i
5018552,"Dharmaraj, P.",IND,M,,,,1862,0,,MAY26,1984,i
35058061,Dharmaveer Singh,IND,M,,,,1760,0,20,MAY26,1987,i
577025571,Dharmendra Mohanlal Yadav,IND,M,,,,1451,7,40,MAY26,1994,
547081619,Dharmendra Pranav Naidu Ravuluru,IND,M,,,,1496,0,40,MAY26,2016,
33364290,Dharmesh Mukul D,IND,M,,,,1720,0,,MAY26,2012,
25943090,Dharmesh Sharma,IND,M,,,,1437,0,20,MAY26,1995,
429029228,Dharmika R M,IND,F,,,,1449,4,40,MAY26,2012,w
46680055,Dharni V,IND,M,,,,1566,0,20,MAY26,1998,i
25142801,Dharoun G,IND,M,,,,1515,0,20,MAY26,2006,i
25755200,Dharsan Ratnakar P,IND,M,,,,1660,6,40,MAY26,2011,
33302561,Dharsh M,IND,M,,,,1869,9,40,MAY26,2013,
429083117,Dharshan G,IND,M,,,,1541,6,40,MAY26,2014,
558035966,Dharshan Kumar S,IND,M,,,,1441,0,40,MAY26,2013,
88180166,Dharshan M J,IND,M,,,,1578,0,40,MAY26,2011,i
537083384,Dharshan N,IND,M,,,,1497,0,40,MAY26,2012,i
531017118,Dharshana P,IND,F,,,,1579,0,40,MAY26,2013,w
33385475,Dharsith Aadav S,IND,M,,,,1516,0,40,MAY26,2012,
547001410,Dharun Karthick,IND,M,,,,1507,0,40,MAY26,2012,i
537023241,Dharun Manoj,IND,M,,,,1522,0,40,MAY26,2015,i
25739450,Dharunbhoopathy Ganesan,IND,M,,,,1550,0,20,MAY26,2003,
46647694,Dharunkumar,IND,M,,,,1705,0,20,MAY26,2006,i
25791400,Dhas Himanshu,IND,M,,,,1565,0,20,MAY26,2001,i
35023250,Dhase Shreyas,IND,M,,,,1819,0,20,MAY26,1998,i
33401675,Dhashya Fiance S,IND,F,,,,1426,0,40,MAY26,2010,wi
45028087,Dhatri Umesh,IND,F,,,,1516,0,20,MAY26,2007,wi
531046630,Dhaval Rohit Kadam,IND,M,,,,1407,2,40,MAY26,2013,
429085861,Dhawal Rahul Deshmukh,IND,M,,,,1592,0,40,MAY26,2017,
46642692,"Dhawaliker, Advait Rajiv",IND,M,,,,1611,0,20,MAY26,2003,
88195007,Dhawan Viraj Muppalla,IND,M,,,,1505,0,40,MAY26,2013,
547099119,Dhayabharan S K,IND,M,,,,1524,8,,MAY26,2012,
48795402,Dhayagude Aarav,IND,M,,,,1775,9,,MAY26,2013,
33489017,Dhayalan L S,IND,M,,,,1492,0,40,MAY26,2009,
33368198,Dhayazhini B,IND,F,,,,1439,0,40,MAY26,2008,wi
33437467,Dheekshika G,IND,F,,,,1551,0,40,MAY26,2013,w
35064428,Dheekshith Kumar R,IND,M,,,,1791,0,20,MAY26,2002,i
48757870,Dheepak Balamurugan,IND,M,,,,1412,0,40,MAY26,2014,
46690344,Dheepika Nair,IND,F,,,,1596,0,40,MAY26,2008,wi
537027603,Dheer Abwani,IND,M,,,,1449,0,40,MAY26,2008,i
25988590,Dheer Jain,IND,M,,,,1401,0,40,MAY26,2010,i
25000110,Dheeraj H,IND,M,,,,1734,0,20,MAY26,1997,i
46650784,Dheeraj Kaushik,IND,M,,,,1662,0,20,MAY26,1999,i
88102220,Dheeraj Muvvala,IND,M,,,,1400,0,40,MAY26,2014,
547005530,Dheeraj Singh,IND,M,,,,1442,0,40,MAY26,2008,
5030277,"Dheeraj, Dubey",IND,M,,,,1841,0,20,MAY26,1980,i
33351600,Dheeran Y P,IND,M,,,,1528,0,40,MAY26,2012,i
25635328,Dhembre Dinesh,IND,M,,,,1464,0,20,MAY26,1977,i
33397899,Dherraj Sathish Kumar,IND,M,,,,1673,0,40,MAY26,2009,i
25952951,Dheva Hanshika D,IND,F,,,,1467,0,40,MAY26,2010,wi
25179896,Dhevarsh Sagar V P,IND,M,,,,1566,0,40,MAY26,2011,
429088372,Dhikshan G,IND,M,,,,1426,0,40,MAY26,2017,
88114457,Dhileeban R,IND,M,,,,1455,0,,MAY26,2009,
558035974,Dhileep K,IND,M,,,,1523,0,40,MAY26,2013,
45071306,Dhilipkumar E K,IND,M,,,,1443,0,20,MAY26,1962,i
304096840,"Dhiman, Chaitanya",IND,M,,,,1434,8,40,MAY26,2013,
25104357,Dhinesh K A,IND,M,,,,1612,0,40,MAY26,2010,
5037859,Dhineshsunder Ganapathi,IND,M,,,,1825,0,,MAY26,1993,i
429094739,Dhir Vikram Aggarwal,IND,M,,,,1501,4,,MAY26,2014,
33390789,Dhiraj Chhabria,IND,M,,,,1588,0,20,MAY26,1994,i
429064910,Dhiraj Kumar Pal,IND,M,,,,1522,5,40,MAY26,2014,
5027594,"Dhiraj, Patil",IND,M,,,,1870,0,20,MAY26,1980,
25027247,"Dhiren, T",IND,M,,,,1785,0,20,MAY26,2001,i
46663355,Dhirendra Kumar Das,IND,M,,,,1477,0,20,MAY26,1961,
25909800,Dhivakaran M,IND,M,,,,1532,0,20,MAY26,2002,i
531005624,Dhivya Arekanti,IND,F,,,,1670,0,40,MAY26,2012,w
33472840,Dhivya B,IND,F,,,,1440,0,40,MAY26,2013,wi
33494037,Dhiya D S,IND,F,,,,1543,0,40,MAY26,2012,wi
46629610,Dhoke Manan,IND,M,,,,1617,0,20,MAY26,2000,i
25046993,Dholane Jitendra,IND,M,,,,1877,0,20,MAY26,1985,i
45055602,Dhongade Tanish,IND,M,,,,1425,0,20,MAY26,2006,i
5072956,"Dhonnar, Nachiket",IND,M,,,,1838,0,20,MAY26,1999,
25605585,Dhore Disha,IND,F,,,,1555,0,,MAY26,2001,wi
25626906,Dhore Rohan,IND,M,,,,1612,8,20,MAY26,1997,
25040022,Dhrikshu K Vasant,IND,M,,,,1758,0,20,MAY26,1999,
531012043,Dhrish Jibin,IND,M,,,,1579,0,40,MAY26,2017,
537068598,Dhrishniraj Kashyap,IND,M,,,,1539,0,40,MAY26,2011,
35091557,Dhritabrata Kundu,IND,M,,,,1692,0,20,MAY26,2006,i
45075433,Dhrithi Murgod,IND,F,,,,1531,0,20,MAY26,2006,wi
429007976,Dhriti Kaintura,IND,F,,,,1430,0,40,MAY26,2013,w
547005408,Dhritimaan Sharma,IND,M,,,,1409,0,40,MAY26,2019,
547094702,Dhritiman Das,IND,M,,,,1446,0,40,MAY26,2015,
5002877,"Dhritiman, Deka",IND,M,,,,1596,0,20,MAY26,1985,i
547094664,Dhritiraj Medhi,IND,M,,,,1517,0,40,MAY26,2014,
547079428,Dhritish De,IND,M,,,,1408,5,40,MAY26,2013,
537069870,Dhruba Bhattacharyya,IND,M,,,,1488,5,40,MAY26,2010,
33341273,Dhrubajyoti Barik,IND,M,,,,1547,0,20,MAY26,1989,i
25717570,Dhrubajyoti Borpatra,IND,M,,,,1685,0,20,MAY26,1998,i
5010187,"Dhrubajyoti, Saha",IND,M,,NA,,1490,0,20,MAY26,1985,
46606092,Dhrupad Kashyap,IND,M,,,,1996,9,20,MAY26,2005,
33458227,Dhrupad Lohidas,IND,M,,,,1524,0,40,MAY26,2010,
547013346,Dhruv Bohara,IND,M,,,,1500,0,20,MAY26,2000,
531098231,Dhruv Chandanani,IND,M,,,,1498,0,40,MAY26,2012,i
35028871,Dhruv Dak,IND,M,,NA,,1832,0,20,MAY26,2002,i
33479658,Dhruv Dharmani,IND,M,,,,1449,0,40,MAY26,2011,i
577012992,Dhruv Dilip Sosa,IND,M,,,,1542,0,20,MAY26,2007,
531037640,Dhruv Gautam,IND,M,,,,1444,0,40,MAY26,2014,
48778591,Dhruv Gupta,IND,M,,,,1795,0,40,MAY26,2014,
46650806,Dhruv Jain,IND,M,,,,1551,0,20,MAY26,1996,i
35018094,Dhruv Kalani,IND,M,,,,1490,0,20,MAY26,2005,
33371687,Dhruv Kar,IND,M,,,,1475,2,20,MAY26,2005,
429091047,Dhruv Keshav Kak,IND,M,,,,1443,0,40,MAY26,2013,i
25611119,Dhruv Khosla,IND,M,CM,,,1912,0,40,MAY26,2008,i
537009311,Dhruv Kishore,IND,M,,,,1522,0,40,MAY26,2013,
48718912,Dhruv Kumar,IND,M,,,,1415,0,40,MAY26,2017,i
537019910,Dhruv Kumar,IND,M,,,,1511,0,40,MAY26,2012,i
537063871,Dhruv Nanda,IND,M,,,,1663,0,40,MAY26,2014,
25929682,Dhruv Patil,IND,M,,,,1474,0,20,MAY26,2004,i
25717588,Dhruv Phukan,IND,M,,,,1844,0,20,MAY26,2007,
35076540,Dhruv Ricki Gada,IND,M,,,,1568,0,20,MAY26,2002,i
33478228,Dhruv S Nair,IND,M,,,,1551,0,40,MAY26,2010,i
429008280,Dhruv Sachin Jain,IND,M,,,,1557,0,40,MAY26,2011,
537063774,Dhruv Sanket Bafna,IND,M,,,,1420,0,40,MAY26,2013,
531099653,Dhruv Singh,IND,M,,,,1538,0,20,MAY26,2004,
25110012,Dhruv Singh Bisht,IND,M,,,,1720,0,40,MAY26,2010,
45014426,Dhruv Srikanth,IND,M,,,,1519,0,20,MAY26,2003,
33393770,Dhruv Trivedi,IND,M,,,,1616,0,40,MAY26,2013,
25042980,Dhruv Vinayak Joshi,IND,M,,,,1740,0,20,MAY26,2001,i
564008800,Dhruva D Naik,IND,M,,,,1522,0,40,MAY26,2011,
429004527,Dhruva Narendra Prasad,IND,M,,,,1483,0,40,MAY26,2013,i
88162427,Dhruva Roy,IND,M,,,,1432,0,,MAY26,2012,i
25996533,Dhruva Thota,IND,M,IM,,,2062,0,40,MAY26,2009,i
5097452,Dhruval Shah,IND,M,,,,1640,0,20,MAY26,1995,
429017548,Dhruvansh Bhatt,IND,M,,,,1565,0,40,MAY26,2009,
429023408,Dhruvansh Sethi,IND,M,,,,1717,8,,MAY26,2014,
33440697,Dhruvi Shrikant Panigrahi,IND,F,,,,1817,0,40,MAY26,2012,w
33309060,Dhruvin Jain,IND,M,,,,1700,0,40,MAY26,2010,
25005812,Dhulipalla Bala Chandra Prasad,IND,M,IM,,,2408,0,10,MAY26,1996,
46686886,Dhumal Amit,IND,M,,,,1647,0,20,MAY26,2005,i
33428123,Dhumne Vedant,IND,M,,,,1550,0,40,MAY26,2009,
25061305,Dhuri Dipak,IND,M,,,,1701,0,20,MAY26,1978,i
25994387,Dhuri Viraj,IND,M,,,,1538,0,20,MAY26,1996,
33335575,Dhvij Vyas,IND,M,,,,1528,0,20,MAY26,2007,i
88108180,Dhvit Tapankumar Mehta,IND,M,,,,1641,5,40,MAY26,2016,
537030744,Dhwani Modha,IND,F,,,,1582,0,40,MAY26,2011,wi
558009264,Dhwanit Dole,IND,M,,,,1508,5,40,MAY26,2015,
429079144,Dhwanit S Chauhan,IND,M,,,,1618,8,40,MAY26,2017,
33435642,Dhyaan Patel,IND,M,,,,1798,8,40,MAY26,2015,
429040175,Dhyan Khimsuriya,IND,M,,,,1411,6,40,MAY26,2016,
11202599,Dhyan Manoj,IND,M,,,,1525,0,20,MAY26,2006,i
531023347,Dhyan Praveen,IND,M,,,,1450,0,40,MAY26,2016,
564013162,Dhyan S Sompur,IND,M,,,,1528,0,40,MAY26,2011,
537030680,Dhyan Sathiya Narayanan,IND,M,,,,1421,0,40,MAY26,2011,i
531009743,Dhyan Shah,IND,M,,,,1411,0,40,MAY26,2013,
531064868,Dhyan Viraj Vora,IND,M,,,,1451,0,40,MAY26,2013,
35006908,Dhyana Patel,IND,F,WFM,WFM,,1998,0,20,MAY26,2005,w
564041301,Dhyanmoy Sarma,IND,M,,,,1825,0,40,MAY26,2013,
33333858,Dhyay Malay Doshi,IND,F,,,,1544,0,40,MAY26,2008,wi
25952366,Dhyey Agarwal,IND,M,,,,2149,0,40,MAY26,2009,
33466319,Dhyey Gandhi,IND,M,,,,1499,0,,MAY26,2010,
429050545,Dhyey Krunalkumar Patel,IND,M,,,,1631,0,40,MAY26,2012,i
558017410,Dhyey Sanjay Shah,IND,M,,,,1467,4,40,MAY26,2015,
33439044,Dhyey Vijaybhai Visani,IND,M,,,,1558,0,40,MAY26,2010,
48754757,Dhyey Vishal Shah,IND,M,,,,1463,0,20,MAY26,2007,i
88122840,Dia Jain,IND,F,,,,1460,4,40,MAY26,2016,w
25094939,Dias Aston,IND,M,,,,1666,0,20,MAY26,2001,i
25013807,"Dibakar, Patnaik",IND,M,,,,1715,0,20,MAY26,1954,i
5029163,"Dibas, Kumar Biswas",IND,M,,,,1849,0,20,MAY26,1985,
45010951,Dibya Jyoti Sarkar,IND,M,,,,1718,0,20,MAY26,2005,
33327564,Dibyajyoti Baruah,IND,M,,,,1737,0,20,MAY26,2001,
531035469,Dibyajyoti Tantubay,IND,M,,,,1544,0,40,MAY26,2012,
531054420,Dibyanshu Mahato,IND,M,,,,1525,0,40,MAY26,2010,i
537010816,Dibyansu Das,IND,M,,,,1454,0,40,MAY26,2013,
46612246,Dibyansu Lahon,IND,M,,,,1614,0,20,MAY26,2003,i
25193090,Dicholkar Swaraj,IND,M,,,,1405,0,40,MAY26,2010,i
35029860,Didwania Vishal,IND,M,,,,1937,0,20,MAY26,1997,
46629629,Dighade R R,IND,M,,,,1427,0,20,MAY26,1964,i
46614605,Digvijay Sunil,IND,M,,,,1786,9,20,MAY26,2003,
429011116,Diksha Dilip Yadav,IND,F,,,,1401,0,40,MAY26,2009,wi
48786578,Dikshant Kumar,IND,M,,,,1692,0,40,MAY26,2012,
35016369,Dilan Paul Roy J,IND,M,,,,1669,0,20,MAY26,2001,i
537011170,Dileep Karunakaran,IND,M,,,,1436,0,20,MAY26,1973,
25014927,Dileep Kumar R,IND,M,,,,1947,0,20,MAY26,2002,i
5035775,"Dileep, Tripathi",IND,M,,FI,,1720,9,20,MAY26,1981,
25731831,Dilip Ghosh,IND,M,,,,1529,0,20,MAY26,1975,i
25910540,Dilip Gowda M Y,IND,M,,,,1549,0,20,MAY26,2007,i
35070762,Dilip Kumar Kaushik,IND,M,,,,1756,0,20,MAY26,1988,i
35076191,Dilip Kumar Pedda,IND,M,,,,1736,0,20,MAY26,1994,i
25081527,Dilip Ranjan Chakraborty,IND,M,,,,1548,0,20,MAY26,1958,
88122603,Dilip S Nair,IND,M,,,,1572,0,20,MAY26,1979,i
5004608,"Dilip, Das",IND,M,,,,1962,0,20,MAY26,1954,i
558079394,Diljot Singh,IND,M,,,,1611,0,40,MAY26,2011,
25750151,Dillish L,IND,M,,,,1545,0,20,MAY26,2007,i
33431736,Dilmeet Kaur,IND,F,,,,1558,0,40,MAY26,2014,w
531022081,Dilshad S,IND,F,,,,1498,0,40,MAY26,2017,w
429071550,Dilsrang Chinang Marak,IND,M,,,,1411,0,20,MAY26,1997,i
564072231,"Dimri, Aarav",IND,M,,,,1609,0,40,MAY26,2013,
5043425,"Dinakaran, N.",IND,M,,,,1851,0,20,MAY26,1983,i
537059351,Dinesh Chabungbam,IND,M,,,,1426,0,40,MAY26,2013,
25058819,Dinesh Kannappan,IND,M,,,,1615,0,,MAY26,1985,i
33362050,Dinesh Kumar,IND,M,,,,1404,6,20,MAY26,1992,
25185578,Dinesh Kumar,IND,M,,,,1501,0,20,MAY26,1975,i
429051193,Dinesh Kumar Balaraman,IND,M,,,,1501,0,20,MAY26,1979,
5007925,Dinesh Kumar G,IND,M,,,,2028,2,20,MAY26,1978,
33328960,Dinesh Kumar H,IND,M,,,,1632,23,20,MAY26,2000,
46683526,Dinesh Kumar Jaganathan,IND,M,,,,1927,0,20,MAY26,2004,
45087016,Dinesh Kumar M,IND,M,,,,1478,0,20,MAY26,1999,i
25018256,Dinesh Kumar R,IND,M,,,,1577,0,20,MAY26,1988,i
88142795,Dinesh Kumar R S,IND,M,,,,1467,0,20,MAY26,2006,i
33361568,Dinesh Panneerselvam,IND,M,,,,1453,0,20,MAY26,1990,i
35060600,Dinesh Rajan M,IND,M,FM,,,2248,0,20,MAY26,2004,
48705640,Dinesh Reddy Konda,IND,M,,,,1542,0,40,MAY26,2012,
5021081,"Dinesh, Kumar Gupta",IND,M,,,,1546,0,20,MAY26,1966,
5020280,"Dinesh, Kumar Pandey",IND,M,,NA,,1881,0,20,MAY26,1983,i
531076122,Dinkar Shreyansh NeerajKumar,IND,M,,,,1621,0,40,MAY26,2012,i
25904329,Dipak Aanandani,IND,M,,,,1525,0,20,MAY26,1997,i
45019649,Dipak Chowhan,IND,M,,,,1638,0,20,MAY26,1977,
25713019,Dipak Das,IND,M,,,,1533,0,20,MAY26,1966,
429093945,Dipak Prabhakar Gojamgunde,IND,M,,,,1410,0,20,MAY26,1970,
25031406,Dipanjan Chowdhury,IND,M,,,,1812,0,20,MAY26,2002,i
547085916,Dipanjan Paul,IND,M,,,,1409,0,40,MAY26,2012,
5005558,"Dipankur, Sinha",IND,M,,,,1744,0,20,MAY26,1992,i
33354391,Dipesh Seeraj K S,IND,M,,,,1662,0,20,MAY26,2007,i
45012512,Dipon Naskar,IND,M,,,,1452,0,20,MAY26,2005,i
429079152,Dipro Ghosh,IND,M,,,,1559,0,40,MAY26,2010,i
366109377,Dipro Mandal,IND,M,,,,1563,0,40,MAY26,2013,
558094040,Dipro Moulik,IND,M,,,,1568,6,40,MAY26,2013,
25923730,Diproneel Barman,IND,M,,,,1672,0,40,MAY26,2012,
531029159,Diptansh Kumar,IND,M,,,,1592,0,40,MAY26,2011,
33471002,Diptanshu Saha,IND,M,,,,1746,6,,MAY26,2015,
429030277,Diptarup Mitra,IND,M,,,,1499,3,40,MAY26,2011,
25155393,Diptayan Debchoudhury,IND,M,,,,1623,8,40,MAY26,2008,
531086764,Diptesh Das,IND,M,,,,1622,0,40,MAY26,2013,
33328986,Dipti R,IND,F,,,,1540,0,20,MAY26,2005,wi
25638785,Dipti Ranjan Nayak,IND,M,,,,1595,0,20,MAY26,2001,i
48785334,Dipu Kumar Nath,IND,M,,,,1557,0,20,MAY26,1993,i
88121461,Dipu Kumar Sharma,IND,M,,,,1505,0,20,MAY26,2001,i
88199860,Dirgh Srivastava,IND,M,,,,1593,0,40,MAY26,2011,
25130226,Disha Bhat,IND,F,,,,1454,0,20,MAY26,2005,w
537075039,Disha Kumari,IND,F,,,,1619,0,40,MAY26,2018,w
35028901,Disha Mundhra,IND,F,,,,1438,0,20,MAY26,2000,wi
25915622,Disha U A,IND,F,,,,1681,0,40,MAY26,2008,w
531043984,Dishan Uddipta Bora,IND,M,,,,1413,0,40,MAY26,2014,
25953036,Dishank Sachin Bajaj,IND,M,,,,1855,0,20,MAY26,2006,
429095565,Dishant Bansal,IND,M,,,,1727,0,,MAY26,2011,
5097460,Dishant Jain,IND,M,,,,1819,0,20,MAY26,1995,i
25128922,Dishita Dey,IND,F,,,,1623,0,40,MAY26,2014,w
531001165,Diva Aniket Shastri,IND,F,,,,1601,6,40,MAY26,2013,w
5080053,Divakar S,IND,M,,,,1441,0,20,MAY26,1963,
14350670,"Divakaran, Sinddhizhai",IND,F,,,,1478,0,40,MAY26,2013,w
25119591,Divam Arya,IND,M,,,,1515,0,20,MAY26,1998,i
88185621,Divam Talwar,IND,M,,,,1660,8,40,MAY26,2015,
558016767,Divansh Goyal,IND,M,,,,1436,0,40,MAY26,2014,
25921517,Divecha Shaurya,IND,M,,,,1459,0,40,MAY26,2010,i
25668935,Divekar Prathamesh,IND,M,,,,1648,0,20,MAY26,2005,i
25156853,Divena Pawar,IND,F,,,,1447,5,40,MAY26,2013,w
45071349,Divesh G,IND,M,,,,1884,9,40,MAY26,2008,
25773151,Divesh V,IND,M,,,,1655,0,40,MAY26,2010,
33479011,Divi Bijesh,IND,F,WCM,WCM,,1869,12,40,MAY26,2015,w
429032270,Divik Jain,IND,M,,,,1585,0,,MAY26,2013,i
45074410,Divin S V,IND,M,,NA,,1614,0,20,MAY26,2005,i
25111183,Divit Agrawal,IND,M,,,,1438,0,40,MAY26,2011,i
33413150,Divit Bhowmick,IND,M,,,,1485,0,,MAY26,2013,i
25177443,Divit Gangwal,IND,M,,,,1746,9,40,MAY26,2012,
531080880,Divit Motwani,IND,M,,,,1523,0,40,MAY26,2016,i
558017437,Divit Neer Gada,IND,M,,,,1495,7,40,MAY26,2015,
88119939,Divit Singh,IND,M,,,,1568,0,,MAY26,2012,
547093960,Divit Srivastava,IND,M,,,,1534,0,,MAY26,2016,
558098399,Divit Srivatsava,IND,M,,,,1578,8,40,MAY26,2012,
33493030,Divith Reddy Adulla,IND,M,,,,2034,0,40,MAY26,2016,
25789511,Divitt Arora,IND,M,,,,1847,18,40,MAY26,2010,
547075805,Divjot Singh,IND,M,,,,1438,0,40,MAY26,2011,
537011693,Divy Rajpoot,IND,M,,,,1532,0,40,MAY26,2012,
564010309,Divy Sohankumar Dalmiya,IND,M,,,,1551,0,40,MAY26,2016,
25796178,Divya,IND,F,,NA,,1526,0,20,MAY26,2003,wi
35006916,Divya Deshmukh,IND,F,GM,WGM,,2351,0,20,MAY26,2005,w
33375194,Divya Gowrisankar,IND,F,,,,1522,0,40,MAY26,2014,w
5090016,Divya Lakshmi R,IND,F,WFM,WFM,,1873,0,20,MAY26,1998,wi
537067524,Divya Pratap,IND,M,,,,1559,0,40,MAY26,2013,
45061211,Divya Sri K M,IND,F,,,,1418,0,20,MAY26,2005,wi
5092400,Divya Sri M,IND,F,,,,1679,0,20,MAY26,1996,wi
5072263,"Divya, Garg",IND,F,,,,1795,0,20,MAY26,1998,wi
45018421,Divyabharathi Masanam,IND,F,,,,1776,0,20,MAY26,2004,wi
537083422,Divyadharshan S,IND,M,,,,1594,0,40,MAY26,2012,
25147145,Divyajyoti,IND,F,,,,1599,0,20,MAY26,1997,wi
531024939,Divyam Chawda,IND,M,,,,1492,0,40,MAY26,2009,
33499721,Divyam Garg,IND,M,,,,1511,3,,MAY26,2012,
25075586,Divyam Kamra,IND,M,,,,1674,0,20,MAY26,1998,i
45071357,Divyan T,IND,M,,,,1685,0,20,MAY26,2005,i
33401446,Divyansh,IND,M,,,,1840,9,40,MAY26,2011,
537031864,Divyansh,IND,M,,,,1587,0,40,MAY26,2010,
537066269,Divyansh,IND,M,,,,1424,3,40,MAY26,2012,
429070163,Divyansh Agarwal,IND,M,,,,1407,0,40,MAY26,2011,i
547075376,Divyansh Kumar,IND,M,,,,1448,0,40,MAY26,2014,
547065478,Divyansh Mathur,IND,M,,,,1554,0,40,MAY26,2015,
429046483,Divyansh Nagar,IND,M,,,,1417,0,40,MAY26,2010,
25901303,Divyansh Nahta,IND,M,,,,1501,0,20,MAY26,2005,i
531061834,Divyansh Rajani,IND,M,,,,1548,0,40,MAY26,2016,
531030432,Divyansh Reddy P,IND,M,,,,1424,0,40,MAY26,2016,i
531063578,Divyansh Sharma,IND,M,,,,1461,0,20,MAY26,1997,
558019383,Divyansh Singh,IND,M,,,,1550,6,40,MAY26,2012,
88133613,Divyansh Singh Katharria,IND,M,,,,1699,0,40,MAY26,2009,
25124510,Divyansh Timal Maru,IND,M,,,,1483,0,40,MAY26,2012,i
564018660,Divyansh Tomar,IND,M,,,,1617,0,40,MAY26,2010,
531020151,Divyansh Tyagi,IND,M,,,,1538,7,40,MAY26,2014,
48760960,Divyansh Uppu,IND,M,,,,1477,0,40,MAY26,2014,i
558027424,Divyansh Vashishth,IND,M,,,,1519,0,40,MAY26,2014,
33393966,Divyanshi Khandelwal,IND,F,,,,1448,0,40,MAY26,2012,wi
25041479,Divyanshu Joshi,IND,M,,,,1677,0,20,MAY26,1997,i
25190717,Divyanshu Kumar Singh,IND,M,,,,1786,0,20,MAY26,2006,
531097707,Divyanshu Mishra,IND,M,,,,1428,6,20,MAY26,2002,
45089892,Divyanshu Sharma,IND,M,,,,1609,0,20,MAY26,2000,i
564037177,Divyanshu Talukdar,IND,M,,,,1432,0,40,MAY26,2013,
25660926,Divyanshu Upadhyay,IND,M,,NA,,1568,0,20,MAY26,1997,i
88115178,Divyashree S,IND,F,,,,1465,0,40,MAY26,2012,w
48700789,Divyasree Kollipara,IND,F,,,,1403,0,40,MAY26,2012,wi
429032288,Divyendu Sharma,IND,M,,,,1746,0,20,MAY26,2005,
33384312,Divyesh Anand R,IND,M,,,,1576,0,40,MAY26,2009,i
48766747,Divyesh Saha,IND,M,,,,1423,0,40,MAY26,2011,
48761249,Divyesh Vaibhav Gawas,IND,M,,,,1669,0,40,MAY26,2010,i
33422249,Divyshri Vishalkumar Goswami,IND,F,,,,1489,6,20,MAY26,2007,w
45014450,Diwakar R,IND,M,,,,1447,0,20,MAY26,1997,i
25147935,Diwale Parth,IND,M,,,,1481,0,20,MAY26,2004,
5007178,"Diwan, Rajesh",IND,M,,,,1943,0,20,MAY26,1973,i
537044885,Diwate Parardh,IND,M,,,,1484,8,40,MAY26,2013,
46628231,Dixit Devang,IND,M,,,,1745,0,20,MAY26,1965,i
5085705,Dixit Mihirraj,IND,M,,,,1799,0,20,MAY26,1998,
531058841,Dixit Sharma,IND,M,,,,1512,0,,MAY26,2004,i
5059534,"Dixit, Nikhil",IND,M,IM,,,2173,9,20,MAY26,1998,
35091611,Diya Chowdhury,IND,F,,,,1926,0,20,MAY26,2003,w
25981420,Diya Digamber Sawal,IND,F,,,,1509,0,,MAY26,2013,wi
25908430,Diya Ghosh,IND,F,,,,1539,0,40,MAY26,2011,w
35072196,Diya James,IND,F,,,,1511,0,20,MAY26,2002,wi
33495491,Diya Naik,IND,F,,,,1475,0,40,MAY26,2014,w
429091837,Diyan Ankit Bhavsar,IND,M,,,,1659,6,40,MAY26,2012,
35011952,Diyan Kubadia,IND,M,,,,1617,0,20,MAY26,2003,i
25052780,Diyi Suryanarayana,IND,M,,,,1545,0,20,MAY26,1972,i
564011542,Dnyanesh Kale,IND,M,,,,1430,0,40,MAY26,2012,
33427143,Dobal Shrey Sanjay,IND,M,,,,1574,0,40,MAY26,2015,i
547049944,Doddannavrr Etash,IND,M,,,,1507,0,40,MAY26,2012,
25655361,Dodeja Himal,IND,F,,,,1493,0,40,MAY26,2010,wi
25655370,Dodeja Mahika,IND,F,,,,1463,0,40,MAY26,2010,wi
35037919,Dodeja Mann,IND,M,,,,1595,0,20,MAY26,2005,i
25056352,Dodeja Saurabh,IND,M,,,,1634,0,20,MAY26,2000,i
5012686,"Dodeja, Pawan",IND,M,CM,,,2100,0,20,MAY26,1980,i
577028538,"Dogra, Aarav",IND,M,,,,1522,8,40,MAY26,2013,
33434018,Doiphode Vedant H,IND,M,,,,1563,0,40,MAY26,2008,i
66608538,"Dolas, Aarush",IND,M,CM,,,1965,25,40,MAY26,2012,
25623940,Doley R.P.,IND,M,,NA,,1421,0,20,MAY26,1963,
25638793,Dolisiyas Dash,IND,F,,,,1600,0,20,MAY26,2007,wi
46615679,Domnic Xavier R S,IND,M,,,,1672,0,20,MAY26,1997,
25715887,Dongre Siddhant,IND,M,,,,1485,0,20,MAY26,2002,i
5013097,"Dongre, Chandrakant",IND,M,,,,1923,0,20,MAY26,1953,i
25016318,Dony K V,IND,M,,,,1875,0,20,MAY26,1986,i
25099825,Doshi Aakash,IND,M,,,,1522,0,20,MAY26,1992,
25906305,Doshi Dhyana Anish,IND,F,,,,1480,0,40,MAY26,2008,wi
25777246,Doshi Karan C,IND,M,,,,1613,0,20,MAY26,2002,i
25737171,Doshi Khush,IND,M,,,,1815,0,20,MAY26,2004,i
25711423,Doshi Manas,IND,M,,,,1453,0,20,MAY26,2002,i
5010845,"Doshi, Bhaumik",IND,M,,,,1794,0,20,MAY26,1992,i
46620354,Dr Hitesh Vasanwala,IND,M,,,,1813,0,20,MAY26,1978,i
25671782,Dr Kanani Parth R,IND,M,,,,1672,6,20,MAY26,1997,
5044430,"Dr, Sanjay Date",IND,M,,,,1755,6,20,MAY26,1956,
531014518,Drishaan Sharma,IND,M,,,,1633,15,40,MAY26,2012,
25164074,Drishtee Ghosh,IND,F,WCM,WCM,,1722,0,40,MAY26,2009,w
48761788,Dron Kapila,IND,M,,,,1510,3,40,MAY26,2014,
429077290,Dron Sharma,IND,M,,,,1420,0,40,MAY26,2009,
5015197,"Dronavalli, Harika",IND,F,GM,WGM,,2344,0,10,MAY26,1991,w
5091942,Druva Chipli,IND,M,,,,1676,0,20,MAY26,1999,i
33405980,Druvesh Dondapati,IND,M,,,,1818,0,40,MAY26,2009,
547017279,DSouza Jezreel,IND,M,,,,1574,0,20,MAY26,2006,
366095807,"Dsouza, Vinel Leon",IND,M,,,,1482,5,40,MAY26,2014,
25943740,Duaa Ahamed Sherief,IND,F,,,,1579,0,,MAY26,2010,wi
35030728,Dubey Sanchay,IND,M,,,,1891,0,20,MAY26,2001,i
88148670,Dudyala Rishik,IND,M,,,,1762,0,40,MAY26,2013,
45021341,Dugar Chetan,IND,M,,,,1639,0,20,MAY26,2003,i
25794981,Duggirala Vivek,IND,M,,,,1582,0,,MAY26,1996,i
88194345,Dukle Vania Vaibhav,IND,F,,,,1527,0,40,MAY26,2016,w
88159736,Dulqar Ahamed Khan,IND,M,,,,1473,0,40,MAY26,2013,i
537005553,Dundi Ganesh Karthikeya Hruthwik Kurapati,IND,M,,,,1446,0,40,MAY26,2018,
564015807,Dundi Prasad Karnam,IND,M,,,,1600,8,40,MAY26,2006,
35033913,Dupit Tabu,IND,M,,,,1837,0,20,MAY26,1986,
25634127,Durai Balaji K K,IND,M,,,,1671,0,20,MAY26,1986,i
33483620,Durai Prabhakaran Chelian,IND,M,,,,1446,0,40,MAY26,2009,i
33365261,Duraisamy V S,IND,M,,,,1469,0,20,MAY26,1973,i
25130889,Durga Karthika Lellapalli,IND,F,,,,1637,0,40,MAY26,2010,wi
45016070,Durga Nagesh WR Guttula,IND,M,,,,1692,0,20,MAY26,1981,i
25058835,Durga Prasad K,IND,M,,,,1774,0,20,MAY26,1991,i
25626213,Durga Prasad Y,IND,M,,NA,,1495,0,20,MAY26,1994,i
577038711,"Durga Prasad, L",IND,M,,,,1490,8,40,MAY26,1995,
46605061,Durga Shankar Chakroborty,IND,M,,,,1729,0,20,MAY26,1974,
45008035,Durgesh Mourya,IND,M,,,,1634,0,20,MAY26,1989,i
25101315,Durgesh Sharma,IND,M,,,,1471,0,20,MAY26,1976,
5047714,"Durgesh, K",IND,M,,,,1746,0,,MAY26,1981,i
531004830,Durkasri M,IND,F,,,,1478,0,40,MAY26,2010,w
35058762,Durugappa,IND,M,,,,1426,0,20,MAY26,1989,
25192183,Durwas Saksham,IND,M,,,,1477,0,40,MAY26,2011,i
33406006,Durwin Gouud Yarlagada,IND,M,,,,1429,0,40,MAY26,2015,i
531030408,Dushyant Nakade,IND,M,,,,1569,0,20,MAY26,2004,i
25134507,Dushyant Pal,IND,M,,,,1438,0,40,MAY26,2008,
25065130,Dushyant Sharma,IND,M,IM,FT,,2110,0,20,MAY26,2003,
25697064,Dushyant Singh,IND,M,,,,1805,0,40,MAY26,2009,i
33394202,Dushyanth Subramanian,IND,M,,,,1552,7,,MAY26,2015,
5028515,"Dusthageer, Ibrahim M.",IND,M,,NA,,2139,0,20,MAY26,1991,i
5091381,Dutt B.S.,IND,M,,,,1533,0,20,MAY26,1940,i
88111270,Dutta Dwijesh,IND,M,,,,1416,7,40,MAY26,2011,
25620630,Dutta Harshit,IND,M,,,,1420,0,20,MAY26,2002,i
46646299,Dutta Kanishq,IND,M,,,,1525,0,20,MAY26,2003,i
25677012,Dutta Pehlaj,IND,M,,,,1549,0,40,MAY26,2009,i
25677020,Dutta Samaritan,IND,M,,,,1740,0,20,MAY26,2006,
45021350,Dutta Sarthak,IND,M,,,,1829,0,20,MAY26,2000,i
5016592,"Dutta, Joydeep",IND,M,FM,,,2221,0,20,MAY26,1988,
366109617,"Dutta, Mahee",IND,F,,,,1470,7,40,MAY26,2016,w
577012828,"Dutta, Sabyasachi",IND,M,,,,1416,0,40,MAY26,2008,
564066312,"Dutta, Sritija",IND,F,,,,1500,0,40,MAY26,2018,w
5005914,"Dutta, Umashankar",IND,M,,,,1718,0,,MAY26,1972,
531050476,Dwaipayan Bhattacharyya,IND,M,,,,1454,7,40,MAY26,1987,
33469865,Dwij G Derasari,IND,M,,,,1589,0,40,MAY26,2014,
33316279,Dwipratim Kashyap,IND,M,,,,1464,0,40,MAY26,2014,i
88188523,Dwiptaneel Deb,IND,M,,,,1429,0,40,MAY26,2017,
33405778,E Abishek,IND,M,,,,1449,0,40,MAY26,2011,i
564091180,"E, Sri Maharaja",IND,M,,,,1682,0,20,MAY26,2005,
5035279,E.R.S. Vijayasarathi,IND,M,,,,1908,0,20,MAY26,1983,i
33478538,Eashan Diwakar,IND,M,,,,1555,0,20,MAY26,2007,
5055270,Eashwar.m,IND,M,,,,1940,0,20,MAY26,1999,i
48717460,Eastam Setty Keerthi Sai,IND,M,,,,1724,0,20,MAY26,2007,
35084585,Ebenezer Rajakumar D,IND,M,,,,1618,0,20,MAY26,1967,i
5003377,"Ebenezer, Joseph",IND,M,CM,"SI,LSI,SLI",,1886,0,20,MAY26,1966,
25655060,Ebi Jethro P,IND,M,,,,1504,0,20,MAY26,2007,i
46600884,Ebin Benny,IND,M,,,,1878,11,20,MAY26,2002,
25999770,Ebrahim Akbar,IND,M,,,,1442,0,20,MAY26,2004,i
45008400,Edacherry Anas,IND,M,,,,1437,0,20,MAY26,1984,i
25643355,Edwin Adams V,IND,M,,,,1468,0,20,MAY26,2005,i
88116298,Edwin Idiculla Sanju,IND,M,,,,1530,0,40,MAY26,2015,
33318719,Edwin Joshva W,IND,M,,,,1513,0,40,MAY26,2009,i
429021871,Eega Shiva Chaithanya,IND,M,,,,1408,0,40,MAY26,2010,i
46642820,Eesh Prabhudesai,IND,M,,,,1608,0,20,MAY26,2004,i
35028677,Eesha Ajay Sarda,IND,F,,,,1916,0,20,MAY26,2004,wi
33470553,Eeshan Sharma,IND,M,,,,1473,0,,MAY26,2008,i
88154734,Eeshanth Sai Kothalanka,IND,M,,,,1562,0,40,MAY26,2016,
547059273,Ehaan Mundir,IND,M,,,,1445,0,40,MAY26,2015,
33470200,Ehaan Shaik S,IND,M,,,,1426,0,40,MAY26,2008,i
25983873,Ehaan Shaikh,IND,M,,,,1656,0,40,MAY26,2010,i
531037895,Ehan Anjam,IND,M,,,,1412,0,40,MAY26,2015,
429009340,Ehan Shafeer,IND,M,,,,1424,0,40,MAY26,2014,i
33435294,Ehsan Manas,IND,M,,,,1607,0,,MAY26,2013,
531004342,Eish Ojha,IND,M,,,,1642,0,40,MAY26,2009,
48703613,Eishaanav Chakraborty,IND,M,,,,1535,0,40,MAY26,2015,
46689044,Eishan Rijhwani,IND,M,,,,1758,0,20,MAY26,2002,i
429010039,Eishita Lahiry,IND,F,,,,1477,0,40,MAY26,2017,w
25175033,Ekaaksha Partap Singh Negi,IND,M,,,,1998,9,40,MAY26,2010,
531098754,Ekaansh Sharma,IND,M,,,,1483,0,40,MAY26,2014,
33334234,Ekam Singh,IND,M,,,,1762,0,40,MAY26,2010,i
531039073,Ekamdeep Singh Kaul,IND,M,,,,1506,0,,MAY26,2013,
25174193,Ekansh Goel,IND,M,,,,1561,9,20,MAY26,2007,
537068440,Ekansh Goyal,IND,M,,,,1456,0,40,MAY26,2012,
88164659,Ekansh Juneja,IND,M,,,,1420,0,20,MAY26,2004,
88193608,Ekansh Kejriwal,IND,M,,,,1409,0,40,MAY26,2016,
547046660,Ekansh Sippy,IND,M,,,,1529,0,,MAY26,2011,
429039495,Eklavya Goyal,IND,M,,,,1532,0,20,MAY26,2006,
45017450,Ekre Abhishek,IND,M,,,,1499,0,20,MAY26,2004,i
531056709,Elakkiya Selvan K V,IND,M,,,,1495,0,40,MAY26,2013,
5090946,Elancheralathan P,IND,M,,,,1936,0,20,MAY26,2000,i
558063641,Elanchozhan T,IND,M,,,,1441,0,20,MAY26,2002,
46602828,Elangbam Shashikanta Singh,IND,M,,,,1770,0,20,MAY26,1974,
366097964,"Elango, Pradeep Kumar",IND,M,,,,1405,0,,MAY26,1991,
531034608,Elankumaran R,IND,M,,,,1465,7,40,MAY26,2013,i
48737100,Elanthamizhan Ayyappan,IND,M,,,,1549,0,40,MAY26,2013,i
88194086,Elavarasan M,IND,M,,,,1555,0,20,MAY26,1999,i
46618953,"Eldho, Skaria",IND,M,,,,1806,0,20,MAY26,2003,i
25161997,Elesh Tripathi,IND,M,,,,1705,0,40,MAY26,2010,i
48724360,Elias Sudhir,IND,M,,,,1618,0,20,MAY26,1985,i
33383596,Eman P D,IND,M,,,,1906,17,,MAY26,2013,
45003246,Emayasri S,IND,F,,,,1624,0,20,MAY26,2003,w
25161075,Emil Borgohain,IND,M,,,,1483,0,40,MAY26,2012,
531055419,Emily Das,IND,F,,,,1467,0,40,MAY26,2018,w
46615369,"Emjam, Harsha Vardhan",IND,M,,,,1767,0,,MAY26,2001,
88100014,Emmanuel Mathew,IND,M,,,,1590,11,,MAY26,2013,
88180026,Enagadapa Devaansh,IND,M,,,,1549,0,40,MAY26,2015,
88175618,Enrique Brosnan Mendez,IND,M,,,,1565,0,20,MAY26,2007,
48785342,Eric C Lalhruaitluanga,IND,M,,,,1519,0,40,MAY26,2011,i
547034831,Eric Michael Freitas Abranches,IND,M,,,,1485,0,40,MAY26,2014,
88109810,Eric Sanish,IND,M,,,,1601,18,40,MAY26,2014,
35009192,Erigaisi Arjun,IND,M,GM,,,2776,0,10,MAY26,2003,
48716863,Eripalli Suresh,IND,M,,,,1503,0,20,MAY26,1987,i
46650350,Ershad P,IND,M,,,,1626,0,20,MAY26,1988,i
25964518,Erwin Albuquerque,IND,M,,,,1505,0,40,MAY26,2012,
48780901,Eshanth Arya,IND,M,,,,1404,0,40,MAY26,2014,
25672266,Eshika Pillai,IND,F,,,,1527,6,,MAY26,2007,w
547021829,Eshpreet Singh,IND,M,,,,1514,8,40,MAY26,2008,
5007330,"Eshwanth Dev, Kumar J",IND,M,,,,1888,0,20,MAY26,1996,
25155687,Eshwar Lankalapalli,IND,M,,,,1433,0,20,MAY26,2006,i
33417776,Eshwar Veerappan Aiyappan,IND,M,,,,1630,0,40,MAY26,2013,
45062056,Esshan Wadhawan,IND,M,FM,,,1901,0,20,MAY26,2004,i
25775740,Eswar N S,IND,M,,,,1477,0,20,MAY26,2005,i
25614177,Eswar Raj G,IND,M,,,,1497,0,20,MAY26,1998,i
45034192,Eswar Sai Akhlil Ch,IND,M,,,,1661,0,20,MAY26,2001,
45002223,Eswar Theagarajan,IND,M,,,,1650,0,20,MAY26,1998,i
48741299,Ethan Dominic Philip,IND,M,,,,1561,0,40,MAY26,2011,i
547092025,Ethan Kurumbelazhikathu Arun,IND,M,,,,1571,0,40,MAY26,2010,
25110993,Ethan Mathew Silveira,IND,M,,,,1499,0,40,MAY26,2012,
45047170,Ethan V Johnson,IND,M,,"NI,NA",,1636,0,,MAY26,2005,
33444552,Eugen Mehul Shah,IND,M,,,,1794,0,40,MAY26,2008,
33466432,Eva Fathima Fazlu,IND,F,,,,1404,0,40,MAY26,2010,wi
88160130,Evaan Jain,IND,M,,,,1446,0,,MAY26,2014,
48797715,Evan Antonio Telles,IND,M,,,,1578,13,40,MAY26,2018,
547053755,Evan Dutta,IND,M,,,,1424,1,40,MAY26,2016,
577017382,Evan John Arun,IND,M,,,,1410,0,40,MAY26,2018,
33434514,Evan Nidhin Varghese,IND,M,,,,1507,0,40,MAY26,2013,
88116280,Evan Varghese Sanju,IND,M,,,,1445,0,40,MAY26,2013,
25739832,Evana Roz Tom,IND,F,,,,1428,0,20,MAY26,2006,wi
429088720,Evangeline Ineya J S,IND,F,,,,1437,0,40,MAY26,2011,wi
48756156,Evann Raphael Aranha,IND,M,,,,1600,17,40,MAY26,2013,
429056527,Eveleen Kaur Sekhon,IND,F,,,,1453,0,,MAY26,2013,w
547091320,Evon Joseph Sumesh,IND,M,,,,1573,0,40,MAY26,2015,
33315817,Ezhil Aadhav Kaladharan,IND,M,,,,1895,0,40,MAY26,2010,i
429020417,Ezhil Raj A V,IND,M,,,,1462,0,40,MAY26,2011,i
48763365,Ezhilarasi G,IND,F,,,,1500,0,20,MAY26,1983,w
5077826,F Ritesh,IND,M,,,,1649,0,20,MAY26,1994,i
537052373,Faaz Faheem M,IND,M,,,,1475,0,40,MAY26,2014,
429011850,Faaz Mohamed,IND,M,,,,1535,7,40,MAY26,2011,
537078313,Fadhil Farooque,IND,M,,,,1456,0,40,MAY26,2016,
88137139,Fadhil M S,IND,M,,,,1431,0,,MAY26,2012,i
35069039,Fadte Rudresh,IND,M,,,,1592,0,20,MAY26,2003,i
25195034,Faheem S,IND,M,,,,1452,0,40,MAY26,2012,i
33429340,Faizal Salman J F,IND,M,,,,1544,0,40,MAY26,2014,
33426678,Faizan Farooque,IND,M,,,,1807,0,40,MAY26,2012,
429006481,Fakkih Vaisiamveettil Manakkot,IND,M,,,,1530,0,20,MAY26,1984,i
45069310,Falak Joni Naik,IND,F,,,,1593,0,40,MAY26,2008,wi
25019368,"Falcao, Wesley",IND,M,,,,2159,0,20,MAY26,1986,i
88144518,Faldesai Manav,IND,M,,,,1415,0,40,MAY26,2014,
5047757,"Falgun, D Purohit",IND,M,,"FI,NA",,1686,0,20,MAY26,1992,i
531081550,Fanawala Harshiv,IND,M,,,,1537,7,40,MAY26,2015,
547087900,Fanish Dewangan,IND,M,,,,1408,0,40,MAY26,2012,
5055423,"Farhaan, M",IND,M,,NA,,1903,0,,MAY26,1996,
547055995,Farhan Fahid K,IND,M,,,,1435,7,40,MAY26,2013,
429006449,Farhan Fakkih,IND,M,,,,1454,0,40,MAY26,2013,i
33405549,Farhat S,IND,F,,,,1451,0,20,MAY26,2007,w
537022636,Farooq Shafeek,IND,M,,,,1461,0,20,MAY26,2003,
25158058,Farriz J,IND,M,,,,1513,0,20,MAY26,2007,i
25663577,Faryaz Shaik,IND,M,,,,1477,0,20,MAY26,1976,i
5090334,"Fasil, M",IND,M,,,,1984,0,20,MAY26,1983,i
33415501,Fathima Rizwa,IND,F,,,,1410,0,40,MAY26,2014,wi
46618961,"Fathima,Abdeen",IND,F,,,,1844,0,20,MAY26,2000,wi
531049435,Fatima Alisha,IND,F,,,,1408,0,40,MAY26,2017,w
531016510,Favian Dsouza,IND,M,,,,1502,8,40,MAY26,2012,
366096519,"Fayis, Ilan",IND,M,,,,1495,0,40,MAY26,2014,i
33401691,Fecilika Fiance S,IND,F,,,,1522,0,40,MAY26,2014,wi
45042349,Felix Moothedath,IND,M,,,,1751,0,20,MAY26,2007,i
35094580,Femil Chelladurai,IND,F,,,,1852,9,20,MAY26,2005,w
558006591,Fenil Devendrabhai Prajapati,IND,M,,,,1477,5,20,MAY26,2006,
33376719,Fenil Modi,IND,M,,,,1414,0,40,MAY26,2009,i
5019850,"Fenil, Shah",IND,M,IM,,,2253,0,20,MAY26,1995,i
25099477,Fernandes Krystal,IND,F,WCM,WCM,,1702,0,20,MAY26,2003,wi
531009123,Fernandes Prince,IND,M,,,,1520,0,40,MAY26,2010,
35080075,"Fernandes,Francis",IND,M,,,,1613,0,20,MAY26,1996,
5037875,"Feroz M, Mulla",IND,M,,,,1791,0,20,MAY26,1964,i
11202084,"Ferozkhan, Abdulkhader",IND,M,,,,1642,0,20,MAY26,2004,i
537006347,Firas M Shabali,IND,M,,,,1538,0,,MAY26,2011,
45031720,Firke Yash,IND,M,,,,1617,0,20,MAY26,2002,i
5078750,Foram Thakkar,IND,F,,,,1702,0,20,MAY26,1999,wi
46682821,Francis Lalhmunmawia,IND,M,,,,1763,0,20,MAY26,1996,i
10303235,"Francis, Soni",IND,M,,NA,,1571,0,20,MAY26,1967,i
35055097,Frank Richards,IND,M,,,,1557,0,20,MAY26,2000,i
429078148,Frederick J Jesudhas,IND,M,,,,1523,5,,MAY26,2015,
25181203,Fulmali Apurv,IND,M,,,,1480,0,20,MAY26,2003,i
88105210,Fulzele Shaunak,IND,M,,,,1538,0,,MAY26,2011,i
48767611,Furia Dhruv,IND,M,,,,1509,0,40,MAY26,2012,i
33419108,Furmaan C J,IND,M,,,,1460,0,20,MAY26,1981,
46602062,Fuzail Saudagar,IND,M,,,,1495,0,20,MAY26,2001,i
547042591,G Charith Ganesh Naik,IND,M,,,,1448,0,,MAY26,2010,
5021626,"G Hema Chandra, Mouli",IND,M,,FA,,1973,0,,MAY26,1997,i
25043846,Gabriel B M,IND,M,,,,1714,0,20,MAY26,1997,
48785881,Gabriel Vivek Joseph,IND,M,,,,1900,0,,MAY26,2011,
25692755,Gada Om,IND,M,,,,1951,9,20,MAY26,2004,
33473536,Gadam Setty Sohan,IND,M,,,,1433,0,40,MAY26,2010,i
33489246,Gadde Kaarthika,IND,F,,,,1638,15,40,MAY26,2012,w
5088607,Gade Bhupesh,IND,M,,NA,,1746,0,20,MAY26,1983,i
25925253,Gade Sharanya,IND,F,,,,1715,0,,MAY26,2009,w
429070864,Gade Shivas,IND,M,,,,1407,0,40,MAY26,2014,
146104609,"Gade, Kaustubh",IND,M,,,,1669,0,,MAY26,2011,
25937685,Gadge Arnav Shrikant,IND,M,,,,1449,0,40,MAY26,2009,i
25957708,Gadge Vedant,IND,M,,,,1530,0,20,MAY26,2004,i
45017468,Gadgilwar Sumit,IND,M,,,,1568,0,20,MAY26,1990,i
25793136,Gadhavi Veerbhadrasinh,IND,M,CM,,,1871,0,40,MAY26,2009,i
25043587,Gadhiya Harsh Manoj,IND,M,,,,1762,0,20,MAY26,1995,i
25048040,Gadhiya Hrithvik,IND,M,,,,1818,0,20,MAY26,2000,i
25967126,Gadia Kush,IND,M,,,,1568,0,20,MAY26,2003,i
88146774,Gadia Neel,IND,M,,,,1445,0,20,MAY26,2006,i
25668943,Gadkari Atharv,IND,M,,,,1515,0,20,MAY26,2002,i
35059343,Gadre Aditya,IND,M,,,,1676,0,,MAY26,2001,
25634704,Gagan,IND,M,,,,1543,0,20,MAY26,1998,i
25750879,Gagan B R,IND,M,,,,1701,0,20,MAY26,1997,i
45006970,Gagan Bharadwaj K,IND,M,,,,1632,0,20,MAY26,2002,
48756164,Gagan Deep N Shetty,IND,M,,,,1484,8,40,MAY26,2008,
531036570,Gagan Gireesh Koppal,IND,M,,,,1467,0,40,MAY26,2013,
33396183,Gagan Sahu,IND,M,,,,1562,0,40,MAY26,2008,i
5034850,"Gagan, Chitkara",IND,M,,,,2057,0,,MAY26,1975,i
5016240,Gagandeepsingh L. Randhava,IND,M,,NA,,1420,0,20,MAY26,1989,i
5038650,"Gagare, Shalmali",IND,F,WIM,WIM,,1992,0,20,MAY26,1994,wi
5037883,"Gagare, Shardul",IND,M,GM,,,2483,0,10,MAY26,1997,i
577038452,"Gaglani, Jigar Vinod",IND,M,,,,1572,6,40,MAY26,1987,
531018807,Gagnesh Pawankumar Sisodiya,IND,M,,,,1460,0,40,MAY26,2012,
25021869,Gaha Narayan,IND,M,,,,1702,0,20,MAY26,1999,i
5027373,Gahan M G,IND,M,FM,,,2223,0,20,MAY26,1994,
25747525,Gaigore Sanskar,IND,M,,,,1653,0,40,MAY26,2010,i
35080091,"Gaikwad ,Vishal",IND,M,,,,1720,0,20,MAY26,1991,i
537096761,Gaikwad Aarav Indrajit,IND,M,,,,1510,0,40,MAY26,2012,i
25753029,Gaikwad Arya,IND,M,,,,1513,0,20,MAY26,2005,i
25912410,Gaikwad Manas,IND,M,,,,2079,9,40,MAY26,2010,
45055033,Gaikwad Mohit,IND,M,,,,1595,0,20,MAY26,2000,i
547023198,Gaikwad Yuvraj Pradeep,IND,M,,,,1435,0,40,MAY26,2012,
366097599,"Gaikwad, Ojas",IND,M,,,,1680,0,,MAY26,2005,i
5015790,"Gaikwad, Santosh",IND,M,,,,1562,0,20,MAY26,1985,
25010239,"Gaikwad, Siddhant",IND,M,FM,,,1933,0,20,MAY26,1998,i
45040060,Gaitonde Shubham,IND,M,,,,1574,0,20,MAY26,1997,i
25057707,Gajanan D,IND,M,,,,1800,0,20,MAY26,1984,i
35053329,Gajanan Vijay Jayade,IND,M,,,,1894,0,20,MAY26,1996,i
45017476,Gajbhiye C D,IND,M,,,,1486,0,20,MAY26,1966,
5002923,"Gajendra, Singh",IND,M,,,,1811,0,20,MAY26,1970,i
5037018,"Gajengi, Rajababu",IND,M,,NA,,1893,0,,MAY26,1978,i
88113116,Gajjar Dewarth,IND,M,,,,1511,6,40,MAY26,2016,
25047019,Gajjar Gaurang,IND,M,,,,1785,0,20,MAY26,1973,i
33324654,Gajjela Shalem Mani Kumar,IND,M,,,,1574,0,20,MAY26,2007,
25014528,Gajria Aashna,IND,F,,,,1651,0,20,MAY26,2001,wi
547096357,Gajula Lakshmi Narasimha,IND,M,,,,1405,0,40,MAY26,2013,
33334218,Gajula Prudhvi Krishna,IND,M,,,,1437,0,20,MAY26,1998,
5077834,Gajwa Ankit,IND,M,FM,,,2145,0,20,MAY26,1997,i
35041533,Gala Jainam,IND,M,,,,1727,0,20,MAY26,2000,i
25069519,Gala Neer,IND,M,,,,1618,0,20,MAY26,2002,i
45098840,Gala Parsh,IND,M,,,,1604,0,20,MAY26,2002,i
25942743,Gala Vansh Rasik,IND,M,,,,1503,0,20,MAY26,2005,
25019376,"Gala, Devansh",IND,M,,,,1657,0,20,MAY26,2000,i
25699350,Gambhir N C,IND,M,,,,1454,0,40,MAY26,2009,i
25680730,Ganagalla Partha Srikar,IND,M,,,,1477,0,20,MAY26,2005,i
25903357,Ganak,IND,M,,,,1478,6,40,MAY26,2009,
531049796,Ganavi C,IND,F,,,,1444,10,40,MAY26,2012,w
25620398,Ganbote Ishwari,IND,F,,,,1472,0,20,MAY26,2001,wi
48727695,Gandhar Khot,IND,M,,,,1588,0,20,MAY26,2000,i
537037560,Gandharv M Ghasiya,IND,M,,,,1495,0,,MAY26,2012,
45059179,Gandhi Abhishek,IND,M,,,,1594,0,20,MAY26,2003,i
25071033,Gandhi Avishkar,IND,M,,,,1704,0,20,MAY26,2001,i
88105130,Gandhi Dev,IND,M,,,,1412,2,,MAY26,2017,
25762478,Gandhi Dhruv,IND,M,,,,1517,5,40,MAY26,2009,
25086944,Gandhi Sagar,IND,M,,,,1539,0,20,MAY26,1992,i
45059918,Gandhi Samarth,IND,M,,,,1520,0,20,MAY26,2003,
25762486,Gandhi Vedant,IND,M,,,,1449,0,20,MAY26,2004,i
5061032,"Gandhi, Anish",IND,M,CM,,,2025,0,20,MAY26,1996,
374097501,"Gandhiraj, Tharan",IND,M,,,,1410,3,40,MAY26,2010,
88107175,Gandikota Ananya,IND,F,,,,1459,0,40,MAY26,2011,w
25773160,Ganesan M,IND,M,,,,1485,0,20,MAY26,2003,i
5091578,Ganesan S,IND,M,,,,1828,0,20,MAY26,1968,i
48793167,Ganesan V,IND,M,,,,1479,0,40,MAY26,2008,i
35090976,"Ganesan, Dhandapani",IND,M,,,,1503,0,20,MAY26,1979,i
5021880,"Ganesan, K.",IND,M,,,,1796,0,20,MAY26,1960,i
46639624,Ganesh Aravind N,IND,M,,,,1563,0,20,MAY26,2000,i
5086868,Ganesh Babu .R.K,IND,M,,,,1594,0,,MAY26,1985,
5029180,Ganesh Babu S,IND,M,,"FI,AO",,2053,0,20,MAY26,1989,i
25708937,Ganesh Bhaskar Mhamal,IND,M,,,,1497,0,20,MAY26,1980,i
33339023,Ganesh Chavan,IND,M,,,,1609,0,20,MAY26,1989,
5030307,Ganesh Deshpande,IND,M,,,,1831,0,20,MAY26,1975,i
48718785,Ganesh Gupta,IND,M,,,,1666,0,40,MAY26,2009,i
531034357,Ganesh J M,IND,M,,,,1422,0,40,MAY26,2013,
25131613,Ganesh Kamath,IND,M,,,,1688,9,20,MAY26,1981,
33308543,Ganesh Kumar Ch,IND,M,,,,1450,0,40,MAY26,2010,i
33458910,Ganesh Prabu,IND,M,,,,1532,0,20,MAY26,1983,i
45026173,Ganesh S,IND,M,,,,1515,0,20,MAY26,2004,i
25647628,Ganesh Sai Siddarth S,IND,M,,,,1623,0,40,MAY26,2009,i
558015256,Ganesh Senthilkumar,IND,M,,,,1649,0,20,MAY26,2007,
429041945,Ganesh Sree Chandra,IND,M,,,,1466,0,40,MAY26,2009,i
5037891,"Ganesh, R",IND,M,,,,2024,0,20,MAY26,1996,i
46646051,Gangadhar T,IND,M,,,,1597,0,20,MAY26,1978,i
564069320,Gangadhara Kini,IND,M,,,,1524,0,20,MAY26,1960,
33499063,Gangal Tanish,IND,M,,,,1484,0,40,MAY26,2013,i
46639470,Gangan Ashutosh,IND,M,,,,1787,0,20,MAY26,2000,i
366101243,"Gangani, Aarav",IND,M,,,,1651,7,,MAY26,2011,
25648063,Gangulwar Aarsh,IND,M,,,,1530,0,20,MAY26,2004,i
3479439,"Ganguly Ganguly, Priyank",IND,M,,,,1604,7,40,MAY26,2016,
25028529,"Ganguly, Ritabroto",IND,M,,,,1898,0,20,MAY26,2000,i
577010337,"Ganguly, Shubhangam",IND,M,,,,1421,0,40,MAY26,2018,
5002150,"Ganguly, Surya Shekhar",IND,M,GM,,,2491,0,10,MAY26,1983,
564043991,"Ganiga, Yash",IND,M,,,,1500,0,40,MAY26,2012,
46602070,Ganpule Utkarsh,IND,M,,,,1564,0,20,MAY26,2006,i
48741078,Gansh Abhishek Patil,IND,M,,,,1428,0,40,MAY26,2016,
33361975,Ganthi Meharaj,IND,M,,,,1568,0,20,MAY26,1999,i
46602089,Gaonkar Harsha,IND,M,,,,1666,0,20,MAY26,1970,
48774480,Garg Bhavy,IND,M,,,,1581,0,,MAY26,2011,
25612816,Garg Paraj,IND,M,,,,1459,0,40,MAY26,2008,i
537010328,Garg Pratyush,IND,M,,,,1496,0,40,MAY26,2013,
366095656,"Garg, Aditya",IND,M,,,,1408,0,20,MAY26,1990,
577023307,"Garg, Riddhansh",IND,M,,,,1470,7,40,MAY26,2017,
25934325,Gargi Khatri,IND,F,,,,1426,0,20,MAY26,2005,wi
25031422,Garima Gaurav,IND,F,,,,1755,0,20,MAY26,2004,wi
25147340,Garishith N,IND,M,,,,1470,0,20,MAY26,2007,i
25702874,Garneni Meghasamhitha,IND,F,,,,1458,0,40,MAY26,2008,wi
48719064,Garth Pande,IND,M,,,,1706,9,,MAY26,2011,
531052851,Garv Ajay Punjabi,IND,M,,,,1515,0,40,MAY26,2014,
33437211,Garv Devnani,IND,M,,,,1730,0,40,MAY26,2012,
45030839,Garv Gaur,IND,M,FM,,,2112,0,20,MAY26,2007,
537043536,Garv Kerketta,IND,M,,,,1510,0,40,MAY26,2012,
547078324,Garv Pant,IND,M,,,,1535,0,40,MAY26,2008,
577014120,Garv Parveen Kumar,IND,M,,,,1639,0,20,MAY26,2006,
35049593,Garv Rai,IND,M,,,,1988,9,20,MAY26,2007,
577021541,Garvik Bhardwaj,IND,M,,,,1534,0,40,MAY26,2014,
48753734,Garvit Jain,IND,M,,,,1611,0,40,MAY26,2015,
46660224,Garvit Kumar Kalra,IND,M,,,,1703,0,20,MAY26,2002,i
88185214,Gatik Vyas,IND,M,,,,1403,0,40,MAY26,2018,
45035636,Gaude Sachin,IND,M,,,,1671,0,20,MAY26,1995,i
46666699,Gaumit Kauts,IND,M,,,,1623,0,20,MAY26,2002,i
25691848,"Gaunkar,  Sidhiraj",IND,M,,,,1474,0,20,MAY26,2006,i
33397929,Gaurang Bhandari,IND,M,,,,1752,0,40,MAY26,2013,
25972944,Gaurang K Gharge,IND,M,,,,1472,0,40,MAY26,2009,
429094755,Gauransh Agrawal,IND,M,,,,1602,0,20,MAY26,2007,
88121941,Gauransh Jaiswal,IND,M,,,,1569,0,40,MAY26,2010,
429023475,Gauransh Puri,IND,M,,,,1473,0,40,MAY26,2011,i
558019308,Gauransh Tyagi,IND,M,,,,1444,0,40,MAY26,2011,
48790230,Gaurav B,IND,M,,,,1450,0,40,MAY26,2013,i
46605088,Gaurav Bharadwaj,IND,M,,,,1590,0,20,MAY26,1985,i
46605096,Gaurav Danu,IND,M,,,,1558,0,20,MAY26,1993,i
25660969,Gaurav Garg,IND,M,,NA,,1587,0,20,MAY26,1975,
558033211,Gaurav Hagawane,IND,M,,,,1632,0,20,MAY26,1999,
25045946,Gaurav Jain,IND,M,,,,1488,0,20,MAY26,2002,i
33489297,Gaurav Karthikeya Pasangulapati,IND,M,,,,1689,0,40,MAY26,2013,i
35057421,Gaurav Kumar (Mah),IND,M,,,,1599,0,20,MAY26,1990,i
46657428,Gaurav Nishad,IND,M,,,,1748,0,20,MAY26,1993,i
429031257,Gaurav Patil,IND,M,,,,1466,0,20,MAY26,2003,i
25033522,Gaurav Rajesh Zagade,IND,M,CM,,,2013,0,20,MAY26,2002,i
25765000,Gaurav Ramdev,IND,M,,,,1445,0,20,MAY26,1996,
35022539,Gaurav Sachin,IND,M,,,,1479,0,20,MAY26,1995,i
33332290,Gaurav Sadawartwale,IND,M,,,,1499,0,20,MAY26,1981,i
33435693,Gaurav Saini,IND,M,,,,1734,0,40,MAY26,2011,
35058096,Gaurav Sharma,IND,M,,NA,,1712,0,20,MAY26,1996,i
88195325,Gaurav Shree Behra,IND,M,,,,1510,0,40,MAY26,2010,
35089269,Gaurav Sood,IND,M,,,,1864,0,20,MAY26,2000,i
33390681,Gaurav Sudish Kumar,IND,M,,,,1570,0,20,MAY26,2005,i
35089277,Gaurav Tiwari,IND,M,,,,1620,0,20,MAY26,1997,i
558000143,Gauri Nithin,IND,F,,,,1407,0,40,MAY26,2018,w
25942379,Gauri Ravindra Umrao,IND,F,,,,1409,0,40,MAY26,2012,wi
25908480,Gauri Saraswat,IND,F,,,,1609,0,20,MAY26,2007,wi
5041350,"Gauri, Shankar",IND,M,IM,,,2188,0,20,MAY26,1992,i
577021223,Gaurish Khurana,IND,M,,,,1471,0,40,MAY26,2010,
5065194,Gautam Chakravarty,IND,M,,,,1592,0,20,MAY26,1971,
46630392,Gautam Kataria,IND,M,,FA,,1791,0,20,MAY26,2002,i
547020105,Gautam Sharma,IND,M,,,,1502,0,20,MAY26,2004,
25954512,Gautam Sujeet,IND,M,,,,1426,0,20,MAY26,1985,
25616714,Gautam Sunilkumar,IND,M,,,,1547,0,20,MAY26,2003,i
429025850,Gautam Suresh Pawar,IND,M,,,,1460,2,40,MAY26,2010,
366194968,"Gautam, Siddhant",IND,M,,,,1745,7,20,MAY26,2007,
48740896,Gautav Nakshath,IND,M,,,,1458,0,40,MAY26,2012,i
25939599,Gautham A,IND,M,,,,1701,8,40,MAY26,2010,
577010892,Gautham G P,IND,M,,,,1510,0,20,MAY26,2003,
25158066,Gautham P R,IND,M,,,,1449,0,40,MAY26,2010,i
33478309,Gautham Sudheer Kumar,IND,M,,,,1500,0,40,MAY26,2011,
33396850,Gauthamkrishna Karumathil,IND,M,,,,1524,0,40,MAY26,2010,i
25096435,Gavade Atharv,IND,M,,,,1618,0,20,MAY26,2005,i
25791419,Gavale Devang,IND,M,,,,1542,0,20,MAY26,2004,i
5032822,"Gavi, Siddayya",IND,M,,FI,,1929,0,20,MAY26,1980,
558045180,Gavireddy Siva Karthikeya,IND,M,,,,1460,0,40,MAY26,2014,
48790877,Gawade Kshitij,IND,M,,,,1681,7,,MAY26,2013,i
25666835,Gawade Shantanu,IND,M,,,,1494,0,20,MAY26,2006,i
25629794,Gawai Siddhant,IND,M,FM,,,1972,0,20,MAY26,2007,
25631519,Gawande Devanshi,IND,F,,,,1478,0,20,MAY26,2007,wi
25615394,Gawande Vishal,IND,M,,,,1587,0,20,MAY26,1994,i
25937707,Gawas Atharva Dattaram,IND,M,,,,1536,0,20,MAY26,2006,i
25793977,Gawas Rohit,IND,M,,,,1438,0,40,MAY26,2008,i
48779075,Gawas Rudra,IND,M,,,,1583,0,40,MAY26,2011,
88194094,Gawtham P,IND,M,,,,1550,0,40,MAY26,2010,i
25954539,Gayal Sarthak,IND,M,,,,1537,0,40,MAY26,2008,i
25926292,Gayathri V,IND,F,,,,1453,0,20,MAY26,2004,wi
429054109,Gayatri Lamba,IND,F,,,,1559,0,20,MAY26,2001,w
25043595,Gayatri U Panbude,IND,F,,FA,,1513,0,20,MAY26,2003,wi
25042238,Gayetri R,IND,F,,,,1693,0,20,MAY26,1998,wi
25081179,Geddada Ganesh,IND,M,,,,1426,0,20,MAY26,1982,
45020965,Geereddy Saketh Reddy,IND,M,,,,1507,0,20,MAY26,2002,i
88122972,Geerishram,IND,M,,,,1639,8,40,MAY26,2011,
531078338,Geet Nahata,IND,F,,,,1502,0,20,MAY26,2005,w
33431752,Geetansh Garg,IND,M,,,,1444,0,40,MAY26,2011,
25718436,Geetansh Seth,IND,M,,,,1551,0,40,MAY26,2008,
558059083,Geetansh Soni,IND,M,,,,1515,0,40,MAY26,2010,
25700219,Geetesh Mishra,IND,M,,,,1597,0,20,MAY26,1992,i
88131572,Geethika S,IND,F,,,,1443,0,40,MAY26,2013,wi
33427763,Geetika Kumari,IND,F,,,,1566,0,40,MAY26,2009,w
33396884,Genessa Deysarkar,IND,F,,,,1463,0,40,MAY26,2011,w
35094211,Genish Prakash J,IND,M,,,,1834,0,20,MAY26,2002,i
46622900,George A,IND,M,,,,1431,0,20,MAY26,2000,i
547000660,George James Vaikath,IND,M,,,,1515,0,40,MAY26,2015,
5058864,George K. Samuel,IND,M,,,,1456,0,20,MAY26,1968,i
564006549,George Thomas,IND,M,,,,1430,0,40,MAY26,2011,
45079048,Ghadai Abhisek,IND,M,,,,1410,0,20,MAY26,2007,
25696106,Ghadge Harsh,IND,M,,,,1895,0,40,MAY26,2009,
33331090,Ghagargunde Arihan,IND,M,,,,1496,0,40,MAY26,2013,
531071309,Ghanekar Aditya Abhijit,IND,M,,,,1604,10,40,MAY26,2016,
25054880,Ghanekar Ramesh,IND,M,,,,1590,0,20,MAY26,1942,i
45048754,Ghanwat Abhaysinh,IND,M,,,,1473,3,20,MAY26,2002,
35059360,Ghate Rajanikant,IND,M,,,,1692,0,20,MAY26,1992,i
25974599,Ghate Siddhant,IND,M,,,,1617,0,20,MAY26,2007,i
35041541,Ghelani Dhairya,IND,M,,,,1941,0,20,MAY26,2005,i
45053871,Ghelani Parin P,IND,M,,,,1501,0,20,MAY26,1997,i
25625470,Ghiri Vaasan,IND,M,,,,1465,0,20,MAY26,2005,i
35056590,Ghoderao Sunil P,IND,M,,,,1557,0,20,MAY26,1970,i
45001294,Ghodke Atharva Sunil,IND,M,,,,1555,0,20,MAY26,2003,
45035156,Ghodke Vinayak,IND,M,,,,1539,0,20,MAY26,1988,i
25148117,Ghodmare Ved,IND,M,,,,1504,0,40,MAY26,2009,i
531012817,Gholap Prisha,IND,F,,,,1588,0,,MAY26,2015,w
531012361,Gholap Pritesh,IND,M,,,,1421,0,40,MAY26,2016,
35037986,Ghorghate Sahil,IND,M,,,,1589,0,20,MAY26,2000,
46645497,Ghorpade Shreyas,IND,M,,,,1726,0,20,MAY26,1998,i
46682422,Ghorpade Yash,IND,M,,,,1497,0,20,MAY26,2001,i
46673270,Ghose Rahul,IND,M,,,,1795,0,20,MAY26,1987,
5094003,Ghosh Samriddhaa,IND,F,,,,1889,0,20,MAY26,2002,wi
577010191,"Ghosh, Arijit",IND,M,,,,1437,0,40,MAY26,2013,
5045207,"Ghosh, Diptayan",IND,M,GM,,,2529,23,10,MAY26,1998,
366100120,"Ghosh, Kounish",IND,M,,,,1428,0,,MAY26,2018,
429078580,Ghritakshi Lalwani,IND,F,,,,1615,5,40,MAY26,2016,w
531060757,Giansh Preet Singh Oberoi,IND,M,,,,1458,8,40,MAY26,2013,
88173569,Giddal Sharon Blessy,IND,F,,,,1502,0,,MAY26,2015,w
25068067,"Giram, Vishal",IND,M,,,,1516,0,20,MAY26,1986,
35005090,Girdhar Lal Deshmukh,IND,M,,,,1690,0,20,MAY26,1984,i
5007399,"Gireesh, P.V.",IND,M,,,,1992,0,20,MAY26,1974,i
5043794,"Gireman, Ja",IND,M,FM,,,2225,0,20,MAY26,1997,
531016529,Giri Akash Rajendra,IND,M,,,,1473,0,20,MAY26,1995,i
25717960,Giridhar A,IND,M,,,,1716,0,40,MAY26,2008,
25799053,Giridharan M,IND,M,,NI,,1546,0,20,MAY26,1970,i
531077358,Girigoswami Vikas Gajendra,IND,M,,,,1573,0,20,MAY26,2002,i
531005861,Girijanandan Jangala,IND,M,,,,1434,0,40,MAY26,2017,
531002382,Girik Gupta,IND,M,,,,1458,9,40,MAY26,2012,
25054279,Girinath B S,IND,M,,NA,,1781,0,20,MAY26,1999,i
5000572,"Girinath, P.D.S.",IND,M,IM,,,2369,0,20,MAY26,1968,i
46656316,Girish G,IND,M,,,,1560,0,20,MAY26,2002,i
25111280,Girish Gopinathrao Bodle,IND,M,,,,1538,0,20,MAY26,1982,i
537025384,Girish Kulkarni,IND,M,,,,1721,0,20,MAY26,1974,
558063552,Girish Shetty,IND,M,,,,1417,9,20,MAY26,1999,
5038448,"Girish, A. Koushik",IND,M,GM,,,2398,0,20,MAY26,1997,i
5031206,"Girish, Chandra Gupta",IND,M,,,,1944,0,20,MAY26,1983,i
48714194,Gitansh Phogat,IND,M,,,,1669,0,40,MAY26,2010,
429058090,Gitanshu Jaiswal,IND,M,,,,1450,0,20,MAY26,2006,
547094672,Gitartha Jnyanam Deka,IND,M,,,,1462,0,40,MAY26,2014,
25170309,Gitesh Ram Sagekar,IND,M,,,,1493,0,40,MAY26,2013,
25924559,Glenn David,IND,M,,,,1414,0,20,MAY26,2007,i
48743275,Gnana Ganesh Sivakumar,IND,M,,,,1461,0,20,MAY26,1999,i
46673806,Gnana Guru Rajan Babu,IND,M,,,,1507,0,,MAY26,1994,
25042246,Gnana Prasanth K K,IND,M,,,,1559,0,20,MAY26,1988,i
25701550,Gnana Prasoon Patnaik B,IND,M,,,,1475,0,40,MAY26,2008,i
33454736,Gnana Revanth Potu,IND,M,,,,1549,0,20,MAY26,2001,
25106740,Gnana Satya Balaji M,IND,M,,,,1494,0,40,MAY26,2009,i
35062115,Gnanasabesan G,IND,M,,,,1631,0,20,MAY26,2005,i
88150950,Gnapika Reddy G,IND,F,,,,1466,0,40,MAY26,2013,w
25103997,Gobiha S,IND,F,,,,1468,0,20,MAY26,2006,wi
35099736,Godbole Sachin,IND,M,,,,1677,0,20,MAY26,1974,i
25048058,Godbole Shantanu,IND,M,,,,1723,0,20,MAY26,1997,i
5085764,"Godbole, Amar",IND,M,,,,1690,0,,MAY26,1987,i
5059550,"Godbole, Atharva",IND,M,,IA,,2109,0,20,MAY26,1996,i
33324441,Goddeti Hima Tejaswini,IND,F,,,,1781,0,,MAY26,2010,w
25641093,Godhani Maharth,IND,M,,,,1732,0,40,MAY26,2010,
25664468,Godse Anish,IND,M,,,,1645,0,20,MAY26,2004,i
35094114,Godson Merlin E,IND,M,,,,1757,0,20,MAY26,1999,i
46616535,Goel Pratyaksh,IND,M,,,,1776,0,20,MAY26,2006,i
577040104,"Goel, Parth",IND,M,,,,1488,8,40,MAY26,2013,
374095866,"Goel, Pranshu",IND,M,,,,1498,0,,MAY26,2010,i
146241798,"Goel, Vivan",IND,M,,,,1600,0,,MAY26,2010,
5021375,"Goenka, Saumya Sanjay",IND,M,,,,1888,0,20,MAY26,1996,i
46637885,Gogate Yash,IND,M,,,,1523,0,20,MAY26,2004,i
558064672,Gogawale Nihal Ashish,IND,M,,,,1515,0,40,MAY26,2012,
45092567,"Gogte, Soumil",IND,M,,,,1717,0,20,MAY26,2006,
25666851,Gohad Niranjan,IND,M,,,,1416,0,20,MAY26,2005,i
564047199,"Gohar, Alvis Barrow",IND,M,,,,1906,0,20,MAY26,2005,
531076297,Gohil Ansh Bipinbhai,IND,M,,,,1574,0,40,MAY26,2014,
46671064,Gohil Vishal,IND,M,,,,1710,7,20,MAY26,1996,
537000640,Gokarna Sunil Auti,IND,M,,,,1450,0,,MAY26,2013,
35007416,Gokhale Rishabh Chandrashekhar,IND,M,,,,1909,0,20,MAY26,2005,i
5001315,"Gokhale, Chandrashekhar",IND,M,IM,,,2168,0,20,MAY26,1974,i
5044740,"Gokhale, Niranjan",IND,M,,,,1987,0,20,MAY26,1983,i
5000807,"Gokhale, Raghunandan V",IND,M,CM,,,1988,0,20,MAY26,1957,i
25725513,Gokul G,IND,M,CM,,,2031,9,40,MAY26,2011,
25963090,Gokul G,IND,M,,,,1544,0,20,MAY26,2004,i
531018416,Gokul K,IND,M,,,,1575,0,40,MAY26,2012,
25935500,Gokul Krishna S,IND,M,,,,1911,9,20,MAY26,2007,
88102718,Gokul Krishna Sajin Resmy,IND,M,,,,1420,0,,MAY26,2014,
88145573,Gokul Kumar,IND,M,,,,1429,0,20,MAY26,2000,i
531048587,Gokul Nandan Reddy Bhumireddy,IND,M,,,,1565,0,,MAY26,2017,
48730149,Gokul P,IND,M,,,,1600,0,20,MAY26,1998,
48735396,Gokul Ram,IND,M,,,,1494,0,40,MAY26,2010,i
25987453,Gokul Ramesh,IND,M,,,,1716,8,40,MAY26,2012,
25643398,Gokul Ravichandran,IND,M,,,,1596,0,20,MAY26,2006,i
35053370,Gokul Sathyan,IND,M,,,,1722,0,20,MAY26,2003,i
537014129,Gokul Satvik Pilla,IND,M,,,,1499,0,40,MAY26,2015,
35011995,Gokul U,IND,M,,,,1618,0,20,MAY26,2001,i
35040014,"Gokul, S",IND,M,,,,1725,0,20,MAY26,2001,i
5047986,"Gokula Krishnan, P",IND,M,,,,1692,0,20,MAY26,1988,i
46639640,Gokula Vishnu R,IND,M,,NA,,1941,28,20,MAY26,2006,
537077341,Gokulan Dhatchinamoorthy,IND,M,,,,1557,0,20,MAY26,1993,i
46654801,Gokulavasanthan M R,IND,M,,,,1602,0,20,MAY26,2000,i
547044993,Gokulnath S,IND,M,,,,1473,0,40,MAY26,2015,
21601216,Gokulraam sankar,IND,M,,,,1910,0,,MAY26,2011,
35039954,Gokulraj K,IND,M,,,,1772,0,20,MAY26,2001,i
25605941,Gokulvas M,IND,M,,,,1657,9,20,MAY26,2006,
429033845,Golamari Lokasai Hanshith Reddy,IND,M,,,,1449,0,,MAY26,2012,
25612840,Golatkar Aditya,IND,M,,,,1679,0,,MAY26,1997,
25011081,"Gole, Vaishnavi",IND,F,,,,1530,0,20,MAY26,2000,wi
33478929,Golla Manvith,IND,M,,,,1401,0,,MAY26,2010,i
537062395,Golla Rohith G,IND,M,,,,1527,0,40,MAY26,2010,
25928384,Gollakaram Vishnu Sri Vardhan,IND,M,,,,1515,0,20,MAY26,2000,i
33301891,Gomathi Nayagam S R,IND,M,,,,1464,0,20,MAY26,2006,i
5013623,"Gomes, Mary Ann",IND,F,WGM,WGM,,2048,0,20,MAY26,1989,wi
88113167,Gondalia Abhishek,IND,M,,,,1426,8,40,MAY26,1984,
35035428,Gonsalves Jayden,IND,M,,,,1464,0,20,MAY26,2005,i
25024744,Gopakumar K S,IND,M,,,,1823,0,20,MAY26,1972,i
5058287,Gopakumar M S,IND,M,,,,1787,0,20,MAY26,1981,i
35098411,Gopakumar P K,IND,M,,,,1740,0,20,MAY26,1988,i
5015693,Gopal G.N.,IND,M,GM,,,2511,0,10,MAY26,1989,i
25921592,Gopal Jha,IND,M,,,,1451,0,,MAY26,1988,
558069020,Gopal Krishna Behera,IND,M,,,,1468,0,40,MAY26,2011,
25174738,Gopal Krishna Maheshwari,IND,M,,,,2114,0,,MAY26,2007,
429062608,Gopal Mundhra,IND,M,,,,1515,0,40,MAY26,2010,
25654322,Gopal Rao P V,IND,M,,,,1544,0,20,MAY26,1973,i
5018811,Gopal Rathod,IND,M,,,,2120,0,20,MAY26,1979,i
5011809,Gopal Shah,IND,M,,,,1756,0,20,MAY26,1948,i
48716561,Gopal Upadhyay,IND,M,,,,1426,0,20,MAY26,2002,i
5001447,"Gopal, K.N.",IND,M,CM,,,2027,0,20,MAY26,1971,i
25920421,Gopala Krishnan M,IND,M,,,,1606,0,20,MAY26,2007,i
25949012,Gopalakrishnan G,IND,M,,,,1622,7,40,MAY26,2008,
88125343,Gopalsamy Muthiah,IND,M,,,,1411,0,20,MAY26,1985,i
45045020,Gopi Krishna Saravanan,IND,M,,,,1849,0,20,MAY26,2005,i
25116088,Gopi M,IND,M,,,,1575,6,20,MAY26,2000,
45073775,Gopi R,IND,M,,,,1559,0,20,MAY26,2000,i
25938843,Gopi Rupesh Sachin N,IND,M,,,,1662,0,20,MAY26,2005,i
46647724,Gopichand K,IND,M,,,,1596,0,20,MAY26,1981,i
33474885,Gopika M,IND,F,,,,1783,0,20,MAY26,2007,wi
25605950,Gopika Veeraselvam,IND,F,,NA,,1481,0,20,MAY26,2005,wi
25007920,"Gopikrishna, N.",IND,M,,,,1781,0,,MAY26,1979,i
5098262,Gopinadh M,IND,M,,FA,,1894,0,20,MAY26,1991,i
25082191,Gopinath M,IND,M,,,,1554,0,,MAY26,1999,i
35019074,Gopinath P,IND,M,,,,1741,0,20,MAY26,1998,
48791180,Gopinath Venkatesan,IND,M,,,,1435,4,40,MAY26,2011,
537070363,Gopireddy Vikranth Reddy,IND,M,,,,1423,0,,MAY26,2012,
88147401,Goranksh Khandelwal,IND,M,,,,1418,0,,MAY26,2016,
429023505,Goransh Goyal,IND,M,,,,1767,0,,MAY26,2010,
25181297,Gore Nishad,IND,M,,,,1611,0,40,MAY26,2011,i
88186385,Gore Purvesh Manoj,IND,M,,,,1427,0,,MAY26,2013,i
45001308,Gore Swapnil,IND,M,,,,1564,0,20,MAY26,2005,i
531009514,Goriparthi Mohan Gangadhara Rao,IND,M,,,,1455,0,20,MAY26,1992,i
25989340,Gorli Nyna,IND,F,,,,1806,0,,MAY26,2011,w
429024390,Gorumanthula Revik Vardhan,IND,M,,,,1498,0,20,MAY26,2003,
25994344,Gosar Megh Dhiren,IND,M,,,,1517,0,40,MAY26,2008,
25716000,Gosavi Vinay,IND,M,,,,1570,0,20,MAY26,1995,i
46628347,Goswami Dinesh,IND,M,,,,1650,7,20,MAY26,1972,
46625780,Goswami Dr.Arvind,IND,M,,,,1536,0,20,MAY26,1953,
25099850,Goswami Sagargiri,IND,M,,,,1771,8,20,MAY26,1996,
5003725,"Goswami, Vedant",IND,M,FM,FT,,2011,0,20,MAY26,1973,i
25714783,Gote Kaustubh,IND,M,,,,1484,0,20,MAY26,2004,i
45040168,Gothi Sahil,IND,M,,,,1497,0,20,MAY26,2005,i
25605666,Gotmare Anant,IND,M,,,,1530,0,20,MAY26,2005,i
45053898,Gotmare Mrinmayi,IND,F,,,,1486,0,20,MAY26,2003,wi
531005756,Gottipati Saketh Nandan,IND,M,,,,1451,0,,MAY26,2011,
5013828,Goura Hari Mohapatra,IND,M,,,,1911,0,20,MAY26,1972,i
537018574,Gourab Chakraborty,IND,M,,NA,,1499,0,20,MAY26,2000,i
429098890,Gourab Ghosh,IND,M,,,,1557,0,20,MAY26,2003,
25623966,Gouranga Sonowal,IND,M,,,,1738,0,20,MAY26,2003,
531070663,Gourango Biswas,IND,M,,,,1489,0,40,MAY26,2008,
33337179,Gouransh Sharma,IND,M,,,,1872,7,40,MAY26,2009,
46628355,Gourav Barik,IND,M,,,,1724,0,20,MAY26,2000,i
25628330,Gourav Nigam,IND,M,,,,1942,0,20,MAY26,2002,
35005111,Goutam Das,IND,M,,,,1689,0,20,MAY26,1984,i
35076213,Goutam De,IND,M,,,,1805,6,20,MAY26,1960,
531036589,Goutam Gireesh Koppal,IND,M,,,,1566,0,40,MAY26,2010,
48724530,Goutam S,IND,M,,,,1518,0,40,MAY26,2011,i
5098599,Goutam Sen,IND,M,,NA,,1790,0,20,MAY26,1964,i
25116592,Goutham Gopinath,IND,M,,,,1476,0,20,MAY26,1978,i
25983504,Goutham Krishna H,IND,M,IM,,,2485,19,10,MAY26,2010,
33384134,Goutham Ramesh,IND,M,,,,1751,9,40,MAY26,2012,
25022636,Gouthaman A M,IND,M,,,,1647,0,20,MAY26,1996,i
46600418,Govardhan Mitra P,IND,M,,,,1615,0,20,MAY26,1998,i
45027595,Govekar Dhananjay,IND,M,,,,1593,0,20,MAY26,1984,i
25773950,Govekar Nidhish Ashish,IND,M,,,,1482,0,20,MAY26,2005,i
25691040,Govind Anuj Kumar,IND,M,,,,1573,0,20,MAY26,2002,i
48788007,Govind Arun,IND,M,,,,1458,0,40,MAY26,2010,i
35057430,Govind Naresh Prabhu,IND,M,,,,1839,0,20,MAY26,1982,i
88128598,Govind Sharma,IND,M,,,,1463,0,20,MAY26,2005,
33483922,Govind V,IND,M,,,,1432,0,,MAY26,2011,i
5029597,"Govind, Kumar",IND,M,,,,1792,0,20,MAY26,1990,
5066930,"Govind, Prabhu",IND,M,,,,1662,10,20,MAY26,1995,
46633570,Govindaraju Kandipalli,IND,M,,,,1686,0,,MAY26,1976,
33473544,Gowrav Venkat T,IND,M,,,,1522,0,,MAY26,2009,
25083252,Gowri Karthikeyan,IND,M,,,,1542,0,20,MAY26,1990,
35004395,Gowri Shankar A,IND,M,,,,1522,0,20,MAY26,1972,
33458634,Gowrishankar Jayaraj,IND,M,CM,,,1855,0,40,MAY26,2009,
5009634,Gowtam J K,IND,M,,,,1821,0,20,MAY26,1969,i
35004409,Gowtham A,IND,M,,,,1590,0,20,MAY26,1992,i
45024618,Gowtham Arul Dass,IND,M,,,,1461,0,,MAY26,1998,
25929925,Gowtham B,IND,M,,,,1664,0,20,MAY26,2006,i
25680579,Gowtham Boni,IND,M,,,,1593,0,20,MAY26,2004,i
25159895,Gowtham Dhileepan S,IND,M,,,,1555,0,,MAY26,2009,i
88125092,Gowtham E M,IND,M,,,,1455,0,20,MAY26,1990,i
45097100,Gowtham Ramamoorthy,IND,M,,,,1597,0,40,MAY26,2008,i
46600914,Gowtham S,IND,M,,,,1491,0,20,MAY26,1996,i
45090807,Gowtham S G,IND,M,,,,1596,0,20,MAY26,2006,
25054295,Gowtham T S,IND,M,,NA,,1591,0,20,MAY26,2005,i
5096545,"Gowtham, K K",IND,M,,NA,,1916,0,20,MAY26,1995,
45017514,Goyal Devansh,IND,M,,,,1460,0,20,MAY26,2004,i
531075789,Goyal Raghav,IND,M,,,,1628,0,20,MAY26,2004,i
48790893,Goyal Vivaan,IND,M,,,,1442,0,40,MAY26,2016,
5075831,"Goyal, Arunima",IND,F,,,,1777,0,20,MAY26,1997,wi
564031438,"Goyal, Lavya",IND,M,,,,1498,7,40,MAY26,2012,
564072304,"Goyal, Manik",IND,M,,,,1452,0,40,MAY26,2012,
25931946,Graceson Raj R,IND,M,,,,1566,9,40,MAY26,2007,
5084555,Grahesh Y,IND,M,,,,2083,0,20,MAY26,2000,i
25179411,Granthik Mallick,IND,M,,,,1641,8,40,MAY26,2010,
45059900,Greeshma Anand Dhumal,IND,F,WFM,WFM,,1888,0,20,MAY26,2003,wi
88132447,Grihith Mahesh Jatakanamane,IND,M,,,,1553,0,40,MAY26,2009,
48748056,Gritav Manish Shahane,IND,M,,,,1547,0,40,MAY26,2012,i
88162494,Grithiek Roshan M,IND,M,,,,1500,0,40,MAY26,2014,
45049068,Grover Rudraksh,IND,M,,,,1424,0,20,MAY26,2004,i
5021103,"Grover, Sahaj",IND,M,GM,,,2421,0,10,MAY26,1995,i
564063569,"Grover, Vihaan",IND,M,,,,1460,4,40,MAY26,2013,
547030682,Gudelli Abjayoth,IND,M,,,,1534,0,40,MAY26,2011,
46675639,Gudhka Harsh,IND,M,,,,1531,0,20,MAY26,2000,i
25967711,Gudimetla Navaneeth Reddy,IND,M,,,,1563,0,40,MAY26,2009,i
48719897,Gudiseva Charan Sai,IND,M,,,,1574,0,40,MAY26,2012,i
366099486,"Gugadi, Yagnesh",IND,M,,,,1559,0,,MAY26,2016,
45092931,Gugan G,IND,M,,,,1974,0,20,MAY26,2004,i
33407940,Guhan Nelamangala Harsha,IND,M,,,,1614,0,40,MAY26,2011,i
35012010,Guhan Ram Shankar,IND,M,,,,1793,0,20,MAY26,2000,i
46616543,Gukesh D,IND,M,GM,,,2646,0,10,MAY26,2006,
564063500,"Gulati, Anhad",IND,M,,,,1446,3,40,MAY26,2014,
35050028,Gulshan Batra,IND,M,,,,1464,0,20,MAY26,1973,i
35076566,"Guna Sekhar, G (Chittoor)",IND,M,,,,1517,0,20,MAY26,1981,i
45013489,Guna V,IND,M,,,,1508,0,20,MAY26,2003,
5009197,"Gunasekaran, K.",IND,M,FM,,,2044,0,20,MAY26,1976,i
558033785,Gundla Thanish,IND,M,,,,1431,0,,MAY26,2011,
25089080,Gunin Malik,IND,M,,,,1539,0,,MAY26,2002,i
564011518,Gunit Somai,IND,M,,,,1485,10,40,MAY26,2012,
429044200,Gunjan Aatreya,IND,M,,,,1425,0,,MAY26,2012,i
33335494,Gunjan Dewangan,IND,M,,,,1492,0,20,MAY26,2003,
558049215,Gunjan Pal,IND,F,,,,1418,0,40,MAY26,2013,w
547007044,Gunmay Panigrahi,IND,M,,,,1502,0,40,MAY26,2016,
547035684,Guntamadugu Shanwik Raju,IND,M,,,,1460,0,40,MAY26,2020,
531072798,Gunwant Sahu,IND,M,,,,1641,0,40,MAY26,2012,
33416141,Gupta Aadvik,IND,M,,,,1490,2,40,MAY26,2014,
25075608,Gupta Aakarsh,IND,M,,,,1495,0,20,MAY26,2004,i
48764302,Gupta Aarav,IND,M,,,,1674,9,40,MAY26,2013,
45059942,Gupta Aashita,IND,F,,,,1474,0,20,MAY26,2006,wi
25076299,Gupta Aditya K.,IND,M,,,,1414,0,20,MAY26,1992,
46686134,Gupta Ananya Vikas,IND,F,,,,1468,0,,MAY26,2005,wi
33436584,Gupta Anish,IND,M,,,,1518,0,40,MAY26,2010,i
45027609,Gupta Arnav,IND,M,,,,1543,0,20,MAY26,2000,i
5077893,Gupta Dinesh,IND,M,,,,1795,0,20,MAY26,1972,i
46686142,Gupta Eshaan,IND,M,,,,1473,0,,MAY26,2003,i
25658166,Gupta Mahendra,IND,M,,,,1406,0,20,MAY26,1987,i
48792756,Gupta Manomay,IND,M,,,,1567,0,,MAY26,2012,
45069697,Gupta Mayur A,IND,M,,,,1662,0,20,MAY26,1996,
25697773,Gupta Nikhil,IND,M,,,,1699,0,20,MAY26,1995,i
33359504,Gupta Pratham Arpit,IND,M,,,,1569,0,40,MAY26,2008,i
5045444,Gupta R K,IND,M,,,,1557,0,20,MAY26,1941,
25076345,Gupta Sandeep K.,IND,M,,,,1634,0,20,MAY26,1995,
45075700,Gupta Sandeep Kumar,IND,M,,,,1807,0,20,MAY26,1971,i
25075624,Gupta Shailendra,IND,M,,,,1662,0,20,MAY26,1982,i
25747550,Gupta Srishti,IND,F,,,,1428,0,20,MAY26,2006,w
35020161,Gupta Sumeet Kailash,IND,M,,,,1517,0,20,MAY26,1985,i
35056646,Gupta Tanish,IND,M,,,,1600,8,20,MAY26,2004,
429065607,Gupta Vihaan Kamalkant,IND,M,,,,1478,0,40,MAY26,2010,
88192539,Gupta Vyom,IND,M,,,,1443,0,40,MAY26,2011,i
5010608,"Gupta, Abhijeet",IND,M,GM,,,2528,8,10,MAY26,1989,
5042631,"Gupta, Arpit",IND,M,,,,1842,0,20,MAY26,1995,i
366126912,"Gupta, Atharv",IND,M,,,,1647,0,,MAY26,2007,i
5077354,"Gupta, Atit",IND,M,,,,1860,0,20,MAY26,1994,i
577055276,"Gupta, Ayansh",IND,M,,,,1455,7,40,MAY26,2013,
25027271,"Gupta, Jitendra",IND,M,,,,1504,0,,MAY26,1987,
564076970,"Gupta, Maanas",IND,M,,,,1488,0,40,MAY26,2015,
25011537,"Gupta, Niti",IND,F,,,,1614,0,,MAY26,1991,wi
5048141,"Gupta, Rajesh R.S.",IND,M,,,,1695,0,20,MAY26,1986,
366194977,"Gupta, Riaan",IND,M,,,,1534,0,,MAY26,2010,i
577028473,"Gupta, Shourya",IND,M,,,,1459,8,40,MAY26,2012,
366099931,"Gupta, Shubham",IND,M,,,,1693,0,,MAY26,2006,
25017306,"Gupta, Siddharth",IND,M,,,,1517,0,20,MAY26,1996,i
48787493,"Gupta, Yogesh Kumar",IND,M,,,,1593,0,,MAY26,2005,
25697781,Gupte Aradhya,IND,M,,,,1681,0,20,MAY26,1996,i
33383367,Guransh Chawla,IND,M,,,,1530,0,,MAY26,2011,
46686908,Gurav Sanmil,IND,M,,,,1691,0,20,MAY26,2005,i
25081195,Gurbaxeesh Singh,IND,M,,,,1788,0,20,MAY26,1983,i
25096923,Gurleen Chawla,IND,F,,,,1664,0,20,MAY26,2000,wi
48710865,Gurmaan Singh,IND,M,,,,1764,0,40,MAY26,2012,
558075534,Gurmanpreet Singh Sidhu,IND,M,,,,1468,0,,MAY26,2012,
33382409,Gurmehar Singh,IND,M,,,,1660,0,40,MAY26,2009,i
547069244,Gurpreet Singh Gill,IND,M,,,,1598,0,20,MAY26,1983,
5014433,"Gurpreet, Singh Maras",IND,M,,,,2255,0,20,MAY26,1987,i
558033815,Gurram Rishi Raj,IND,M,,,,1477,0,40,MAY26,2012,
88159612,Gurrapu Vidhyadhan,IND,M,,,,1490,5,40,MAY26,2012,
25049283,Gurromkonda Tarosh,IND,M,,,,1501,0,20,MAY26,2002,i
48752240,Gurshabad Singh,IND,M,,,,1688,0,40,MAY26,2009,
35010557,Gursimar Singh Arneja,IND,M,,,,1863,0,,MAY26,2001,i
547080345,Gurtej Singh Chhabra,IND,M,,,,1407,0,40,MAY26,2012,
25618199,Guru Dayal Prajapati,IND,M,,"FI,IA",,1519,0,20,MAY26,1987,i
25138316,Guru Prakash,IND,M,,,,1851,0,40,MAY26,2008,
35094521,Guru Sabari TS,IND,M,,,,1679,0,,MAY26,2000,i
531013449,Guruansh Singh Bagga,IND,M,,,,1408,0,40,MAY26,2009,i
25975340,Gurubaran Raghuraman,IND,M,,,,1965,9,40,MAY26,2013,
48746886,Gurucharan Bhole,IND,M,,,,1449,0,40,MAY26,2013,
88150011,Gurucharan M,IND,M,,,,1402,0,40,MAY26,2013,i
33412847,Gurudasani Arun,IND,M,,,,1432,0,20,MAY26,1999,i
33399395,Gurudeep S Mathad,IND,M,,,,1615,0,40,MAY26,2009,i
429088747,Gurudharshan S,IND,M,,,,1421,0,40,MAY26,2010,
547088532,Gurudharsini Ganesan,IND,F,,,,1485,0,40,MAY26,2011,w
25930761,Gurukrithika Sakthivel,IND,F,,,,1512,0,20,MAY26,2002,wi
429053242,Gurunath Jagannath Pai,IND,M,,,,1435,0,20,MAY26,1982,i
531011594,Gurunathan Parthiban,IND,M,,,,1423,0,40,MAY26,2012,
35033972,Gurung Rohit,IND,M,,,,1899,0,20,MAY26,1999,
45059950,Gurung Tushar,IND,M,,,,1484,0,20,MAY26,2003,i
35015117,"Gurung, Rahul",IND,M,,,,2008,0,20,MAY26,2002,
25176137,Gurupada Das,IND,M,,,,1651,0,20,MAY26,1989,
547099003,Guruprakash M V,IND,M,,,,1603,7,40,MAY26,2008,
33340277,Gurupranav P,IND,M,,,,1484,0,40,MAY26,2013,
33474630,Guruprasath S,IND,M,,,,1454,0,40,MAY26,2009,i
33371628,Gurupreet Singh Manchinda,IND,M,,,,1466,0,20,MAY26,1983,
429088739,Gurupriyan S,IND,M,,,,1413,0,40,MAY26,2010,
429085390,Gururaj Kharvi,IND,M,,,,1482,0,20,MAY26,1993,i
25156179,Gururaja K V,IND,M,,,,1472,0,20,MAY26,1977,
5033225,"Gurusamy, R.",IND,M,,,,2000,0,20,MAY26,1951,i
48731722,Gurusharan P,IND,M,,,,1486,0,40,MAY26,2013,i
48718360,Guruttam Borah,IND,M,,,,1451,0,40,MAY26,2010,i
5033861,"Gusain, Himal",IND,M,IM,,,2198,0,20,MAY26,1993,
5009910,Guttula Balaji,IND,M,FM,,,2231,0,20,MAY26,1979,i
25167855,Gyan Rishi,IND,M,,,,1417,9,40,MAY26,2011,i
429004551,Gyan Satish Sheregar,IND,M,,,,1530,0,40,MAY26,2016,
25980050,Gyana Ranjan Parida,IND,M,,,,1426,0,20,MAY26,1986,
25611135,Gyana Sai Santhosh M,IND,M,,,,1895,0,40,MAY26,2008,
88131815,Gyanam Dutta,IND,M,,,,1577,0,40,MAY26,2013,i
537041010,Haardik Vashishth,IND,M,,,,1474,0,40,MAY26,2011,
33468311,Haaziq S,IND,M,,,,1612,0,40,MAY26,2012,i
5013283,"HabibSameer, Ahmed G.",IND,M,,,,1810,0,,MAY26,1993,
46648305,Habibur Rahman,IND,M,,,,1593,0,20,MAY26,1992,
25034227,Hada Nancy,IND,F,,,,1599,0,20,MAY26,1996,wi
25765566,Hadagal Swapnil,IND,M,,,,1518,0,20,MAY26,1997,i
25995464,Hade Shantanu,IND,M,,,,1474,6,20,MAY26,2006,
531092004,HADI BANDA,IND,M,,,,1444,0,40,MAY26,2010,
146241591,"Hadimani, Anoop",IND,M,,,,1637,0,20,MAY26,2004,i
88118096,Hafiz Manaf,IND,M,,,,1453,0,40,MAY26,2012,i
531061958,Hage Koyang,IND,M,,,,1592,0,20,MAY26,1963,
25036840,Hage Lasa Nado,IND,M,,,,1685,0,20,MAY26,1977,
366127437,"Haider, Armaan",IND,M,,,,1627,0,,MAY26,2009,i
25075640,Haikam Mengise,IND,M,,NA,,1675,0,20,MAY26,1980,i
558075682,Hairinpreet Singh,IND,M,,,,1435,0,40,MAY26,2015,
33422435,Hakesh Taroon C,IND,M,,,,1595,13,40,MAY26,2010,
48789593,Halbhavi Pranav Sanjay,IND,M,,,,1467,0,20,MAY26,2000,i
5005132,"Haldar, Ajoy",IND,M,,,,1896,0,20,MAY26,1966,i
33436800,Haldiya Pulak Banerjee,IND,M,,,,1515,0,20,MAY26,2007,i
45081948,Halkude Aryan,IND,M,,,,1527,0,20,MAY26,2005,i
46636510,Hambarde Saksham Dinkar,IND,M,,,,1437,0,40,MAY26,2008,
46600043,"Hambarde, Dinkar",IND,M,,NA,,1604,0,20,MAY26,1976,
33315167,Hameed Yousuf S G,IND,M,,,,1481,0,40,MAY26,2011,i
35089307,Hamendra Singh Makwana,IND,M,,,,1605,0,20,MAY26,1991,
88167801,Hamilton Fernandes,IND,M,,,,1597,0,20,MAY26,1981,i
547002999,Hamiz S,IND,M,,,,1486,0,40,MAY26,2009,i
25105264,Hamza Razak A M,IND,M,,,,1482,0,20,MAY26,2005,i
88124312,Hana N Sandeep,IND,F,,,,1419,8,40,MAY26,2013,w
531063314,Hanahaga Gulsan,IND,M,,,,1430,0,20,MAY26,1996,
46672079,Handa Shivam,IND,M,,,,1590,0,20,MAY26,2001,i
25094300,Hande Ajit,IND,M,,,,1719,0,20,MAY26,1999,i
429039096,Haneesh Prathyay Patnaikuni,IND,M,,,,1550,0,40,MAY26,2016,
45088667,Haniah Zainab Manipady,IND,F,,,,1475,0,20,MAY26,2001,w
429072930,Hanish Karthikeya Pampana,IND,M,,,,1417,0,40,MAY26,2012,
577019628,"Hansda, Mayuresh",IND,M,,,,1514,9,40,MAY26,2013,
33377545,Hanshit T,IND,M,,,,1500,0,,MAY26,2012,i
531080251,Hansin S Karun,IND,M,,,,1471,0,40,MAY26,2013,
46659870,Hanumantha Reddy Naradla,IND,M,,,,1708,0,20,MAY26,1977,i
5028043,"Hanumantha, R.",IND,M,,,,1791,0,,MAY26,1959,i
25186388,Hanya Shah,IND,F,WCM,WCM,,1845,0,40,MAY26,2012,w
5044758,"Hapse, Shreyas",IND,M,,NI,,1639,0,20,MAY26,1992,
25014188,Haque Minhajul,IND,M,,,,1935,0,,MAY26,1991,i
5083656,Haraganesh R,IND,M,,,,1839,0,,MAY26,1991,i
537047310,Haran Vaibhav Senthilkumar,IND,M,,,,1447,0,40,MAY26,2016,
35038036,Hardas Akhilesh,IND,M,,,,1508,0,20,MAY26,2001,i
46678778,Hardeep Singh Arora,IND,M,,,,1581,0,20,MAY26,1991,i
531024955,Hardik Babbar,IND,M,,,,1456,8,40,MAY26,2012,
531005314,Hardik Chawla,IND,M,,,,1504,4,20,MAY26,2003,
547008903,Hardik Goyal,IND,M,,,,1460,0,40,MAY26,2008,i
25176374,Hardik Gupta,IND,M,,,,1572,8,40,MAY26,2009,
547007869,Hardik Gupta,IND,M,,,,1611,0,40,MAY26,2012,
547001895,Hardik Jindal,IND,M,,,,1427,0,40,MAY26,2011,i
25012401,Hardik Khurana,IND,M,,,,1547,0,20,MAY26,1998,
46624724,Hardik Oswal,IND,M,,,,1417,0,20,MAY26,2001,i
25916653,Hardik Parmar,IND,M,,,,1509,0,20,MAY26,1990,i
33490643,Hardik Shah,IND,M,,,,1783,9,40,MAY26,2009,
25776274,Hardik Sharma,IND,M,,,,1549,0,20,MAY26,1997,
45049076,Hardik Sharma,IND,M,,,,1479,0,20,MAY26,2003,i
564004546,Hardik Singhal,IND,M,,,,1458,0,40,MAY26,2012,
429093740,Hardik Sompura,IND,M,,,,1504,0,20,MAY26,1987,
33333718,Hardik Varma Kalidindi,IND,M,,,,1584,0,40,MAY26,2016,i
5017610,"Hardik, Jha",IND,M,,,,1929,0,20,MAY26,1983,i
46675647,Hardikar Atharva,IND,M,,,,1521,0,20,MAY26,2002,
25777408,Hardikar Tanmay S,IND,M,,,,1495,0,20,MAY26,2004,i
558006427,Hardikbhai Mukundbhai Chaudhari,IND,M,,,,1497,0,20,MAY26,1990,
531020844,Hareendra Reddy Velamuri,IND,M,,,,1503,0,40,MAY26,2016,
45085242,Harender J,IND,M,,,,1603,0,20,MAY26,1971,i
547099160,Haresh K A,IND,M,,,,1479,4,40,MAY26,2012,
25618687,Haresh Nandan C,IND,M,,,,1590,0,20,MAY26,2005,i
429033870,Hari Chandan Kumar J,IND,M,,,,1609,0,20,MAY26,1992,i
46647759,Hari Charan Sai Kalluri,IND,M,,,,1887,0,20,MAY26,2004,i
25995901,Hari Ganesh T,IND,M,CM,,,1797,0,20,MAY26,2007,
25682512,Hari Hara Jagan S A,IND,M,,,,1588,0,20,MAY26,2007,i
531020852,Hari Haran S K,IND,M,,,,1526,0,40,MAY26,2014,
25109421,Hari Keshav K,IND,M,,,,1576,0,20,MAY26,2007,i
25696645,Hari Krishna Reddy J,IND,M,,,,1467,4,20,MAY26,1989,
45077410,Hari krishnan mampa rambath,IND,M,,,,1429,0,20,MAY26,2004,i
25054309,Hari Madhavan N B,IND,M,IM,,,2427,9,10,MAY26,2003,
33475717,Hari Nanthana A T,IND,F,,,,1436,0,40,MAY26,2011,w
88168379,Hari Narayanan,IND,M,,,,1435,0,40,MAY26,2009,i
25010859,"Hari Prabhu, S V",IND,M,,,,1749,0,20,MAY26,1996,i
45061262,Hari Prasad P,IND,M,,,,1643,0,20,MAY26,1995,
48759015,Hari Prasanth Shankar,IND,M,,,,1480,0,20,MAY26,2001,i
25981382,Hari Prasath D,IND,M,,,,1586,0,40,MAY26,2012,i
88137341,Hari Prasath R,IND,M,,,,1707,0,40,MAY26,2010,
46657088,Hari R Chandran,IND,M,,,,1872,0,20,MAY26,2006,i
88123006,Hari Raghavendran,IND,M,,,,1427,0,20,MAY26,2004,i
25788000,Hari Sakthivel R,IND,M,,,,1418,0,20,MAY26,2002,i
25617672,Hari Sankar V,IND,M,,,,1539,0,20,MAY26,2005,i
537056930,Hari Shivanya S N,IND,F,,,,1561,0,40,MAY26,2016,w
48737534,Hari Srinivas J,IND,M,,,,1531,0,20,MAY26,2007,i
46686568,Hari Suresh,IND,M,,,,1903,0,20,MAY26,2003,i
33440026,Hari Vardan Satheeskumar,IND,M,,,,1833,9,,MAY26,2012,
25042254,Hari Varshan S R,IND,M,,,,1586,0,20,MAY26,2003,i
5069254,"Hari, Prabhu. M",IND,M,,,,1471,0,20,MAY26,1989,i
5015189,"Haribalu, V.",IND,M,,,,2157,0,20,MAY26,1988,i
429011949,Haricharan V K,IND,M,,,,1497,8,40,MAY26,2013,
5005116,"Haridas, Kesavan",IND,M,CM,FI,,1947,0,20,MAY26,1957,i
25957180,Haridev S,IND,M,,,,1833,0,40,MAY26,2010,
564067025,"Haridoss, Tamil Vanchi",IND,M,,,,1447,0,20,MAY26,1988,
5045312,"Harihara Sudan, M",IND,M,,,,2085,0,20,MAY26,1994,i
88151417,Harihara Sudhan Akila Swaminathan,IND,M,,,,1408,5,,MAY26,2014,
429026610,Hariharan Ayyar R,IND,M,,,,1807,0,,MAY26,2011,
33483167,Hariharan B,IND,M,,,,1651,0,,MAY26,2009,i
33321094,Hariharan J,IND,M,,,,1706,0,40,MAY26,2009,
45090823,Hariharan Kathirvelu,IND,M,,,,1451,4,20,MAY26,2000,
48724726,Hariharan N,IND,M,,,,1521,0,,MAY26,1980,i
25602241,Hariharan Shanmugam,IND,M,,,,1462,0,40,MAY26,2008,i
5044600,"Hariharan, Subramony",IND,M,,,,1658,0,20,MAY26,1963,i
48721263,Harikeshav Naveen,IND,M,,,,1463,0,,MAY26,2010,i
25602179,Harikishan Rao K,IND,M,,,,1514,0,20,MAY26,2000,
25980734,Harikrishna C,IND,M,,,,1536,6,40,MAY26,2011,
5007003,"Harikrishna, Pentala",IND,M,GM,,,2620,0,10,MAY26,1986,
5048206,Harikrishna. S. R.,IND,M,,,,1976,0,20,MAY26,1991,i
35049542,Harikrishnan A (kottayam),IND,M,,,,1845,0,20,MAY26,1998,i
25610333,Harikrishnan C,IND,M,,,,1706,0,20,MAY26,2002,i
25076140,"Harikrishnan, Samyuktha",IND,F,,,,1696,0,20,MAY26,2001,wi
5081483,Harikrishnan.A.Ra,IND,M,GM,,,2377,0,10,MAY26,2001,
33383219,Harinandan Sharath,IND,M,,,,1439,0,40,MAY26,2009,i
48757950,Harini M,IND,F,,,,1479,0,40,MAY26,2015,wi
25760572,Harini T,IND,F,,,,1452,0,20,MAY26,2006,wi
5024919,"Harini, S.",IND,F,WFM,WFM,NA,1826,0,20,MAY26,1990,w
88104460,Harinie I,IND,F,,,,1447,6,40,MAY26,2014,w
25791729,Harinivas S,IND,M,,,,1509,0,20,MAY26,2005,i
48761010,Hariom Gurjar,IND,M,,NI,,1700,0,20,MAY26,1999,
46657452,Hariom Solanki,IND,M,,,,1734,0,,MAY26,1986,
531004857,Hariprana B,IND,F,,,,1490,0,40,MAY26,2015,w
33425531,Hariprasad K,IND,M,,,,1465,0,20,MAY26,1976,
25775774,Hariprasanth S,IND,M,,,,1511,0,20,MAY26,2001,i
25925563,Hariprasath V S,IND,M,,,,1405,0,40,MAY26,2008,i
33302367,Haripreeth Gurukar K,IND,M,,,,1531,0,40,MAY26,2009,i
25043609,Hariramani R N,IND,M,,,,1598,5,20,MAY26,1964,
46648771,Haris N K,IND,M,,,,1648,0,20,MAY26,1983,
531074383,Harish Alagappan,IND,M,,,,1573,8,40,MAY26,2014,
25981463,Harish Arun,IND,M,,,,1461,0,20,MAY26,2005,i
35098446,Harish B Menon,IND,M,,,,1531,0,20,MAY26,1983,i
25012037,Harish Babu K S,IND,M,,,,1655,0,20,MAY26,2002,
45025193,Harish Boopathi,IND,M,,,,1621,0,20,MAY26,2004,
5077311,Harish G,IND,M,,,,1550,0,20,MAY26,1971,
33399271,Harish K K,IND,M,,,,1618,8,,MAY26,2011,
45039518,Harish Karthik M,IND,M,,,,1636,0,20,MAY26,2004,i
35007629,Harish Krishna Srinivasan,IND,M,,,,1560,0,20,MAY26,2001,i
45028605,Harish Krishna Velayutham,IND,M,,,,1711,0,20,MAY26,2007,i
547099208,Harish Ks,IND,M,,,,1430,4,40,MAY26,2012,
33434450,Harish Kumar Shanmugasundaram,IND,M,,,,1512,0,40,MAY26,2015,
429066603,Harish Kumar V,IND,M,,,,1408,0,20,MAY26,1979,i
25680587,Harish M V,IND,M,,,,1646,0,20,MAY26,1990,i
547017678,Harish Nattamai Sankarlal,IND,M,,,,1621,0,40,MAY26,2010,
25610350,Harish R,IND,M,,,,1434,0,20,MAY26,1996,i
25794728,Harish Ragavendra M,IND,M,,,,1548,0,20,MAY26,2006,
33488509,Harish S,IND,M,,,,1582,0,40,MAY26,2011,
88191346,Harish S P,IND,M,,,,1445,0,20,MAY26,1996,i
531015662,Harish Sivakumar,IND,M,,,,1505,0,40,MAY26,2011,
88123014,Harish V,IND,M,,,,1513,7,40,MAY26,2011,
46671579,Harish V,IND,M,,,,1498,0,20,MAY26,2005,i
429009529,Harish V,IND,M,,,,1481,0,20,MAY26,2006,i
45045038,Harish Venugopal,IND,M,,,,1567,0,20,MAY26,2004,i
25010646,"Harish, Kashikar",IND,M,,,,1416,0,20,MAY26,0,
5070449,"Harish, Kumar",IND,M,,,,1758,0,,MAY26,1984,i
564002756,Harishduraiswamy D,IND,M,,,,1452,7,40,MAY26,2011,
88173712,Harishman V,IND,M,,,,1475,0,40,MAY26,2012,
33350841,Harishpandiyan,IND,M,,,,1437,0,40,MAY26,2012,i
25195042,Harisudhan S,IND,M,,,,1543,0,20,MAY26,2007,i
35040243,Harisurya Bharadwaj Gundepudi,IND,M,,,,2025,0,20,MAY26,2002,i
558002626,Harith Reddy Sonnapareddy,IND,M,,,,1775,0,40,MAY26,2014,
48732125,Haritha R,IND,F,,,,1411,11,40,MAY26,2012,w
33379041,Harivansh Agrawal,IND,M,,NA,,1557,0,,MAY26,1996,
558030263,Harivansh Prabhu,IND,M,,,,1405,0,40,MAY26,2017,
25010867,"Harivardhini, I",IND,F,,NA,,1844,0,20,MAY26,1999,wi
35069900,"Hariya, Hinal",IND,M,,,,1789,0,20,MAY26,0,i
547094400,Harliv Singh Khurana,IND,M,,,,1504,0,40,MAY26,2019,
5018986,"Harmeet, Thukran",IND,M,,,,1725,0,20,MAY26,1999,i
33351147,Harole Sara,IND,F,,,,1506,4,,MAY26,2010,w
35062620,"Harris , Muhammed Yaseen",IND,M,,,,1595,0,20,MAY26,0,i
45084157,Harris M K,IND,M,,,,1433,0,20,MAY26,2005,i
48730211,Harris Sukumar,IND,M,,,,1424,0,,MAY26,2014,i
531062547,HARRY RAJESH,IND,M,,,,1613,10,,MAY26,2014,
531039197,Harsehaj Singh,IND,M,,,,1447,0,40,MAY26,2009,
33321221,Harsendra P,IND,M,,"SI,FA",,1526,0,20,MAY26,2001,
33311161,Harsh Alkesh Sethi,IND,M,,,,1519,6,20,MAY26,2007,
35004085,Harsh Bhutada,IND,M,,,,1494,0,20,MAY26,2004,i
33422850,Harsh Dayal,IND,M,,,,1465,0,20,MAY26,2002,i
537011308,Harsh Desai,IND,M,,,,1480,0,20,MAY26,1991,i
25646591,Harsh Gupta,IND,M,,,,1486,0,20,MAY26,2001,
25637126,Harsh Jethwani,IND,M,,,,1476,0,20,MAY26,2004,i
25043617,Harsh Kanoje,IND,M,,,,1810,0,20,MAY26,1989,i
531020160,Harsh Khetan,IND,M,,,,1431,0,40,MAY26,2014,
429039541,Harsh Kumar,IND,M,,,,1506,0,20,MAY26,2006,
25767852,Harsh Kumar Jha,IND,M,,,,1649,0,40,MAY26,2008,i
25169823,Harsh Kumar Sahu,IND,M,,,,1470,0,20,MAY26,2004,
33422869,Harsh Lahoti,IND,M,,,,1596,0,40,MAY26,2012,i
48753777,Harsh Mamtani,IND,M,,,,1576,0,40,MAY26,2016,
46643540,Harsh Mangesh Dagare,IND,M,,,,1563,0,20,MAY26,2005,i
429014050,Harsh Mukati,IND,M,,,,1453,3,,MAY26,2012,
88186768,Harsh Murarka,IND,M,,,,1573,0,20,MAY26,2007,i
429085888,Harsh Nilesh Gupta,IND,M,,,,1742,0,40,MAY26,2009,
25918397,Harsh P Ruparel,IND,M,,,,1731,0,,MAY26,2000,i
48715808,Harsh Paresh Shah,IND,M,,,,1407,0,40,MAY26,2010,i
531008453,Harsh Phogat,IND,M,,,,1434,0,40,MAY26,2013,
45065632,Harsh Pradip Sawant,IND,M,,,,1438,0,20,MAY26,2003,i
25166450,Harsh Punglia,IND,M,,,,1416,0,20,MAY26,2007,
33312753,Harsh Raj,IND,M,,,,1448,0,20,MAY26,1987,
25986082,Harsh Satish Parab,IND,M,,,,1491,0,40,MAY26,2011,
46664947,Harsh Sawant,IND,M,,,,1450,0,20,MAY26,2002,i
25637134,Harsh Sharad Motghare,IND,M,,,,1470,0,20,MAY26,2005,i
547078901,Harsh Sharma,IND,M,,,,1534,0,40,MAY26,2009,
33380023,Harsh Sharma,IND,M,,,,1598,0,20,MAY26,2002,
35089463,Harsh Singh Senger,IND,M,,,,1645,0,20,MAY26,2002,i
25130900,Harsh Singh Tiwari,IND,M,,,,1509,0,20,MAY26,2005,
45018464,Harsh Suresh,IND,M,IM,,,2193,29,20,MAY26,2007,
45015759,Harsh Vardhan Joshi,IND,M,,,,1624,0,20,MAY26,2004,i
35071912,"Harsh, Himanshu",IND,M,,NA,,1855,0,,MAY26,1999,i
5078776,Harsha Bharathakoti,IND,M,GM,,,2499,0,10,MAY26,2000,
45009570,Harsha R,IND,F,,,,1571,0,20,MAY26,2002,wi
25754530,Harsha Vardhan Gedhala,IND,M,,,,1479,0,40,MAY26,2008,i
48756938,Harsha Vardhan Kattepogu,IND,M,,,,1628,0,,MAY26,2011,
429072948,Harsha Vardhan Yadav K,IND,M,,,,1457,0,40,MAY26,2012,
46616551,Harshad S,IND,M,IM,,,2266,0,20,MAY26,2006,i
25196561,Harshad Venkata Krishnan,IND,M,,,,1444,0,40,MAY26,2008,i
46678220,Harshada Lokeswara Babu,IND,F,,,,1553,0,20,MAY26,2004,wi
25985230,Harshadeep Deka,IND,M,,,,1561,0,40,MAY26,2013,i
25157183,Harshal Raut,IND,M,,,,1544,0,20,MAY26,2006,i
33449414,Harshal Reddy,IND,M,,,,1481,0,40,MAY26,2009,i
5048257,"Harshal, Shahi",IND,M,FM,,,2054,0,20,MAY26,1999,i
537003135,Harshan Prabhu,IND,M,,,,1570,0,40,MAY26,2015,
48728578,Harshan S D,IND,M,,,,1455,0,40,MAY26,2011,
429059402,Harshana Sri S,IND,F,,,,1412,0,,MAY26,2011,wi
33498180,Harshavardan Mehanathan,IND,M,,,,1505,7,40,MAY26,2015,
33358800,Harshavardhan,IND,M,,,,1717,0,40,MAY26,2014,
35095714,Harshavardhan B,IND,M,,,,1812,0,20,MAY26,2000,i
25059009,Harshavardhan G B,IND,M,IM,,,2366,0,20,MAY26,2003,
25074695,Harshavardhan K Iyer,IND,M,,,,1625,0,20,MAY26,2002,i
88177220,Harshavardhan Ramesh,IND,M,,,,1500,6,40,MAY26,2014,
25059017,Harshavardhan S,IND,M,,,,1656,0,20,MAY26,1999,i
48757985,Harshavardhan V,IND,M,,,,1783,7,,MAY26,2012,
46653384,Harshavardhan V Ravindhra,IND,M,,,,1729,0,20,MAY26,2004,i
5048265,"Harshavardhan, Reddy G",IND,M,,,,1913,0,20,MAY26,1998,i
547015934,Harshavardhana S P,IND,M,,,,1503,18,,MAY26,2011,
33455015,Harshavarthan S R,IND,M,,,,1416,0,20,MAY26,2007,i
88149218,Harshdeep Shandilya,IND,M,,,,1534,0,40,MAY26,2008,i
547067993,Harsheel Ravi Tulsani,IND,M,,,,1454,0,40,MAY26,2009,
45015767,Harshiel Sehgal,IND,M,,,,1751,0,20,MAY26,2007,
48716880,Harshika M,IND,F,,,,1515,0,40,MAY26,2016,w
33438439,Harshil Mishra,IND,M,,,,1539,0,40,MAY26,2009,i
429057345,Harshil Niyor Saikia,IND,M,,,,1511,0,40,MAY26,2017,
33460574,Harshil Srivastav,IND,M,,,,1561,0,40,MAY26,2010,
25008986,Harshini A,IND,F,WFM,WFM,,1976,0,20,MAY26,2001,wi
25704567,Harshini A,IND,F,,,,1617,8,20,MAY26,2003,w
46647791,Harshini V,IND,F,,,,1446,0,,MAY26,2006,wi
547030526,Harshit,IND,M,,,,1476,3,40,MAY26,2010,
45047553,Harshit Amarnani,IND,M,,,,1840,10,20,MAY26,2004,
35009206,Harshit Arya,IND,M,,,,1849,0,20,MAY26,2003,i
35086200,Harshit Baid,IND,M,,,,1464,0,20,MAY26,2002,i
5097525,Harshit Chandaliya,IND,M,,,,1592,0,,MAY26,1997,
25166930,Harshit Dawar,IND,M,,,,1627,0,20,MAY26,2005,
547002743,Harshit Deva,IND,M,,,,1486,0,40,MAY26,2011,
25975935,Harshit Dinesh Kashti,IND,M,,,,1588,0,40,MAY26,2008,i
547069317,Harshit Goyal,IND,M,,,,1574,0,20,MAY26,2006,
48763764,Harshit Kiran Nayak,IND,M,,,,1539,0,40,MAY26,2011,i
88140822,Harshit Kolluru,IND,M,,,,1448,0,40,MAY26,2014,
45041652,Harshit Kumar,IND,M,,,,1473,0,20,MAY26,1999,i
531043640,Harshit Malhotra,IND,M,,,,1516,8,40,MAY26,2010,
537063553,Harshit Mehra,IND,M,,,,1484,0,40,MAY26,2010,i
25638815,Harshit Ranjan Sahu,IND,M,FM,,,1973,0,20,MAY26,2006,
88101010,Harshit Saha,IND,M,,,,1587,0,40,MAY26,2012,
33332797,Harshit Singh,IND,M,,,,1712,0,20,MAY26,2006,i
558063587,Harshit Sinha,IND,M,,,,1440,0,20,MAY26,2006,
25152246,Harshit Srinivasan,IND,M,,,,1722,0,,MAY26,2010,i
48788120,Harshit Thakkar,IND,M,,,,1499,0,40,MAY26,2013,
45054819,Harshit V Srivastava,IND,M,,,,1546,0,20,MAY26,1990,i
33395470,Harshit Vasu,IND,M,,,,1420,0,20,MAY26,2007,i
547078456,Harshit Yadav,IND,M,,,,1493,0,40,MAY26,2011,
25043250,Harshita Guddanti,IND,F,WIM,WIM,,2119,0,20,MAY26,2001,wi
88180484,Harshith Kattepogu,IND,M,,,,1408,0,40,MAY26,2014,
33475075,Harshith Ram B,IND,M,,,,1441,0,,MAY26,2015,i
429047030,Harshith S,IND,M,,,,1473,0,,MAY26,2014,
88173780,Harshith Sai U,IND,M,,,,1517,0,40,MAY26,2012,
88167780,Harshith Surianarayanan,IND,M,,,,1578,0,,MAY26,2011,
33477035,Harshitha B J,IND,F,,,,1558,18,40,MAY26,2011,w
88177122,Harshitha Ramesh,IND,F,,,,1404,4,40,MAY26,2013,w
33421030,Harshitha T,IND,F,,,,1606,8,40,MAY26,2013,w
33351430,Harshitvikram S B,IND,M,,,,1537,0,,MAY26,2009,i
558007768,Harshiv Desai,IND,M,,,,1459,6,40,MAY26,2014,
25639382,Harshsingh Negi,IND,M,,,,1578,0,20,MAY26,2005,i
25972499,Harshvardhan Bhagat,IND,M,,,,1504,0,40,MAY26,2008,i
33490694,Harshvardhan Singh Parihar,IND,M,,,,1721,0,40,MAY26,2012,
25785281,Harshvardhan Swami,IND,M,,,,1578,0,40,MAY26,2008,i
33386641,Harshvardhnachari Uttaradi,IND,M,,,,1541,0,,MAY26,2010,
531018823,Harshvi Jairaj Kapadia,IND,F,,,,1644,0,40,MAY26,2009,w
35092863,Harshvi Matalia,IND,F,,,,1525,0,20,MAY26,2005,wi
48769380,Harshwardhan Hake,IND,M,,,,1521,0,20,MAY26,2002,i
33336440,Harshwardhan Rajesh Oza,IND,M,,,,1501,0,40,MAY26,2013,
531022685,Harshwardhan Sharma,IND,M,,,,1503,0,40,MAY26,2012,
429090733,Harsin Hazarika,IND,M,,,,1430,0,40,MAY26,2012,
25149369,Hartejpal Singh,IND,M,,,,1487,0,40,MAY26,2014,
33317488,Harun B S,IND,M,,,,1540,0,40,MAY26,2010,
25715569,Hashwath S,IND,M,,,,1429,0,20,MAY26,2007,i
48732133,Hasini S,IND,F,,,,1585,0,40,MAY26,2012,w
531044603,Hasitha Reddy Patelu,IND,F,,,,1459,0,40,MAY26,2011,w
25723898,Hasmitha Jt,IND,F,,,,1481,0,40,MAY26,2009,wi
33383820,Hassan Dekhan,IND,M,,,,1476,0,20,MAY26,2004,i
88107566,Haswanth R,IND,M,,,,1440,0,40,MAY26,2013,
366111517,"Hathi, Manas Pradeep",IND,M,,,,1601,0,40,MAY26,2012,
25122320,Hatkar Vihaan,IND,M,,,,1413,0,40,MAY26,2009,i
537013432,Havideep P,IND,M,,,,1445,0,40,MAY26,2016,
88107574,Havish U,IND,M,,,,1482,0,40,MAY26,2013,i
25761307,Hayden Sony Therattil,IND,M,,,,1553,0,40,MAY26,2009,i
577012860,Hazel Mehta,IND,F,,,,1467,0,20,MAY26,1990,w
531091954,HAZI RUHAN,IND,M,,,,1405,0,40,MAY26,2020,
33359512,Hedau Arjun,IND,M,,,,1499,0,40,MAY26,2015,i
558012141,Heerthick A,IND,M,,,,1477,0,40,MAY26,2012,
45084173,Heerthick M J,IND,M,,,,1494,0,40,MAY26,2008,i
33330824,Heet Baldawa,IND,M,,,,1620,0,40,MAY26,2013,
25153234,Heet Soni,IND,M,,,,1481,0,40,MAY26,2010,
5000254,"Hegde, Ravi Gopal",IND,M,IM,,,1997,11,20,MAY26,1957,
25150561,Hegishte Anuj Sushant,IND,M,,,,1507,0,20,MAY26,2000,
25028286,Heikrujam Jacky Singh,IND,M,,,,1920,0,20,MAY26,1993,i
25168592,Hem Harsanth B S,IND,M,,,,1572,0,40,MAY26,2013,
45053251,Hema Keertana Vemuri,IND,F,,,,1666,0,20,MAY26,2006,wi
46610359,Hemadri Sathish,IND,F,,,,1564,0,20,MAY26,2005,wi
46645896,Hemadri T,IND,M,,,,1660,0,,MAY26,1993,
88143805,Hemakshi Damani,IND,F,,,,1438,5,40,MAY26,2010,w
35062123,Hemanathan C,IND,M,,,,1591,0,20,MAY26,2006,i
25152335,Hemangi H Pednekar,IND,F,,,,1489,0,20,MAY26,2006,wi
429023564,Hemank Nakra,IND,M,,,,1488,0,,MAY26,2014,
48780170,Hemank Padhy,IND,M,,,,1486,0,,MAY26,2014,
25651129,Hemant Kumar Khute,IND,M,,,,1523,0,20,MAY26,1973,i
5025842,"Hemant, Sharma",IND,M,IM,FT,,2340,0,10,MAY26,1992,i
48756202,Hemanth Adithya S,IND,M,,,,1495,15,40,MAY26,2013,
35076574,Hemanth Eswar G,IND,M,,,,1701,0,20,MAY26,1994,
33325332,Hemanth Kumar Reddy B H K,IND,M,,,,1429,0,20,MAY26,1999,
5084580,Hemanth Raam,IND,M,,,,2006,0,20,MAY26,2000,i
48740594,Hemanth Reddy,IND,M,,,,1495,0,,MAY26,2016,
33406073,Hemanth Reddy T,IND,M,,,,1547,0,20,MAY26,2007,i
33336091,Hemanth Seera,IND,M,,,,1460,12,20,MAY26,2003,
547019956,Hemanthakumar Shreenivas Acharyya,IND,M,,,,1486,0,40,MAY26,2008,
25930753,Hemanyaa Sakthivel,IND,F,,,,1532,0,20,MAY26,2007,wi
88198677,Hemavarshan M,IND,M,,,,1439,0,40,MAY26,2012,i
558037128,Hemnath G,IND,M,,,,1435,0,40,MAY26,2010,
33368864,Hemraj,IND,M,,,,1546,0,40,MAY26,2010,i
5088682,Hend Pravin,IND,M,,,,1776,0,,MAY26,1989,
558007440,Henil Sannikumar Patel,IND,M,,,,1515,4,40,MAY26,2012,
537089625,Henry Rosan M,IND,M,,,,1521,0,20,MAY26,2004,i
48769398,Heramb Harish Ingale,IND,M,,,,1567,9,40,MAY26,2008,
33429758,Heramb Vicky Nirvan,IND,M,,,,1570,0,,MAY26,2011,i
25055119,Hermon Dain Saldanha,IND,M,,,,1720,0,20,MAY26,1996,
35010565,Herschelle Gupta,IND,M,,,,1862,0,20,MAY26,1999,i
48745359,Hevak V,IND,M,,,,1588,0,40,MAY26,2012,i
5058678,"Hilmi, Parveen",IND,F,WFM,WFM,,1873,0,20,MAY26,2000,wi
25155407,Himadri Bhandari,IND,M,,,,1644,6,40,MAY26,2010,
45056072,Himadri Das,IND,M,,,,1470,0,20,MAY26,2006,i
558030727,Himadri Mandal,IND,M,,,,1417,0,20,MAY26,1967,
558031944,Himalay Chavda,IND,M,,,,1522,0,40,MAY26,2014,
25105485,Himani Dewangan,IND,F,,,,1521,0,20,MAY26,2005,w
25740121,Himanish Kumar Sarma,IND,M,,,,1447,0,40,MAY26,2010,i
537089765,Himanish S R,IND,M,,,,1475,0,40,MAY26,2012,
531061605,Himanish Tirkey,IND,M,,,,1422,0,40,MAY26,2012,
25075659,Himank Bansal,IND,M,,,,1647,0,20,MAY26,2003,i
48763780,Himansh Karthikeya Alahari,IND,M,,,,1424,0,40,MAY26,2016,
537083597,Himanshu,IND,M,,,,1446,0,20,MAY26,1991,
88190668,Himanshu Bharat Vhangavade,IND,M,,,,1461,5,,MAY26,2016,
33345139,Himanshu Garg,IND,M,,,,1656,9,40,MAY26,2011,
429032342,Himanshu Gupta,IND,M,,,,1471,0,,MAY26,2009,
25637509,Himanshu Jethwani,IND,M,,,,1652,0,,MAY26,2007,i
558004840,Himanshu Kashyap,IND,M,,,,1463,0,40,MAY26,2011,
25975943,Himanshu M Gupta,IND,M,,,,1489,0,40,MAY26,2008,i
45072981,Himanshu Ranjan,IND,M,,,,1915,0,20,MAY26,2000,
25053329,Himanshu S Chhabra,IND,M,,NI,,1779,0,,MAY26,1995,i
547065850,Himanshu Sheoran,IND,M,,,,1509,0,20,MAY26,2005,
537041002,Himanshu Soni,IND,M,,,,1567,0,40,MAY26,2011,
25125850,Himanshu Vaghela,IND,M,,NI,,1459,6,20,MAY26,1978,
5044286,"Himanshu, Bhasin",IND,M,,,,1857,0,20,MAY26,1987,i
5016584,"Himanshu, Kumar",IND,M,,,,1998,0,20,MAY26,1986,i
5034884,"Himanshu, Moudgil",IND,M,,,,1809,0,20,MAY26,1983,
5007836,"Himanshu, Sharma",IND,M,GM,,,2307,0,10,MAY26,1983,i
531044000,Himnish Kashyap,IND,M,,,,1566,0,40,MAY26,2014,
558001760,Himoghna De,IND,M,,,,1498,0,40,MAY26,2009,
25101641,Hindol Ghosh,IND,M,,,,1614,0,40,MAY26,2011,
5088313,Hinduja Reddy,IND,F,,,,1977,0,20,MAY26,1995,wi
25954636,Hinge Mayank,IND,M,,,,1533,0,20,MAY26,2004,
25601598,Hirakjyoti Deka,IND,M,,,,1464,0,20,MAY26,1995,i
558004912,Hirakjyoti Dutta,IND,M,,,,1409,0,40,MAY26,2016,
48738140,Hiran Krishna V P,IND,M,,,,1574,0,40,MAY26,2011,
35095420,Hirani Lakshya,IND,M,,,,1606,0,20,MAY26,2004,i
33380546,Hiranmayee Kulkarni,IND,F,,,,1507,4,,MAY26,2013,w
5099900,Hiranya Das,IND,M,,,,1560,0,20,MAY26,1961,i
547075937,Hirav Singh Shekhawat,IND,M,,,,1461,0,40,MAY26,2014,
35053400,Hiren K G,IND,M,,,,2052,0,20,MAY26,2004,i
33486638,Hiren Rayalu Kummarapurugu,IND,M,,,,1521,0,40,MAY26,2010,i
33440450,Hirenjith S J,IND,M,,,,1542,0,40,MAY26,2010,i
35098470,Hiridik Rajendran,IND,M,,,,1753,0,20,MAY26,1999,i
25012045,Hirthickkesh PR,IND,M,,,,2061,9,20,MAY26,2001,
25014978,Hirthik Rajan B P,IND,M,,,,1677,0,20,MAY26,2001,i
48792497,Hitansh,IND,M,,,,1447,0,40,MAY26,2014,
33485577,Hitansh Kunal Gohil,IND,M,,,,1561,0,40,MAY26,2015,
537024205,Hitarth Keyurkumar Patel,IND,M,,,,1592,7,,MAY26,2013,
48761796,Hitarth Oberoi,IND,M,,,,1476,0,40,MAY26,2012,
25794906,Hitarth Pratim Buragohain,IND,M,,,,1697,0,40,MAY26,2009,i
48738360,Hitarth Sharma,IND,M,,,,1552,0,,MAY26,2014,
429022363,Hitesh Ademane,IND,M,,,,1442,0,40,MAY26,2009,i
48788716,Hitesh Arvind,IND,M,,,,1544,8,20,MAY26,1996,
33323011,Hitesh Joshi,IND,M,,,,1677,0,20,MAY26,2005,i
88173232,Hitesh Vayugundla,IND,M,,,,1567,18,40,MAY26,2016,
35038060,Hiwase Rushabh,IND,M,,,,1497,0,20,MAY26,1998,i
25789562,Hiya Garg,IND,F,,,,1663,0,,MAY26,2010,w
25090500,Homen Chandra Rabha,IND,M,,NA,,1705,0,20,MAY26,1988,i
88120511,Homil Madaan,IND,M,,,,1763,0,40,MAY26,2008,
33370311,Hoshika G V,IND,F,,,,1533,0,40,MAY26,2012,wi
531001882,Hrdaya Srinivasa,IND,F,,,,1448,0,40,MAY26,2013,w
564021211,Hreet Majumder,IND,M,,,,1452,0,,MAY26,2013,
558071474,Hrehaan Vineet Mehta,IND,M,,,,1448,6,40,MAY26,2013,
48753807,Hreyansh Deka,IND,M,,,,1411,0,40,MAY26,2016,
25115669,Hridaan A Shah,IND,M,,,,1471,0,40,MAY26,2013,
531004393,Hridaan Shukla,IND,M,,,,1476,0,40,MAY26,2012,
46605908,Hriday Dharmesh Sheth,IND,M,,,,1823,0,20,MAY26,2006,i
33427852,Hriday Garg,IND,M,,,,1778,7,,MAY26,2016,
33300623,Hriday Manrai,IND,M,,,,1596,0,40,MAY26,2010,i
33332053,Hriday Panchal,IND,M,,,,1959,0,20,MAY26,2007,i
25115952,Hriday Tukaram Morajkar,IND,M,,,,1513,0,40,MAY26,2011,i
35020137,"Hriday, Goel",IND,M,,,,1540,0,20,MAY26,2002,i
33490899,Hriddhan Agarwal,IND,M,,,,1586,0,40,MAY26,2011,
25660411,Hridesh,IND,M,,,,1480,0,20,MAY26,2001,i
537066307,Hridesh Bhatt,IND,M,,,,1447,0,40,MAY26,2015,
558008497,Hridhaan Mittal,IND,M,,,,1423,5,40,MAY26,2011,
531036040,Hridhan Kalghatgi,IND,M,,,,1492,0,40,MAY26,2016,
33418578,Hridhant Sharma,IND,M,,,,1648,0,40,MAY26,2011,i
25049992,Hridhik Bhai,IND,M,,,,1581,0,20,MAY26,2004,i
45077428,Hridhik Madhavan,IND,M,,,,1575,0,20,MAY26,2001,i
48735108,Hridhiman Das,IND,M,,,,1440,0,40,MAY26,2009,i
558056904,Hridik Dhananjaya Shetty,IND,M,,,,1501,0,40,MAY26,2017,
25772082,Hridika Das,IND,F,,,,1585,0,40,MAY26,2012,w
25672207,Hridyansh Yadav,IND,M,,,,1434,0,20,MAY26,2005,
429093368,Hrishaan Singh Sajwan,IND,M,,,,1627,0,40,MAY26,2011,
25941925,Hrishik Sinha,IND,M,,,,1454,0,40,MAY26,2011,
46683640,Hrishikesan Sundararajan,IND,M,,,,1525,0,20,MAY26,1990,i
25670735,Hrishikesh A J,IND,M,,,,1655,0,20,MAY26,2006,i
33483191,Hrishikesh Ganapathy Subramanian,IND,M,,,,1794,19,40,MAY26,2012,
564035298,Hrishikesh Iyer,IND,M,,,,1474,0,40,MAY26,2018,
547068108,Hrishikesh Kulkarni,IND,M,,,,1409,0,40,MAY26,2011,
25059041,Hrishikesh Kumar,IND,M,,,,1460,0,,MAY26,1987,
88165515,Hrishikesh M V,IND,M,,,,1562,0,40,MAY26,2010,i
429087295,Hrishit Mitra,IND,M,,,,1507,7,40,MAY26,2012,
48739944,Hrishita Sheshank,IND,F,,,,1434,0,40,MAY26,2010,wi
537087860,Hritesh Sen,IND,M,,,,1450,0,40,MAY26,2011,i
45065829,Hrithik Chatterjee,IND,M,,,,1514,0,20,MAY26,2002,i
25949080,Hrithik Sanganaboina,IND,M,,,,1438,0,,MAY26,2007,i
45070580,Hritik Gogoi,IND,M,,,,1549,0,20,MAY26,2002,i
33427780,Hritosmita Bhattacharjee,IND,F,,,,1457,0,40,MAY26,2011,w
25686763,Hrittik Sarkar,IND,M,,,,1801,0,20,MAY26,2006,i
48716570,Hriyan Kaushik Thakuria,IND,M,,,,1457,0,40,MAY26,2013,
88136116,Hrudesh Panigrahi,IND,M,,,,1593,0,40,MAY26,2015,
33499071,Hrudhan Moghe,IND,M,,,,1613,0,,MAY26,2010,i
146243246,"Huda, Najamul",IND,M,,,,1515,0,20,MAY26,1991,i
25162950,Hudhaifa Maqbool,IND,M,,,,1581,6,40,MAY26,2012,
25657534,Hulle Swapnil,IND,M,,,,1436,0,20,MAY26,2002,i
577040031,"Hundal, Anurag Singh",IND,M,,,,1604,9,40,MAY26,1996,
33358966,Hunsika M,IND,F,,,,1625,0,40,MAY26,2012,w
46638415,"Hussam, Al Jovzod",IND,M,,,,1927,0,20,MAY26,0,i
429055733,Huthesh Raagav S,IND,M,,,,1465,0,40,MAY26,2014,i
537017470,Hyndav Gattu,IND,M,,,,1401,0,40,MAY26,2015,
429004632,Ian Menezes,IND,M,,,,1475,0,40,MAY26,2014,
46643354,Ian Savio Rodrigues,IND,M,,,,1717,0,20,MAY26,2001,i
33387834,Ibbani B G,IND,F,,,,1455,0,40,MAY26,2009,wi
25723340,Ibin M P,IND,M,,,,1506,0,20,MAY26,1996,
429094771,Idhaant Verma,IND,M,,,,1404,0,40,MAY26,2010,
429052840,Idhant Vishal Parmar,IND,M,,,,1426,0,,MAY26,2013,i
25651072,Idhikash J,IND,M,,,,1574,0,,MAY26,2005,i
25623982,Iftikar Alom Mazumdar,IND,M,,,,1872,0,20,MAY26,1999,
33405352,Ihsan Mohamed N T,IND,M,,,,1618,0,40,MAY26,2009,i
45075468,Iksha Soni,IND,F,,,,1463,0,40,MAY26,2010,wi
531039405,Ikshit Sharma,IND,M,,,,1587,0,40,MAY26,2013,
25684965,Ikshita Barman,IND,F,,,,1584,0,40,MAY26,2009,wi
88126455,Ilaan Shafeek,IND,M,,,,1629,6,40,MAY26,2017,
45015775,Ilamparthi A R,IND,M,GM,,,2414,0,10,MAY26,2009,
25932314,Ilanthevan C,IND,M,,,,1429,0,40,MAY26,2008,i
35017756,Illiyas K V,IND,M,,,,1506,0,20,MAY26,1979,i
429033888,Imadabattini Joel,IND,M,,,,1646,0,40,MAY26,2015,
531029221,Iman Ahmed,IND,M,,,,1601,0,20,MAY26,2006,i
25951386,Imran A,IND,M,,,,1486,0,20,MAY26,1992,i
45077681,Imran M D,IND,M,,,,1614,0,20,MAY26,1995,i
5001293,"Imtiaz, Islam Bora",IND,M,,,,1990,0,20,MAY26,1992,i
531045600,Inaaksh Kanchan,IND,M,,,,1509,0,,MAY26,2017,
531040519,Inaash Dey,IND,M,,,,1554,0,40,MAY26,2010,i
25608843,Inamdar Dhananjay,IND,M,,,,1583,0,20,MAY26,1964,i
48769975,Inamdar Reyansh,IND,M,,,,1497,0,40,MAY26,2012,i
25716026,Inamdar Soham,IND,M,,,,1423,0,40,MAY26,2009,i
5031044,"Inamdar, Rasheed",IND,M,,,,1868,0,20,MAY26,1973,i
5015863,"Inamdar, Sameer",IND,M,,,,1852,0,,MAY26,2000,i
558066047,Inba Chezhiyan,IND,M,,,,1400,4,40,MAY26,2013,
33302600,Inba Ilavarasan S,IND,M,,,,1695,0,40,MAY26,2009,
48725307,Inba R J,IND,M,,,,1458,0,40,MAY26,2015,i
33332959,Inban R,IND,M,,,,1708,18,40,MAY26,2010,
45024650,Inban Sivakumar,IND,M,,,,1477,0,40,MAY26,2009,i
33419175,Inbhan B,IND,M,,,,1813,9,40,MAY26,2013,
25766660,Indhumathi R,IND,F,,,,1475,0,20,MAY26,2004,w
25698044,Indira Priyadharshini Subbu,IND,F,,,,1513,0,40,MAY26,2009,wi
48748234,Indra Kamal Baruah,IND,M,,,,1484,0,40,MAY26,2010,i
46663266,Indrajeet Kumar,IND,M,,,,1492,6,20,MAY26,1987,
33363625,Indrajeet Tomar,IND,M,,,,1488,0,40,MAY26,2008,i
33417814,Indrajit Majumdar,IND,M,,,,1735,0,40,MAY26,2013,
33495149,Indraneel V,IND,M,,,,1591,14,40,MAY26,2015,
35092022,Indrayudh Guha,IND,M,,,,1420,0,20,MAY26,2007,i
33416958,Indusheetala,IND,F,,,,1525,6,40,MAY26,2013,w
48744964,Ineeyan Devaraj Vigil,IND,M,,,,1435,0,40,MAY26,2013,
45084203,Inesh G,IND,M,,,,1413,0,20,MAY26,2005,i
33364273,Ineyan M R,IND,M,,,,1606,18,,MAY26,2011,
46687777,Infant Jose H,IND,M,,,,1626,0,20,MAY26,2006,i
33360880,Infant Victor A S,IND,M,,,,1423,0,40,MAY26,2010,i
33359539,Ingale Hiranmay P,IND,M,,,,1525,0,40,MAY26,2014,i
547023350,Ingale Shreyash Kirankumar,IND,M,,,,1475,8,40,MAY26,2015,
48769401,Ingole Prathamesh,IND,M,,,,1470,0,20,MAY26,2005,
48761354,Ingole Yathansh,IND,M,,,,1523,0,,MAY26,2013,
33428794,Iniyan Gopinathen,IND,M,,,,1604,0,40,MAY26,2011,
25759981,Iniyan K,IND,M,,,,1625,8,20,MAY26,2007,
25186485,Iniyan L,IND,M,,,,1413,0,40,MAY26,2012,i
25695916,Iniyan R S,IND,M,,,,2127,19,40,MAY26,2010,
25966146,Iniyan S,IND,M,,,,1456,0,40,MAY26,2010,i
45009597,Iniyan Sivakumar,IND,M,,,,1668,0,20,MAY26,2004,i
25002767,"Iniyan, Pa",IND,M,GM,,,2432,0,10,MAY26,2002,
429091357,Inniyan Rajasekaran,IND,M,,,,1449,0,40,MAY26,2014,
5034140,"Intkhab, Alam",IND,M,,,,1719,0,20,MAY26,1975,
5019869,"Intykhap, Alam M.",IND,M,,,,2103,0,20,MAY26,1974,i
88151557,Inusha M,IND,F,,,,1416,0,40,MAY26,2010,wi
564007731,Ioitongbam Jagatpati Singh,IND,M,,,,1615,0,20,MAY26,1959,
25922394,Iqbal Amad Mogal,IND,M,,,,1720,0,20,MAY26,1986,i
5048370,"Iqbal, Singh Gulati",IND,M,,,,1786,0,20,MAY26,1995,
48754307,Ira Chandrakant Vaidya,IND,F,,,,1486,0,40,MAY26,2016,w
33368228,Iraiyanbu B,IND,M,,,,1492,0,40,MAY26,2010,i
25055828,Irfan S,IND,M,,,,1756,0,,MAY26,1990,
88160629,Irfan Sanoor,IND,M,,,,1642,3,20,MAY26,1997,
25933060,Irondla Akash Kumar,IND,M,,,,1595,0,20,MAY26,2006,i
88155749,Iroshan Shysu S S,IND,M,,,,1480,0,,MAY26,2009,i
547016523,Isaac Emmanuel S,IND,M,,,,1424,0,40,MAY26,2014,
25784390,Isaac Sam A,IND,M,,,,1405,0,20,MAY26,2006,i
537020978,Isak Vanlalpekhlua,IND,M,,,,1613,0,20,MAY26,2005,i
45075476,Isha Pritam Inamdar,IND,F,,,,1618,0,20,MAY26,2003,wi
25648977,Ishaa Khosla,IND,F,,,,1492,0,20,MAY26,2006,wi
25786962,Ishaan A Tendolkar,IND,M,,,,1630,0,40,MAY26,2010,i
429017440,Ishaan Agarwal,IND,M,,,,1510,0,40,MAY26,2014,
547007737,Ishaan Agnihotri,IND,M,,,,1508,0,40,MAY26,2018,
547008490,Ishaan Arora,IND,M,,,,1589,8,40,MAY26,2012,
25071807,Ishaan Bansal,IND,M,,,,1883,0,20,MAY26,1998,i
48726087,Ishaan Bhansali,IND,M,,,,1880,19,40,MAY26,2014,
33330387,Ishaan Bhatnagar,IND,M,,,,1754,9,40,MAY26,2010,
537095781,Ishaan Bhatter,IND,M,,,,1487,8,40,MAY26,2012,
33484015,Ishaan Chowdhary,IND,M,,,,1485,0,40,MAY26,2015,i
33463387,Ishaan Divesh Nair,IND,M,,,,1513,0,,MAY26,2013,i
558092277,Ishaan Dutt Sharma,IND,M,,,,1437,7,40,MAY26,2011,
25126679,Ishaan Jayaswal,IND,M,,,,1546,0,40,MAY26,2012,i
25761323,Ishaan K Sibin,IND,M,,,,1497,0,,MAY26,2010,i
33399735,Ishaan Kandi,IND,M,,,,1553,0,40,MAY26,2014,i
33385700,Ishaan Kher,IND,M,,,,1572,0,40,MAY26,2015,i
558008276,Ishaan Lad,IND,M,,,,1405,5,40,MAY26,2018,
33437068,Ishaan Mahesh Kadam,IND,M,,,,1648,0,,MAY26,2011,
88124320,Ishaan Mathew Shaji,IND,M,,,,1490,0,40,MAY26,2010,i
33402507,Ishaan Mukund Laddha,IND,M,,,,1495,0,40,MAY26,2015,i
558060561,Ishaan Nair,IND,M,,,,1416,0,40,MAY26,2014,
558059369,Ishaan P H,IND,M,,,,1421,0,40,MAY26,2011,
531006779,Ishaan Raychaudhuri,IND,M,,,,1454,0,40,MAY26,2017,i
88153983,Ishaan S Poduval,IND,M,,,,1540,0,40,MAY26,2013,
25191926,Ishaan Sachinkumar Patil,IND,M,,,,1608,0,40,MAY26,2011,i
25105604,Ishaan Saini,IND,M,,,,1647,0,40,MAY26,2011,
25936697,Ishaan Sawhny,IND,M,,,,1448,9,40,MAY26,2011,
429034272,Ishaan Sehgal,IND,M,,,,1442,6,,MAY26,2013,
429011256,Ishaan Shashank Gad,IND,M,,,,1497,11,40,MAY26,2012,
25715496,Ishaan Singh Khanuja,IND,M,,,,1664,0,40,MAY26,2011,i
564035719,Ishaan Soni,IND,M,,,,1560,6,40,MAY26,2015,
33446105,Ishaan Subodh Patil,IND,M,,,,1490,0,,MAY26,2010,i
537094130,Ishaan Thavarayil,IND,M,,,,1549,0,40,MAY26,2008,i
88164683,Ishaan Tyagi,IND,M,,,,1527,6,,MAY26,2011,
33415226,Ishaan Vasudev Vinod Kumar,IND,M,,,,1536,7,40,MAY26,2011,
537018469,Ishaan Verma,IND,M,,,,1476,0,40,MAY26,2014,
33485437,Ishaan Vinay Bele,IND,M,,,,1560,0,20,MAY26,2004,i
33432490,Ishan Arjun P Y,IND,M,,,,1678,0,40,MAY26,2014,
88146537,Ishan Arnav A B,IND,M,,,,1658,0,40,MAY26,2014,
48768332,Ishan Bansal,IND,M,,,,1583,0,40,MAY26,2012,
48739502,Ishan Baruah,IND,M,,,,1513,0,40,MAY26,2012,
25673750,Ishan Das,IND,M,,NA,,1663,0,20,MAY26,2004,
429013739,Ishan Dutta,IND,M,,,,1454,0,40,MAY26,2011,i
25998781,Ishan Gandhi,IND,M,,,,1489,0,,MAY26,2010,i
537021591,Ishan Madhav Niju,IND,M,,,,1558,0,40,MAY26,2011,i
33492778,Ishan Mukherjee,IND,M,,,,1549,7,,MAY26,2011,
531097391,Ishan Paramshetti,IND,M,,,,1579,0,40,MAY26,2014,i
531040764,Ishan Rama,IND,M,,,,1455,0,40,MAY26,2016,
33394490,Ishan Roy,IND,M,,,,1549,0,40,MAY26,2010,i
48725315,Ishan S,IND,M,,,,1538,0,40,MAY26,2011,i
45051119,Ishan Sanjay Pagi,IND,M,,,,1662,0,20,MAY26,2004,i
88163881,Ishan Shinoi,IND,M,,,,1482,0,40,MAY26,2014,i
537083988,Ishan Sindwani,IND,M,,,,1608,0,40,MAY26,2012,
48711454,Ishan Sinha,IND,M,,,,1485,0,40,MAY26,2010,
537084046,Ishan Sminesh,IND,M,,,,1687,8,40,MAY26,2012,
25928180,Ishan Warudkar,IND,M,,,,1632,0,,MAY26,2008,i
35025945,Ishani Biswas,IND,F,,,,1484,0,20,MAY26,2004,wi
25929364,Ishani Das,IND,F,,,,1611,7,,MAY26,2012,w
547004711,Ishani Jana,IND,F,,,,1429,0,40,MAY26,2009,w
33474249,Ishant A Pratim Deka,IND,M,,,,1449,0,40,MAY26,2010,i
537083899,Ishant Gupta,IND,M,,,,1402,0,40,MAY26,2011,
46632328,Ishant Kumar,IND,M,,,,1702,0,20,MAY26,2007,i
429072999,Ishant Reddy Atchi,IND,M,,,,1528,0,40,MAY26,2010,
429077346,Ishant Solanki,IND,M,,,,1413,0,40,MAY26,2012,
429040353,Ishanvi Saikia,IND,F,,,,1408,0,40,MAY26,2012,w
48788295,Ishasadhan D,IND,F,,,,1559,0,40,MAY26,2012,w
35082663,Ishika Mondal,IND,F,,,,1467,0,20,MAY26,2005,wi
33433585,Ishika Shivalingaiah,IND,F,,,,1489,0,20,MAY26,1981,wi
35025953,Ishir Narayan,IND,M,,,,1564,0,20,MAY26,2006,i
33385963,Ishita Garg,IND,F,,,,1547,0,40,MAY26,2009,wi
5019885,"Ishmeet, Singh",IND,M,,,,1988,0,20,MAY26,1983,
25728890,Ishvi Aggarwal,IND,F,WCM,WCM,,1816,0,20,MAY26,2005,w
33497788,Ishwar Lal Patel,IND,M,,,,1617,0,20,MAY26,1976,
537015761,Ishwar Singh,IND,M,,,,1425,0,40,MAY26,2011,
5031222,"Ishwar, Ramteke",IND,M,,,,1526,0,20,MAY26,1939,i
25733109,Ishwara Bhat K,IND,M,,,,1551,0,20,MAY26,1975,i
531096212,Ishwari Devdatta Naik,IND,F,,,,1519,0,40,MAY26,2013,wi
35093266,"Ismail , Mohammed Nihuzzar",IND,M,,,,1789,0,20,MAY26,0,i
25066315,Ismail S K,IND,M,,,,1576,0,20,MAY26,1969,i
146241671,"Ismail, Basil",IND,M,,,,1607,0,,MAY26,2001,
5058872,Ismail.k.p,IND,M,,,,1746,0,20,MAY26,1965,i
5013844,Ismit Singh,IND,M,,,,1988,0,20,MAY26,1983,
48741680,Israa Rikarty,IND,F,,,,1472,0,40,MAY26,2011,w
33330611,Isshaan A,IND,M,,,,1801,10,40,MAY26,2014,
5805430,"Ithal, H L Rajath",IND,M,,,,1806,0,20,MAY26,2001,i
25693972,Itish Jaiswal,IND,M,,,,1485,0,20,MAY26,2006,i
531052894,Ivaan Bansal,IND,M,,,,1444,5,40,MAY26,2016,
537068954,Ivaan Dey,IND,M,,,,1512,0,40,MAY26,2016,
537038923,Ivaan Mathew Elias,IND,M,,,,1622,0,40,MAY26,2016,
48742023,Ivan Ferreira Dias,IND,M,,,,1513,0,40,MAY26,2013,
33402779,Ivan George E,IND,M,,,,1652,0,40,MAY26,2010,i
5048400,"Ivana Maria, Furtado",IND,F,WIM,WIM,,2039,0,20,MAY26,1999,wi
25019414,"Iyangar, Aniket",IND,M,,,,1641,0,20,MAY26,1998,i
25669028,Iyer Aarav,IND,M,,,,1656,0,,MAY26,2009,i
46620397,Iyer Aditya,IND,M,,,,1553,0,20,MAY26,2005,i
429089514,Iyer Anirudh Anand,IND,M,,,,1469,0,40,MAY26,2014,i
46686150,Iyer Arjun,IND,M,,,,1526,0,20,MAY26,2002,i
45092613,Iyer Arvind,IND,M,,,,1832,10,,MAY26,2008,
35096850,Iyer Vignesh,IND,M,,,,1609,0,20,MAY26,1993,i
45040214,Iyer Vishwesh,IND,M,,,,1543,0,20,MAY26,2003,i
25720821,Iyer Vivek,IND,M,,,,1618,0,20,MAY26,1978,i
5085802,"Iyer, A N",IND,M,,,,1727,0,20,MAY26,1948,i
366101510,"Iyer, Abhinav",IND,M,,,,1459,0,,MAY26,2014,i
5003806,"Iyer, C.N.",IND,M,,,,2081,0,20,MAY26,1976,i
5044693,"Iyer, Vishal",IND,M,,,,1901,0,20,MAY26,1994,i
531089003,Izaan Jareesh Chembakath,IND,M,,,,1455,0,40,MAY26,2010,
33429383,Izaan Shafeek,IND,M,,,,1694,0,40,MAY26,2012,
88165213,Izara Kashvi S,IND,F,,,,1412,0,40,MAY26,2015,wi
48727423,Izzan Mohamed Yasar,IND,M,,,,1426,0,40,MAY26,2008,i
48749214,J A Simplicio Viegas,IND,M,,,,1479,0,40,MAY26,2011,i
558091203,J Dhinesh Kumar,IND,M,,,,1472,0,20,MAY26,1990,
88151980,J Evangelina Mystica,IND,F,,,,1713,0,40,MAY26,2014,w
5048443,"J M, Baisakh",IND,M,,,,1581,0,20,MAY26,1965,
304094836,"J, Jeshua",IND,M,,,,1433,4,,MAY26,2018,
537036769,Jaana Robiston,IND,F,,,,1455,0,40,MAY26,2014,w
48713376,Jaanhu Goswami,IND,M,,,,1589,0,40,MAY26,2008,
45063320,Jaanvi D,IND,F,,,,1533,0,40,MAY26,2008,wi
88196950,Jaanvi Thota,IND,F,,,,1494,0,40,MAY26,2016,w
25915207,Jachin Samuel S,IND,M,,NA,,1483,0,20,MAY26,1997,i
45047227,Jack Samuel,IND,M,,,,1769,0,40,MAY26,2010,i
25980378,Jackson V X,IND,M,,,,1615,0,,MAY26,2011,i
46620400,Jadav Jayesh,IND,M,,,,1672,0,20,MAY26,1978,i
25777424,Jadeja Arvindsinh,IND,M,,,,1507,6,20,MAY26,1975,
25675028,Jadhav Aditya,IND,M,,,,1577,0,20,MAY26,1999,
25605097,Jadhav Ajinkya,IND,M,,,,1483,6,20,MAY26,2004,
88146839,Jadhav Gopal,IND,M,,,,1506,0,20,MAY26,2001,i
46686916,Jadhav Jyotiraditya,IND,M,,,,1677,0,20,MAY26,2005,
25069446,Jadhav Pratik,IND,M,,,,1671,0,20,MAY26,1991,
35065386,Jadhav Pratik,IND,M,,,,1702,0,20,MAY26,1993,i
46686177,Jadhav Rahul,IND,M,,NA,,1588,0,20,MAY26,1994,i
25666878,Jadhav Ravindranath,IND,M,,,,1518,0,20,MAY26,1966,i
46613250,Jadhav Sushant,IND,M,,,,1737,0,20,MAY26,1984,i
25046667,Jadhav Vaibhavi,IND,F,,,,1736,0,20,MAY26,2001,wi
33311340,Jadhav Ved Dattatraya,IND,M,,,,1458,0,20,MAY26,2007,i
25162012,Jadhav Vijay,IND,M,,,,1582,0,,MAY26,2006,
25648993,Jadhav Vishwadeep,IND,M,,,,1635,0,20,MAY26,1995,i
564055337,"Jadhav, Arav Siddharth",IND,M,,,,1528,0,40,MAY26,2014,
35036394,Jadi Kishan Kumar,IND,M,,,,1530,0,20,MAY26,1993,
48701521,Jadoun Ivaan,IND,M,,,,1559,0,40,MAY26,2016,
35041576,Jaeel Atharva,IND,M,,,,2048,0,20,MAY26,2004,
35017764,Jafar V,IND,M,,,,1516,0,20,MAY26,1978,i
35053426,Jaffar Vali S,IND,M,,,,1594,0,20,MAY26,1988,i
46695354,Jagadeesh B,IND,M,,,,1500,0,20,MAY26,2002,i
5022630,"Jagadeesh, A.K.",IND,M,,,,1860,0,20,MAY26,1967,
46664076,Jagadeeshwar Yerupula,IND,M,,,,1696,0,20,MAY26,1989,i
25147366,Jagadeeshwaran T,IND,M,,,,1504,0,20,MAY26,2006,i
35015850,Jagadeeswara Rao G,IND,M,,,,1653,0,20,MAY26,1971,
25654349,Jagadesh Babu M N V V,IND,M,,,,1536,0,20,MAY26,1994,i
45070598,Jagadish Gogoi,IND,M,,,,1523,0,20,MAY26,1988,
25003054,Jagadish M,IND,M,,,,1535,0,20,MAY26,1973,i
25015389,"Jagadish, P",IND,M,,,,1912,0,20,MAY26,2003,i
33427860,Jagajit Sinha,IND,M,,,,1727,0,40,MAY26,2012,i
25990675,Jaganath C,IND,M,,,,1583,6,20,MAY26,2007,
46672435,Jagannathan Govind,IND,M,,,,1620,0,20,MAY26,1973,i
35009311,"Jagat, Singh Rajpoot",IND,M,,,,1729,0,20,MAY26,1994,i
537024906,Jagathkrishna Mahesh,IND,M,,,,1450,0,40,MAY26,2015,
547099569,Jagaththirumaran M,IND,M,,,,1435,9,40,MAY26,2017,
33421153,Jagdale Prasanna,IND,M,,,,1558,0,40,MAY26,2008,
25041533,Jagdeep Singh Sudan,IND,M,,,,1769,0,20,MAY26,1998,i
25143719,Jagdhane Sushant,IND,M,,,,1533,0,20,MAY26,2005,i
5038952,"Jagdish, Narang",IND,M,,,,1705,0,20,MAY26,1963,i
45009619,Jagendran Kamak N,IND,M,,,,1563,0,20,MAY26,2006,i
25670956,Jagesia Daksh,IND,M,,,,1926,9,40,MAY26,2009,
429089549,Jagetiya Pal Rakeshbhai,IND,M,,,,1484,0,40,MAY26,2008,i
33394830,Jagreet Misra,IND,M,CM,,,2139,9,40,MAY26,2012,
35092987,Jagriti Agarwal,IND,F,,,,1434,0,40,MAY26,2008,wi
45088683,Jagrut Anand Devadiga,IND,M,,,,1617,10,40,MAY26,2008,
33313474,Jagtap Aparnita,IND,F,,,,1409,0,,MAY26,2009,wi
25188976,Jahaann Goel,IND,M,,,,1580,0,40,MAY26,2011,i
33428190,Jahagirdar Daksh Swapnesh,IND,M,,,,1692,0,40,MAY26,2014,i
25652281,Jahid Ahmed Choudhury,IND,M,,,,1500,0,20,MAY26,1979,
531026125,Jahnavi Chirakkal Sajith,IND,F,,,,1414,8,20,MAY26,2007,w
45069395,Jahnavi Sri Lalita Mareddy,IND,F,,,,1644,0,40,MAY26,2008,wi
25683128,Jahnvi Ashok,IND,F,,,,1722,0,40,MAY26,2010,wi
547007176,Jai Ajan S,IND,M,,,,1655,0,40,MAY26,2008,
48720429,Jai Anand,IND,M,,,,1477,0,40,MAY26,2010,
35074857,Jai Asish Goel,IND,M,,,,1783,0,20,MAY26,2002,
88120562,Jai Goel,IND,M,,,,1593,0,40,MAY26,2009,
33310297,Jai Kamalesh S,IND,M,,,,1699,0,40,MAY26,2008,i
33399328,Jai Khalish S,IND,M,,,,1606,0,40,MAY26,2012,
45084939,Jai Krishnan S K,IND,M,,NA,,1457,0,20,MAY26,2000,i
33399000,Jai Prakash Vanum,IND,M,,,,1649,0,40,MAY26,2014,
35070525,"Jai Priya ,K",IND,F,,NA,,1613,0,20,MAY26,2002,wi
25183877,Jai Sankar K,IND,M,,NA,,1527,0,20,MAY26,2005,i
25931970,Jai Sankar Subramanian,IND,M,FM,,,1838,9,20,MAY26,2007,
33417849,Jai Sree Ram,IND,M,,,,1491,0,40,MAY26,2009,
25174835,Jaiakash M M,IND,M,,,,1500,0,,MAY26,2012,i
46656391,Jaidambareesh N R,IND,M,FM,,,2047,0,40,MAY26,2008,
45070601,Jaideep Kashyap,IND,M,,,,1470,0,40,MAY26,2008,i
25103059,Jaideep R,IND,M,,,,1465,0,40,MAY26,2009,i
48791229,Jaiishnu raaj N,IND,M,,,,1489,3,40,MAY26,2012,
25610392,Jaijith Krishna,IND,M,,,,1542,0,20,MAY26,2006,i
25775812,Jaikavin Senthilkumar,IND,M,,,,1721,0,20,MAY26,2006,
25196308,Jaikishan Jaiswal,IND,M,,,,1691,0,,MAY26,1998,
33488525,Jaikrish E B,IND,M,,,,1562,0,,MAY26,2014,
45098921,Jail Digambar,IND,M,,,,1794,0,20,MAY26,2004,i
45018014,Jain Adi,IND,M,,,,1770,0,20,MAY26,2007,
537034146,Jain Agrim Bhuvanesh,IND,M,,,,1447,0,40,MAY26,2011,
25773984,Jain Anubhav,IND,M,,,,1591,0,20,MAY26,1998,i
25199455,Jain Arnav Sachin,IND,M,,,,1421,0,40,MAY26,2010,i
429065470,Jain Arnav Shirish,IND,M,,,,1467,0,20,MAY26,2006,
25099884,Jain Arnavv,IND,M,,,,1645,0,20,MAY26,2002,i
35096869,Jain Aryamann,IND,M,,,,1504,0,20,MAY26,2002,i
46637893,Jain Aryan S,IND,M,,,,1466,0,20,MAY26,2006,i
25181971,Jain Ashita,IND,F,,,,1860,0,40,MAY26,2009,w
45097372,Jain Ayush,IND,M,,,,1780,0,20,MAY26,1996,i
46671080,Jain Ayush,IND,M,,,,1590,0,20,MAY26,2000,i
25122339,Jain Bharggav,IND,M,,,,1489,0,,MAY26,2010,i
25705628,Jain Chidesh,IND,M,,,,1465,0,40,MAY26,2008,i
25954733,Jain Hitansh,IND,M,,,,1614,0,40,MAY26,2010,i
48768901,Jain Jash,IND,M,,,,1530,0,20,MAY26,2004,i
5077915,Jain Jitendra,IND,M,,,,1689,0,20,MAY26,1974,i
35081098,Jain Kashish Manoj,IND,M,IM,,,2214,10,20,MAY26,2005,
88147754,Jain Mantrit,IND,M,,,,1425,0,40,MAY26,2011,i
48774529,Jain Medant,IND,M,,,,1660,13,40,MAY26,2016,
531076467,Jain Mokshil Dhavish,IND,M,,,,1618,0,40,MAY26,2014,
46667512,Jain Nitin,IND,M,,,,1652,0,20,MAY26,1974,
35071289,Jain Nityata,IND,F,WFM,WFM,,1936,0,20,MAY26,2004,wi
45075751,Jain Ojes,IND,M,,,,1526,0,40,MAY26,2009,i
45049084,Jain Omi,IND,F,,,,1590,0,20,MAY26,2005,wi
537082248,Jain Pranav,IND,M,,,,1465,0,40,MAY26,2013,
35038958,Jain Prasanna,IND,M,,,,1593,0,20,MAY26,2001,i
25754190,Jain Rijul,IND,M,,,,1503,0,20,MAY26,2007,
547072474,Jain Samyak,IND,M,,,,1600,0,40,MAY26,2012,
25754203,Jain Subrat,IND,M,,,,1524,0,20,MAY26,2007,
25151134,Jain Tarang,IND,M,,,,1551,0,20,MAY26,1999,
547072482,Jain Vedant,IND,M,,,,1583,9,40,MAY26,2012,
547072490,Jain Vidhi,IND,F,,,,1649,9,40,MAY26,2012,w
366096573,"Jain, Aarav",IND,M,,,,1608,8,,MAY26,2012,
564063291,"Jain, Kaushal",IND,M,,,,1447,0,20,MAY26,2001,
66607663,"Jain, Kushagra",IND,M,CM,,,2041,0,40,MAY26,2010,
5003970,"Jain, Naveen",IND,M,CM,,,2060,0,20,MAY26,1980,
564072924,"Jain, Parv",IND,M,,,,1442,0,40,MAY26,2011,
564057348,"Jain, Ram Krishna",IND,M,,,,1546,0,20,MAY26,1999,
5048532,"Jain, Shilpi",IND,F,,,,1875,0,20,MAY26,1992,wi
577023455,"Jain, Vishrut",IND,M,,,,1612,0,20,MAY26,1993,
48714623,Jaineel Nileshkumar Shah,IND,M,,,,1598,0,40,MAY26,2010,i
547054280,Jainesh Bhaumik,IND,M,,,,1468,0,40,MAY26,2019,
531042104,Jainil Hareshkumar Patel,IND,M,,,,1515,0,,MAY26,2015,
25014994,Jainil Paresh Trivedi,IND,M,,,,1736,0,20,MAY26,2000,i
33470006,Jainil Rajeshbhai Patel,IND,M,,,,1598,0,40,MAY26,2012,i
46639705,Jairam G,IND,M,,,,1512,0,20,MAY26,2005,i
88118053,Jairam Kannappan,IND,M,,,,1554,0,40,MAY26,2013,
25932330,Jairam P,IND,M,,,,1492,0,40,MAY26,2010,i
531017967,Jaishivani Rajagopal,IND,F,,,,1415,0,40,MAY26,2018,w
429094798,Jaison Kumar,IND,M,,,,1529,0,20,MAY26,2003,
88152073,Jaison S J,IND,M,,,,1476,0,40,MAY26,2011,i
46658661,Jaiswal Prince,IND,M,,,,1716,0,20,MAY26,2000,
25629832,Jaiswal Ritvik,IND,M,,,,1572,0,20,MAY26,2003,i
577050908,"Jaiswal, Achintya",IND,M,,,,1458,5,40,MAY26,2016,
5006830,"Jaiswal, Puneet",IND,M,CM,"FI,IA",,2064,9,20,MAY26,1984,
429032369,Jaithra Sharma,IND,M,,,,1485,0,40,MAY26,2014,
33411271,Jaitik Chakraborty,IND,M,,,,1453,0,40,MAY26,2014,
564007219,Jaitra Chattopadhyay,IND,M,,,,1751,0,20,MAY26,1992,
25738852,Jaivant R,IND,M,,,,1716,0,20,MAY26,2007,i
25709232,Jaivanth M K,IND,M,,,,1536,0,40,MAY26,2009,i
25744437,Jaivardhan Raj,IND,M,CM,,,1784,0,40,MAY26,2011,i
537008064,Jaivartha,IND,M,,,,1415,0,,MAY26,2015,
25611151,Jaiveer Mahendru,IND,M,FM,,,2139,0,40,MAY26,2009,
88107582,Jaiwin S G,IND,M,,,,1419,0,40,MAY26,2013,
25942751,Jajal Veer,IND,M,,,,1494,0,20,MAY26,2006,i
25711148,Jaju Rudra R,IND,M,,,,1445,0,20,MAY26,2005,
33478066,Jake Shanty,IND,M,FM,,,2370,0,20,MAY26,2011,
45063354,Jakir Hussain,IND,M,,,,1599,0,20,MAY26,1971,i
429011345,Jalaluddeen Moitheen Sarthar,IND,M,,,,1411,0,40,MAY26,2009,i
25736795,Jalalwad Shubham,IND,M,,,,1458,0,20,MAY26,1996,i
25985124,Jalawadi Nandika,IND,F,,,,1560,0,40,MAY26,2011,w
564039404,Jaleel M J,IND,M,,,,1688,0,20,MAY26,1986,
547040980,"Jambhale, Prasenjit Ishwar",IND,M,,,,1440,0,40,MAY26,2013,
48798436,Jambhulkar Sanskar,IND,M,,,,1491,0,40,MAY26,2015,
429092663,James Lalhmachhuana,IND,M,,,,1655,0,20,MAY26,1974,i
11202130,"James, Thomas",IND,M,,,,1603,0,20,MAY26,2007,i
5033241,"Jamuna, Prasad Nishad",IND,M,,,,1896,0,20,MAY26,1960,i
48773468,Jan Hanno L J,IND,M,,,,1405,0,,MAY26,2013,i
33436002,Janaki S D,IND,F,,,,1875,0,40,MAY26,2014,w
558088237,Janaki Saji Gayathri,IND,F,,,,1526,0,40,MAY26,2015,w
5048575,"Janakiraman, R",IND,M,,,,1501,0,20,MAY26,1953,i
5040310,Janani J,IND,F,,"NI,FA",,1731,0,20,MAY26,1994,wi
25929321,Janani Sree Mahendran,IND,F,,,,1415,0,40,MAY26,2008,wi
88134890,Jananihaa A P,IND,F,,,,1558,0,40,MAY26,2016,w
537051733,Janaraksha Rajesh,IND,F,,,,1457,0,40,MAY26,2015,wi
537020617,Janav Aarush R,IND,M,,,,1401,0,40,MAY26,2015,
33434476,Jandu Eshaan,IND,M,,,,1577,0,40,MAY26,2010,
25762524,Jangam Chandan,IND,M,,,,1558,0,20,MAY26,2007,i
25051946,Jangid Swati,IND,F,,,,1624,0,20,MAY26,1992,wi
33404593,Janhavi Kiran Gadade,IND,F,,,,1439,0,40,MAY26,2009,w
25679988,Jani Kushal R,IND,M,FM,,,2034,8,20,MAY26,2006,
537014900,Janith Sri Sai Thota,IND,M,,,,1562,0,40,MAY26,2011,i
531032770,Janki Acharya,IND,F,,,,1463,0,20,MAY26,1998,wi
547045167,Janmejaya Mohapatra,IND,M,,,,1471,0,20,MAY26,1991,
48738816,Janvi Mallya,IND,F,,,,1545,0,40,MAY26,2013,w
429039401,Japesh Chaudhary,IND,M,,,,1513,7,40,MAY26,2010,
531081061,Jariwala Jigar M,IND,M,,,,1530,2,20,MAY26,1986,
547088362,Jaron Dev G,IND,M,,,,1514,4,,MAY26,2017,
25761340,Jasfer Anton S,IND,M,,,,1480,0,20,MAY26,2004,i
429097789,Jash Parikh,IND,M,,,,1554,0,40,MAY26,2008,i
25036335,Jashanpreet Singh,IND,M,,,,1849,0,20,MAY26,1997,i
33391068,Jashith Garg,IND,M,,,,1554,0,,MAY26,2010,i
429008379,Jashith Narang,IND,M,,,,1450,0,40,MAY26,2010,i
25698184,Jashwanth B,IND,M,,,,1548,0,40,MAY26,2008,i
25157078,Jashwanth J,IND,M,,,,1500,0,40,MAY26,2009,i
48716910,Jashwanth Velmurugan,IND,M,,,,1629,0,40,MAY26,2009,i
88153525,Jashwinth V,IND,M,,,,1406,4,40,MAY26,2013,
25000934,"Jaskeerat, Singh",IND,M,,,,1786,0,20,MAY26,2001,
531039375,Jasmandeep Singh,IND,M,,,,1419,0,40,MAY26,2012,
429023599,Jasmeh Singh Khosla,IND,M,,,,1533,0,,MAY26,2008,i
25092120,Jasmeher Singh Kathuria,IND,M,,,,1756,0,,MAY26,2000,i
33421609,Jasmine Akkivarapu,IND,F,,,,1436,0,,MAY26,2012,w
25970950,Jasnaamm Singh,IND,M,,,,1453,0,40,MAY26,2010,
25906909,Jason Lawrence Pinto,IND,M,,,,1519,0,,MAY26,2002,
33483639,Jasper Samraj J,IND,M,,,,1584,0,40,MAY26,2012,
33472505,Jasper Selvin Jayaseelan,IND,M,,,,1531,0,40,MAY26,2013,i
35094602,Jaspreet Singh,IND,M,,FI,,1765,0,,MAY26,1988,i
547071273,Jastegh Singh Chawla,IND,M,,,,1445,0,40,MAY26,2010,
33396973,Jasveen Kaur,IND,F,,,,1441,0,40,MAY26,2015,wi
33411620,Jaswanth Chowdary Vemana,IND,M,,,,1491,0,40,MAY26,2008,i
46636390,Jaswanth Prasanna V,IND,M,,,,1477,0,20,MAY26,2006,i
48740071,Jaswardhan Singh Jagde,IND,M,,,,1410,0,20,MAY26,2005,i
547017538,Jaswin Dabbara,IND,M,,,,1449,0,40,MAY26,2016,
46667547,Jatav Bhupendra,IND,M,,,,1558,0,20,MAY26,1993,
25762532,Jathar Rishabh,IND,M,,,,1624,0,20,MAY26,2006,
25762540,Jathar Soham,IND,M,,,,1683,7,40,MAY26,2010,
33417148,Jathin Ravi Kumar,IND,M,,,,1458,0,40,MAY26,2014,i
5066956,"Jathin, Bhupendrabhai Par",IND,M,,,,1705,0,20,MAY26,1987,i
25657917,Jatin Agarwalla,IND,M,,,,1439,0,40,MAY26,2009,i
88125866,Jatin Arepalli,IND,M,,,,1670,15,40,MAY26,2014,
531039430,Jatin Kumar,IND,M,,,,1526,0,20,MAY26,2002,
429032377,Jatin Kumar,IND,M,,,,1472,0,40,MAY26,2009,
33481059,Jatin Malkani,IND,M,,,,1492,0,40,MAY26,2011,
25085611,Jatin S N,IND,M,,,,1763,0,20,MAY26,2001,i
33400610,Jatin Sai Vuppala,IND,M,,,,1470,0,,MAY26,2014,
25980793,Jatin Trivedi,IND,M,,,,1540,0,,MAY26,1985,
25025082,Jatin Verma,IND,M,,,,1582,0,20,MAY26,1994,i
35022334,Jatin Wadhwa,IND,M,,,,1723,0,20,MAY26,1996,i
5016061,"Jatinder, Kapoor",IND,M,,,,1715,0,20,MAY26,1977,
547080310,Jauntil Routray,IND,M,,,,1582,0,40,MAY26,2011,
5027012,"Javed, Ansari",IND,M,,,,1782,0,20,MAY26,1986,i
5048605,"Javheri, Jaydev",IND,M,,,,1811,0,20,MAY26,1975,i
537031414,Javin Jayaswal,IND,M,,,,1590,0,40,MAY26,2013,
366096401,Jawahar Bharathan,IND,M,,,,1432,7,20,MAY26,1980,
25173200,Jawahar P S,IND,M,,,,1636,0,20,MAY26,2005,i
33466700,Jay Ajay Bhai Pusal,IND,M,,,,1581,6,20,MAY26,2000,
88187713,Jay Anand,IND,M,,,,1477,0,40,MAY26,2014,
25729934,Jay bhavik shah,IND,M,,,,1564,0,,MAY26,2008,i
25023500,Jay Kundaliya,IND,M,,,,1968,0,20,MAY26,1996,i
33335290,Jay Parag Patki,IND,M,,,,1419,0,40,MAY26,2008,i
33408874,Jay Ritesh Gandhi,IND,M,,,,1562,0,,MAY26,2011,
531054463,Jay Satvik Madireddy,IND,M,,,,1568,0,40,MAY26,2008,i
88159000,Jay Urveshkumar Mehta,IND,M,,,,1490,6,40,MAY26,2015,
564041018,"Jay, Sanjeev Karoshi",IND,M,,,,1495,0,20,MAY26,2004,
48752622,Jaya Ahalya Thanneeru,IND,F,,,,1548,0,40,MAY26,2013,w
558035729,Jaya Bhaswanth Deevi,IND,M,,,,1538,0,20,MAY26,1989,
25925091,Jaya Sudharshan S,IND,M,,,,1467,0,20,MAY26,2006,i
35094246,Jaya Suriyah Ayyappan,IND,F,,,,1564,0,20,MAY26,2003,wi
45018499,Jayachandra Srinivas Vellanki,IND,M,,,,1890,0,20,MAY26,2003,i
366111375,"Jayachandran, Vijay",IND,M,,,,1548,0,20,MAY26,1989,i
33381046,Jayadithya Shetty,IND,M,,,,1458,0,40,MAY26,2009,i
25152840,Jayaditya Gantayet,IND,M,,,,1628,0,40,MAY26,2009,i
35004590,Jayakrishna H,IND,M,,,,1628,0,20,MAY26,2006,i
5090997,Jayakumaar S,IND,M,,,,2096,0,20,MAY26,2001,i
48726672,Jayakumar B,IND,M,,,,1403,0,20,MAY26,1986,i
46651993,Jayakumar K,IND,M,,,,1499,0,20,MAY26,1983,i
21502935,"Jayakumar, Sanjith",IND,M,,,,1448,0,20,MAY26,1986,
25761749,Jayan Taneja,IND,M,,,,1400,0,20,MAY26,2003,i
88158420,Jayant Atwal,IND,M,,,,1587,0,,MAY26,2012,
547065206,Jayant Verma,IND,M,,,,1515,0,20,MAY26,1993,
5027020,"Jayant, Chauhan",IND,M,,NA,,1644,8,20,MAY26,1999,
33459010,Jayanth Ananthakrishnan,IND,M,,,,1584,0,20,MAY26,2006,i
25176749,Jayanth B,IND,M,,,,1453,0,20,MAY26,2006,i
35074873,Jayanth Reddy K,IND,M,,,,1624,0,20,MAY26,2002,i
46647805,Jayanth Sai S,IND,M,,,,1547,0,20,MAY26,2002,i
429084431,Jayanth Sundaramoorthy,IND,M,,,,1472,4,40,MAY26,2014,
33378312,Jayanth Suravarapu,IND,M,,,,1946,0,40,MAY26,2008,i
48772992,Jayanth Venkatesh,IND,M,,,,1978,9,,MAY26,2012,
22099824,"Jayanth, Haresh Jayanth",IND,M,,,,1449,0,20,MAY26,1977,i
25916963,Jayantha S,IND,M,,,,1409,0,20,MAY26,1994,i
45031088,Jayaprakash M,IND,M,,,,1617,0,20,MAY26,2001,i
45039534,Jayaprakash Natarajan,IND,M,,,,1464,0,20,MAY26,1981,i
48745715,Jayapriyan Prakash,IND,M,,,,1497,0,40,MAY26,2015,
25136623,Jayaram Bhat,IND,M,,,,1634,0,,MAY26,2011,
5038820,Jayasangar T,IND,M,,,,1858,0,20,MAY26,1970,i
5019346,"Jayashree, P.K.",IND,F,,NI,,1765,0,20,MAY26,1991,w
25091115,Jayashri K K,IND,F,,,,1575,0,20,MAY26,2001,wi
25961560,Jayasuriya M,IND,M,,,,1417,0,20,MAY26,2007,i
33470030,Jayasuriya Venkatesan,IND,M,,,,1440,0,40,MAY26,2008,i
25910590,Jayavardhan C S,IND,M,,,,1531,0,40,MAY26,2009,i
558016635,Jaydeep Manish Bagani,IND,M,,,,1433,0,40,MAY26,2011,
5019036,"Jaydeep, Sharma",IND,M,,,,1821,0,,MAY26,1985,i
547084502,Jaydev Dinkar Akote,IND,M,,,,1499,0,40,MAY26,2012,
25782630,Jayenth Shivesh Singh,IND,M,,,,1430,0,20,MAY26,2007,i
25074830,Jayesh Katade,IND,M,,,,1549,0,20,MAY26,2000,i
25955500,Jayesh Kavin,IND,M,,,,1588,0,40,MAY26,2010,i
88122093,Jayesh Kishor Arya,IND,M,,,,1479,0,40,MAY26,2012,
429079268,Jayesh Mishra,IND,M,,,,1820,0,,MAY26,2011,
33494959,Jayesh Patra,IND,M,,,,1485,0,40,MAY26,2010,
25043013,Jayeshwar Karthick,IND,M,,,,1522,0,20,MAY26,2001,i
33379394,Jayson Muns,IND,M,,,,1495,0,40,MAY26,2008,i
48760331,Jayvardhan Das,IND,M,,,,1469,0,40,MAY26,2012,i
33485445,Jayvardhan Kaigaonkar,IND,M,,,,1434,0,40,MAY26,2008,i
564015300,Jazz Ramesh Kella,IND,M,,,,1409,4,40,MAY26,2014,
547094800,Jeebyam Sarma,IND,M,,,,1443,0,40,MAY26,2016,
33421048,Jeel Patel,IND,M,,,,1720,0,20,MAY26,2000,i
33477060,Jeeshvini R,IND,F,,,,1451,0,40,MAY26,2013,wi
537028111,Jeet Halder,IND,M,,,,1641,5,20,MAY26,2002,
33422303,Jeet Hiten Borisa,IND,M,,,,1705,0,20,MAY26,2003,
33427844,Jeet Kashyap,IND,M,,,,1504,0,40,MAY26,2009,i
5073022,"Jeet, Jain",IND,M,FM,,,2098,0,20,MAY26,2000,
25724541,Jeetan patel,IND,M,,,,1495,0,20,MAY26,2004,i
429051169,Jeeva Chandru T L,IND,M,,,,1424,8,40,MAY26,2014,
25015001,Jeeva S,IND,M,,,,1483,0,20,MAY26,2000,i
25761358,Jeevan George,IND,M,,,,1452,8,20,MAY26,1998,
33436290,Jeevan Maheswar,IND,M,,,,1486,0,40,MAY26,2009,i
25715607,Jeevan Prakash N,IND,M,,,,1627,0,40,MAY26,2008,i
25180010,Jeevana N,IND,F,,,,1448,0,40,MAY26,2010,wi
25644599,Jeevapriyan V,IND,M,,,,1519,0,20,MAY26,2002,i
564021017,Jeevesh Kumar,IND,M,,,,1506,0,20,MAY26,2000,
25667491,Jeevika S,IND,F,WCM,WCM,,1711,0,40,MAY26,2009,wi
25199790,Jeevish R,IND,M,,,,1450,0,40,MAY26,2012,i
547093170,Jeevithan S,IND,M,,,,1518,8,40,MAY26,2012,
429088461,Jeff George,IND,M,,,,1401,0,40,MAY26,2016,
88117367,Jeff Henricks Louis,IND,M,,,,1688,0,40,MAY26,2009,i
25650408,Jeffrey Vanrammawia,IND,M,,,,1748,0,20,MAY26,1995,i
46656421,Jeffy Nirvin J,IND,M,,,,1556,0,20,MAY26,2005,i
547085185,Jefre Nersto Justin,IND,M,,,,1434,9,40,MAY26,2012,
35081306,Jegan K,IND,M,,,,1662,0,20,MAY26,1987,i
33475857,Jegath Prabhu G,IND,M,,,,1537,0,40,MAY26,2012,i
45090866,Jegathees M,IND,M,,NA,,1465,0,20,MAY26,2000,i
25173219,Jehoahaz Jabaneel H,IND,M,,,,1618,0,20,MAY26,2006,i
46643451,Jena Ajaya Kumar,IND,M,,,,1550,0,20,MAY26,1978,i
537073940,Jena Lasya Venkata Priya,IND,F,,,,1428,0,40,MAY26,2011,w
45094071,Jena Suhana,IND,F,,,,1675,0,20,MAY26,2006,wi
25740733,Jenil Parmar,IND,M,,,,1663,0,40,MAY26,2011,
48780979,Jenil Parmar,IND,M,,,,1448,0,40,MAY26,2017,i
25049445,Jenil Shah,IND,M,,,,1819,0,20,MAY26,1996,i
5018218,"Jennitha, Anto K.",IND,F,WIM,WIM,,2010,0,20,MAY26,1987,wi
46612297,Jenny Gogoi,IND,F,,,,1613,0,20,MAY26,2002,wi
33399654,Jenshitha Nekkalapudi,IND,F,,,,1444,0,,MAY26,2011,wi
25134400,Jensina Sequeira,IND,F,,,,1560,0,40,MAY26,2013,w
48743364,Jerame A,IND,M,,,,1565,0,40,MAY26,2012,
46689230,Jeremia Zothangliana,IND,M,,,,1673,0,20,MAY26,1989,i
35013211,Jeremiah S V,IND,M,,NA,,1574,0,20,MAY26,1997,i
88107590,Jeron Johnvalavan,IND,M,,,,1478,0,40,MAY26,2013,i
88136922,Jervish S A,IND,M,,,,1501,0,40,MAY26,2010,i
531072216,Jerwin Jaiden R,IND,M,,,,1484,0,40,MAY26,2013,i
88152138,Jerwin Raj S,IND,M,,,,1561,0,40,MAY26,2013,
33399131,Jeshhar Nekkalapudi,IND,M,,,,1593,0,,MAY26,2013,
33318751,Jeshrin Raisson A,IND,M,,,,1476,0,40,MAY26,2011,i
88152146,Jeshua Fejen J,IND,M,,,,1512,0,20,MAY26,2007,
33469350,Jeshur Manuel Raj,IND,M,,,,1424,0,40,MAY26,2010,i
429075947,Jeshurun Budida,IND,M,,,,1428,0,40,MAY26,2015,
25050028,Jesica,IND,F,,,,1655,0,20,MAY26,2005,wi
48750336,Jesin Shah,IND,M,,,,1467,0,20,MAY26,2007,i
35021990,Jesing Jugal J,IND,M,,,,1602,0,20,MAY26,2001,
558094938,Jesna Jegan Raj,IND,F,,,,1417,0,40,MAY26,2012,w
25974300,Jess Ruchandani,IND,M,,,,1820,0,20,MAY26,2007,
25935003,Jessey R Marak,IND,M,,,,1572,0,20,MAY26,1982,i
429088488,Jessica Robiston,IND,F,,,,1428,0,40,MAY26,2011,w
46695001,Jestin Abraham,IND,M,,,,1677,0,20,MAY26,1992,i
35093363,"Jeswani, Saransh",IND,M,,,,1686,0,20,MAY26,2004,i
33429880,Jeswin Jayakumar,IND,M,,,,1499,0,40,MAY26,2013,i
48784990,Jeswin Mulakamppully,IND,M,,,,1740,0,40,MAY26,2011,
88156060,Jethro Morera,IND,M,,,,1578,0,20,MAY26,2005,i
25650661,Jethwani Himani,IND,F,,,,1591,0,20,MAY26,2007,wi
88167976,Jevith Jayakarthic,IND,M,,,,1414,0,,MAY26,2013,
33488550,Jevyn Joe,IND,M,,,,1468,0,40,MAY26,2015,
531029540,Jewel Jubin,IND,M,,,,1600,0,40,MAY26,2017,
531034462,Jewin Godwin Babu,IND,M,,,,1419,0,,MAY26,2015,
25123548,Jewin Jose Palayur,IND,M,,,,1503,0,40,MAY26,2010,i
46683666,Jey Maharaj A,IND,M,,,,1680,0,20,MAY26,1994,i
88152154,Jeya Rishan J R,IND,M,,,,1574,0,40,MAY26,2010,i
25618750,Jeyanth R,IND,M,,,,1710,0,20,MAY26,2003,
45066353,Jeyasurya Umashankar R,IND,M,,,,1629,0,20,MAY26,2006,i
88128199,Jeyprakash S,IND,M,,,,1449,0,40,MAY26,2013,
35043102,Jha Brahmanand,IND,M,,,,1478,0,20,MAY26,1960,
48770043,Jha Nimesh,IND,M,,,,1516,0,,MAY26,2007,
25974610,"Jha, Aditya",IND,M,,,,1494,0,,MAY26,2012,i
5002168,"Jha, Kaushal Kumar",IND,M,,,,1808,0,20,MAY26,1972,i
25011588,"Jha, Kishor",IND,M,,NI,,1720,0,20,MAY26,1969,i
564047342,"Jha, Sarthak",IND,M,,,,1529,0,40,MAY26,2012,
5014425,"Jha, Shatrughan",IND,M,,,,2102,0,20,MAY26,1982,i
564063305,"Jha, Shreyansh",IND,M,,,,1523,0,20,MAY26,2001,
48772798,Jhanvi Venkatesh,IND,F,,,,1424,0,40,MAY26,2016,w
429017033,Jhaswin Vaddi,IND,M,,,,1472,0,40,MAY26,2014,
33313792,Jiaan Abhishek Gondalia,IND,M,,,,1823,9,40,MAY26,2012,
88119815,Jiaana Garg,IND,F,,,,1488,0,40,MAY26,2018,w
33436703,Jian Devang Shah,IND,M,,,,1510,0,40,MAY26,2012,
35045121,Jibin Varghese John,IND,M,,,,1752,0,20,MAY26,1991,i
25068865,"Jigando, Balan",IND,M,,,,1744,0,,MAY26,1977,i
5048702,"Jigna, Joshi",IND,F,,,,1740,0,20,MAY26,1992,wi
46682880,Jigo Josam,IND,M,,,,1553,0,20,MAY26,1957,
88123367,Jigyanshu Kumar Shaurya,IND,M,,,,1506,0,40,MAY26,2009,i
48761214,Jigyasa Vaishnav,IND,F,,,,1403,0,40,MAY26,2013,w
547038632,Jihan Pandya,IND,M,,,,1518,0,40,MAY26,2016,
33370109,Jihan Tejas Shah,IND,M,FM,,,1931,9,40,MAY26,2009,
45010994,Jijo Joy,IND,M,CM,,,2102,0,20,MAY26,2005,i
46675370,Jimit Dipak Adhiya,IND,M,,,,1464,0,20,MAY26,2004,i
35078950,Jinal Yagnik,IND,F,,,,1562,0,20,MAY26,2001,wi
35002511,Jinan Jomon,IND,M,FM,,,2160,0,20,MAY26,2004,
48765848,Jinay Ankitbhai Shah,IND,M,,,,1432,0,40,MAY26,2008,
45078823,Jineesh E,IND,M,,,,1544,0,20,MAY26,1979,
537011316,Jinsen Jain,IND,M,,,,1467,0,40,MAY26,2015,
25790960,Jinshri Jain,IND,F,,,,1456,0,40,MAY26,2009,wi
33342520,Jion Ghosh,IND,M,,,,1673,0,40,MAY26,2010,i
35031660,Jishitha D,IND,F,WFM,WFM,,2000,0,20,MAY26,2003,wi
48744972,Jishnu Balajee Meenu,IND,M,,,,1798,0,,MAY26,2012,
25941607,Jishnu R,IND,M,,,,1536,0,40,MAY26,2011,i
531044034,Jishnu Ranjan Das,IND,M,,,,1518,0,40,MAY26,2011,i
537057820,Jishnu Vummadi,IND,M,,,,1487,6,,MAY26,2015,
45095167,Jitabrata Nath,IND,M,,,,1672,0,20,MAY26,2006,
5042771,Jitendra Choudhary,IND,M,,,,1875,0,20,MAY26,1983,i
25136470,Jitendra Kashyap L,IND,M,,,,1536,0,,MAY26,2001,
531020399,Jitendra Kumar Sonkar,IND,M,,,,1597,0,20,MAY26,1969,i
25043650,Jitendra Thakre,IND,M,,NA,,1567,0,20,MAY26,1987,i
5067847,"Jitendra, Kumar",IND,M,,,,1508,0,20,MAY26,1975,i
5067855,"Jitendra, Sharma",IND,M,,FA,,1547,0,,MAY26,1990,
5014220,Jitendrasinh C. Jadeja,IND,M,,,,1968,0,20,MAY26,1965,i
5032890,"Jitendria, VelS",IND,M,,,,1957,0,20,MAY26,1993,
48753190,Jitesh Nag Munagala,IND,M,,,,1446,0,40,MAY26,2009,
33439958,Jitesh Samal,IND,M,,,,1495,0,40,MAY26,2015,
5027390,"Jitesh, Shah",IND,M,,,,1856,0,20,MAY26,1972,i
25749307,Jithesh Kumar C,IND,M,,,,1411,0,20,MAY26,1976,i
25610406,Jithin Krishna,IND,M,,,,1651,0,20,MAY26,2002,i
547026235,Jithin Yalavarthi,IND,M,,,,1574,0,,MAY26,2016,
429091470,Jithu Mohanan Puthiya Veettil,IND,M,,,,1424,0,20,MAY26,1993,i
45006440,Jithu Sajeevan,IND,M,,,,1650,0,20,MAY26,2002,i
547088885,Jitul Roy,IND,M,,,,1543,0,20,MAY26,2004,
25717642,Jitumoni Neog,IND,M,,,,1612,0,20,MAY26,1980,i
25757008,Jivitesh Singh Sethi,IND,M,,,,1520,0,40,MAY26,2010,i
558016627,Jivtesh Tuli,IND,M,,,,1449,0,40,MAY26,2011,
531016197,Jiyaan Viral Vora,IND,M,,,,1450,0,40,MAY26,2016,
33424748,Jiyad Hussain,IND,M,,,,1424,0,40,MAY26,2013,i
547085665,Jiyansh Dhakar,IND,M,,,,1436,0,40,MAY26,2018,
25001833,Joan Jeremiah J,IND,M,,,,1604,0,20,MAY26,2002,i
429047790,Jodhishwa Saravanan,IND,M,,,,1454,0,20,MAY26,2007,i
33406782,Joel Dilip,IND,M,,,,1537,0,40,MAY26,2012,i
33404127,Joel E,IND,M,,,,1642,0,40,MAY26,2009,i
48738174,Joel Joseph,IND,M,,,,1427,0,40,MAY26,2015,i
48759759,Joel Mathew Paalamootil,IND,M,,,,1555,0,40,MAY26,2010,i
35066145,Joel Paul Ganta,IND,M,CM,,,2101,0,20,MAY26,2001,i
531099971,Joel Prasad,IND,M,,,,1400,8,40,MAY26,2012,
429016495,Joel Priyan Jones J,IND,M,,,,1482,0,40,MAY26,2011,i
33366012,Joel Siju Kulangara,IND,M,,,,1719,0,40,MAY26,2011,
33466467,Joel Tojan,IND,M,,,,1477,0,40,MAY26,2013,
25994298,Joglekar Akshay,IND,M,,,,1532,6,40,MAY26,2008,
5037026,"Joglekar, Abhijit",IND,M,,,,1689,0,20,MAY26,1980,
531006787,Johaan Enos,IND,M,,,,1421,0,40,MAY26,2013,
88126951,Johaan Manoj,IND,M,,,,1555,0,40,MAY26,2014,
537003062,Johan Blessitt,IND,M,,,,1725,8,40,MAY26,2017,
48722251,Johan Jobsy,IND,M,,,,2011,11,40,MAY26,2012,
33439869,Johan Sunil,IND,M,,,,1747,17,40,MAY26,2013,
25931989,Johanna P Sheeju,IND,F,,,,1441,0,40,MAY26,2009,wi
146242365,"Johary, Rishabh",IND,M,,,,1689,0,20,MAY26,2006,i
88156931,Johith Pranav D,IND,M,,,,1495,0,40,MAY26,2014,
25050036,John Balasubramanian,IND,M,,,,1631,0,20,MAY26,1980,i
25024809,John Joseph S,IND,M,,,,1808,0,20,MAY26,1969,i
531072186,John Nishaan D,IND,M,,,,1413,0,40,MAY26,2013,i
429021308,John Paul D,IND,M,,,,1440,0,40,MAY26,2013,
25778951,John Peter A,IND,M,,,,1422,0,20,MAY26,2002,i
547088346,John Raffael Thattil,IND,M,,,,1528,0,40,MAY26,2015,
25723430,John Varghese,IND,M,,,,1535,0,20,MAY26,1996,i
46665773,John Veny Akkarakaran,IND,M,FM,,,2197,0,40,MAY26,2008,
45095612,John Wesley Ganji,IND,M,,,,1520,0,20,MAY26,1981,i
25142291,John Zonunthara Sailo,IND,M,,,,1729,0,20,MAY26,1998,i
5060141,"John, Christopher",IND,M,,,,1701,0,20,MAY26,1994,i
146105268,"John, Sinson",IND,M,,,,1649,0,20,MAY26,1984,
25700286,Johney Mandal,IND,M,,,,1678,0,20,MAY26,1996,
25001841,Johnitto Francis,IND,M,,,,1614,0,20,MAY26,2000,i
429092698,Johnson Zoremthara Chhangte,IND,M,,,,1748,0,40,MAY26,2010,i
5082005,"Johny, P.i.",IND,M,,,,1990,0,20,MAY26,1955,i
25000497,"Jojo, K L",IND,M,,,,1580,0,20,MAY26,1974,i
46621512,Joju K V,IND,M,,,,1663,0,20,MAY26,1983,i
5048761,"Jolly, V P",IND,M,,,,1570,0,20,MAY26,1969,i
48740276,Jonah K Aji,IND,M,,,,1468,0,40,MAY26,2013,
558027106,Jonathan Emmanuel Dsouza,IND,M,,,,1430,4,,MAY26,2012,
33322171,Jones Meshak A,IND,M,,NA,,1480,0,20,MAY26,2005,i
537059327,Jonex Nandeibam,IND,M,,,,1482,0,40,MAY26,2011,
33324409,Jonnagaddala Niteesh,IND,M,,,,1413,0,40,MAY26,2012,i
531064906,Jordan Alexander Fernandes,IND,M,,,,1532,0,40,MAY26,2011,
46654305,Jos Antony C R,IND,M,,,,1490,0,20,MAY26,1989,i
5065933,"Jos, Paul Davis",IND,M,,,,1646,0,20,MAY26,1989,i
429026989,Joseph Tomy,IND,M,,,,1667,0,40,MAY26,2008,i
5079420,"Joseph, S A",IND,M,,,,1566,0,20,MAY26,1975,i
48720526,Josh Joseph,IND,M,,,,1419,0,20,MAY26,2007,i
88145832,Joshi Aaditya,IND,M,,,,1445,0,20,MAY26,2004,i
25096460,Joshi Abhijeet M,IND,M,,,,1771,0,20,MAY26,2000,i
25146858,Joshi Aditya Shripad,IND,M,,,,1891,22,40,MAY26,2013,
46629688,Joshi Kshitij D,IND,M,,,,1656,0,20,MAY26,2004,i
45010145,Joshi Mihir,IND,M,,,,1750,0,20,MAY26,2001,i
35066676,Joshi Nikhil,IND,M,,,,1575,0,20,MAY26,1990,i
25047116,Joshi Nilesh,IND,M,,,,1858,0,20,MAY26,1988,i
25094351,Joshi Nimita,IND,F,,,,1710,0,20,MAY26,2000,wi
45060045,Joshi Sagar,IND,M,,,,1561,0,20,MAY26,2003,i
46619828,Joshi Tejas,IND,M,,,,1689,0,,MAY26,2000,i
5010993,"Joshi, Abhijeet",IND,M,,,,1740,0,20,MAY26,1976,
374095285,"Joshi, Ajinkya",IND,M,,,,1564,9,,MAY26,2005,
5000262,"Joshi, Govind Ballabh",IND,M,,,,1882,0,20,MAY26,1964,
146241500,"Joshi, Kiran",IND,M,,,,1428,0,20,MAY26,1965,i
5038863,"Joshi, Nikhil",IND,M,,,,1675,0,20,MAY26,1985,i
5021111,"Joshi, Nikhil C.",IND,M,,,,2139,0,20,MAY26,1984,i
5048796,"Joshi, Sunil",IND,M,,,,1548,0,20,MAY26,1969,
5026105,"Joshi, Tejas",IND,M,,,,1846,10,20,MAY26,1997,
366112283,"Joshi, Tejonidhi",IND,M,,,,1424,0,,MAY26,2008,i
537025511,Joshua Isaac John,IND,M,,,,1526,0,40,MAY26,2010,i
33485860,Joshua Mark Telles,IND,M,,,,1851,20,40,MAY26,2014,
5089646,"Joshua, A P",IND,M,FM,,,2118,0,20,MAY26,1992,i
429092728,Josua Malsawmzuala,IND,M,,,,1697,0,40,MAY26,2008,i
25046047,Jothi Rajan V,IND,M,,,,1678,0,20,MAY26,1970,i
33384371,Jothika R,IND,F,,"SI,NA",,1486,0,20,MAY26,2006,wi
88115577,Jovan Arya K V,IND,M,,,,1433,0,40,MAY26,2013,
33475687,Jowett Jibin,IND,M,,,,1577,7,40,MAY26,2012,
88152189,Jowin Jose,IND,M,,,,1411,0,40,MAY26,2011,i
25124340,Jowin Jose Palayur,IND,M,,,,1410,0,40,MAY26,2010,i
25031503,Joy Majumdar,IND,M,,,,1643,0,20,MAY26,2001,i
25033590,Joy Pankaj Shah,IND,M,,,,2044,0,20,MAY26,2003,i
5015677,"Joy, Lazar M.A.",IND,M,,,,1819,0,20,MAY26,1967,i
25652290,Joydeb Nandi,IND,M,,,,1566,0,20,MAY26,1969,
558046909,Joydeep Sarkar,IND,M,,,,1499,0,40,MAY26,2011,
5004063,"Joydev, Saha",IND,M,,NA,,2052,0,20,MAY26,1980,i
429048672,Joydip Jana,IND,M,,,,1603,6,20,MAY26,2004,
25915703,Joyson Delson DSouza,IND,M,,,,1649,0,20,MAY26,1993,
33479232,Juan Dominic,IND,M,,,,1534,11,40,MAY26,2014,
33488266,Juana Hyacinth G,IND,F,,,,1567,0,40,MAY26,2013,wi
45055661,Juare Deep,IND,M,,,,1639,0,20,MAY26,2001,i
46686614,Jubin Jimmy,IND,M,IM,,,2269,0,20,MAY26,2006,i
48777641,Jubin Joy,IND,M,,,,1583,0,,MAY26,2008,i
547021136,Judah Daniel Dayanath,IND,M,,,,1493,0,40,MAY26,2017,
25698010,Judson Prince,IND,M,,,,1495,0,20,MAY26,1998,i
46643370,Jugan Sales Rodrigues,IND,M,,,,1541,0,20,MAY26,2006,i
35092995,Juhi Parekh,IND,F,,,,1614,0,20,MAY26,2005,wi
33445567,Jui Rajendra Ubale,IND,F,,,,1551,0,20,MAY26,2002,wi
429054486,Jujhar Singh,IND,M,,,,1411,0,40,MAY26,2011,
46605134,Juned Aslam,IND,M,,,,1545,0,20,MAY26,1992,i
25011596,"Juneja, Madanlal",IND,M,,,,1507,0,20,MAY26,1955,
25969480,Junghare Aditya,IND,M,,,,1466,0,20,MAY26,2006,i
25969498,Junghare Avanti,IND,F,,,,1445,0,20,MAY26,2006,wi
537074350,Junith Goud N,IND,M,,,,1486,0,40,MAY26,2014,
5003270,"Junmoni, Gogoi",IND,F,,NA,,1638,0,20,MAY26,1977,wi
429041406,Justin Pereira,IND,M,,,,1468,0,40,MAY26,2010,i
35074229,Justin Tony John,IND,M,,,,1569,0,20,MAY26,1990,
88181529,Juttukonda Shiva Kumar,IND,M,,,,1450,0,20,MAY26,2005,
429059135,Juvan Abel J,IND,M,,,,1480,0,40,MAY26,2017,i
25968343,Jval Saurin Patel,IND,M,FM,,,2104,9,40,MAY26,2011,
5033888,"Jwalamukhi, K.V.",IND,M,,FA,,1492,0,20,MAY26,1978,i
558016473,Jwalant Pratap Ladha,IND,M,,,,1847,0,20,MAY26,2001,
558061991,Jyesh Shekhar Saha,IND,M,,,,1409,0,40,MAY26,2019,
558080759,Jyeshta Rai,IND,M,,,,1522,0,40,MAY26,2010,
547092459,Jyothi Aarush Iniyavan J,IND,M,,,,1472,2,40,MAY26,2014,
25617230,Jyothi Kiran P,IND,M,,NA,,1575,0,20,MAY26,2001,
537061658,Jyothi S,IND,M,,,,1516,0,20,MAY26,1986,
558034056,Jyothi Swaroop Yadla,IND,M,,,,1471,0,40,MAY26,2016,
25610414,Jyothi V Nambiar,IND,F,,,,1438,0,20,MAY26,1974,wi
35054791,Jyothika U R,IND,F,,,,1694,0,20,MAY26,1999,w
5002605,"Jyothilal, N.",IND,M,CM,,,1925,0,20,MAY26,1969,
35013220,Jyothsna L,IND,F,WFM,WFM,,1927,0,20,MAY26,2004,wi
25075667,Jyoti Kumar,IND,M,,,,1491,0,20,MAY26,1988,
429054958,Jyotideepta Kundu,IND,M,,,,1455,0,40,MAY26,2014,
48710318,Jyotiraditya Roy,IND,M,,,,1452,0,40,MAY26,2010,
33386072,Jyotish Pradhan,IND,M,,,,1517,0,40,MAY26,2009,i
25798812,Jyotisko Sengupta,IND,M,,,,1602,0,20,MAY26,2006,i
25673777,Jyotisman Nag,IND,M,,,,1704,9,40,MAY26,2011,
25924370,Jyotshnav Talukdar,IND,M,CM,,,1898,0,40,MAY26,2009,
531025609,"K, Samuel Jeba",IND,M,,,,1502,0,40,MAY26,2015,
35028391,Kaamyaa Negi,IND,F,,,,1603,0,20,MAY26,2006,wi
564018202,Kaarthik Sekhar C,IND,M,,,,1542,0,40,MAY26,2015,
547091584,Kaartik Raipancholia,IND,M,,,,1504,0,40,MAY26,2009,
531013236,Kaavya Mandal,IND,F,,,,1410,0,40,MAY26,2012,w
45009678,Kaavyadharsini S,IND,F,,,,1608,0,20,MAY26,2006,wi
46636404,Kabhilan S,IND,M,,,,1942,0,20,MAY26,2003,i
48728608,Kabilesh,IND,M,,,,1553,0,40,MAY26,2010,
537061968,Kabilesh S,IND,M,,,,1535,0,40,MAY26,2016,
25173413,Kabinaya K,IND,F,,,,1596,0,,MAY26,2010,w
88171590,Kabir Aditya Anand,IND,M,,,,1470,0,40,MAY26,2015,
25645960,Kabir Anand,IND,M,,,,1638,0,20,MAY26,2006,
35070975,Kabir Belgikar,IND,M,,,,1824,0,20,MAY26,2003,i
33414548,Kabir Dadhich,IND,M,,,,1572,0,40,MAY26,2012,i
429096421,Kabir Islam,IND,M,,,,1500,0,40,MAY26,2017,
33439176,Kabir Jeirath,IND,M,,,,1774,0,40,MAY26,2010,i
88193420,Kabir Sayhan,IND,M,,,,1652,0,40,MAY26,2012,
25693395,Kabir Singh Ahuja,IND,M,,,,1780,0,20,MAY26,2007,
537058762,Kabir Singh Jandir,IND,M,,,,1443,0,40,MAY26,2012,
25907883,Kabir Talwar,IND,M,,,,1694,0,20,MAY26,2005,i
33346771,Kabir Wadhawan,IND,M,,,,1608,0,20,MAY26,2006,i
33432538,Kabiradan M,IND,M,,,,1439,0,40,MAY26,2011,i
374096344,"Kabli Madan, Kavir",IND,M,,,,1488,7,,MAY26,2015,
33434247,Kabnurakar Rushikesh,IND,M,,,,1756,8,20,MAY26,2007,
33351155,Kabnurakar Sharvari,IND,F,,,,1659,7,20,MAY26,2005,w
25195921,Kabyashree Sarma Saikia,IND,F,,,,1444,0,40,MAY26,2009,wi
25777564,Kacha Akshit,IND,M,,,,1677,0,20,MAY26,2006,
46675710,Kadakia Veer,IND,M,,,,1593,0,40,MAY26,2008,i
577024591,"Kadakiya, Yash",IND,M,,,,1513,8,40,MAY26,1995,
88111300,Kadam Aarya Mayuresh,IND,F,,,,1439,0,40,MAY26,2011,wi
46675728,Kadam Abhishek,IND,M,,,,1614,0,20,MAY26,2002,i
33412618,Kadam Arnav,IND,M,CM,,,1891,0,40,MAY26,2010,
33489491,Kadam Atharv Ganesh,IND,M,,,,1626,8,40,MAY26,2011,
45076294,Kadam Om Manish,IND,M,FM,,,2127,0,40,MAY26,2008,
45075786,Kadam Omkar R,IND,M,,,,1602,0,20,MAY26,1997,i
46672753,Kadam Rishi R,IND,M,,,,1837,0,20,MAY26,2005,
88146847,Kadam Yuvaan,IND,M,,,,1430,0,40,MAY26,2014,i
5043883,"Kadam, Nikhil",IND,M,,,,1792,0,20,MAY26,1992,i
25048104,Kadav Omkar,IND,M,,,,1836,0,20,MAY26,1992,
46628479,Kadhiwala Arpan,IND,M,,,,1728,0,20,MAY26,1977,i
88113213,Kadhiwala Dirgh,IND,M,,,,1627,0,40,MAY26,2013,
48705942,Kadiyala Siva Pratyush,IND,M,,,,1468,0,20,MAY26,2006,i
48767662,Kagwade Kaveesh,IND,M,,,,1642,0,40,MAY26,2012,i
25103695,Kahan Desai,IND,M,,,,1575,0,20,MAY26,2004,i
25056573,Kahane Bhavesh,IND,M,,,,1845,0,20,MAY26,1996,i
429054761,Kahani Yogish,IND,F,,,,1413,0,40,MAY26,2014,w
45001812,Kailas Shibu,IND,M,,,,1548,0,20,MAY26,2001,i
429099706,Kailash Partheeban,IND,M,,,,1469,4,,MAY26,2015,
33354421,Kailash V,IND,M,,,,1741,0,40,MAY26,2010,
25015400,"Kailash, N",IND,M,,,,1621,0,20,MAY26,1997,
547031476,Kailashini Saravanaprabu K S,IND,F,,,,1445,2,40,MAY26,2017,w
429047935,Kaivallya Kshitij Goyanka,IND,F,,,,1517,0,40,MAY26,2010,w
25043021,Kaivan Urmil Shah,IND,M,,,,1643,0,20,MAY26,1999,i
33406120,Kaja Naga Venkata Chaitanya Praveen,IND,M,,,,1424,0,20,MAY26,1983,i
46648593,Kajal Budhiraja,IND,F,,IA,,1488,0,20,MAY26,1995,wi
48735140,Kajan R,IND,M,,,,1444,0,40,MAY26,2008,
25963597,Kakade Neil,IND,M,,,,1588,0,20,MAY26,2007,
25010271,"Kakade, Atul",IND,M,,,,1710,0,20,MAY26,1981,i
45053987,Kakaria Harsh,IND,M,,,,1531,0,40,MAY26,2008,i
45053995,Kakaria Harshika,IND,F,,,,1459,0,40,MAY26,2008,wi
35046268,Kakkad Jeet,IND,M,,,,1743,0,,MAY26,2000,i
45045887,Kakodkar Joy,IND,M,,,,1658,0,40,MAY26,2008,i
45045895,Kakodkar Love,IND,M,,,,1483,0,40,MAY26,2008,i
25084054,Kakumanu Kautil,IND,M,FM,,,2206,0,20,MAY26,2001,i
45035164,Kalabande Aadi,IND,M,,,,1540,0,20,MAY26,2002,i
45078270,Kalagara Aniketh,IND,M,,,,1738,0,20,MAY26,2006,i
577023528,"Kalagi, Anand Chandrashekhar",IND,M,,,,1439,0,20,MAY26,1996,
25103520,Kalaiselvi C,IND,F,,,,1421,0,40,MAY26,2008,wi
25663712,Kalangutkar Sai,IND,M,,,,1468,0,20,MAY26,2006,i
531019641,Kalash Pathak,IND,M,,,,1565,16,40,MAY26,2010,
25662856,Kalash Pratap Gaur,IND,M,,,,1504,0,20,MAY26,2003,i
25006959,"Kalash, Gupta",IND,M,,,,1741,0,20,MAY26,1999,i
46634517,Kalbande Mayur,IND,M,,,,1627,0,20,MAY26,1992,
45055670,Kalbende Vedant,IND,M,,,,1527,0,20,MAY26,2007,i
45054010,Kale Aditya,IND,M,,,,1556,0,20,MAY26,2002,i
25658239,Kale Anil,IND,M,,,,1506,0,20,MAY26,1992,i
25661620,Kale Ashika,IND,F,,,,1488,0,40,MAY26,2008,wi
46613285,Kale Shivprasad,IND,M,,,,1583,0,20,MAY26,1996,
46614397,Kale Sujal,IND,M,,,,1576,0,20,MAY26,2004,i
5037239,"Kale, Subhash",IND,M,,,,1818,0,20,MAY26,1947,i
33349274,Kaleeshwaran G,IND,M,,,,1448,0,20,MAY26,1995,i
35015290,Kali Shankar Saha,IND,M,,,,1713,0,20,MAY26,1979,i
366108217,"Kalia, Rahul",IND,M,,,,1471,0,,MAY26,1956,
5036380,"Kalidass, C.",IND,M,,,,1812,0,20,MAY26,1953,i
45036551,Kalkar Anurag,IND,M,,,,1500,0,20,MAY26,2001,i
5024978,Kalpesh Acharya,IND,M,,,,1935,0,20,MAY26,1979,i
33469849,Kalpit Ronakkumar Shah,IND,M,,,,1568,0,20,MAY26,1997,i
25077600,Kalpok Guha,IND,M,,,,1736,0,20,MAY26,1999,
5036810,"Kalsekar, Ajit",IND,M,,,,1734,0,20,MAY26,1967,
35048171,Kalur Nikhil,IND,M,,,,1756,0,,MAY26,2005,i
547091193,Kalvin Gupta,IND,M,,,,1443,0,40,MAY26,2010,
25705385,Kalyan B S,IND,M,,,,1465,0,20,MAY26,2007,i
537042319,Kalyan Kumar Rajamanickam,IND,M,,,,1448,0,20,MAY26,1973,
5005035,"Kalyan Kumar, Y.",IND,M,,"FI,FA",,1648,0,20,MAY26,1968,i
46677720,Kalyan Srinivas Vetcha,IND,M,,,,1630,0,,MAY26,1983,i
35009087,Kalyani B,IND,F,,,,1702,0,20,MAY26,2002,wi
33323500,Kalyani Sirin,IND,F,WIM,WIM,,2051,0,40,MAY26,2010,w
5059615,"Kalyankar, Chirag",IND,M,,,,1499,0,20,MAY26,1995,i
45098948,Kalyanshetti Vishal,IND,M,,,,1600,0,20,MAY26,2004,
88183815,Kamakshee Joshi,IND,F,,,,1556,0,40,MAY26,2010,w
5076498,Kamal Karmakar,IND,M,,,,1831,0,,MAY26,1991,i
5048966,"Kamal Kishore, Debnath",IND,M,,,,1782,0,20,MAY26,1989,i
366130540,"Kamal, Syed Rahil",IND,M,,,,1715,0,20,MAY26,1989,i
33421668,Kamala Priya Batta,IND,F,,,,1523,6,,MAY26,2014,w
558089551,Kamalakhi Kalita,IND,F,,,,1414,0,40,MAY26,2015,w
25142968,Kamalanathan K,IND,M,,,,1445,0,20,MAY26,1979,i
429015570,Kamalesh B,IND,M,,,,1576,0,40,MAY26,2014,i
25797433,Kamalesh I,IND,M,,,,1491,0,40,MAY26,2010,i
547001496,Kamalesh P,IND,M,,,,1412,0,40,MAY26,2013,i
25754890,Kamaleshwaran N,IND,M,,,,1622,6,20,MAY26,2001,
429082706,Kamalnath Darshan,IND,M,,,,1568,0,,MAY26,2014,
25723936,Kamalnath Dv,IND,M,,,,1493,0,20,MAY26,2007,i
25736817,Kamble Deepak,IND,M,,,,1536,0,20,MAY26,1996,
35051687,Kamble Dipankar,IND,M,,NA,,1642,0,20,MAY26,1993,i
25932829,Kamble Swapnil,IND,M,,,,1515,0,20,MAY26,1995,
46617426,Kamble Tejaswar,IND,M,,,,1532,0,20,MAY26,1997,
5085829,"Kamble, Nitin",IND,M,,,,1809,0,20,MAY26,1985,i
5037930,"Kamble, Y M",IND,M,,,,1816,0,20,MAY26,1955,i
35069063,Kambli Datta,IND,M,,NA,,1736,9,20,MAY26,1999,
46675787,Kambli Siddharth,IND,M,,,,1521,0,20,MAY26,2002,i
35046284,Kamdar Udit,IND,M,,,,1963,0,20,MAY26,2000,i
25965379,Kameksha Janbandhu,IND,F,,,,1407,0,40,MAY26,2008,wi
547056967,Kamlesh Bhoyar,IND,M,,,,1523,0,20,MAY26,1981,
5034906,"Kamlesh, Soni",IND,M,,,,1800,0,20,MAY26,1988,
429047455,Kamleshbhai P Toparani,IND,M,,,,1451,0,20,MAY26,1986,
5021669,"Kamli, Amogh",IND,M,,,,1952,0,20,MAY26,1991,i
25700308,Kanak Nagpal,IND,F,,,,1504,0,20,MAY26,2006,wi
429098912,Kanakraj Dhar,IND,M,,,,1553,0,40,MAY26,2014,
33394199,Kanav Bansal,IND,M,,,,1711,0,40,MAY26,2013,
558092501,Kanav Sahajwani,IND,M,,,,1447,0,40,MAY26,2013,
33422877,Kanav Sogani,IND,M,,,,1534,0,40,MAY26,2012,
45034761,Kancharla Kalyan Kumar,IND,M,,NA,,1744,0,,MAY26,1995,
45018049,Kanchiwala Kamal,IND,M,,,,1518,0,20,MAY26,1970,i
25791982,Kandalam Sri Sai Shashank Raj,IND,M,,,,1478,0,20,MAY26,2007,i
25176757,Kandalam Teja,IND,M,,,,1617,0,20,MAY26,2007,
48761370,Kandarkar Ajinkya,IND,M,,,,1541,0,40,MAY26,2010,i
5037042,"Kandke, Sachin",IND,M,,,,1714,0,20,MAY26,1980,i
88108082,Kandlavath Manvith Naik,IND,M,,,,1446,0,40,MAY26,2016,
48754315,Kandlavath Rishwitha Bai,IND,F,,,,1476,0,40,MAY26,2015,w
33343748,Kandregula Prahlad,IND,M,,,,1490,0,40,MAY26,2009,i
25047124,Kane Samvid,IND,M,,,,1852,0,20,MAY26,1999,i
25959085,Kanfade Atharva,IND,M,,,,1435,0,20,MAY26,2003,i
25650440,Kani Genda,IND,M,,,,1533,0,20,MAY26,1987,
537061852,Kanish B,IND,M,,,,1412,0,40,MAY26,2011,
429032407,Kanish Kumar,IND,M,,,,1681,0,20,MAY26,1999,
46642358,Kanish Vikraman Adithan B,IND,M,,,,1679,0,20,MAY26,2007,i
547082186,Kanishk Bhimrao Sapkal,IND,M,,,,1491,0,40,MAY26,2015,
25928619,Kanishk Goel,IND,M,,,,1660,8,20,MAY26,2006,
88172163,Kanishk Goswami,IND,M,,,,1421,0,20,MAY26,2001,i
531018882,Kanishk Kumar,IND,M,,,,1463,5,40,MAY26,2010,
558061444,Kanishk M J,IND,M,,,,1407,42,40,MAY26,2012,
46647406,Kanishk Narang,IND,M,,,,1482,0,20,MAY26,2005,i
46656480,Kanishk S K,IND,M,,,,1758,0,20,MAY26,2003,i
25180053,Kanishk S R,IND,M,,,,1553,6,40,MAY26,2011,
25108344,Kanishk Sagar Sawant,IND,M,,,,1598,0,40,MAY26,2011,
88147320,Kanishk Umesh Indurkar,IND,M,,,,1438,0,40,MAY26,2016,
33477990,Kanishk Viswanathan,IND,M,,,,1457,0,40,MAY26,2011,i
45009147,Kanishka Basu,IND,M,,,,1708,0,20,MAY26,1980,i
25132725,Kanishka Choudhary,IND,F,,,,1488,0,40,MAY26,2011,w
429023637,Kanishka Kumar,IND,M,,,,1572,0,20,MAY26,1986,
531011454,Kanishka M,IND,F,,,,1460,0,40,MAY26,2014,w
25731564,Kanishka S,IND,F,,,,1729,0,20,MAY26,2007,w
531083862,Kanishkachatura P,IND,M,,,,1425,0,40,MAY26,2014,i
25745999,Kanishkaraj V,IND,M,,,,1821,24,40,MAY26,2008,
45050309,Kanishri R P,IND,F,,NA,,1438,0,20,MAY26,2004,w
35038095,Kankam Kumar,IND,M,,,,1518,0,20,MAY26,1983,i
537074660,Kankara Abhi Keshava Reddy,IND,M,,,,1662,0,40,MAY26,2015,
547047640,Kankonkar Ridhaan,IND,M,,,,1489,0,40,MAY26,2014,
531023703,Kankonkar Shaurvi,IND,F,,,,1531,0,40,MAY26,2017,w
46675809,Kannan Hemavati,IND,F,,,,1443,0,20,MAY26,2002,wi
45060061,Kannan Pranav,IND,M,,,,1602,0,20,MAY26,2004,i
5059836,Kannan.V,IND,M,,NA,,1666,0,20,MAY26,1988,
35055429,Kannappan,IND,M,,,,1518,0,20,MAY26,1994,i
5018293,Kannappan Priyadharshan,IND,M,GM,FT,,2464,0,10,MAY26,1993,i
45043434,Kannish Varmaa K,IND,M,,,,1608,0,20,MAY26,2007,i
88132773,Kanoje Alok,IND,M,,,,1609,0,40,MAY26,2010,
45082375,Kansara Jash,IND,M,,,,1527,0,20,MAY26,1998,i
5005485,"Kant, Rupesh",IND,M,CM,NA,,1974,0,20,MAY26,1976,i
5045533,"Kantak, Adv. P.M.",IND,M,,,,1943,0,20,MAY26,1963,i
35009095,Kanukuntla Anvitha,IND,F,,,,1563,0,20,MAY26,2003,wi
33355274,Kanushi Kishore,IND,F,,,,1538,0,40,MAY26,2011,wi
45037469,Kanwal Om Prakash,IND,M,,,,1635,0,20,MAY26,1969,
25740300,Kanwar Raj Singh Sodhi,IND,M,,,,1620,0,,MAY26,2005,
5023483,"Kanwar, Sandeep Singh",IND,M,,,,1803,0,20,MAY26,1978,i
33307130,Kaousheik,IND,M,,,,1474,0,20,MAY26,2000,i
46608524,Kapadi Yash,IND,M,,,,1835,0,20,MAY26,1997,
531076300,Kapadia Arham Yatrik,IND,M,,,,1482,0,40,MAY26,2014,
531081533,Kapadia Harshiv,IND,M,,,,1473,6,40,MAY26,2015,
88112942,Kapadia Khanak,IND,F,,,,1585,4,40,MAY26,2011,w
25647598,Kapadia Naisha,IND,F,,,,1459,11,20,MAY26,2007,w
46671102,Kapil Dadhich,IND,M,,,,1812,0,20,MAY26,1998,i
46697047,Kapil Dahiya,IND,M,,,,1597,0,20,MAY26,1997,i
25974637,Kapil Krishnan,IND,M,,,,1524,0,20,MAY26,2005,i
5014891,"Kapil Kumar, Khare",IND,M,,,,1552,0,20,MAY26,1945,
48786713,Kapil Lakhwani,IND,M,,,,1493,0,20,MAY26,2004,
25005464,Kapil Mehta,IND,M,,,,1551,0,20,MAY26,1976,i
45067368,Kapil Panwar,IND,M,,DI,,1691,0,20,MAY26,1990,
429097193,Kapil Rana,IND,M,,,,1627,0,20,MAY26,1996,i
5071348,"Kapil, Ghatwai",IND,M,,,,1736,0,20,MAY26,1999,i
25955217,Kapilaash K,IND,M,,,,1487,0,20,MAY26,2001,
33488584,Kapilnithin B M,IND,M,,,,1655,0,,MAY26,2013,
48713449,Kapinjal Sarmah,IND,M,,,,1431,0,40,MAY26,2009,i
33303126,Kapish Agarwal,IND,M,,,,1439,0,,MAY26,2010,
45020531,Kapoor Divye,IND,M,,,,1548,0,20,MAY26,2002,i
25655493,Kapoor Roshan Ravi,IND,M,,,,1507,0,20,MAY26,2007,i
564071871,"Kapoor, Aryan",IND,M,,,,1501,0,40,MAY26,2010,
564051005,"Kapoor, Mahesh",IND,M,,,,1447,0,40,MAY26,2009,
88170799,Kappala Indira,IND,F,,,,1747,0,40,MAY26,2011,w
25720830,Kapur Krish,IND,M,,,,1453,0,,MAY26,2011,
88142787,Kapuram Venkata Sree Chetan Reddy,IND,M,,,,1681,7,,MAY26,2012,
33412421,Karak Bate,IND,M,,,,1665,0,20,MAY26,1999,
25658247,Karambelkar Makarand,IND,M,,,,1606,0,20,MAY26,1985,i
5021839,"Karambelkar, Sarvesh Ravindra",IND,M,,,,1978,0,20,MAY26,1987,i
25796968,Karamsetty Sowgandh Kumar,IND,M,,,,1472,0,20,MAY26,2000,i
531046673,Karamveer Singh Azmani,IND,M,,,,1415,5,40,MAY26,2016,
537023624,Karan Bhankhar,IND,M,,,,1429,0,40,MAY26,2009,
5015219,Karan Bhatty,IND,M,,,,2067,0,20,MAY26,1983,i
88120589,Karan Goyal,IND,M,,,,1415,7,20,MAY26,1985,
25075683,Karan Gupta,IND,M,,,,1606,0,20,MAY26,1999,i
25033603,Karan J P,IND,M,,,,1939,20,20,MAY26,2002,
25195654,Karan Pandita,IND,M,,,,1716,8,20,MAY26,2002,
429013470,Karan Sharadbhai Dassani,IND,M,,,,1492,0,40,MAY26,2009,i
564041450,Karanam Prabhava Rao,IND,M,,,,1553,5,40,MAY26,2014,
25722506,Karandeep Singh,IND,M,,,,1588,0,20,MAY26,2004,i
531002404,Karandeep Singh Bhatia,IND,M,,,,1566,8,20,MAY26,2004,
429089638,Karandikar Nishant Ninad,IND,M,,,,1519,0,20,MAY26,2004,
577050967,"Karanjawala, Nimesh",IND,M,,,,1522,8,40,MAY26,1972,
45062323,Karanjit Singh,IND,M,,,,1440,0,20,MAY26,2000,i
5091420,Karankar Padmakar,IND,M,,,,1644,0,20,MAY26,1955,i
45055696,Karankar Sagar,IND,M,,,,1577,0,20,MAY26,1981,i
547006340,Karansingh Bhajan Singh Labana,IND,M,,,,1503,8,40,MAY26,2005,
531077935,Karathia Parv Vyomesh,IND,M,,,,1548,3,40,MAY26,2014,
5012600,"Karavade, Eesha",IND,F,IM,WGM,,2235,0,20,MAY26,1987,wi
35036424,Kareedu Jaya Prakash,IND,M,,,,1575,0,20,MAY26,2000,i
25146319,Karil Garg,IND,M,,,,1694,0,20,MAY26,2000,i
25747584,Kariya Bhoomi Manoj,IND,F,,,,1411,0,20,MAY26,2006,wi
46690077,Karjee Manindra,IND,M,,,,1764,0,20,MAY26,2005,i
33460620,Karm Jignesh Shah,IND,M,,,,1462,2,40,MAY26,2009,
5030331,"Karma, Pandya",IND,M,,,,2137,0,20,MAY26,1996,i
537069381,Karmajyoti Chetia,IND,M,,,,1677,0,20,MAY26,1995,
577010272,"Karmakar, Kaustav",IND,M,,,,1632,0,40,MAY26,2017,
577010370,"Karmakar, Rudranil",IND,M,,,,1462,0,40,MAY26,2019,
547068973,Karnajeet Shil,IND,M,,,,1434,0,40,MAY26,2013,
531008046,Karnase Manas,IND,M,,,,1424,0,40,MAY26,2015,i
531001688,Karnati Samanvitha,IND,F,,,,1512,0,40,MAY26,2013,w
25704907,Karnav P Deka,IND,M,,,,1613,0,40,MAY26,2009,i
25993968,Karnav Rastogi,IND,M,,,,1568,0,40,MAY26,2009,i
25019473,"Karnik, Bhavesh",IND,M,,,,1733,0,20,MAY26,1998,i
33399840,Karnika Krishnaswamy,IND,F,,,,1440,0,40,MAY26,2009,wi
35009591,Karpagakumar S V S,IND,M,,,,1588,0,20,MAY26,1976,i
46625100,Karra Abhinav,IND,M,,,,1550,0,20,MAY26,2005,i
25774549,Karra Surya Kumara Sridatta,IND,M,,,,1739,0,40,MAY26,2008,
25763776,Karra Vikram,IND,M,,,,1483,0,40,MAY26,2008,i
33486999,Karri Omkar,IND,M,,,,1534,0,40,MAY26,2009,
25118668,Karrthik Subramanian S R M,IND,M,,,,1471,0,20,MAY26,1997,i
537028138,Kartavya Jhunjhunwala,IND,M,,,,1596,5,20,MAY26,2007,
48799858,Karthe B,IND,M,,,,1414,0,40,MAY26,2009,i
46637427,Karthi Ganes M,IND,M,,FA,,1477,0,20,MAY26,2005,i
88123464,Karthick Babu,IND,M,,,,1649,7,40,MAY26,2011,
25045270,Karthick Babu R,IND,M,,,,1678,0,20,MAY26,1997,i
564002446,Karthick Baskar,IND,M,,,,1429,5,40,MAY26,2015,
25978217,Karthick K,IND,M,,,,1429,0,20,MAY26,1998,i
25045288,Karthick Narayanan S,IND,M,,,,1885,0,20,MAY26,1998,i
33364028,Karthick Prabhakaran V S,IND,M,,,,1467,0,40,MAY26,2013,
33318816,Karthick Rahul M K,IND,M,,,,1528,0,40,MAY26,2008,i
48758078,Karthick Raja P,IND,M,,,,1886,9,40,MAY26,2012,
48744220,Karthick S,IND,M,,,,1453,0,20,MAY26,1986,i
564039471,Karthick S,IND,M,,,,1517,0,40,MAY26,2011,
25180061,Karthick Sai P,IND,M,,,,1825,7,,MAY26,2012,
88150917,Karthik Ayinikkal,IND,M,,,,1610,0,40,MAY26,2009,i
35065475,Karthik B R,IND,M,,,,1777,0,20,MAY26,1992,i
531068944,Karthik Bhat,IND,M,,,,1711,0,20,MAY26,2001,i
48740624,Karthik Bimod,IND,M,,,,1742,0,40,MAY26,2011,
35053493,Karthik E,IND,M,,,,1794,0,20,MAY26,1993,i
25750917,Karthik G Iyer,IND,M,,,,1619,0,,MAY26,2011,i
35031686,Karthik Gopal G,IND,M,,NA,,1838,0,,MAY26,1995,
5081530,Karthik J C,IND,M,,,,1827,0,20,MAY26,1999,i
33418594,Karthik J L,IND,M,,,,1580,0,40,MAY26,2012,i
25066382,Karthik Jagannath,IND,M,,NA,,1577,0,20,MAY26,1992,i
88179966,Karthik Jammalamadaka,IND,M,,,,1503,0,40,MAY26,2015,
5083672,Karthik K,IND,M,,,,1806,0,20,MAY26,1991,i
25749323,Karthik Krishna Ajeesh,IND,M,,,,1446,0,20,MAY26,2007,i
25642154,Karthik Krishna K B,IND,M,,,,1489,0,20,MAY26,2006,i
35045148,Karthik Kumar Pradeep,IND,M,FM,,,2216,0,20,MAY26,2004,i
25761366,Karthik M,IND,M,,,,1483,0,20,MAY26,2003,i
558071393,Karthik Mahesh,IND,M,,,,1470,0,40,MAY26,2009,
564008231,Karthik Muraleedharan,IND,M,,,,1486,0,40,MAY26,2012,
35058975,Karthik Muruganantham,IND,M,,,,1531,0,20,MAY26,2006,i
25680609,Karthik N,IND,M,,,,1756,0,40,MAY26,2008,i
25698869,Karthik N,IND,M,,,,1461,0,20,MAY26,2004,i
531005926,Karthik Nagam,IND,M,,,,1529,0,40,MAY26,2012,
25936751,Karthik P,IND,M,,,,1551,0,40,MAY26,2008,i
25053680,Karthik P M,IND,M,,,,1910,9,20,MAY26,1995,
45084530,Karthik Praveen,IND,M,,,,1680,0,20,MAY26,2004,i
25906801,Karthik R,IND,M,,,,1626,9,20,MAY26,2006,
35084704,Karthik R (1993),IND,M,,,,1551,0,20,MAY26,1993,
25044583,Karthik Raj C,IND,M,,,,1647,8,20,MAY26,1996,
25035215,Karthik Rajaa,IND,M,IM,,,2218,0,20,MAY26,2001,
35013149,Karthik S,IND,M,,NA,,1624,0,20,MAY26,1992,
46649484,Karthik Sai Ch,IND,M,CM,,,1961,0,20,MAY26,2005,i
33475598,Karthik Sanjeevi,IND,M,,,,1499,0,,MAY26,2012,
25008706,Karthik Shetty,IND,M,,,,1599,0,20,MAY26,1981,
25955390,Karthik Sriram B,IND,M,,,,1515,0,20,MAY26,2007,i
33471940,Karthik Sriram Nyshadam,IND,M,,,,1518,0,20,MAY26,2006,i
25788868,Karthik Subramanya,IND,M,,,,1441,0,,MAY26,1991,i
45001839,Karthik Sukumar Shibu,IND,M,,,,1481,0,20,MAY26,2006,i
429036410,Karthik V,IND,M,,,,1434,0,40,MAY26,2014,
25954768,Karthik Vedanth,IND,M,,,,1553,0,40,MAY26,2012,i
25006479,Karthik Venkataraman,IND,M,GM,,,2453,9,10,MAY26,1999,
5005345,"Karthik, Rangarajan",IND,M,,,,2208,0,20,MAY26,1979,i
5044669,"Karthik, Reddy P",IND,M,,,,1701,0,20,MAY26,1987,i
35075730,Karthikay C,IND,M,,,,1695,0,20,MAY26,2006,i
531087981,Karthikey Rao Ht,IND,M,,,,1463,0,40,MAY26,2017,
537070525,Karthikeya Krishna,IND,M,,,,1419,0,40,MAY26,2014,
88172937,Karthikeya Mareedu,IND,M,,,,1492,12,40,MAY26,2016,
45088721,Karthikeya P,IND,M,,,,1546,0,20,MAY26,2003,i
35008609,Karthikeyan G,IND,M,,,,1635,0,20,MAY26,1999,
33493642,Karthikeyan J,IND,M,,,,1496,0,40,MAY26,2008,i
25731653,Karthikeyan M,IND,M,,,,1646,0,20,MAY26,2005,
46683763,Karthikeyan Panchapakesan,IND,M,,,,1456,0,20,MAY26,1976,i
558067680,Karthikeyan Ramachandran,IND,M,,,,1444,0,20,MAY26,1984,
25180100,Karthikeyan S,IND,M,,,,1450,0,40,MAY26,2010,i
429074738,Karthikeyan S,IND,M,,,,1464,0,40,MAY26,2017,i
25745913,Karthikeyan Sakthivel,IND,M,,,,1633,0,20,MAY26,2007,i
35072650,Karthikeyan T,IND,M,,,,1428,0,20,MAY26,1999,i
5026849,"Karthikeyan, J.",IND,M,,,,1885,0,,MAY26,1989,i
5074452,"Karthikeyan, Murali",IND,M,GM,,,2511,0,10,MAY26,1999,
25002805,"Karthikeyan, P",IND,M,,,,2041,0,20,MAY26,1985,i
5018226,"Karthikeyan, P.",IND,M,GM,,,2246,9,10,MAY26,1990,
33310122,Kartik Bhatt,IND,M,,,,1613,0,20,MAY26,1997,i
547019310,Kartik Chaudhary,IND,M,,,,1457,0,40,MAY26,2010,
25943294,Kartik Goel,IND,M,,,,1476,0,40,MAY26,2011,
25627074,Kartik Jitendra Tetwar,IND,M,,,,1623,0,20,MAY26,2007,i
25757024,Kartik Kaushal,IND,M,,,,1477,0,40,MAY26,2008,
33315418,Kartik Khetwal,IND,M,,,,1685,7,20,MAY26,2003,
46676465,Kartik Kumar Singh,IND,M,,,,1897,0,20,MAY26,2007,i
48726575,Kartik Kumar Vishwakarma,IND,M,,,,1508,0,20,MAY26,1982,
48729507,Kartik Narula,IND,M,,,,1490,0,20,MAY26,2000,
547030488,Kartik Raj Maurya,IND,M,,,,1418,0,40,MAY26,2009,
48714275,Kartik Sikriwal,IND,M,,,,1628,0,,MAY26,2011,
429093899,Kartik Vijaykumar Tibrewal,IND,M,,,,1532,0,20,MAY26,2007,i
564064417,"Kartik, Kallappa Jangamashetti",IND,M,,,,1679,0,20,MAY26,2006,
558070893,Kartikay Kataria,IND,M,,,,1604,0,40,MAY26,2014,
558003240,Kartikey Singh Rajpurohit,IND,M,,,,1425,0,20,MAY26,2006,
88136604,Kartikeya Chunchu,IND,M,,,,1711,0,40,MAY26,2013,
48736317,Kartikeya Nandan,IND,M,,,,1486,0,40,MAY26,2010,
429023653,Kartikeya Pathak,IND,M,,,,1470,0,40,MAY26,2012,
33426740,Kartiki Narendra Gulve,IND,F,,,,1435,0,40,MAY26,2009,wi
35087487,Karunesh Mishra,IND,M,,,,1626,0,20,MAY26,1977,i
45033021,Karuppasamy C,IND,M,,NA,,1611,0,20,MAY26,2003,
25669052,Karve Sarthak Mandar,IND,M,,,,1441,0,20,MAY26,2007,i
46686932,Kasar Gunvant,IND,M,,,,1696,0,20,MAY26,2005,i
25056620,Kasar Prashant,IND,M,,,,1756,0,20,MAY26,1983,i
429025869,Kashif Parvez Mhalunkar,IND,M,,,,1619,0,40,MAY26,2010,
33410712,Kashika Goyal,IND,F,,,,1407,6,40,MAY26,2015,w
46679448,Kashilkar Nikhil,IND,M,,,,1735,0,20,MAY26,1992,i
429099722,Kashinadh Gireesh,IND,M,,,,1475,8,20,MAY26,2007,
45062331,Kashish Gandhi,IND,M,,,,1568,0,20,MAY26,2002,
429034752,Kashish Parihar,IND,M,,,,1580,0,40,MAY26,2008,
45041245,Kashish Vats,IND,M,,,,1507,0,20,MAY26,1993,i
25611607,Kashthuri Bhai R,IND,F,WCM,WCM,,1862,0,40,MAY26,2008,w
429036941,Kashvee Jain,IND,F,,,,1555,0,40,MAY26,2012,w
48713660,Kashvy Sabharwal,IND,F,,,,1639,0,40,MAY26,2010,w
48709557,Kashwini Maity,IND,F,,,,1484,0,40,MAY26,2015,w
48710644,Kashyap Alva,IND,M,,,,1533,0,40,MAY26,2011,i
33402450,Kashyap Brijesh Khakharia,IND,M,,,,1670,7,,MAY26,2013,
25943839,Kashyap Haresh,IND,M,,,,1532,0,40,MAY26,2008,i
25754432,Kashyap Shravan shetty,IND,M,,,,1530,0,40,MAY26,2010,i
33390290,Kashyp J E Elumalai P,IND,M,,,,1627,0,40,MAY26,2010,i
429055300,Kasinath Kochunniramparambil Siljith,IND,M,,,,1681,0,40,MAY26,2013,
5089662,"Kasthoori Mahalingam, K",IND,M,,,,1684,0,20,MAY26,2001,i
25679147,Kasturi Saha,IND,F,,,,1476,0,40,MAY26,2009,w
577040260,"Kaswan, Ajay",IND,M,,,,1466,6,40,MAY26,2008,
25062514,Katare Rohan,IND,M,,,,1558,0,20,MAY26,2002,i
531012469,Katariya Mehek,IND,F,,,,1451,0,40,MAY26,2009,w
25149300,Kathakali Dey,IND,F,,,,1710,0,40,MAY26,2010,w
33394865,Kathan Khurana,IND,M,,,,1863,9,40,MAY26,2013,
25178946,Kathane Raghav,IND,M,,,,1483,0,20,MAY26,2005,i
45043450,Katheraswaran A,IND,M,,,,1599,0,20,MAY26,2001,
33306710,Kathir Kaman T,IND,M,,,,1860,9,40,MAY26,2012,
88100839,Kathir Ramalingam,IND,M,,,,1601,0,20,MAY26,2002,
25739581,Kathir Sakthivel,IND,M,,,,1501,0,20,MAY26,2006,i
25731718,Kathiravan I,IND,M,,,,1580,0,20,MAY26,1989,i
88111083,Kathiravan Nagarajan,IND,M,,,,1494,0,,MAY26,2013,
5034922,"Kathiravan, M.",IND,M,,,,1857,0,20,MAY26,1986,i
429022592,Kathirvel M S,IND,M,,,,1439,0,40,MAY26,2012,i
5024498,"Kathmale, Sameer",IND,M,IM,,,2237,0,20,MAY26,1993,i
5024072,"Katkade, Pavan",IND,M,,FA,,1882,0,20,MAY26,1988,i
25731025,Katkar Atharv,IND,M,,,,1593,0,20,MAY26,2006,
88103196,Katravath Jagadeesh,IND,M,,,,1535,0,,MAY26,2008,i
33399832,Katta Kaushal,IND,M,,,,1402,0,40,MAY26,2012,i
33452113,Katta Thrishank Koti,IND,M,,,,1414,0,40,MAY26,2009,
88146855,Kaundinya Saksham Mahesh,IND,M,,,,1409,0,20,MAY26,2007,i
5088070,"Kaur, Palkin",IND,F,,,,1754,0,20,MAY26,2002,w
25689843,Kaushal Golchha,IND,M,,,,1446,0,40,MAY26,2008,i
46670556,Kaushal Kishor Jaiswal,IND,M,,,,1618,0,20,MAY26,1993,i
46642846,Kaushal Mangaldas Naik,IND,M,,,,1472,0,20,MAY26,2002,i
48710326,Kaushal Sarkar,IND,M,,,,1447,0,40,MAY26,2011,
25103407,Kaushal Vyas,IND,M,,,,1546,0,20,MAY26,1996,
48777323,Kaushi Kulkarni,IND,F,,,,1436,0,40,MAY26,2016,w
48729221,Kaushik Baidya,IND,M,,,,1619,0,,MAY26,1997,i
46661670,Kaushik G Iyer,IND,M,,,,2018,0,,MAY26,2004,i
46642854,Kaushik M Khedekar,IND,M,,,,1552,0,20,MAY26,1999,i
25120581,Kaushik Mundrathi,IND,M,,,,1514,0,,MAY26,1996,
25900560,Kaushik Pattnaik,IND,M,,,,1488,0,20,MAY26,2002,
25110462,Kaushik S,IND,M,,,,1515,0,40,MAY26,2008,i
5036020,"Kaushik, S",IND,M,,,,2148,9,20,MAY26,1997,
45077487,Kaushika Sridharan,IND,F,,,,1699,0,,MAY26,2010,w
429026458,Kaushlendra Pratap Singh,IND,M,,,,1491,0,20,MAY26,2002,i
48716952,Kausik K,IND,M,,,,1402,0,40,MAY26,2010,i
429080886,Kaustav Das,IND,M,,,,1489,0,40,MAY26,2015,
33404208,Kausthub Gururaj Putraya,IND,M,,,,1691,0,40,MAY26,2011,i
33486549,Kaustubh Thejkumar,IND,M,,,,1456,0,40,MAY26,2017,i
5056900,"Kaustuv, Kundu",IND,M,IM,,,2169,18,20,MAY26,1999,
537057502,Kavadapu Sre Venkata Shashank,IND,M,,,,1638,0,40,MAY26,2011,
429047463,Kavan Kartikbhai Patel,IND,M,,,,1483,0,40,MAY26,2010,i
39933997,"Kavari, Aarav",IND,M,,,,1633,0,40,MAY26,2015,
25608045,Kavi Kiran G,IND,M,,,,1419,0,20,MAY26,2001,i
45078858,Kaviarasan K,IND,M,,,,1597,0,20,MAY26,2004,i
366108010,"Kaviarasu, Harish",IND,M,,,,1528,7,,MAY26,2014,
88106691,Kaviesh Raaghav Dilip Kumar,IND,M,,,,1452,0,40,MAY26,2012,i
48716960,Kavin Adhithya D,IND,M,,,,1578,0,40,MAY26,2012,
25693859,Kavin B,IND,M,,,,1671,0,40,MAY26,2009,
33429260,Kavin E,IND,M,,,,1982,8,40,MAY26,2012,
547099151,Kavin Inba V,IND,M,,,,1519,0,40,MAY26,2012,
33495157,Kavin Jaideep,IND,M,,,,1514,0,40,MAY26,2011,i
25787667,Kavin Kapoor,IND,M,,,,1476,0,40,MAY26,2011,
429097380,Kavin Mathiyazhagan,IND,M,,,,1727,9,40,MAY26,2014,
429078229,Kavin Mukesh,IND,M,,,,1483,0,40,MAY26,2011,
25961594,Kavin Oviyan R,IND,M,,,,1687,0,40,MAY26,2008,i
33337942,Kavin Prabhakar M,IND,M,,,,1570,7,,MAY26,2012,
88103471,Kavin Prakash,IND,M,,,,1458,7,40,MAY26,2010,
5059844,Kavin R,IND,M,,"DI,NI",,1450,0,20,MAY26,1994,i
25688367,Kavin Satish,IND,M,,,,1552,0,40,MAY26,2010,i
88164705,Kavin Sharma,IND,M,,,,1506,5,40,MAY26,2016,
33387060,Kavin Sibu,IND,M,,,,1462,0,40,MAY26,2010,i
429025311,Kavin Srivatsan S,IND,M,,,,1488,0,,MAY26,2012,
33465398,Kavin Tanveer K H,IND,M,,,,1451,0,40,MAY26,2014,
33345791,Kavin Vijayakumar,IND,M,,,,1958,9,40,MAY26,2010,
33324174,Kavinaya Prabha T,IND,F,,,,1508,0,40,MAY26,2011,wi
45030901,Kavineash S,IND,M,,,,1412,0,20,MAY26,2007,i
48737550,Kavinesh S,IND,M,,,,1446,6,40,MAY26,2013,
531074529,Kavinkrishna A,IND,M,,,,1409,2,40,MAY26,2019,
25106090,Kavinkumar G,IND,M,,"NI,NA",,1735,0,,MAY26,2001,
25972502,Kavinsrijit,IND,M,,,,1429,0,40,MAY26,2010,i
25930966,Kaviraj K,IND,M,,,,1403,0,20,MAY26,1983,i
88134504,Kavirooban B,IND,M,,,,1547,0,40,MAY26,2016,
48717266,Kavish Agrawal,IND,M,,,,1611,0,,MAY26,2015,
537095994,Kavish Aita,IND,M,,,,1536,0,40,MAY26,2010,
33383715,Kavish Aryan Lanka,IND,M,,,,1561,0,40,MAY26,2013,i
88199371,Kavish Bhattad,IND,M,,,,1419,0,,MAY26,2018,
537023640,Kavish Dogra,IND,M,,,,1484,0,40,MAY26,2010,
45005796,Kavish Gharse,IND,M,,,,1590,0,20,MAY26,2003,
48725358,Kavish Madhan,IND,M,,,,1554,0,,MAY26,2000,
33483221,Kavish Palaniappan K,IND,M,,,,1685,18,,MAY26,2016,
547093374,Kavish R,IND,M,,,,1495,8,40,MAY26,2015,
531066828,Kavish Saxena,IND,M,,,,1637,0,40,MAY26,2016,
429021650,Kavish Vyas,IND,M,,,,1497,0,40,MAY26,2011,
48761036,Kavish Yadav,IND,M,,,,1454,0,40,MAY26,2013,
5093376,Kavisha S Shah,IND,F,,,,1816,0,20,MAY26,2000,wi
33315108,Kavishvaran P,IND,M,,,,1655,0,40,MAY26,2008,i
5059194,Kavitha P L,IND,F,,,,1687,0,20,MAY26,1999,wi
33463069,Kaviya B,IND,F,,,,1451,0,,MAY26,2012,wi
429075220,Kaviya G P,IND,F,,,,1543,0,40,MAY26,2012,w
25794264,Kaviyarasan T,IND,M,,,,1547,0,20,MAY26,1988,i
48770884,Kavya A N S S,IND,F,,,,1538,0,40,MAY26,2017,w
33323321,Kavya Agrawal,IND,F,,,,1546,0,,MAY26,2012,w
45069417,Kavya Jain,IND,M,,,,1513,0,20,MAY26,2002,i
25718525,Kavya Jain,IND,M,,,,1484,0,40,MAY26,2009,i
25716999,Kavya N,IND,F,,,,1530,0,40,MAY26,2008,wi
25115529,Kavya S,IND,F,,,,1553,17,40,MAY26,2011,w
5072352,"Kavya Srishti,K",IND,F,,,,1676,0,20,MAY26,1998,wi
547080302,Kavya Tulsian,IND,M,,,,1459,0,40,MAY26,2011,
88162460,Kavya Vijay Khachane,IND,F,,,,1488,0,40,MAY26,2012,w
25133675,Kavyansh Agrawal,IND,M,,,,1721,0,20,MAY26,2007,i
33414564,Kavyansh Jain,IND,M,,,,1722,0,40,MAY26,2013,
531043674,Kavyansh Srivastava,IND,M,,,,1785,0,40,MAY26,2015,
33498253,Kavyashri K,IND,F,,,,1410,6,40,MAY26,2010,w
25151860,Kavyasree T V S,IND,F,,,,1573,0,20,MAY26,2005,w
48741701,Kaya Renee Coutinho,IND,F,,,,1510,0,40,MAY26,2013,wi
558000232,Kayampurath Rishil Ramesh,IND,M,,,,1625,0,20,MAY26,1996,
33331170,Kayarkar Akhilesh,IND,M,,,,1441,0,20,MAY26,2006,i
429010500,Kazi Adyan Ahmed,IND,M,,,,1539,6,40,MAY26,2018,
429030315,Kazi Arhaan Ahmed,IND,M,,,,1533,0,40,MAY26,2012,
35051717,Kazi Nazir,IND,M,,,,1632,0,20,MAY26,1972,i
25611950,Kecil Christoper,IND,M,,,,1473,0,20,MAY26,2005,i
537044214,Kedia Mayra,IND,F,,,,1403,5,40,MAY26,2014,w
33460566,Keertan Vinod Purohit,IND,M,,,,1443,0,40,MAY26,2009,i
48732001,Keerthan Ayyam K,IND,M,,,,1587,7,40,MAY26,2016,
25752200,Keerthana B,IND,F,,,,1563,0,20,MAY26,2005,wi
25725572,Keerthana S,IND,F,,,,1535,0,20,MAY26,2004,wi
25159950,Keerthi Kumar A,IND,M,,,,1664,0,20,MAY26,2007,
25037323,Keerthi Srinath K,IND,M,,,,1618,0,20,MAY26,2006,i
25074873,Keerthivasan K,IND,M,,,,1828,0,20,MAY26,2000,i
48715204,Keerthivasan P K,IND,M,,,,1417,0,,MAY26,2010,i
429083230,Keerthivasan Sukumar,IND,M,,,,1604,8,40,MAY26,2014,
5073065,"Keerthivasan, J",IND,M,,,,1716,0,20,MAY26,1998,i
45094640,Keerti Shree Reddy,IND,F,WFM,WFM,,1832,0,20,MAY26,2007,w
33375755,Keertiganesh S R,IND,M,,,,1483,0,40,MAY26,2010,
88162184,Keith Mathew,IND,M,,,,1504,0,40,MAY26,2014,
5049270,"Kelaskar, Chinmay",IND,M,,,,1852,0,20,MAY26,1995,
25629867,Kelkar Atharva,IND,M,,,,1433,0,20,MAY26,2005,i
33300925,Kelvin Patel,IND,M,,,,1559,0,20,MAY26,1998,i
537007440,Ken Jacob Cherian,IND,M,,,,1493,0,40,MAY26,2015,i
33328633,Kenith Mukhi,IND,M,,,,1458,0,20,MAY26,2007,
531013538,Kenith Urla,IND,M,,,,1554,0,,MAY26,2013,
25711490,Keram Rhutupearn,IND,M,,,,1472,0,20,MAY26,2004,i
33406170,Kesava Bhuvanagiri,IND,M,,,,1482,0,20,MAY26,1999,
33437866,Kesavamoorthy G,IND,M,,,,1661,0,40,MAY26,2010,
25643460,Kesavan G,IND,M,,,,1784,0,20,MAY26,2000,
577042298,"Keshari, Yashwardhan",IND,M,,,,1477,5,40,MAY26,2005,
25101480,Keshav Chandra,IND,M,,,,1552,0,40,MAY26,2012,i
537036092,Keshav Garg,IND,M,,,,1422,0,40,MAY26,2012,
33469245,Keshav Harish Anand,IND,M,,,,1684,0,40,MAY26,2009,
33499853,Keshav Karnani,IND,M,,,,1511,7,40,MAY26,2010,
25632698,Keshav Krishnan Iyer,IND,M,,,,1616,0,20,MAY26,2003,i
45080828,Keshav Malik Kapoor,IND,M,,,,1487,0,20,MAY26,2005,i
45071624,Keshav Padmanabhan,IND,M,,,,1685,0,20,MAY26,2006,i
48771430,Keshav Praveen,IND,M,,,,1476,0,40,MAY26,2014,
33477400,Keshav Sivaramakrishnan,IND,M,,,,1716,8,40,MAY26,2012,
33440174,Keshav Sood,IND,M,,,,1585,0,40,MAY26,2010,i
537001566,Keshav Venkat K,IND,M,,,,1433,9,40,MAY26,2011,
531063934,Keshav Vinayak D,IND,M,,,,1450,3,40,MAY26,2016,
25967819,Keshavardhan P,IND,M,,,,1507,0,40,MAY26,2010,i
46655751,Keshavendra Mishra,IND,M,,"NI,NA",,1536,0,,MAY26,1996,i
25745042,Keshi Ishwarya,IND,F,,,,1416,0,20,MAY26,2005,wi
46679456,Keshri Abhishek,IND,M,,,,1748,0,20,MAY26,1985,i
46656510,Kesinth Arul Leslie,IND,M,,,,1464,0,20,MAY26,1999,i
429021340,Kessav T,IND,M,,,,1470,0,40,MAY26,2014,
5072379,"Kesshni, Bhasiin",IND,F,,,,1780,0,20,MAY26,1999,wi
577013182,Ketan Kandari,IND,M,,,,1440,0,20,MAY26,2001,
25983989,Kethan Reddy Nandyala,IND,M,,,,1535,0,40,MAY26,2012,
537018507,KETHAN SAI SHREYASH DASAM,IND,M,,,,1421,0,40,MAY26,2018,
25664999,Ketki Karsa,IND,F,,,,1533,0,20,MAY26,2003,wi
33462470,Kevin Bharathi S,IND,M,,,,1459,0,40,MAY26,2010,i
88137660,Kevin Daniel,IND,M,,,,1502,0,40,MAY26,2011,
45045631,Kevin J Porus,IND,M,,,,1438,0,40,MAY26,2008,i
88101843,Kevin Jerry Alwyn,IND,M,,,,1472,0,40,MAY26,2012,i
25616706,Kevin K Thomas Vaidyan,IND,M,,,,1569,0,20,MAY26,2002,i
25602187,Kevin Martin,IND,M,,,,1488,0,20,MAY26,2001,i
48763837,Kevin Ruben,IND,M,,,,1550,0,20,MAY26,2005,
558023917,Kevin Sandron T,IND,M,,,,1523,8,40,MAY26,2015,
48737151,Kevin Savio,IND,M,,,,1583,0,40,MAY26,2011,i
35023020,Keyur Pandya,IND,M,,,,1585,2,20,MAY26,1992,
33483841,Kezia Elizabeth George,IND,F,,,,1460,0,,MAY26,2016,wi
146243335,"Kg, Adithya Lochan",IND,M,,,,1704,0,,MAY26,2009,
5065224,Kh Subir Singha,IND,M,,,,1708,0,20,MAY26,1989,i
25763067,Khadanga Omm Aditya,IND,M,,,,1995,0,20,MAY26,2007,
25924737,Khade Dhananjay,IND,M,,,,1501,0,20,MAY26,2002,i
537018523,Khadgam Likhil Durga Shankar Reddy,IND,M,,,,1436,0,40,MAY26,2011,
25716123,Khadilkar Shourya,IND,M,,,,1701,0,40,MAY26,2011,
25064665,"Khadye, Ramesh",IND,M,,,,1768,0,,MAY26,1960,i
25762184,Khairmode Dhanashree,IND,F,,,,1894,0,20,MAY26,2007,wi
547058013,Khajith G Suresh,IND,M,,,,1514,5,40,MAY26,2011,
5027110,"Khakhai, Zou",IND,M,,,,1594,0,20,MAY26,1967,
33478295,Khalander Hakim,IND,M,,,,1545,0,20,MAY26,1985,i
25047159,Khalash Alkesh,IND,M,,,,1810,0,20,MAY26,1977,i
33475130,Khaleel Phasha,IND,M,,,,1579,0,20,MAY26,1980,i
5044359,"Khalid, Amin",IND,M,,,,1893,0,20,MAY26,1981,i
5001358,"Khalil, Ahmed",IND,M,,,,1774,0,20,MAY26,1973,i
547045892,Khamar Namra Nileshbhai,IND,M,,,,1554,0,40,MAY26,2012,
25028588,"Khamari, Amarendra",IND,M,,,,1659,0,20,MAY26,1964,i
46672109,Khambe Santosh,IND,M,,NA,,1481,0,,MAY26,1995,i
25046675,Khan Faiziya,IND,F,,,,1542,0,20,MAY26,2002,wi
46667598,Khan MD. Afaque,IND,M,,,,1809,0,20,MAY26,1973,i
46667601,Khan Nasir,IND,M,,,,1635,0,20,MAY26,1978,i
46602178,Khan Raees Ahmed,IND,M,,,,1662,17,20,MAY26,2005,
25079093,Khan S,IND,M,,,,1915,0,20,MAY26,1955,i
33313512,Khan Sameer,IND,M,,,,1738,0,20,MAY26,1996,i
5010764,"Khan, Yunus",IND,M,,,,1879,0,20,MAY26,1971,
25124544,Khanak Paharia,IND,F,,,,1476,0,40,MAY26,2012,wi
25123386,Khandelwal Ananya,IND,F,,,,1457,0,40,MAY26,2011,w
25631934,Khandelwal Naman,IND,M,,,,1614,0,20,MAY26,2001,i
25678566,Khandeparkar Pradnya,IND,M,,,,1432,0,20,MAY26,2003,i
25753274,Khandhadia Nivaan Rathin,IND,M,CM,,,1576,0,40,MAY26,2012,
25754718,Khanjire Yogesh,IND,M,,,,1551,0,20,MAY26,1989,i
366195830,"Khanna, Gurbaksh",IND,M,,,,1489,3,,MAY26,1996,
45060096,Kharat Aryan,IND,M,,,,1445,0,20,MAY26,2001,i
25680811,Kharchane Aamrapali,IND,F,,,,1419,0,20,MAY26,2007,wi
45082014,Kharde Ruturaj,IND,M,,,,1494,0,20,MAY26,2005,i
25716131,Kharde Sargam,IND,F,,,,1450,0,20,MAY26,2004,wi
5089379,"Kharthikheyan, B",IND,M,,,,1668,7,20,MAY26,1994,
48784273,Kharwandikar Yash Sandeep,IND,M,,,,1492,0,40,MAY26,2011,
558040714,Khashal Yengalla,IND,M,,,,1425,0,40,MAY26,2011,
25791508,Khatik Aasim,IND,M,,,,1586,0,,MAY26,2003,i
33335192,Khatri Chirag,IND,M,,,,1660,0,20,MAY26,2001,i
25092928,Khatua Soumyajit,IND,M,,,,1440,0,20,MAY26,2003,
429089670,Khaty Prathamesh,IND,M,,,,1505,0,20,MAY26,2003,i
5088755,Khedkar Prasad,IND,M,,,,1689,0,20,MAY26,1994,i
88162265,Khedkar Shambhavi,IND,F,,,,1460,0,40,MAY26,2009,wi
25626280,Kheerthi Ganta,IND,F,WFM,WFM,,2173,20,20,MAY26,2007,w
46679464,Khenagre Umesh,IND,M,,,,1782,0,20,MAY26,1990,i
46646345,Kherdekar Arnav,IND,M,,,,1798,0,20,MAY26,2005,
25661000,Khilendra Sahu,IND,M,,NA,,1543,0,20,MAY26,1988,
48795208,Khinvasara Nidhi,IND,F,,,,1465,0,40,MAY26,2014,wi
88134547,Khishore Riddhish V,IND,M,,,,1550,0,,MAY26,2014,
25602802,Khobragade Nishad,IND,M,,,,1522,0,20,MAY26,2003,i
88127915,Khode Nihansh,IND,M,,,,1442,0,40,MAY26,2018,
25632540,Kholia Kishan,IND,M,,,,1640,0,20,MAY26,2003,i
46686975,Khose Sahil,IND,M,,,,1573,0,20,MAY26,2007,i
46686983,Khose Yash,IND,M,,,,1489,0,20,MAY26,2005,i
429089700,Khot Sanket,IND,M,,,,1554,0,,MAY26,1992,
25646311,Khuanna Kapoor,IND,F,,,,1734,0,,MAY26,2007,w
25671170,Khuje Maithili,IND,F,,,,1551,0,20,MAY26,2005,wi
5088763,Khule Sangeet,IND,M,,,,1651,0,20,MAY26,2000,i
429094283,Khuman Einstein Maibam,IND,M,,,,1561,0,40,MAY26,2010,
25758578,Khunais Mohamed Mohideen A,IND,M,,,,1459,0,20,MAY26,2003,i
25602829,Khune Saurabh,IND,M,,,,1431,0,20,MAY26,1997,
25634976,Khunte Sakshi,IND,F,,,,1440,0,20,MAY26,2003,wi
531063330,Khuntia Sthitaprajna,IND,M,,,,1457,0,40,MAY26,2012,
88124649,Khush Bothra,IND,M,,,,1505,0,40,MAY26,2011,
33410208,Khush Dhiren Mehta,IND,M,,,,1432,0,40,MAY26,2014,
25942131,Khush Dholaria,IND,M,,,,1620,0,40,MAY26,2011,
88138844,Khushagra Singh,IND,M,,,,1452,4,,MAY26,2013,
48715441,Khushal Ajay Karamchandani,IND,M,,,,1536,0,40,MAY26,2009,
33466505,Khushal Bagri,IND,M,,,,1624,0,40,MAY26,2014,
146241537,Khushi Kaushal,IND,F,,,,1696,0,,MAY26,2010,w
35006967,Khushi M Hombal,IND,F,,,,1594,0,20,MAY26,2004,wi
429054532,Khushi Narula,IND,F,,,,1459,2,40,MAY26,2010,w
5056918,"Khushi, Dharewa",IND,F,,,,1782,0,20,MAY26,2001,wi
48792454,Khushika Mittal,IND,F,,,,1409,0,,MAY26,2014,w
33358060,Khushmann Parwani,IND,M,,,,1456,0,40,MAY26,2011,i
33431884,Khushpreet Kaur,IND,F,,,,1475,0,40,MAY26,2014,w
33301140,Khyati Kashyap,IND,F,,,,1458,0,40,MAY26,2009,wi
88119262,Kiaan Aggarwal,IND,M,,,,1530,0,40,MAY26,2013,
45073503,Kiaan Agrawal,IND,M,CM,,,1602,0,40,MAY26,2010,i
547039914,Kiaan Setia,IND,M,,,,1431,5,40,MAY26,2016,
429010519,Kian D Bose,IND,M,,,,1549,0,40,MAY26,2016,
537096206,Kijupalli Shanmukheswara Sai Raj Varma,IND,M,,,,1605,0,40,MAY26,2014,
531040560,Kikruzo Kuotsu,IND,M,,,,1408,0,40,MAY26,2008,i
33427283,Kilari Jyothir Adithya,IND,M,,,,1604,0,40,MAY26,2012,
46699473,Killedar Nirav,IND,M,,,,1522,0,20,MAY26,2006,i
25956779,Kimaya Ghadge,IND,F,,,,1500,0,20,MAY26,2005,w
45050104,Kingshuk Basu,IND,M,,,,1607,0,20,MAY26,1980,i
531066011,Kingshuk Sarkar,IND,M,,,,1510,0,40,MAY26,2012,
5037999,"Kingshuk, Debnath",IND,M,,,,1811,0,20,MAY26,0,
429096456,Kingsuk Sardar,IND,M,,,,1482,0,40,MAY26,2012,
429030323,Kinjal Chatterjee,IND,M,,,,1642,0,40,MAY26,2012,
25152548,Kinkar Roy,IND,M,,,,1710,0,20,MAY26,1988,i
45060118,Kinkhabwala Dhriti,IND,F,,,,1464,0,20,MAY26,2002,wi
45075816,Kinkhabwala Hrithik,IND,M,,,,1561,0,20,MAY26,2006,i
531075860,Kinra Aarnav Sudhir,IND,M,,,,1468,0,40,MAY26,2008,
33378380,Kinshuk Kedia,IND,M,,,,1542,0,20,MAY26,2007,i
88136639,Kinshuk Vetcha,IND,M,,,,1492,0,40,MAY26,2014,i
547039639,Kinsuk Shrivastava,IND,M,,,,1475,0,20,MAY26,2004,
25780310,Kiran B N,IND,M,,,,1806,0,20,MAY26,1999,
33496480,Kiran Jadhav,IND,M,,,,1449,0,20,MAY26,1998,i
25652745,Kiran Kumar D J V,IND,M,,,,1585,0,,MAY26,1975,
25685570,Kiran Prasath T,IND,M,,,,1558,0,20,MAY26,2006,i
5090407,Kiran Shantaram Chopdekar,IND,M,,,,1546,0,20,MAY26,1963,
5019575,"Kiran, Manisha Mohanty",IND,F,WGM,WGM,,2033,0,20,MAY26,1989,w
5001382,"Kiran, Panditrao",IND,M,,,,1863,0,,MAY26,1965,
25015427,"Kiran, Vasishta T S",IND,M,,,,1672,0,20,MAY26,1996,i
5032393,"Kiranpal, Singh Mahajan",IND,M,,,,1922,0,20,MAY26,1993,i
88195341,Kirat Singh Gujral,IND,M,,,,1682,0,40,MAY26,2011,
25184644,Kirit Bikram Chanda,IND,M,,,,1757,8,40,MAY26,2012,
25739891,Kirithika Maripandian,IND,F,,,,1409,0,40,MAY26,2008,wi
25759523,Kirpesh I,IND,M,,,,1717,0,40,MAY26,2008,i
25725599,Kirrthana Priya U S,IND,F,,,,1411,0,20,MAY26,2006,wi
35000071,Kirtan Nikhilkumar Shah,IND,M,,,,1698,0,20,MAY26,1998,i
33492174,Kirthik Vijayabaskar,IND,M,,,,1618,8,40,MAY26,2016,
25981323,Kirthika B,IND,F,WCM,WCM,,1926,0,40,MAY26,2011,w
35013777,Kirti Sharma,IND,M,,FA,,1750,0,20,MAY26,1968,i
429010071,Kirti Sinha,IND,F,,,,1407,0,40,MAY26,2016,wi
547035510,Kirti Swayansu Lenka,IND,M,,,,1541,0,40,MAY26,2009,
5015235,"Kirti, Singh",IND,M,,,,1960,0,20,MAY26,1981,i
25089200,Kirtvir Singh,IND,M,,,,1510,0,20,MAY26,2003,i
25723960,Kiruba Hari P,IND,M,,,,1701,0,20,MAY26,2006,i
25163736,Kirushika Sri S,IND,F,,,,1446,0,40,MAY26,2009,wi
88117740,Kirutesh Sekar,IND,M,,,,1468,9,40,MAY26,2012,
88141683,Kirutheesh Swaminathan,IND,M,,,,1483,0,40,MAY26,2015,i
48792969,Kiruthik Murugun M,IND,M,,,,1732,0,40,MAY26,2011,
25013491,Kiruthika B,IND,F,,,,1808,0,20,MAY26,2002,wi
25988794,Kiruthivasan V,IND,M,,,,1467,0,40,MAY26,2008,i
429035660,Kishan Ahirwar,IND,M,,,,1572,9,40,MAY26,2001,
25143107,Kishan Kumaar K V,IND,M,,,,1510,0,40,MAY26,2009,i
25995650,Kishan Kumar,IND,M,,,,1924,0,20,MAY26,2000,
531036694,Kishan Kumar N N,IND,M,,,,1566,19,40,MAY26,2008,
25754505,Kishan Kumar Paswan,IND,M,,,,1549,0,20,MAY26,2000,i
33452350,Kishan Kumar Shetty,IND,M,,,,1425,9,40,MAY26,1991,
25968904,Kishan S Hulihalli,IND,M,,,,1501,0,20,MAY26,2007,i
33389390,Kishan Sharadkumar Dave,IND,M,,,,1776,0,20,MAY26,1996,i
35088700,Kishan Singh,IND,M,,,,1661,6,20,MAY26,1993,
5049350,"Kishan, Gangolli",IND,M,,,,2006,0,20,MAY26,1992,i
531017231,Kishant V,IND,M,,,,1553,7,40,MAY26,2015,
5096103,Kishor Bandekar,IND,M,,,,1776,0,20,MAY26,1960,i
45084238,Kishor Kumar G,IND,M,,,,1663,0,20,MAY26,2007,i
25087983,Kishor Kumar Saha,IND,M,,,,1480,3,20,MAY26,1961,
429075246,Kishor P,IND,M,,,,1490,0,40,MAY26,2011,i
25023403,"Kishor, A",IND,M,,,,1626,0,20,MAY26,0,
48731536,Kishore Arunagiri,IND,M,,,,1508,8,40,MAY26,2012,
531057004,Kishore C,IND,M,,,,1645,0,40,MAY26,2013,
5049369,Kishore Dev S,IND,M,,,,1675,0,20,MAY26,1984,i
46683801,Kishore Kumar Jaganathan,IND,M,,,,2048,0,20,MAY26,2002,i
33395420,Kishore Kumar Karthi Keyan,IND,M,,,,1570,0,40,MAY26,2008,i
25035304,Kishore Kumar L S,IND,M,,,,1804,0,20,MAY26,1996,i
33335591,Kishore Prajith,IND,M,,,,1774,0,40,MAY26,2012,
25723987,Kishore Raagav S G,IND,M,,,,1477,0,20,MAY26,2007,i
88162605,Kishore Suresh Kumar,IND,M,,,,1422,0,40,MAY26,2011,i
35072641,Kishore V,IND,M,,"NI,NA",,1648,0,20,MAY26,2000,
25676318,Kishore Vetrivel,IND,M,,,,1557,0,20,MAY26,2006,i
5038537,"Kishore, P.",IND,M,,,,1565,0,20,MAY26,1992,i
5073073,"Kishore,G V",IND,M,,,,1795,0,20,MAY26,1998,i
33329478,Kishowre U,IND,M,,,,1489,0,40,MAY26,2010,i
558017470,Kit Amit Patel,IND,M,,,,1478,2,40,MAY26,2015,
547085320,Kiyaan Chawla,IND,M,,,,1400,0,40,MAY26,2016,
48788147,Kiyaansh Chopra,IND,M,,,,1554,3,40,MAY26,2014,
48782211,Kiyaansh D Gowda,IND,M,,,,1480,0,40,MAY26,2016,
531064949,Kiyan Sanjay Doshi,IND,M,,,,1487,0,40,MAY26,2012,i
33395233,Kiyanna Parihaar,IND,F,WCM,WCM,,1768,8,40,MAY26,2015,w
25169041,Kiyansh Kohli,IND,M,,,,1454,0,40,MAY26,2013,
46637915,Kiyarra Sunil Khaturia,IND,F,,,,1624,0,20,MAY26,2005,wi
429028515,Kiyaselie Mere,IND,M,,NA,,1529,0,20,MAY26,1981,i
35025970,Kobid Basu,IND,M,,,,1563,0,20,MAY26,2000,i
5037050,"Kochrekar, Vishwesh",IND,M,,,,1792,0,20,MAY26,1990,
531008054,Kodhe Atharv,IND,M,,,,1428,0,40,MAY26,2015,
48704580,Kodre Tirth,IND,M,,,,1674,7,40,MAY26,2015,
45031924,Kohad Dipesh,IND,M,,,,1685,0,20,MAY26,2004,i
25609211,Kokane Vikram,IND,M,,NA,,1540,6,20,MAY26,1993,
25041134,Kokitkar Harsh,IND,M,,,,1642,0,20,MAY26,2002,i
33394229,Kola Akshay,IND,M,,,,1589,0,40,MAY26,2012,
33376220,Kola Akshith,IND,M,,,,1563,0,40,MAY26,2012,
25789457,Kolagatla Alana Meenakshi,IND,F,CM,WFM,,1781,0,40,MAY26,2011,wi
5037069,"Kolambkar, C K",IND,M,,,,1463,0,20,MAY26,1966,
577024745,"Koley, Rajdeep",IND,M,,,,1526,8,40,MAY26,2011,
531012493,Kolhe Prathmesh,IND,M,,,,1447,0,40,MAY26,2012,i
25631578,Kolhe Shruti,IND,F,,,,1489,0,20,MAY26,2003,wi
25959379,Koli Aditya,IND,M,,,,1679,8,40,MAY26,2008,
25696459,Koli Akash,IND,M,,,,1577,0,20,MAY26,1991,
45001073,Koli Isha,IND,F,,,,1649,0,20,MAY26,2004,wi
33406189,Kolisetty Rahul,IND,M,,,,1404,0,20,MAY26,2007,i
25106821,Kolla Bhaavan,IND,M,,,,1964,0,40,MAY26,2011,
33491232,Kolliboyina Venkata Dinesh,IND,M,,,,1477,0,,MAY26,2008,
46647864,Kollipara Sunil,IND,M,,,,1542,0,20,MAY26,1987,i
429025974,"Kolluru, Vinayak",IND,M,,,,1598,0,,MAY26,2013,
35044443,Komal Srivatsav Sajja,IND,M,,,,1953,0,,MAY26,2005,i
25730282,Komarpant Saurav,IND,M,,,,1480,0,20,MAY26,2006,i
88197999,Komati Charath Ashwin,IND,M,,,,1690,0,40,MAY26,2012,
429033969,Komatineni Lokesh,IND,M,,,,1437,0,40,MAY26,2011,
48759058,Komeswaran S,IND,M,,,,1456,0,20,MAY26,1963,i
35070991,Konatham Snehil,IND,M,,,,1844,0,20,MAY26,2004,i
25655531,Kondagurle Maroti,IND,M,,,,1494,0,20,MAY26,1982,i
537057456,Kondapalli Sreesanth Reddy,IND,M,,,,1545,0,40,MAY26,2011,
547019573,Kondappa Harshitta,IND,F,,,,1429,0,40,MAY26,2013,w
429033977,Kondreddi Sri Ishanth,IND,M,,,,1522,0,40,MAY26,2014,
88151115,Konduru Ram Sai,IND,M,,,,1659,0,40,MAY26,2010,i
5008123,"Koneru, Humpy",IND,F,GM,WGM,,2412,0,10,MAY26,1987,w
5000548,"Konguvel, Ponnuswamy",IND,M,IM,,,2233,0,20,MAY26,1973,i
35034030,Konia Gandhi,IND,M,,,,1773,0,20,MAY26,1988,
25927507,Konjengbam Poireikhomba Meetei,IND,M,,,,1879,0,20,MAY26,1995,
558010890,Konkani Parth S,IND,M,,,,1496,0,40,MAY26,2009,
35018493,Konsam Jiban Singh,IND,M,,,,1605,0,20,MAY26,1974,
558035443,Koonj Agarwal,IND,M,,,,1438,0,40,MAY26,2018,
46646361,Kopulwar Mayuresh,IND,M,,,,1417,0,20,MAY26,2005,i
45080607,Kore Prajwal,IND,M,,,,1501,0,20,MAY26,2004,
25931148,Korukonda Rishitha,IND,F,,,,1500,0,40,MAY26,2010,w
33386080,Koshin Das,IND,M,,,,1632,0,40,MAY26,2010,
88110249,Koshivarddh Senthil Kumar,IND,M,,,,1588,8,,MAY26,2015,
25765680,Koshlesh Gupta,IND,M,,,,1504,0,20,MAY26,1994,
35009222,Koshtu Varaha Prem Sai,IND,M,,,,1783,0,20,MAY26,2002,i
5000114,"Koshy, Varugeese",IND,M,IM,,,2115,0,20,MAY26,1958,i
33440034,Kota Kalpak Harsha Keertan,IND,M,,,,1661,0,40,MAY26,2011,
531084060,Kotha Sree Harshaa,IND,M,,,,1443,0,40,MAY26,2015,
48795895,Kothari Darshni Viral,IND,F,,,,1438,0,40,MAY26,2009,wi
48791822,Kothari Manthan S,IND,M,,,,1417,0,40,MAY26,2009,i
25094440,Kothari Pranit,IND,M,,,,1810,0,20,MAY26,2005,i
45040346,Kothari Shlok,IND,M,,,,1513,0,20,MAY26,2006,i
5045789,"Kothari, Praveen Kumar",IND,M,,,,2034,0,20,MAY26,1969,i
5086361,"Kothari, Swapnil",IND,M,,,,1968,0,20,MAY26,1971,i
146241733,"Kothari, Tanisha",IND,F,,,,1598,0,,MAY26,2006,w
35051725,Kothawade Shreyas,IND,M,,,,1741,0,20,MAY26,1998,i
25905732,Kothe Swarali,IND,F,,,,1497,0,20,MAY26,2007,wi
33358842,Kotikulam Cappil Fajaz Basheer Ahamed,IND,M,,,,1654,0,20,MAY26,1986,i
45003386,Koushek V,IND,M,,,,1626,0,20,MAY26,2004,i
537056980,Koushik Urs K,IND,M,,,,1424,0,,MAY26,2002,i
25073060,Koustav Chatterjee,IND,M,GM,,,2435,0,10,MAY26,2003,
88122743,Koustav Sarkar,IND,M,,,,1442,3,,MAY26,2013,
45049742,Koustuv Dash,IND,M,,,,1849,0,40,MAY26,2008,i
33486816,Kovidh Chevuru,IND,M,,,,1488,0,40,MAY26,2015,i
48757004,Kovidh Kocherla,IND,M,,,,1411,0,40,MAY26,2014,i
33409633,Kovidh Muraleedhara,IND,M,,,,1492,0,40,MAY26,2012,i
48781665,Kowshik P S S S,IND,M,,,,1472,0,40,MAY26,2008,
558000496,Koyande Ojas Dinesh,IND,M,,,,1400,0,40,MAY26,2016,
25937740,Koyande Sahil,IND,M,,,,1459,0,20,MAY26,2005,i
45055289,Koyande Tuvyah,IND,M,,,,1437,0,20,MAY26,2006,i
33301158,Kreesha Jain,IND,F,,,,1432,0,40,MAY26,2009,wi
33424225,Kriday Kharbanda,IND,M,,,,1481,7,40,MAY26,2013,
33496498,Kriday Nagpal,IND,M,,,,1471,0,,MAY26,2012,i
88147959,Kriday Nair,IND,M,,,,1476,0,,MAY26,2014,i
48744336,Krish Athappan N,IND,M,,,,1438,0,40,MAY26,2015,
558031669,Krish Bhavesh Oza,IND,M,,,,1542,0,40,MAY26,2009,
25921045,Krish Doiphode,IND,M,,,,1476,0,20,MAY26,2006,i
48787540,Krish Garg,IND,M,,,,1551,0,20,MAY26,2006,
88177084,Krish Ghosh Kadamb,IND,M,,,,1425,0,40,MAY26,2008,i
88164713,Krish Jaidka,IND,M,,,,1702,0,20,MAY26,2006,
429008425,Krish Jitendra Chandwani,IND,M,,,,1466,0,,MAY26,2014,
429064945,Krish Kumar Mall,IND,M,,,,1690,7,40,MAY26,2008,
88110257,Krish Nair Sahu,IND,M,,,,1552,0,40,MAY26,2009,i
33443378,Krish Nimesh Karanjawala,IND,M,,,,1447,4,20,MAY26,2003,
564034615,Krish Raj,IND,M,,,,1543,0,40,MAY26,2010,
366111820,"Krish Ryan, Krishna",IND,M,,,,1697,0,40,MAY26,2013,
33473137,Krish Seenu,IND,M,,,,1462,0,40,MAY26,2014,i
33499101,Krish Suchak,IND,M,,,,1603,7,40,MAY26,2011,
33380252,Krisha Tamhant Jain,IND,F,,,,1705,0,40,MAY26,2014,wi
46695400,Krishan A,IND,M,,,,1723,0,20,MAY26,2006,
531023398,Krishang Chaturvedi,IND,M,,,,1428,0,40,MAY26,2013,i
564023109,Krishang P R,IND,M,,,,1426,13,40,MAY26,2015,
547056550,Krishang Prabhu,IND,M,,,,1500,6,40,MAY26,2012,
25981749,Krishanu Deba Misra,IND,M,,,,1478,0,20,MAY26,2004,i
33402248,Krishav Karthik,IND,M,,,,1540,0,40,MAY26,2011,i
25919636,Krishav Kavit Shah,IND,M,,,,1726,0,40,MAY26,2011,
33430675,Krishav Nikesh N,IND,M,,,,1728,9,40,MAY26,2014,
25129597,Krishay Jain,IND,M,,,,1925,0,40,MAY26,2012,
25652320,Krishi Kumar Murasingh,IND,M,,,,1421,0,20,MAY26,1990,i
88198731,Krishi N,IND,M,,,,1481,0,40,MAY26,2012,
46658203,Krishi Pallab Saikia,IND,M,,,,1891,0,20,MAY26,2002,i
25987089,Krishika Garg,IND,F,,,,1686,0,40,MAY26,2008,w
429060117,Krishiv Kapish Mittal,IND,M,,,,1470,0,40,MAY26,2017,
558098208,Krishiv Sharma,IND,M,,,,1558,0,40,MAY26,2015,
33401292,Krishiv Singhal,IND,M,,,,1539,0,40,MAY26,2012,
33304009,Krishiv Singhal,IND,M,,,,1565,8,40,MAY26,2008,
564023052,Krishmitha P R,IND,F,,,,1411,7,40,MAY26,2013,w
25021753,Krishn Charan,IND,M,,,,1719,0,,MAY26,1996,
88151301,Krishna A,IND,M,,,,1417,0,20,MAY26,2003,i
547074906,Krishna Babu Lakshmanan,IND,M,,,,1523,0,40,MAY26,2012,
5018625,Krishna C R G,IND,M,IM,FT,,2365,20,10,MAY26,1991,
577012933,Krishna Giri,IND,M,,,,1554,0,20,MAY26,1997,
88137147,Krishna Hari Nanda S B,IND,M,,,,1432,0,,MAY26,2009,i
88153754,Krishna K Poduval,IND,M,,,,1417,0,40,MAY26,2014,i
45066418,Krishna Kalyanasundaram,IND,M,,,,1557,7,20,MAY26,2007,
25009605,"Krishna Karthik, N",IND,M,,,,1807,0,20,MAY26,1998,i
45056102,Krishna Kumar Dalmia,IND,M,,,,1435,0,20,MAY26,2002,
45077711,Krishna Kumar Saw,IND,M,,,,1781,0,,MAY26,2009,
429032458,Krishna Kundu,IND,M,,,,1776,9,40,MAY26,2010,
45095698,Krishna L M S S,IND,M,,,,1561,0,20,MAY26,2004,i
25088424,Krishna Mohan,IND,M,,,,1601,0,20,MAY26,1978,
25942140,Krishna Nigam,IND,M,,,,1430,0,40,MAY26,2008,i
45083185,Krishna Prabhakar,IND,M,,NA,,1543,0,,MAY26,1954,i
5082919,Krishna Prasad V.,IND,M,,,,1801,0,20,MAY26,1996,
45092958,Krishna Prasath S,IND,M,,,,1449,0,20,MAY26,2006,i
46622675,Krishna Reddy Garugu,IND,M,,,,1634,0,20,MAY26,1983,
33421676,Krishna Sai Suraj Muppidi,IND,M,,,,1446,0,40,MAY26,2009,
537087312,Krishna Siraskar,IND,M,,,,1545,0,40,MAY26,2012,
88103498,Krishna Sudhindra Venkata Samudrala,IND,M,,,,1516,0,,MAY26,2010,i
45080437,Krishna Taori,IND,F,,,,1550,0,20,MAY26,2006,wi
5001498,"Krishna Teja, N",IND,M,IM,,,2231,0,20,MAY26,1998,
25133250,Krishna Tejas T,IND,M,,,,1476,0,20,MAY26,2005,
48746070,Krishna Tejaswi,IND,M,,,,1428,9,40,MAY26,2015,
25057790,Krishna V Shinde,IND,M,,NA,,1822,0,20,MAY26,1978,i
33421692,Krishna Varenya Potnuru,IND,M,,,,1545,0,40,MAY26,2013,
5016444,"Krishna, D.",IND,M,,,,2073,0,,MAY26,1987,
25174940,Krishnaav Hazarika,IND,M,,,,1637,0,40,MAY26,2013,
88165540,Krishnadas K P,IND,M,,,,1425,0,20,MAY26,1995,i
531099033,KRISHNADEV,IND,M,,,,1486,0,40,MAY26,2011,
5023149,"Krishnadoss, D.",IND,M,,,,1870,0,20,MAY26,1962,i
25951440,Krishnakanth J S S,IND,M,,,,1513,0,20,MAY26,1997,i
46661735,Krishnakanth S S,IND,M,,,,1701,0,20,MAY26,2000,i
33338310,Krishnakumar Patel,IND,M,,,,1486,0,20,MAY26,1988,i
33310777,Krishnan A,IND,M,,,,1430,0,20,MAY26,1973,i
35098586,Krishnan Mundiyantharakkal,IND,M,,,,1537,0,20,MAY26,1970,i
531095895,Krishnan S,IND,M,,,,1492,9,,MAY26,2013,
25610112,Krishnan Trisha,IND,F,,,,1413,0,40,MAY26,2009,wi
25636057,Krishnan Vishwanathan,IND,M,,,,1476,7,20,MAY26,1975,
5070473,"Krishnan, K. V.",IND,M,,,,1715,0,20,MAY26,1970,i
45055297,"Krishnan, Ritvik",IND,M,FM,,,2258,16,20,MAY26,2007,
5019109,"Krishnankit, Banerjee",IND,M,,,,1808,0,20,MAY26,1996,i
25191381,Krishnansh Kathuria,IND,M,,,,1435,0,40,MAY26,2011,
88154017,Krishnanunni Kookal,IND,M,,,,1572,0,40,MAY26,2008,i
45058717,Krishnanunny Menon C,IND,M,,,,1523,0,,MAY26,1991,i
33334021,Krishnasai Ramesh Vandanapu,IND,M,,,,1673,8,40,MAY26,2011,
25041142,Krishnater Kushager,IND,M,IM,FT,,2292,0,20,MAY26,2002,
88102351,Krishneel Maipady,IND,M,,,,1576,0,40,MAY26,2013,
48766488,Krishnendu Bhowmik,IND,M,,,,1503,3,40,MAY26,2013,
33481172,Krishnendu Chatterjee,IND,M,,,,1478,6,40,MAY26,2013,
33324867,Krishnendu Dey,IND,M,,,,1435,3,20,MAY26,1972,
429075866,Krishnik Chatterjee,IND,M,,,,1493,0,,MAY26,2014,
25180371,Krishoth P,IND,M,,,,1704,8,40,MAY26,2014,
33458030,Kritagya Singh,IND,M,,,,1712,0,,MAY26,2013,
88120015,Kritarth Negi,IND,M,,,,1567,0,40,MAY26,2009,
33320497,Krithi Kharvi,IND,F,,,,1532,0,40,MAY26,2013,wi
33482306,Krithick A R,IND,M,,,,1470,0,40,MAY26,2011,i
25013505,Krithigga K,IND,F,WCM,WCM,,1933,0,20,MAY26,2001,wi
429083273,Krithiiv M K,IND,M,,,,1412,0,40,MAY26,2018,
547001380,Krithik Aditya,IND,M,,,,1418,0,40,MAY26,2011,i
48774308,Krithik Dinesh Kumar,IND,M,,,,1423,0,40,MAY26,2015,
33419272,Krithik Muthukumar,IND,M,,,,1867,0,40,MAY26,2015,
25984004,Krithik Reddy Nandyala,IND,M,,,,1548,0,40,MAY26,2012,
45074569,Krithik Shai M P,IND,M,,,,1686,0,20,MAY26,2002,
33301875,Krithika S,IND,F,,,,1441,0,20,MAY26,2006,wi
25955403,Krithin Durai D,IND,M,,,,1626,7,,MAY26,2012,
25775332,Krithin Satya,IND,M,,,,1488,0,40,MAY26,2009,i
35061780,Kriti Mayur Patel,IND,F,WCM,WCM,,1605,0,20,MAY26,2006,wi
35026011,Kriti Mundhra,IND,F,,,,1547,0,20,MAY26,2005,wi
25005480,Kritik Satija,IND,M,,,,1762,0,20,MAY26,2001,i
46690840,Kritika Pal,IND,F,,,,1678,0,20,MAY26,2003,wi
25637193,Kritika Pillai,IND,M,,,,1487,0,20,MAY26,2006,i
33437114,Kriyansh Prashant Thakkar,IND,M,,,,1432,0,40,MAY26,2013,i
558065105,Kriyansh Ravindra Gupta,IND,M,,,,1489,0,40,MAY26,2019,
25941887,Krrish Lala,IND,M,,,,1438,0,20,MAY26,2007,i
33403775,Krrishiv Maurya,IND,M,,,,1472,0,40,MAY26,2012,
88153541,Krritin V,IND,M,,,,1420,0,40,MAY26,2012,i
25918273,Krunal K Solanki,IND,M,,,,1679,7,20,MAY26,2005,
25147404,Krunal Panchal,IND,M,,,,1621,0,20,MAY26,1995,i
25193856,Krupha S Ukkali,IND,F,,,,1704,0,40,MAY26,2012,wi
5006481,"Krushna, Mishra",IND,F,,,,1672,0,20,MAY26,1995,wi
531079474,Krutarth S Karkala,IND,M,,,,1597,0,40,MAY26,2012,i
46661751,Kruthik K S,IND,M,,,,1484,0,20,MAY26,2002,i
25913891,Krutika Ravindra Pustake,IND,F,,NA,,1474,0,,MAY26,2005,wi
547046082,Kshatriya Arnav Yashpal,IND,M,,,,1419,0,40,MAY26,2015,
45075530,Kshatriya Nitin Vekhande,IND,M,FM,,,2123,9,40,MAY26,2009,
25148877,Kshaunish Prakash Jaiswal,IND,M,,,,1591,0,40,MAY26,2009,i
25971204,Ksheerod Chandra Mund,IND,M,,,,1449,0,20,MAY26,1962,i
88116565,Kshirsagar Dipak Ramchandra,IND,M,,,,1553,0,20,MAY26,1988,
25774034,Kshirsagar Mandar,IND,M,,,,1411,0,20,MAY26,2006,i
25658301,Kshirsagar Nimesh Dinesh,IND,M,,,,1566,0,,MAY26,2004,i
429007640,Kshirsagar Shivam,IND,M,,,,1496,0,40,MAY26,2012,
33382697,Kshitij Bhargava,IND,M,,,,1641,0,20,MAY26,2000,i
33422907,Kshitij Dilip Barvey,IND,M,,,,1449,0,,MAY26,1992,i
25118951,Kshitij Dutta,IND,M,,,,1522,0,40,MAY26,2009,i
48739545,Kshitij Lapaliakr,IND,M,,,,1472,0,20,MAY26,2007,
25664000,Kshitij Mayenkar,IND,M,,,,1419,0,20,MAY26,2002,i
48781649,Kshitiz Taneja,IND,M,,,,1631,0,20,MAY26,2001,i
531009395,Kubde Paris,IND,M,,,,1418,0,40,MAY26,2015,
88192709,Kuche Swayam,IND,M,,,,1607,0,40,MAY26,2012,i
33359598,Kucheriya Harshita,IND,F,,,,1488,0,40,MAY26,2008,w
25195301,Kuhan B K,IND,M,,,,1595,0,40,MAY26,2009,i
25695606,Kukku Ramesh,IND,M,,"SI,NI,NA",,1888,0,20,MAY26,1983,
45027676,Kukreja Sankalp,IND,M,CM,,,2126,0,20,MAY26,2007,i
25727990,Kukreja Suguna,IND,F,,,,1567,0,,MAY26,2010,wi
48723827,Kulai Siddhant Bhandary,IND,M,,,,1510,0,,MAY26,2012,
5019125,Kuldeep,IND,M,,,,1799,0,20,MAY26,1982,i
35089609,Kuldeep Chotrani,IND,M,,,,1517,6,20,MAY26,1999,
5075360,Kuldeep Sharma,IND,M,,,,1775,9,20,MAY26,1985,
35001507,Kulkarni Aakash,IND,M,,,,1762,0,20,MAY26,1997,i
25662074,Kulkarni Aarsh,IND,M,,,,1495,0,40,MAY26,2008,i
46682511,Kulkarni Anandrao,IND,M,,,,1489,0,20,MAY26,1953,i
45040370,Kulkarni Anjali,IND,F,,,,1434,0,40,MAY26,2009,wi
88184374,Kulkarni Ayush,IND,M,,,,1447,6,,MAY26,2012,
5019516,Kulkarni Bhakti,IND,F,IM,WGM,,2172,0,20,MAY26,1992,w
33473650,Kulkarni Chandrakanth,IND,M,,,,1487,0,20,MAY26,1959,
46675850,Kulkarni Guruprasad,IND,M,,,,1562,0,40,MAY26,2009,i
25777742,Kulkarni Kaustubh N,IND,M,,,,1632,0,,MAY26,1997,i
45083347,Kulkarni Nilay,IND,M,,,,1705,0,20,MAY26,2006,
88147770,Kulkarni Nimaichandra,IND,M,,,,1465,0,20,MAY26,2007,i
25661698,Kulkarni Pawan,IND,M,,,,1534,0,20,MAY26,1996,
35069110,Kulkarni Pradip S,IND,M,,,,1749,0,20,MAY26,1963,i
48704636,Kulkarni Samyak,IND,M,,,,1593,0,,MAY26,2013,
25070703,Kulkarni Saurabh P,IND,M,,,,1779,0,20,MAY26,2002,i
25668714,Kulkarni Shreehari,IND,M,,,,1503,0,40,MAY26,2008,i
35099868,Kulkarni Shreesh,IND,M,,,,1558,0,20,MAY26,2005,
46616314,Kulkarni Siya Jayant,IND,F,,,,1560,0,20,MAY26,2006,wi
45012172,Kulkarni Vaishali,IND,F,,,,1640,0,20,MAY26,1987,wi
25041177,Kulkarni Vihang,IND,M,,,,1672,0,20,MAY26,1984,i
46682520,Kulkarni Vittal,IND,M,,,,1509,0,20,MAY26,1989,i
45012180,Kulkarni Vrushali,IND,F,,,,1665,0,20,MAY26,1987,wi
366110618,"Kulkarni, Areen",IND,M,,,,1499,0,40,MAY26,2010,i
5023513,"Kulkarni, Chinmay",IND,M,FM,,,2303,0,20,MAY26,1990,i
5037077,"Kulkarni, Rakesh",IND,M,IM,,,2263,0,10,MAY26,1993,
366196523,"Kulkarni, Rakesh",IND,M,,,,1646,0,20,MAY26,1984,i
5068452,"Kulkarni, Shreyash",IND,M,,,,1918,0,20,MAY26,1998,
5009847,"Kulkarni, Vikramaditya",IND,M,IM,,,2243,0,10,MAY26,1982,
5021332,"Kulkarni, Vinayak",IND,M,,,,2030,0,20,MAY26,1989,i
45036624,Kulmulkar Shivam,IND,M,,,,1566,0,20,MAY26,2000,i
25705717,Kulshresth Tanmay,IND,M,,,,1449,0,20,MAY26,1997,i
33427313,Kumar Abhinav,IND,M,,,,1431,0,20,MAY26,2000,i
88158888,Kumar Adari,IND,M,,,,1408,0,,MAY26,1998,
48770132,Kumar Advait,IND,M,,,,1408,0,40,MAY26,2013,
531054510,Kumar Akshat,IND,M,,,,1444,0,40,MAY26,2014,
25014307,Kumar Anand,IND,M,,,,1502,0,20,MAY26,1982,
429067995,Kumar Anshuman Singh,IND,M,,,,1539,0,,MAY26,2014,
35057995,Kumar Arpit,IND,M,,,,1589,0,20,MAY26,1991,i
537065556,Kumar Dimpal,IND,M,,,,1483,0,20,MAY26,2002,i
25141074,Kumar Gaurav,IND,M,,,,1430,0,20,MAY26,1981,i
33441626,Kumar Gyanendra,IND,M,,,,1542,0,20,MAY26,1992,i
45021520,Kumar Ravikant,IND,M,,,,1609,0,20,MAY26,1993,i
366096386,"Kumar S K, Shyam",IND,M,,,,1575,0,20,MAY26,1985,
88146880,Kumar Saksham,IND,M,,,,1436,0,20,MAY26,1997,i
46693220,Kumar Sankalp,IND,M,,,,1646,0,20,MAY26,2007,i
35024809,Kumar Sarvesh,IND,M,,,,1488,0,20,MAY26,1977,
547071648,Kumar Saurav,IND,M,,,,1475,0,20,MAY26,1994,
25627600,Kumar Shubham,IND,M,,,,1464,0,20,MAY26,1994,
88171604,Kumar Vatsal,IND,M,,,,1477,0,40,MAY26,2010,i
5007585,"Kumar, A.",IND,M,,,,1921,0,20,MAY26,1970,i
35064215,"Kumar, Ayanesh",IND,M,,,,1728,0,20,MAY26,0,i
5085578,"Kumar, Gaurav",IND,M,FM,,,1998,0,20,MAY26,2000,
577042336,"Kumar, Hitarth",IND,M,,,,1503,9,40,MAY26,2014,
10303227,"Kumar, Kumar",IND,M,,,,1583,0,20,MAY26,1976,i
25674927,"Kumar, Piyush",IND,M,,,,1783,0,20,MAY26,2004,i
374100975,"Kumar, Prakhar",IND,M,,,,1499,0,,MAY26,2008,i
564073165,"Kumar, Prateek",IND,M,,,,1579,0,20,MAY26,1991,
577030214,"Kumar, Rohan",IND,M,,,,1411,8,40,MAY26,2014,
5044545,"Kumar, S.",IND,M,,,,1829,20,20,MAY26,1998,
5033268,"Kumar, Sanu",IND,M,,,,1839,0,20,MAY26,1996,i
48748927,Kumara Sandilya Somanchi,IND,M,,,,1737,0,40,MAY26,2012,
48748935,Kumara Srivatsa Somanchi,IND,M,,,,1646,0,40,MAY26,2014,
25743740,Kumaragurubaran R,IND,M,,,,1599,0,20,MAY26,2005,
25747622,Kumaran Charan,IND,M,,,,1643,19,20,MAY26,2003,
25628020,Kumaran Sachidhanantham,IND,M,,,,1516,0,20,MAY26,1999,i
5038472,"Kumaran, B",IND,M,,,,2198,0,20,MAY26,1998,i
146243658,"Kumarandi, Maheshu",IND,M,,,,1550,0,20,MAY26,1972,i
35006304,"Kumaravel, Adhav",IND,M,,,,1723,0,,MAY26,2001,
45022259,Kumaresh A,IND,M,CM,,,1937,0,20,MAY26,2004,
25993372,Kumari Prasad Jagriti,IND,F,,,,1657,0,40,MAY26,2009,w
25666959,Kumawat Ghanashyam,IND,M,,,,1493,0,20,MAY26,1998,i
577050827,"Kumawat, Jay Kumar",IND,M,,,,1584,8,40,MAY26,2008,
45083258,Kumbhalkar Anisha,IND,F,,,,1402,0,40,MAY26,2009,wi
25910116,Kumbhalkar Sparsh,IND,M,,,,1401,0,40,MAY26,2010,i
46625488,Kumbhar Kartik,IND,M,,,,1593,0,20,MAY26,1999,
5029678,"Kumtakar, Deepak",IND,M,,,,1804,0,20,MAY26,1960,i
5061164,"Kumthekar, Shubham",IND,M,,,,1882,0,20,MAY26,1996,i
5078784,Kunal Batra,IND,M,,,,1519,0,,MAY26,1995,i
429057850,Kunal Das,IND,M,,,,1451,0,20,MAY26,2007,
537084461,Kunal Gupta,IND,M,,,,1496,0,40,MAY26,2012,
25084070,Kunal Kakumanu,IND,M,,,,1997,0,20,MAY26,1999,i
25972774,Kunal Kalra,IND,M,,NA,,1429,0,,MAY26,1987,
25979515,Kunal Kumar,IND,M,,NA,,1540,0,20,MAY26,1998,i
558018565,Kunal Lodhi,IND,M,,,,1462,0,20,MAY26,2006,
35035509,Kunal Naik,IND,M,,,,1551,0,20,MAY26,1983,i
88103951,Kunal Purushotham,IND,M,,,,1666,0,20,MAY26,2005,i
45062390,Kunal Sharma,IND,M,,,,1713,0,20,MAY26,2001,
25765191,Kunal Vyas,IND,M,,,,1548,0,20,MAY26,2000,i
5018250,"Kunal, M.",IND,M,FM,,,2201,0,20,MAY26,1991,
35030400,Kuncolienkar Shivank,IND,M,,,,1636,0,,MAY26,2005,i
531041850,Kundan Begwani,IND,M,,,,1571,0,40,MAY26,2012,i
45063761,Kundan D Gowda,IND,M,,,,1478,0,20,MAY26,2006,i
558001794,Kundana Mandha,IND,F,,,,1436,0,40,MAY26,2017,w
25636103,Kunder Pratik,IND,M,,,,1573,0,20,MAY26,2004,i
45070296,Kundu Rajbir,IND,M,,,,1416,0,20,MAY26,2001,i
25980505,Kunhambu A,IND,M,,,,1614,0,20,MAY26,1975,i
48706760,Kunj Kumar,IND,M,,,,1497,0,40,MAY26,2009,i
45080429,Kunnekar Vanshri,IND,F,,,,1531,0,20,MAY26,2004,wi
88158462,Kunsh Malhotra,IND,M,,,,1585,7,40,MAY26,2008,
45035237,Kunte Amogh,IND,M,,,,1654,0,20,MAY26,2007,i
5002265,"Kunte, Abhijit",IND,M,GM,,,2420,0,10,MAY26,1977,i
25618822,Kuralarasan K,IND,M,,,,1455,0,20,MAY26,2004,i
25123319,Kurhade Varun,IND,M,,,,1437,0,20,MAY26,2004,i
45001405,Kurhe Dhiraj,IND,M,,,,1710,0,20,MAY26,2003,i
25112740,Kush,IND,M,,,,1642,0,20,MAY26,2006,
25911309,Kush Ajay Agarwal,IND,M,,,,1765,0,40,MAY26,2009,
25686526,Kush Bhautik Vaidya,IND,M,,,,1441,0,,MAY26,2005,i
48798339,Kush Kumar,IND,M,,,,1477,0,40,MAY26,2010,i
25751336,Kush Tyagi,IND,M,,,,1419,0,40,MAY26,2009,i
33405468,Kushagra Gupta,IND,M,,,,1467,0,40,MAY26,2013,
33367159,Kushagra Kabra,IND,M,,,,1549,0,40,MAY26,2008,i
25033638,Kushagra Mohan,IND,M,IM,,,2328,0,10,MAY26,2004,
25173685,Kushagra Paliwal,IND,M,,,,1800,8,40,MAY26,2013,
48733741,Kushagra Pratap Singh,IND,M,,,,1674,7,40,MAY26,2010,
88143821,Kushagra Punyani,IND,M,,,,1458,5,40,MAY26,2012,
25649124,Kushagra Sharma,IND,M,,,,1669,0,20,MAY26,2005,i
558082344,Kushal Bargela,IND,M,,,,1490,0,40,MAY26,2011,
537066943,Kushal Dey,IND,M,,,,1554,0,40,MAY26,2013,
48753866,Kushal Karthikeya Naidu Penireddy,IND,M,,,,1521,0,40,MAY26,2016,
25033646,Kushal Kaushik Karelia,IND,M,,,,1644,0,20,MAY26,2002,i
25652753,Kushal O,IND,M,CM,,,1971,0,20,MAY26,2005,
48707236,Kushal Pranshu,IND,M,,,,1452,0,40,MAY26,2012,i
558028064,Kushal Vidhani,IND,M,,,,1653,0,40,MAY26,2011,
33441120,Kushh Vishal Nabira,IND,M,,,,1433,0,40,MAY26,2014,
33358036,Kushwah Shubham,IND,M,,NA,,1567,0,20,MAY26,1996,i
5071844,"Kushwaha, Neeraj R.s.",IND,M,,,,1782,0,20,MAY26,1978,i
33451680,Kushwanth Neeli,IND,M,,,,1507,0,40,MAY26,2011,
35047850,Kyadar Omkar,IND,M,,,,1740,0,20,MAY26,1998,i
25140760,Laasya Shetty,IND,F,,,,1417,0,40,MAY26,2013,w
45051720,Labhade Suraj,IND,M,,,,1482,0,20,MAY26,2000,
25747630,Lad Mandar Pradip,IND,M,,,,2317,11,20,MAY26,2006,
25747649,Lad Raghav Pradip,IND,M,,,,1629,0,40,MAY26,2008,i
48770159,Laddad Aadhavan Atish,IND,M,,,,1817,0,40,MAY26,2012,
25647571,Laddha Nishika,IND,F,,,,1468,0,20,MAY26,2007,wi
577012739,"Lade, Yashraj",IND,M,,,,1508,0,20,MAY26,2003,
33428280,Ladhe Meet,IND,M,,,,1553,0,40,MAY26,2014,i
25056743,Ladhe Mohit,IND,M,,IA,,1805,0,20,MAY26,1985,i
547092548,Lagan Kumar,IND,M,,,,1408,0,20,MAY26,1999,
88154750,Lagisetty Mokshith Kumar,IND,M,,,,1438,0,40,MAY26,2013,i
45083355,Laha S K,IND,M,,,,1576,0,20,MAY26,1956,i
35047868,Lahoti Riya,IND,F,,,,1698,0,20,MAY26,2000,wi
25030884,Lahoty Surendra,IND,M,,NA,,1603,0,20,MAY26,1991,
25729144,Lahuchand Krishna Thakur,IND,M,,,,1479,0,20,MAY26,1959,
45047260,Laiju CT,IND,M,,,,1489,0,20,MAY26,1980,
547021152,Laina Mathew,IND,F,,,,1506,11,40,MAY26,2011,w
5020328,"Lakash, Gupta",IND,M,,,,1752,0,20,MAY26,1991,i
429091853,Lakhani Neev,IND,M,,,,1643,0,40,MAY26,2013,
564047091,"Lakhera, Durgesh Kumar",IND,M,,,,1487,0,20,MAY26,1990,
537050141,Laksan V,IND,M,,,,1432,0,40,MAY26,2013,
25639358,Laksh Kadam,IND,M,,,,1497,0,20,MAY26,2007,i
531067948,Laksh Parmar,IND,M,,,,1482,0,,MAY26,2016,
33394970,Lakshan Ramesh,IND,M,,,,1473,0,40,MAY26,2015,
531020631,Lakshan S,IND,M,,,,1552,0,40,MAY26,2009,
558000925,Lakshan S K,IND,M,,,,1471,2,40,MAY26,2012,
25611623,Lakshanaa R,IND,F,,,,1596,0,40,MAY26,2008,wi
547067845,Lakshay,IND,M,,,,1612,0,40,MAY26,2009,
33323097,Lakshay Arora,IND,M,,,,1648,0,20,MAY26,2003,
537015796,Lakshay Kumar,IND,M,,,,1419,8,40,MAY26,2011,
429023734,Lakshay Kumar,IND,M,,,,1498,0,40,MAY26,2010,i
537059491,Lakshay Madaan,IND,M,,,,1548,0,40,MAY26,2013,
5078792,Lakshay Nagpal,IND,M,,,,1661,0,20,MAY26,1996,i
547094273,Lakshay Singh,IND,M,,,,1586,0,40,MAY26,2011,
531015174,Lakshika Jain,IND,F,,,,1437,0,40,MAY26,2015,w
5006856,"Lakshimi, Narayanan",IND,M,,,,1864,0,20,MAY26,1978,i
25116886,Lakshit Pusri,IND,M,,,,1911,0,40,MAY26,2011,
45044783,Lakshita Anchaliya,IND,F,,,,1459,0,20,MAY26,2006,wi
25968181,Lakshita Kranti Rathod,IND,F,,,,1540,0,40,MAY26,2009,wi
366196855,Lakshith B Salian,IND,M,,,,1885,0,,MAY26,2005,
577038843,"Lakshith Dev, V D",IND,M,,,,1441,9,40,MAY26,2012,
429073111,Lakshith Gutti,IND,M,,,,1590,0,40,MAY26,2017,
33387850,Lakshith Raj Nikkesh Raj,IND,M,,,,1498,0,40,MAY26,2011,i
429010535,Lakshiv Mittal,IND,M,,,,1642,0,40,MAY26,2016,
25950401,Lakshman Manchala,IND,M,,,,1483,0,20,MAY26,2007,i
25638360,Lakshman Rao Athukuri,IND,M,,,,1678,0,20,MAY26,1988,i
5007631,"Lakshman, YogeshL",IND,M,,,,1601,0,,MAY26,1996,
25939840,Lakshmanan,IND,M,,,,1533,0,20,MAY26,2005,i
33445680,Lakshmanan Natesan,IND,M,,,,1634,0,40,MAY26,2016,
33328889,Lakshmanan R,IND,M,,,,1502,0,20,MAY26,1998,i
33350922,Lakshmanan V,IND,M,,,,1411,0,,MAY26,2011,
5010624,"Lakshmanrao, D.",IND,M,,,,1990,0,,MAY26,1971,i
25035347,Lakshmi C,IND,F,WFM,WFM,,1965,0,20,MAY26,2003,wi
25680617,Lakshmi Charan Naidu G,IND,M,,,,1846,0,40,MAY26,2009,
33486867,Lakshmi Durga Vijay Samayamantri,IND,M,,,,1523,0,20,MAY26,2004,i
88155978,Lakshmi Narasimha Chetan S,IND,M,,,,1420,0,40,MAY26,2014,
88154645,Lakshmi Narasimha Udbhav S,IND,M,,,,1437,0,40,MAY26,2010,
46668950,Lakshmi Narayanan,IND,M,,,,1543,0,20,MAY26,1994,i
5040647,Lakshmi Narayanan M V,IND,M,CM,,,2130,0,20,MAY26,1984,i
33421714,Lakshmi Priya Batta,IND,F,,,,1542,0,,MAY26,2010,w
25754416,Lakshmi Saikrishna pachipulusu,IND,M,,,,1402,0,40,MAY26,2010,i
5045592,"Lakshmi Sandeep, Naidu V",IND,M,,,,1933,0,20,MAY26,1989,i
33391564,Lakshmi Shri Harini N,IND,F,,,,1545,0,40,MAY26,2009,wi
5022398,"Lakshmi, Praneetha K",IND,F,,,,1996,0,20,MAY26,1991,wi
25010905,"Lakshmi, V.D.",IND,F,,,,1779,0,20,MAY26,1999,wi
25930400,Lakshmikanth K P,IND,M,,,,1599,0,20,MAY26,2006,i
11201410,"Lakshminaryanan, Ishwaryaa",IND,F,,NA,,1714,0,20,MAY26,1999,wi
25672061,Lakshya Chauhan,IND,M,,,,1529,0,20,MAY26,2004,
33349126,Lakshya Gola,IND,M,,,,1507,0,20,MAY26,2001,i
33455562,Lakshya Goyal,IND,M,,,,1846,0,20,MAY26,2001,
25107887,Lakshya Jain,IND,M,,,,1542,0,20,MAY26,2006,i
25742787,Lakshya Kholi,IND,M,,,,1493,0,20,MAY26,2006,i
88163210,Lakshya Maurya,IND,M,,,,1470,0,40,MAY26,2011,
33425094,Lakshya Nigam,IND,M,,,,1682,0,40,MAY26,2012,
25138928,Lakshya Singh Chouhan,IND,M,,,,1445,0,40,MAY26,2012,i
558039732,Lakshya Tanwani,IND,M,,,,1522,0,40,MAY26,2011,
547066172,Lakshya Varshney,IND,M,,,,1434,0,40,MAY26,2008,
531018912,Lakshya Wadhwa,IND,M,,,,1432,7,40,MAY26,2009,
45049114,Lakshyesh Mohan Gupta,IND,M,,,,1596,0,40,MAY26,2010,i
25979957,Laksna Sri R,IND,F,,,,1532,9,,MAY26,2013,w
25915738,Lalan P,IND,M,,,,1402,0,20,MAY26,2006,i
429092922,Lalbiaktluanga P C,IND,M,,,,1640,0,40,MAY26,2008,i
429092744,Lalbuanga K,IND,M,,,,1519,0,20,MAY26,1961,i
547001097,Lalchhuanawma Sailo,IND,M,,,,1612,0,20,MAY26,1980,i
46655506,Laldingngheta K,IND,M,,,,1819,0,20,MAY26,1977,i
429092949,Lalhmangaihzuala R,IND,M,,,,1742,0,20,MAY26,2006,i
531095089,Lalhruaitluanga K,IND,M,,,,1567,0,40,MAY26,2008,i
547001127,Lalhruaitluanga Ralte,IND,M,,,,1608,0,20,MAY26,1991,i
5024595,Lalit Babu M R,IND,M,GM,,,2541,0,10,MAY26,1993,
25929917,Lalit Bedi,IND,M,,,,1625,0,20,MAY26,1997,
577012895,Lalit Bhanudas Perkar,IND,M,,,,1432,0,20,MAY26,1996,
45073007,Lalit Kumar Jha,IND,M,,,,1574,0,20,MAY26,1996,i
48705497,Lalit Ranjan Sahu,IND,M,,,,1796,0,40,MAY26,2010,
88115615,"Lalit Sai, R",IND,M,,,,1416,0,40,MAY26,2013,
25124030,Lalitaditaayyanar Boominathan,IND,M,,,,1882,10,40,MAY26,2009,
429066654,Lalith Adhithiya Saravanan,IND,M,,,,1652,0,20,MAY26,2007,i
531005799,Lalith Jathin Krishna D,IND,M,,,,1463,6,,MAY26,2013,
25189760,Lalith Kishore V R,IND,M,,,,1401,0,40,MAY26,2010,i
558040889,Lalith Sri Jayadev Majji,IND,M,,,,1465,0,40,MAY26,2014,
33414009,Lalithya Y,IND,F,,,,1460,0,40,MAY26,2011,w
5014921,"Lallan Prasad, Chaurasia",IND,M,,,,1746,0,20,MAY26,1948,i
429092400,Lalmalsawma B,IND,M,,,,1752,0,40,MAY26,2008,i
429092825,Lalnghilhlova Rokhuma,IND,M,,,,1726,0,20,MAY26,2001,i
547001160,Lalnunpuia Chawngthu,IND,M,,,,1597,0,20,MAY26,2005,i
5099960,Lalnunsanga,IND,M,,,,1834,0,20,MAY26,1986,i
547001194,Lalramliana Khiangte,IND,M,,,,1654,0,40,MAY26,2008,i
35003127,Lalremruata,IND,M,,,,1699,0,20,MAY26,2001,i
35034057,Lalrinliana John,IND,M,,,,1784,0,20,MAY26,1977,i
537020935,Lalrinsanga C,IND,M,,,,1764,0,20,MAY26,1981,i
429092590,Lalrinthanga H,IND,M,,,,1532,0,20,MAY26,1974,i
46689532,Lalruatsanga,IND,M,,,,1656,0,20,MAY26,1963,i
531095143,Lalruattluanga Pautu,IND,M,,,,1613,0,40,MAY26,2011,i
33359652,Lande Purvesh,IND,M,,,,1590,0,40,MAY26,2008,i
45096910,Lanjewar Sakshi,IND,F,,,,1456,0,20,MAY26,2005,wi
25993380,Lanka Marthanda Kumar,IND,M,,,,1470,0,20,MAY26,2007,
25993399,Lanka Meghana,IND,F,,,,1455,0,40,MAY26,2010,wi
46602585,Lanka Sri Karthikeya Durgaprasad,IND,M,,,,1635,0,20,MAY26,2006,i
429004799,Laqshya P,IND,F,,,,1432,0,40,MAY26,2016,wi
429012082,Larshen K,IND,M,,,,1573,24,40,MAY26,2015,
35079018,Lasani H Kothari,IND,F,,,,1492,0,20,MAY26,1999,w
429052726,Lasrado Aiden,IND,M,,,,1484,0,40,MAY26,2016,
5068800,Lasya.g,IND,F,WFM,WFM,,1975,0,20,MAY26,1997,wi
25168630,Lasyasree Mattam,IND,F,,,,1481,0,40,MAY26,2012,wi
429017270,Lathik Raam,IND,M,,,,1847,10,40,MAY26,2013,
531031005,Lathika Vakalapudi,IND,F,,,,1437,0,40,MAY26,2012,wi
74600672,"Latifee, Mohammed Mujtaba",IND,M,,,,1468,0,20,MAY26,2007,i
547001402,Lavan Irulandy M,IND,M,,,,1446,0,40,MAY26,2012,
25976001,Lavanya Dinesh Kashti,IND,F,,,,1539,0,20,MAY26,2006,wi
429080274,Lavanya Shashank Mahadik,IND,F,,,,1407,0,40,MAY26,2016,w
25171739,Lavin Rithick S,IND,M,,,,1528,0,40,MAY26,2013,
33404780,Lavith Awasthi,IND,M,,,,1770,0,40,MAY26,2012,
48745014,Lavith Subash,IND,M,,,,1545,0,40,MAY26,2012,
33425167,Lavya Gupta,IND,M,,,,1482,0,40,MAY26,2010,
33497818,Lavya Suresh Agrawal,IND,M,,,,1521,6,40,MAY26,2012,
35024817,Lawaniya Eshan,IND,M,,,,1863,0,20,MAY26,1999,
25029975,Laxman S T,IND,M,,,,1723,0,20,MAY26,1990,i
45066167,Laxman Singh Khati,IND,M,,,,1572,0,20,MAY26,1973,i
5005361,"Laxman, R.R.",IND,M,GM,,,2323,37,10,MAY26,1983,
5018021,Laxmee Kanta Sahoo,IND,M,,NA,,1679,0,20,MAY26,1975,
25761390,Laxmi Rakesh,IND,F,,,,1446,0,40,MAY26,2009,wi
531047378,Laxmi Rishaank Talakokkula,IND,M,,,,1678,18,,MAY26,2015,
25628356,Laxmikant Sen,IND,M,,,,1506,0,20,MAY26,1990,i
33374414,Laxminarayan Dwivedi,IND,M,,,,1461,0,,MAY26,2008,i
25719564,Laya M,IND,F,,,,1540,0,,MAY26,2002,wi
33385513,Leah R Joseph,IND,F,,,,1658,8,40,MAY26,2014,w
25663488,Leela Maheswari B,IND,F,,,,1428,0,20,MAY26,1968,wi
48721948,Leela Nandini Kandikonda,IND,F,,,,1446,0,,MAY26,2010,wi
25130536,Leelajai Krishna N,IND,M,,,,1748,0,20,MAY26,2006,
5023521,"Lekh, Mithawala",IND,M,,,,1930,0,20,MAY26,1990,i
48797189,Lella Devaansh,IND,M,,,,1693,9,,MAY26,2016,
25185047,Lemba Sougaijam,IND,M,,,,1502,0,40,MAY26,2013,
88109933,Leo Sanish,IND,M,,,,1632,16,40,MAY26,2011,
88198987,Leon Varghese,IND,M,,,,1453,0,40,MAY26,2012,i
25937359,Leroy Narang,IND,M,,,,1518,0,40,MAY26,2009,i
25641140,Lethwala Sagar,IND,M,,,,1557,0,20,MAY26,1992,
5012872,"Leuva, Pruthviraj",IND,M,,,,1920,0,20,MAY26,1982,i
45050333,Liban Reyhan M M,IND,M,,,,1606,0,40,MAY26,2008,i
547066270,Likha Domin,IND,M,,,,1410,0,40,MAY26,2012,
35005456,Likhit Chilukuri,IND,M,,,,1890,0,20,MAY26,1998,i
48734268,Likhit R C,IND,M,,,,1510,0,,MAY26,2009,i
558040706,Likith Vignesh Ginjala,IND,M,,,,1487,0,40,MAY26,2011,
564070018,"Likith, A",IND,M,,,,1423,17,40,MAY26,2011,
33499128,Limaye Kavish,IND,M,,,,1692,8,,MAY26,2014,
25048155,Limaye Vedant,IND,M,,,,1702,0,20,MAY26,1998,i
33343250,Lincia Jocelyn Dsouza,IND,F,,,,1531,0,40,MAY26,2012,w
5026555,"Linda, Rangarajan",IND,M,,,,2115,0,20,MAY26,1978,i
25638378,Linga Bathini Rambabu,IND,M,,,,1447,0,20,MAY26,1979,i
88178773,Lingesh M,IND,M,,,,1408,8,40,MAY26,2010,
88148181,Linith Amar S,IND,M,,,,1485,0,40,MAY26,2011,i
48721468,Lishanth B,IND,M,,,,1785,9,,MAY26,2015,
564009580,Lishanth Jilakara,IND,M,,,,1423,0,40,MAY26,2014,
33434557,Lithesh,IND,M,,,,1480,0,20,MAY26,1999,i
88107116,Lithika Sree M S,IND,F,,,,1436,0,40,MAY26,2013,wi
537059025,Liyana Yasin,IND,F,,,,1505,0,40,MAY26,2012,w
48768979,Lobo Daetyn,IND,M,,,,1441,0,40,MAY26,2017,
33427321,Lobo Ferdyn,IND,M,,,,1522,0,,MAY26,2012,i
45013535,Loganathan L,IND,M,,NA,,1454,0,20,MAY26,2000,i
35034855,Logesh Krishnan M,IND,M,,,,1524,7,20,MAY26,2003,
25659120,Logesh Sanmugam S,IND,M,,,,1560,0,20,MAY26,2007,i
547043300,Logeshwaran A,IND,M,,,,1469,4,20,MAY26,1995,
33477434,Logidhashrath R,IND,M,,,,1533,7,40,MAY26,2010,
547071460,Logith A,IND,M,,,,1535,0,40,MAY26,2014,
25937774,Lohakare Pratham,IND,M,,,,1647,0,20,MAY26,2007,i
5021340,"Lohana, Kapil",IND,M,,,,2042,0,20,MAY26,1984,i
46631747,Lohit Prathamesh,IND,M,,,,1515,0,20,MAY26,2004,i
46631755,Lohit Rushikesh,IND,M,,,,1606,0,20,MAY26,2006,i
558035753,Lohitaksh Thammana,IND,M,,,,1413,0,40,MAY26,2011,
48788805,Lohith Abhinav K,IND,M,,,,1529,0,40,MAY26,2011,i
33432120,Lohith E,IND,M,,,,1428,0,40,MAY26,2014,
558035648,Lohith Varma T,IND,M,,,,1503,0,40,MAY26,2017,
564072827,"Lohiya, Rajendra",IND,M,,,,1543,0,20,MAY26,1986,
25793020,Loka Prakash A S,IND,M,,,,1706,0,20,MAY26,1963,i
25649132,Lokendra Rohit,IND,M,,,,1645,0,20,MAY26,1990,
547018887,Lokesh Bansal,IND,M,,,,1552,0,20,MAY26,1995,
537079000,Lokesh Bojja,IND,M,,,,1407,0,40,MAY26,2010,
25050044,Lokesh Hans,IND,M,,,,1770,0,20,MAY26,2002,i
33437572,Lokesh K,IND,M,,,,1670,8,40,MAY26,2009,
577020855,Lokesh Kumar,IND,M,,,,1441,3,20,MAY26,1992,
531005969,Lokesh Kumar P T,IND,M,,,,1514,0,20,MAY26,1981,
48780529,Lokesh Madhav Natoo,IND,M,,,,1474,0,20,MAY26,1986,
88152219,Lokesh R,IND,M,,,,1494,0,40,MAY26,2012,i
25748963,Lokesh Ravichandran,IND,M,,,,1522,0,40,MAY26,2010,i
537074253,Lokesh Rella,IND,M,,,,1448,0,40,MAY26,2013,
45043507,Lokesh Varmaa K,IND,M,,,,1647,0,20,MAY26,2004,i
5025044,"Lokesh, N.",IND,M,,,,2101,9,20,MAY26,1992,
5023157,"Lokesh, P.",IND,M,,,,2238,0,20,MAY26,1994,i
35063316,Lokeswara Rao M,IND,M,,,,1534,0,20,MAY26,1977,i
25719742,Lokhandkar Rushikesh,IND,M,,,,1564,0,20,MAY26,1995,i
25099086,Lokhandwala Murtuza,IND,M,,,,1755,0,20,MAY26,1972,i
5007674,"Lokknath, S",IND,M,,,,1767,0,20,MAY26,1997,i
88111385,Londhe Dhawal Ashish,IND,M,,,,1710,0,40,MAY26,2011,
45017646,Lonkar Parth,IND,M,,,,1587,0,20,MAY26,2004,i
88184820,Lorisha Kothari,IND,F,,,,1457,0,40,MAY26,2014,w
5080142,Louis Kumpala,IND,M,,,,1702,0,20,MAY26,1974,
88171299,Loukik Svarat Mohanta,IND,M,,,,1414,0,40,MAY26,2016,
35042688,Loukrakpam Raju Mangang,IND,M,,,,1823,0,,MAY26,1983,
429031850,Lovenay,IND,M,,,,1489,0,40,MAY26,2012,
48740330,Luke Babu Dogga,IND,M,,,,1541,0,20,MAY26,1989,i
33477442,Lukesh A,IND,M,,,,1742,8,40,MAY26,2009,
25681540,Lulu Aditya,IND,M,,,,1537,0,20,MAY26,1995,i
45038430,Lumbhani Nikhil P,IND,M,,,,1677,0,20,MAY26,1995,
88154025,Luthfi Abdul Jaleel,IND,M,,,,1513,0,40,MAY26,2008,i
429077370,Luv Agrawal,IND,M,,,,1431,0,40,MAY26,2014,
25611631,Luxshana B K,IND,F,,,,1455,0,40,MAY26,2011,wi
25111019,Lyia Marysil Silveira,IND,F,,,,1475,0,40,MAY26,2012,w
537070460,M Abhimanyu,IND,M,,,,1596,0,40,MAY26,2013,
547042486,M S V Sahith Yakkala,IND,M,,,,1470,0,20,MAY26,1997,
5022649,"M Tulasi Ram, Kumar",IND,M,,,,1536,0,20,MAY26,1970,
5045274,"M, Bhushan",IND,M,,,,1960,0,20,MAY26,1968,i
577002504,"M, Rawaha",IND,M,,,,1505,0,40,MAY26,2014,
5049814,"M., Priadarshni",IND,F,,,,1699,0,20,MAY26,1997,wi
33323305,Maadhav Awekar,IND,M,,,,1555,0,40,MAY26,2011,i
25139010,Maahir Aggarwal,IND,M,,,,1563,0,40,MAY26,2008,i
558034005,Maaksharath Gogineni,IND,M,,,,1518,0,40,MAY26,2015,
35074296,Maalavigaa R,IND,F,,,,1471,0,20,MAY26,2003,w
45017620,Maan Kukreja,IND,M,,,,1464,0,40,MAY26,2008,i
25180614,Maanas C V,IND,M,,,,1511,0,,MAY26,2010,i
25940856,Maanas Phal,IND,M,,,,1509,0,20,MAY26,2006,
33428727,Maanvik Kharbanda,IND,M,,,,1400,0,40,MAY26,2010,
48753874,Maarv Harshil Mehta,IND,M,,,,1645,7,40,MAY26,2015,
25697250,Maaz Iqubal,IND,M,,,,1815,0,40,MAY26,2010,
25605682,Machave Prathamesh,IND,M,,,,1523,0,20,MAY26,2004,i
46614672,Mackenzie Campbel B,IND,M,,,,1567,0,20,MAY26,2007,i
25105221,Macklin W,IND,M,,,,1420,0,20,MAY26,2006,i
5021677,"Macrina, M. Lobo",IND,M,,,,1917,0,20,MAY26,1992,i
35056808,Macwan Fedrik A,IND,M,,,,1542,0,20,MAY26,1987,i
577050975,"Macwan, Divon",IND,M,,,,1429,9,40,MAY26,2008,
5022541,"Madanasri, Gundala",IND,F,WCM,WCM,FI,1858,0,20,MAY26,1993,w
46687238,Madav Arya,IND,F,,,,1545,0,20,MAY26,2005,wi
48766780,Maddhav Abeer,IND,M,,,,1491,6,40,MAY26,2013,
33408505,Maddula Maanas Sri Udbhav,IND,M,,,,1452,0,20,MAY26,2006,i
45077479,Madduri Satya Tejeswar,IND,M,,,,1797,0,20,MAY26,2003,
558023666,Madesh U,IND,M,,,,1477,3,40,MAY26,2010,
5023548,"Madhab, Sarma",IND,M,,,,1763,0,20,MAY26,1977,
35024256,Madhan Kumar P,IND,M,,,,1425,0,20,MAY26,1992,
25079131,Madhan Kumar S,IND,M,,,,1479,0,20,MAY26,1988,
35002929,Madhani Shilpee,IND,F,,,,1575,0,20,MAY26,2003,wi
537017390,Madhav agrawal,IND,M,,,,1432,0,40,MAY26,2013,
48772623,Madhav Bhat,IND,M,,,,1461,0,40,MAY26,2011,i
45094535,Madhav Binu,IND,M,,,,1453,0,20,MAY26,2004,i
531054536,Madhav Devashish,IND,M,,,,1484,0,40,MAY26,2012,i
33422354,Madhav Jaydeepbhai Vora,IND,M,,,,1744,9,40,MAY26,2011,
547048174,Madhav Mangal,IND,M,,,,1427,0,40,MAY26,2013,
45060185,Madhav Menon,IND,M,,,,1471,0,20,MAY26,2007,i
537054589,Madhav Mundhara,IND,M,,,,1498,0,40,MAY26,2019,
88156982,Madhav Prasad Prabhu,IND,M,,,,1455,0,40,MAY26,2011,i
33386480,Madhav Purohit,IND,M,,,,1492,0,20,MAY26,1987,i
46624554,Madhav S,IND,M,,,,1498,0,20,MAY26,2007,i
25917358,Madhav S Nair,IND,M,,,,1703,16,40,MAY26,2010,
558075453,Madhav Soni,IND,M,,,,1440,0,40,MAY26,2011,
48724939,Madhav T,IND,M,,,,1605,18,40,MAY26,2015,
25193546,Madhava Chitta,IND,M,,,,1420,0,20,MAY26,1976,
25104365,Madhavakrishnan R,IND,M,,,,1809,19,,MAY26,2008,
35007289,Madhavan G,IND,M,,,,1672,0,20,MAY26,2004,i
45026360,Madhavan M,IND,M,,,,1546,0,,MAY26,2001,
45001863,Madhavan R Munjanattu,IND,M,,,,1892,0,20,MAY26,2007,i
25959913,Madhavan V,IND,M,,,,1807,0,40,MAY26,2009,
25646893,Madhavansh Mittal,IND,M,,,,1821,9,40,MAY26,2009,
88170268,Madhavnarayanan Manoj,IND,M,,,,1432,0,40,MAY26,2011,i
25168649,Madhesh Kumar S,IND,M,FM,,,1917,0,40,MAY26,2012,i
25612158,Madhu Menon,IND,M,,,,1600,0,20,MAY26,1970,i
429056152,Madhu Sree Duvvala,IND,F,,,,1405,0,,MAY26,2017,w
429033330,Madhu Sriram K,IND,M,,,,1409,5,,MAY26,2013,
547087846,Madhulika Kumaresan,IND,F,,,,1407,0,40,MAY26,2014,w
33493820,Madhumitha G,IND,F,,,,1497,0,40,MAY26,2016,wi
25059254,Madhumitha R (2003),IND,F,,,,1607,0,20,MAY26,2003,wi
48721956,Madhumitha S,IND,F,,,,1512,8,40,MAY26,2008,w
45061386,Madhumithan S,IND,M,,,,1489,0,20,MAY26,1993,i
45062560,Madhur Manan Verma,IND,M,,,,1750,0,,MAY26,2007,
88150216,Madhura V,IND,F,,,,1419,0,40,MAY26,2014,wi
5044251,"Madhuri, N",IND,F,,,,1686,0,20,MAY26,1984,wi
35069624,Madhurjya Bharali,IND,M,,NA,,1755,0,20,MAY26,1983,i
33364672,Madhurjya Bora,IND,M,,,,1401,0,20,MAY26,1982,i
5007798,"Madhusoodanan, K.R.",IND,M,,,,1816,0,20,MAY26,1964,i
25680951,Madhusudhan Bollineni,IND,M,,,,1471,0,20,MAY26,1974,i
46683895,Madhusudhan Reddy Esswarawaka,IND,M,,,,1657,0,20,MAY26,1994,
33498652,Madhusudhan Vegi,IND,M,,,,1441,0,20,MAY26,2004,i
48758159,Madhuvan Karthik R P,IND,M,,,,1419,0,40,MAY26,2012,i
25985663,Madhvendra Pratap Sharma,IND,M,FM,,,2146,9,40,MAY26,2013,
33494398,Madhwa Vyasaraja Tantry,IND,M,,,,1570,16,40,MAY26,2015,
537035010,Madine Satyanarayana Murthy,IND,M,,,,1486,0,20,MAY26,1990,
25095030,Madkaikar Gaurav S,IND,M,,,,1789,0,20,MAY26,2001,i
25020986,"Madkar, Aditya",IND,M,,,,1687,0,20,MAY26,2001,i
25020994,"Madkar, Atharva",IND,M,,,,1780,0,20,MAY26,1999,i
25657658,Madke Anuj,IND,M,,,,1492,0,20,MAY26,2005,i
33350167,Madke Ishika,IND,F,,,,1575,0,40,MAY26,2013,w
45069743,Madke Viraj,IND,M,,,,1424,0,20,MAY26,2001,i
374094751,"Madugula, Kaartikeya",IND,M,,,,1411,0,40,MAY26,2011,i
547054646,Magar Vedant,IND,M,,,,1415,5,40,MAY26,2007,
45027366,Magathishri B,IND,F,,,,1446,0,,MAY26,2007,wi
25609599,Magesh Kumaar M,IND,M,,,,1676,0,20,MAY26,1994,
5070350,"Magesh, Babu Matapathy",IND,M,,,,1743,0,,MAY26,1979,i
547070927,Maghizhan Jagan,IND,M,,,,1458,0,40,MAY26,2019,
429088810,Magizh Vizhi A,IND,F,,,,1436,0,,MAY26,2013,w
5029694,"Mahabir, Parshad Verma",IND,M,,,,1641,0,20,MAY26,1939,i
547042869,Mahadasari Vaasumat Sai Aatish,IND,M,,,,1552,0,,MAY26,2013,
429055750,Mahadev J S,IND,M,,,,1787,0,40,MAY26,2013,
25781260,Mahadev Rushita Haju,IND,F,,,,1466,0,40,MAY26,2011,w
45091242,Mahadev Swathi,IND,F,,,,1422,0,20,MAY26,1988,w
537024752,Mahadevan S B,IND,M,,,,1520,0,,MAY26,2012,
25693158,Mahadi H,IND,F,,,,1449,0,40,MAY26,2011,wi
25048163,Mahadkar Pranav,IND,M,,,,1515,0,20,MAY26,2001,i
35087290,Mahajan Ayush,IND,M,,,,1849,0,20,MAY26,2006,
25160362,Mahajan Malay,IND,M,,,,1410,0,20,MAY26,2006,i
35008250,Mahajan Mokshada D,IND,F,,NA,,1498,0,20,MAY26,2000,wi
25148133,Mahajan Sadanand,IND,M,,,,1514,0,20,MAY26,1971,i
45076359,Mahajan Santhosh S,IND,M,,,,1406,0,20,MAY26,1991,
25127276,Mahajan Shardul Sunil,IND,M,,,,1416,0,20,MAY26,2004,i
5085853,"Mahajan, Akash",IND,M,,,,1534,0,20,MAY26,1993,
5001080,"Mahalakshmi, M",IND,F,WIM,WIM,,2164,0,20,MAY26,1998,wi
25631586,Mahale Pankaj,IND,M,,,,1574,6,20,MAY26,1979,
25095064,Mahale Renukesh S,IND,M,,,,1522,0,20,MAY26,1998,i
35048392,Mahalinga Gowthama,IND,M,,,,1565,0,20,MAY26,2000,i
25733389,"Mahanta, Satyajeet",IND,M,,,,1651,0,,MAY26,1989,i
537044800,Mahanwal Chaitanya,IND,M,,,,1528,0,40,MAY26,2012,
25705083,Maharnab Choudhury,IND,M,,,,1663,7,20,MAY26,2004,
429040701,Maharnav Kalita,IND,M,,,,1576,0,40,MAY26,2012,i
25193880,Mahat,IND,M,,,,1618,0,40,MAY26,2012,i
531045987,Mahat Maheswaran,IND,M,,,,1462,3,40,MAY26,2018,
33362475,Mahathi M,IND,F,,,,1501,0,40,MAY26,2012,wi
577038851,"Mahathi Sri, V",IND,F,,,,1404,7,40,MAY26,2013,w
88138640,Mahati Ramkumar,IND,F,,,,1461,0,40,MAY26,2012,wi
35079034,Mahek J Hinhoriya,IND,M,,,,1665,0,20,MAY26,2004,i
45059012,Mahek Sethia,IND,F,,,,1431,0,20,MAY26,2002,wi
25955047,Mahek Soni,IND,F,,,,1532,0,20,MAY26,2002,wi
35036491,Mahendar B,IND,M,,,,1586,0,20,MAY26,1991,
45061394,Mahendar O,IND,M,,,,1476,0,20,MAY26,2004,
45049777,Mahendra Pal,IND,M,,,,1568,0,20,MAY26,1985,i
25944789,Mahendra Singh Umat,IND,M,,,,1611,0,,MAY26,1987,
25653237,Mahendra Teja Mekala,IND,M,,,,1861,0,20,MAY26,2007,
33422923,Mahendra Tilwani,IND,M,,,,1447,0,20,MAY26,2005,i
33476578,Mahendrakumar Jivanlal Barot,IND,M,,,,1519,1,20,MAY26,1961,
5027411,"Mahendran, T.",IND,M,,,,1769,0,20,MAY26,1962,
35041002,Mahesh A Shetti,IND,M,,,,1599,0,20,MAY26,2002,i
564017826,Mahesh B S,IND,M,,,,1444,8,40,MAY26,1993,
25603981,Mahesh Jartarghar,IND,M,,,,1655,0,20,MAY26,1990,
45045321,Mahesh K,IND,M,,,,1639,0,20,MAY26,2001,i
25052888,Mahesh Kumar K,IND,M,,,,1819,0,20,MAY26,1992,
35023039,Mahesh Madhavan,IND,M,,,,1503,0,20,MAY26,2002,i
48742082,Mahesh Vaigankar,IND,M,,,,1407,0,20,MAY26,1978,
25081675,Maheshwar P,IND,M,,,,1686,0,,MAY26,1980,
88180271,Maheshwaran J,IND,M,,,,1441,0,40,MAY26,2013,
531044689,Maheshwarapu Deekshith,IND,M,,,,1495,0,40,MAY26,2011,
45076367,Maheshwary Anant,IND,M,,,,1517,0,20,MAY26,2006,i
35081012,Maheswar S,IND,M,,,,1528,0,20,MAY26,2007,i
5013232,"Maheswaran, P.",IND,M,FM,,,2253,0,20,MAY26,1986,i
35061810,Mahi Amit Doshi,IND,F,,,,1641,0,20,MAY26,2006,wi
531060170,Mahidhar Lankadasula,IND,M,,,,1413,0,40,MAY26,2013,
25714643,Mahika Vallabhaneni,IND,F,,,,1404,0,20,MAY26,2007,wi
531072062,Mahilesh R,IND,M,,,,1503,0,40,MAY26,2011,
88114651,Mahilesh T,IND,M,,,,1419,9,40,MAY26,2012,i
25103989,Mahima S,IND,F,,,,1430,0,20,MAY26,2004,wi
25197223,Mahin Pareshkumar Shroff,IND,M,,,,1494,0,,MAY26,2013,i
5025052,"Mahindra, Venkat L",IND,M,,,,2026,0,20,MAY26,1994,i
35023721,Mahindrakar Indrajeet,IND,M,,,,2050,0,20,MAY26,2000,
25181696,Mahir Taneja,IND,M,FM,,,1982,9,40,MAY26,2012,
25911783,Mahish S A,IND,M,CM,,,2127,9,40,MAY26,2011,
33384436,Mahith Giridhar,IND,M,,,,1692,0,20,MAY26,2007,i
25091468,Mahitosh Dey,IND,M,FM,,,2130,0,20,MAY26,2005,
48761613,Mahore Ritika,IND,F,,,,1404,0,40,MAY26,2011,w
25181300,Mahulkar Anay,IND,M,,,,1485,0,40,MAY26,2010,i
33440328,Maibam Yohenba Khuman,IND,M,,,,1610,0,20,MAY26,2007,
429040370,Mailin Baruah,IND,F,,,,1556,0,40,MAY26,2012,wi
25077716,Mainak Dasgupta,IND,M,,,,1420,0,20,MAY26,2005,i
25183699,Maind Aaditya,IND,M,,,,1485,0,20,MAY26,2003,i
577010299,"Maiti, Shivadyuti",IND,M,,,,1487,9,40,MAY26,2018,
547094907,Maitrabh Baruah,IND,M,,,,1472,0,40,MAY26,2018,
25115812,Maitreyee Mane,IND,F,,,,1432,0,20,MAY26,2005,wi
25939742,Maitreyi Brijesh Prabhu,IND,F,,,,1427,0,40,MAY26,2010,wi
577034899,"Maity, Atri",IND,M,,,,1541,5,40,MAY26,2011,
25712195,Majhi Fakir,IND,M,,,,1883,0,20,MAY26,2005,
366101216,"Maji, Sampriti",IND,F,,,,1527,6,,MAY26,2013,w
25931326,Majji Ram Charan Teja,IND,M,,,,1918,0,40,MAY26,2009,
35023730,Majumdar Ritam,IND,M,,,,1659,0,20,MAY26,1999,
5015260,"Majumdar, Shankar",IND,M,,,,1951,0,20,MAY26,1989,i
45040419,Majumder Shrayan,IND,M,CM,,,1896,8,20,MAY26,2002,
33473676,Makam Ramlikith,IND,M,,,,1696,0,,MAY26,2011,i
33461384,Makam Rishi Manohar,IND,M,,,,1581,0,20,MAY26,2007,i
33474087,Makasvin Dineshbabu,IND,M,,,,1423,0,40,MAY26,2014,
45031983,Makhija Jay,IND,M,,,,1421,0,20,MAY26,2001,i
25011944,"Makhija, Aashna",IND,F,WIM,WIM,,1994,0,20,MAY26,2002,wi
25632566,Makwana Devam,IND,M,,,,1785,0,20,MAY26,2005,i
46690891,Makwana Jaydev Sinh,IND,M,,,,1683,0,20,MAY26,1985,i
531077218,Makwana Pankajkumar Mangalbhai,IND,M,,,,1456,0,20,MAY26,1990,i
5081912,"Makwana, Ashwin K",IND,M,,,,1887,0,20,MAY26,1984,i
5009588,"Makwana, Virendra Sinh",IND,M,,,,1933,0,20,MAY26,1956,i
25080610,Malani Shubham,IND,M,,,,1624,0,20,MAY26,1998,i
25613081,Malap Shubham,IND,M,,,,1691,0,20,MAY26,1997,i
48764523,Malav Chakraborty,IND,M,,,,1451,0,40,MAY26,2014,
429090830,Malavika Kachattil,IND,F,,,,1600,0,40,MAY26,2012,w
88171612,Malay Devashish,IND,M,,,,1504,0,20,MAY26,2003,
88145891,Malekar Dhruv,IND,M,,,,1468,3,,MAY26,2014,
5085861,"Malgaonkar, Bhushan",IND,M,,,,1755,0,20,MAY26,1984,i
33409676,Malhar Thakur,IND,M,,,,1436,0,40,MAY26,2014,i
25631993,Mali Nilesh,IND,M,,,,1630,0,20,MAY26,1999,
25158775,Mali Shlok,IND,M,,,,1868,10,40,MAY26,2012,
577043227,"Malik, Krishna",IND,M,,,,1412,7,40,MAY26,2005,
577016467,"Malik, Ridit Sagar",IND,M,,,,1404,8,40,MAY26,2019,
35061615,"Malika, Handa",IND,F,,,,1650,0,20,MAY26,1995,wi
5040663,"Malla, Nooka Raju",IND,M,,,,1986,0,,MAY26,1981,i
531031080,Mallampalli Kushank Sri Viswa,IND,M,,,,1627,16,40,MAY26,2013,
33314420,Mallela Jagadeesh,IND,M,,,,1509,3,20,MAY26,1994,
35037161,"Mallepalli, Vijaya Kumar Reddy",IND,M,,,,1676,0,,MAY26,1983,i
35076663,Mallesh Beerla,IND,M,,,,1638,0,20,MAY26,1990,i
25050648,Mallick Subham,IND,M,,,,1735,0,20,MAY26,2000,i
5034973,"Mallick, Anjan",IND,M,,,,1990,0,20,MAY26,1974,i
5010470,"Mallick, Samput",IND,M,,NA,,1926,0,20,MAY26,1987,i
537039342,Mallikarjun Shivoor,IND,M,,,,1631,0,20,MAY26,1998,
5017033,"Malola, Prasath.T.S",IND,M,,,,2085,0,20,MAY26,1982,
25096516,"Malpani, Seemal",IND,F,,,,1572,0,20,MAY26,2000,wi
577055187,"Malpathak, Vihaan Darshan",IND,M,,,,1487,6,40,MAY26,2013,
25675087,Malpure Om,IND,M,,,,1444,0,20,MAY26,2002,i
33417873,Malvin Joshua,IND,M,,,,1869,0,40,MAY26,2012,
25147714,Malviya Mukeshkumar,IND,M,,,,1526,0,20,MAY26,1984,i
429022207,Mamidi Lohith,IND,M,,,,1457,0,40,MAY26,2010,
33414025,Mamilla Rajeswari,IND,F,,,,1423,0,20,MAY26,2005,wi
33414033,Mamilla Yugandhar,IND,M,,,,1562,0,20,MAY26,2006,
25038176,Manab Bhattacharjee,IND,M,,,,1599,7,20,MAY26,1975,
564010171,Manali Mandal,IND,F,,,,1590,8,40,MAY26,2011,w
429062764,Manan Amit Thadhani,IND,M,,,,1526,6,,MAY26,2014,
558028463,Manan Bhandari,IND,M,,,,1659,0,40,MAY26,2012,
547039868,Manan Bisht,IND,M,,,,1468,5,40,MAY26,2014,
88172236,Manan Kriplani,IND,M,,,,1453,0,20,MAY26,2006,i
537078739,Manan kumar Sancheti,IND,M,,,,1422,0,40,MAY26,2013,
531041051,Manan Mahore,IND,M,,,,1658,0,40,MAY26,2011,
25170821,Manan Modi,IND,M,,,,1454,0,40,MAY26,2008,
88105849,Manan Pandey,IND,M,,,,1415,0,40,MAY26,2016,
33390622,Manan R Shambhuwani,IND,M,,,,1484,0,40,MAY26,2009,i
25790552,Manan Shah,IND,M,,,,1495,0,20,MAY26,2006,i
5050014,"Manan, Rai",IND,M,,,,1961,0,20,MAY26,1999,i
88145700,Manas,IND,M,,,,1637,0,40,MAY26,2016,
429097436,Manas Jaipal Rawat,IND,M,,,,1507,0,40,MAY26,2011,i
88117731,Manas Madathil,IND,M,,,,1402,0,40,MAY26,2014,
564013219,Manas N S,IND,M,,,,1464,0,40,MAY26,2015,
429034825,Manas Pareek,IND,M,,,,1401,5,40,MAY26,2013,
25016873,Manasa H R,IND,F,,,,1873,0,20,MAY26,1999,wi
5031320,"Manasa, K.",IND,F,,FI,,1715,0,20,MAY26,1991,w
46677984,Manash Bala,IND,M,,,,1609,0,20,MAY26,1978,i
5087384,Manash Pratim Chutia,IND,M,,,,1800,0,20,MAY26,1989,i
25187236,Manasvi Gupta,IND,F,,,,1441,0,40,MAY26,2008,wi
33471126,Manasvi Pandey,IND,F,,,,1491,0,40,MAY26,2012,w
33321744,Manasvin Upadhyay,IND,M,,,,1627,0,20,MAY26,2007,
25176781,Manav,IND,M,,,,1557,0,40,MAY26,2012,
531048013,Manav Ahuja,IND,M,,,,1484,3,20,MAY26,2007,
25101773,Manav Chawla,IND,M,,,,1520,0,20,MAY26,1999,i
35007300,Manav Chopda,IND,M,,,,1556,0,20,MAY26,2005,i
25941585,Manav Kirsi Binoy,IND,M,,,,1445,0,40,MAY26,2010,i
33490945,Manav Kumar,IND,M,,,,1880,0,40,MAY26,2011,
25733168,Manav Venkatachalam,IND,M,,,,1522,0,20,MAY26,2006,i
547081783,Manav Vinod Mendhe,IND,M,,,,1529,0,20,MAY26,2003,
5031133,"Manav, Vardiwale",IND,M,,,,1738,0,20,MAY26,1998,i
5042097,"Manchala, Solomon Raju",IND,M,,,,1682,0,20,MAY26,1984,i
25026070,Mandakani Mishra,IND,F,,,,1569,0,20,MAY26,2004,w
5024625,"Mandar Mohan, Sane",IND,M,,,,1826,0,20,MAY26,1987,i
429018684,Mandar Vinayak Sane,IND,M,,,,1540,0,20,MAY26,1980,i
33325464,Mandava Adithya,IND,M,,,,1420,0,40,MAY26,2011,
88173275,Mandava Aditya Hanuma,IND,M,,,,1447,0,40,MAY26,2014,
25630636,Mandeep,IND,M,,,,1627,0,20,MAY26,1998,i
547008288,Mandeep Singh,IND,M,,,,1496,0,20,MAY26,1999,i
35097067,Mandewal Sarvesh,IND,M,,,,1577,0,20,MAY26,2001,i
33495530,Mandhar Korgaonkar,IND,M,,,,1461,0,40,MAY26,2011,i
45099006,Mandlik Om,IND,M,,,,1428,0,20,MAY26,2003,i
25605690,Mandlik Shivam,IND,M,,,,1476,0,20,MAY26,2000,i
5014182,"Mandloi, Mukesh",IND,M,,,,1848,0,,MAY26,1976,
5088780,Mandnikar Atreya,IND,M,,,,1753,0,20,MAY26,2000,i
25774590,Mandula Babu Samuel,IND,M,,,,1535,0,40,MAY26,2010,
25786032,Mandula Merry Amen,IND,F,,,,1420,0,40,MAY26,2012,w
35059572,Mane Pramod,IND,M,,,,1555,0,20,MAY26,1982,i
45035245,Mane Pratish,IND,M,,,,1471,0,20,MAY26,2004,i
45026858,Maneesh Abdulsalam,IND,M,,,,1564,0,20,MAY26,2001,i
429010551,Maneesh Reddy Lingam,IND,M,,,,1675,17,40,MAY26,2016,
558086919,"Manerikar, Veer Vithal",IND,M,,,,1439,0,40,MAY26,2018,
25097970,Mangal Prasad,IND,M,,,,1717,0,20,MAY26,1982,i
48774618,Mangal Viraj,IND,M,,,,1632,0,40,MAY26,2012,i
48747025,Mangalapalli Vidyadhar,IND,M,,,,1537,0,,MAY26,2011,
547022418,Mangalsingh Rawat,IND,M,,,,1411,0,20,MAY26,1989,
558056840,Mangesh Dani,IND,M,,,,1432,3,20,MAY26,1988,
25143735,Mangesh Mokashi,IND,M,,,,1509,0,20,MAY26,1972,i
25052314,Mangesh Sagar Sakordekar,IND,M,,,,1608,0,20,MAY26,1999,i
25038621,Mani Bharathy,IND,M,,,,1890,19,,MAY26,1997,
25026909,Mani K,IND,M,,,,1636,0,20,MAY26,1993,i
45088284,Mani Rathinam R,IND,M,,,,1506,0,20,MAY26,2003,i
45094837,Mani Venugopal,IND,M,,,,1671,0,20,MAY26,1995,i
366112022,"Mani, Sarbartho",IND,M,CM,,,2338,9,20,MAY26,2016,
25193198,Maniar Hriday,IND,M,,,,1662,0,,MAY26,2012,
25960385,Manickam S,IND,M,,NA,,1574,0,20,MAY26,2006,i
5098050,Manideep Mukhi,IND,M,,,,1738,0,,MAY26,1999,i
25978004,Manigandan K,IND,M,,"NI,FA",,1438,0,20,MAY26,1970,i
25717014,Manigandan R,IND,M,,NA,,1420,0,20,MAY26,1989,i
74601768,"Manigandan, Harshal",IND,M,,,,1491,0,40,MAY26,2009,i
5034981,"Manigandan, S S",IND,M,,,,1880,0,20,MAY26,1995,
35034871,"Manika, Kesavan",IND,M,,,,1618,8,20,MAY26,2001,
45033056,Manikanda Prabhu B V,IND,M,,,,1725,0,20,MAY26,2004,
45033064,Manikandan C,IND,M,,,,1560,0,20,MAY26,2005,i
547038462,Manikandan Jagadeesan,IND,M,,,,1412,0,20,MAY26,1977,
25102516,Manikandan N,IND,M,,,,1441,0,20,MAY26,1991,i
25131940,Manikandan Palaniappan,IND,M,,NA,,1560,0,20,MAY26,1986,i
45094845,Manikandan Ramanayya,IND,M,,,,1438,0,20,MAY26,1995,i
45039593,Manikandan Rangan,IND,M,,"NI,FA",,1613,6,20,MAY26,2002,
25177281,Manikandan S,IND,M,,,,1446,0,20,MAY26,2005,
46683909,Manikandan Tayalan,IND,M,,"NI,NA",,1644,0,20,MAY26,1994,i
25931407,Manikanta Barla,IND,M,,"NI,NA",,1557,0,20,MAY26,2002,i
25610449,Manikuttan K P,IND,M,,,,1647,0,20,MAY26,1965,
25646010,Manikya Negi,IND,M,,,,1754,0,20,MAY26,2004,
48740381,Manish Anand,IND,M,,,,1536,0,20,MAY26,1982,i
25095927,Manish Anto Cristiano F,IND,M,IM,,,2246,0,20,MAY26,2005,
577013212,Manish Kadam,IND,M,,,,1620,0,20,MAY26,2003,
25634747,Manish Khanduja,IND,M,,,,1633,0,20,MAY26,1970,i
25729179,Manish Kumar,IND,M,,,,1610,0,,MAY26,1982,i
5078822,Manish Kumar,IND,M,,FA,,1732,0,20,MAY26,1998,
33341478,Manish Kumar,IND,M,,NA,,1508,0,20,MAY26,1977,i
46605649,Manish Kumar (2006),IND,M,,,,1987,0,20,MAY26,2006,i
46605207,Manish Kumar Sharma,IND,M,,,,1576,6,20,MAY26,1968,
45019398,Manish Paul Simon,IND,M,,,,1680,0,20,MAY26,1992,i
33322317,Manish Prasad P,IND,M,,,,1557,0,40,MAY26,2008,i
25119940,Manish Sharma,IND,M,,,,1504,0,20,MAY26,1979,
33391491,Manish Singh,IND,M,,,,1421,0,20,MAY26,1999,
25148826,Manish Sugandhi,IND,M,,,,1435,0,20,MAY26,1971,i
25100769,Manish Yadav,IND,M,,,,1629,0,40,MAY26,2010,i
5007160,"Manish, Kumar",IND,M,,,,2075,0,20,MAY26,1971,
5030374,"Manish, Sharma",IND,M,,,,1749,0,20,MAY26,1987,
5045282,"Manish, Vatsa",IND,M,,,,1749,0,20,MAY26,1975,i
577042395,"Manish, Vimlendra Kumar",IND,M,,,,1434,9,40,MAY26,1993,
46605622,"Manish,Kumar (Dhanbad)",IND,M,,,,1671,0,20,MAY26,1975,
33419299,Maniswar C,IND,M,,,,1547,0,,MAY26,2008,i
33381623,Manju Mahesh,IND,F,,,,1550,0,40,MAY26,2008,w
5075432,"Manjula, R",IND,F,,,,1809,0,20,MAY26,1999,wi
25052322,Manjunath D Naik,IND,M,,,,1624,0,20,MAY26,1986,
33392846,Manjunath I V S S,IND,M,,,,1411,0,40,MAY26,2009,i
558055975,Manjunath R,IND,M,,,,1427,18,40,MAY26,1992,
48787833,Manjunath Sreenath,IND,M,,,,1492,0,40,MAY26,2010,
5009553,"Manjunath, J.",IND,M,,,,2013,0,20,MAY26,1976,i
5008298,"Manjunath, Jain",IND,M,,"FI,FA",,1721,0,20,MAY26,1978,i
25649191,Manmay Chopra,IND,M,CM,,,2168,8,20,MAY26,2007,
33420769,Mann Akbari,IND,M,,,,1882,0,40,MAY26,2010,
25907670,Manna Chiranjit,IND,M,,FI,,1776,8,,MAY26,1995,
25632582,Manna Sachita,IND,F,,,,1465,0,20,MAY26,2003,w
25771299,Manna Sarthak,IND,M,,,,1489,0,20,MAY26,1997,i
33357099,Mannan Grover,IND,M,,,,1618,0,40,MAY26,2012,
45041261,Mannat Vikramaditya Jain,IND,M,,,,1561,0,,MAY26,2007,
537074180,Manne Sahasra Chowdary,IND,F,,,,1467,0,40,MAY26,2013,w
88147150,Mano M,IND,M,,,,1418,0,20,MAY26,1991,
45007292,Mano Raj Sarkar,IND,M,,,,1538,0,20,MAY26,1973,
35077686,Mano Ranjith J,IND,M,,,,1692,0,20,MAY26,1998,i
48744409,Manobhiram Damacherla,IND,M,,,,1423,7,40,MAY26,2012,
25010913,Manognya Param Koolath,IND,F,,,,1621,0,20,MAY26,1999,wi
45009775,Manoj B,IND,M,,,,1863,0,20,MAY26,2003,i
25189794,Manoj D,IND,M,,,,1461,0,40,MAY26,2009,i
46647880,Manoj E,IND,M,,,,1462,0,20,MAY26,2003,i
46668993,Manoj Guru R,IND,M,,,,1675,7,,MAY26,2003,
25176803,Manoj Kumar,IND,M,,,,1543,0,20,MAY26,1967,i
5087406,Manoj Kumar Bharali,IND,M,,,,1783,0,20,MAY26,1984,i
531068332,Manoj Kumar Chawla,IND,M,,,,1437,0,20,MAY26,1971,
25183494,Manoj Kumar K,IND,M,,"NI,NA",,1422,0,20,MAY26,1996,i
558061487,Manoj Kumar Singh,IND,M,,,,1416,0,20,MAY26,1982,
25009656,"Manoj Kumar, K",IND,M,,,,1609,0,20,MAY26,1997,
5076560,Manoj Kumar1970,IND,M,,NA,,1531,0,20,MAY26,1970,
25012088,Manoj Ramanan,IND,M,,,,1807,0,20,MAY26,1991,i
25637762,Manoj Reddy Busupalli,IND,M,,,,1705,0,20,MAY26,1990,i
25935704,Manoj Reddy Maram,IND,M,,,,1540,0,20,MAY26,2003,
429090504,Manoj Shrikrishna Ansingkar,IND,M,,,,1401,0,20,MAY26,1979,i
33498709,Manoj Vijay Mahajan,IND,M,,,,1564,0,20,MAY26,1978,i
5033942,"Manoj, Kumar P.K.",IND,M,,,,1762,0,20,MAY26,1966,
25010921,"Manoj, M. V.",IND,M,,,,1811,0,20,MAY26,1979,
25068245,Manojan Ravi,IND,M,,,,1543,0,20,MAY26,1973,i
48756270,Manojavam G,IND,M,,,,1447,0,40,MAY26,2008,i
25976320,Manojkumar R,IND,M,,NA,,1519,0,20,MAY26,1996,i
547054123,Manomay Mondal,IND,M,,,,1456,0,40,MAY26,2017,
25124919,Manomay Pravin Karle,IND,M,,,,1407,0,40,MAY26,2008,i
429068053,Manomay Sharma,IND,M,,,,1519,0,40,MAY26,2009,
33349487,Manraj Singh,IND,M,,,,1823,0,40,MAY26,2010,i
33468737,Mansh Krunal Ukani,IND,M,,,,1470,6,40,MAY26,2015,
547083697,Mansoor Ahmed,IND,M,,,,1476,0,20,MAY26,1970,
45054150,Mansoor Ali,IND,M,,,,1419,0,20,MAY26,1972,i
25063740,Mansoor C M,IND,M,,,,1798,0,20,MAY26,1993,i
564047814,"Mansoori, Ziya",IND,M,,,,1522,0,20,MAY26,2006,
537085573,Mantavyahh Kaushik,IND,M,,,,1470,0,40,MAY26,2015,
5084695,Manthan Chittora,IND,M,,,,1690,7,20,MAY26,1999,
33409145,Manthan Devang Shah,IND,M,,,,1466,0,40,MAY26,2013,i
33425248,Manthan Doley,IND,M,,,,1435,0,40,MAY26,2011,i
25090569,Manthan Kashyap Datta,IND,M,,,,1832,0,20,MAY26,2005,
429051860,Manthan Lahkar Master,IND,M,,,,1570,0,40,MAY26,2008,i
25906437,Manthan Vijayrao Kale,IND,M,,,,1617,0,20,MAY26,2006,i
88132293,Mantik Iyer,IND,M,,,,1529,6,40,MAY26,2016,
25992694,Mantri Ayush,IND,M,,,,1515,0,20,MAY26,2007,i
25719645,Mantu Chatterjee,IND,M,,,,1505,0,20,MAY26,1966,
25708716,Mantute Umesh,IND,M,,,,1483,0,20,MAY26,1991,i
5089670,Manu Aggarwal,IND,M,,,,1858,0,20,MAY26,1988,
35019562,Manu David Suthandram R,IND,M,FM,,,2232,0,20,MAY26,2001,i
25770217,Manu Keerthi,IND,M,,,,1496,0,20,MAY26,2004,i
5024633,"Manu, M",IND,M,,,,1890,0,20,MAY26,1998,i
45033072,Manuel Inbam,IND,M,,,,1571,0,20,MAY26,2003,i
5080789,Manukonda Arun,IND,M,,,,2000,0,20,MAY26,1990,
48729558,Manush Patel,IND,M,,,,1551,4,,MAY26,2012,
5040680,Manush Shah,IND,M,IM,,,2178,9,20,MAY26,1997,
537000861,Manva Shailesh Parkar,IND,F,,,,1466,0,,MAY26,2017,w
48740632,Manveer Pratap Singh Modi,IND,M,,,,1400,0,40,MAY26,2008,i
547008512,Manvender Sunder Sharma,IND,M,,,,1404,0,40,MAY26,2012,
88185338,Manvik Verma,IND,M,,,,1434,6,40,MAY26,2011,
33466580,Manya Abhishek Drolia,IND,F,,,,1495,0,40,MAY26,2014,w
25073109,Manya Bagla,IND,F,,,,1617,0,20,MAY26,2003,wi
25953532,Manya Sharma,IND,F,,,,1474,0,20,MAY26,2006,w
48775070,Manyu Vyasaraja Tantry,IND,M,,,,1510,16,40,MAY26,2013,
35034103,Mara Tapung Pogia,IND,M,,,,1703,0,20,MAY26,1984,
531006000,Marabathina Nilesh,IND,M,,,,1428,0,,MAY26,2013,
46699520,Maral Pranav,IND,M,,,,1633,0,20,MAY26,2001,i
88107949,Maram Reddy Joshith Reddy,IND,M,,,,1465,0,40,MAY26,2015,
547093234,Marann R,IND,M,,,,1429,3,40,MAY26,2013,
25178989,Maras Sahejveer Singh,IND,M,,,,1683,0,40,MAY26,2013,
25055003,Marathe Omkar,IND,M,,,,1529,0,20,MAY26,1994,i
46679537,Mareda Damodaradev,IND,M,,,,1706,0,20,MAY26,1981,i
33426937,Margaj Prisha,IND,F,,,,1473,0,40,MAY26,2011,wi
5001986,"Mari Arul, S.",IND,M,FM,,,2039,0,20,MAY26,1973,i
531071929,Maria Jeslin B,IND,M,,,,1708,0,40,MAY26,2008,i
429021367,Maria Joffil A,IND,M,,,,1421,0,40,MAY26,2012,i
45072795,Marikani Kandasamy,IND,M,,,,1587,0,20,MAY26,1975,i
45023859,Marimuthu K,IND,M,,,,1738,9,20,MAY26,2001,
88101584,Mariswami Durugappa,IND,M,,,,1478,0,20,MAY26,2000,i
45073058,Marium Fatima,IND,F,WFM,WFM,,1779,0,20,MAY26,2006,wi
46679545,Markanday Amol,IND,M,,NA,,1651,0,,MAY26,1984,i
48786322,"Marksim Karki Abirami, Sriiyukthaa",IND,F,,,,1785,7,,MAY26,2015,w
33335222,Marode Anish,IND,M,,,,1408,0,40,MAY26,2010,i
45031991,Marsattiwar Yash,IND,M,,,,1600,0,20,MAY26,2004,i
25043870,Marthandan K U,IND,M,,,,1924,0,20,MAY26,2001,i
25091158,Martin Samuel,IND,M,,,,1735,0,20,MAY26,1989,
429002052,Martin Shimmy,IND,M,,,,1559,0,,MAY26,2011,
25901311,Maruti Ravindra umrao,IND,M,,,,1449,0,40,MAY26,2009,i
429006457,Marwa Fakkih,IND,F,,,,1406,0,40,MAY26,2016,wi
88141675,Marwin Francis,IND,M,,,,1537,0,20,MAY26,2006,i
48761435,Masaram Samarth,IND,M,,,,1479,0,,MAY26,2014,
537079581,Masaye Amogh,IND,M,,,,1435,0,40,MAY26,2013,
48797880,Mascarenhas Abner,IND,M,,,,1433,6,40,MAY26,2013,
33369186,Mashood Munaz Kalathingal,IND,M,,,,1441,0,20,MAY26,1984,i
25053337,Maske Sushant Ashroba,IND,M,,,,1658,0,20,MAY26,1989,i
25711520,Maskepatil Kaustubh,IND,M,,,,1657,0,20,MAY26,2002,i
25146637,Mast Shrinidhi Shrish Deshpande,IND,M,,,,1533,0,20,MAY26,2007,i
48775878,Mathan G,IND,M,,,,1661,0,20,MAY26,2007,
33420106,Mathesh Balaji,IND,M,,,,1530,0,40,MAY26,2014,
45024413,Mathew George,IND,M,,,,1676,0,20,MAY26,2000,i
25941550,Mathew James,IND,M,,,,1665,0,20,MAY26,2007,i
531000886,Mathew Pramod Panakkal,IND,M,,,,1420,8,,MAY26,2015,
35032380,Mathew Santosh,IND,M,,,,1586,0,20,MAY26,2003,i
25008749,Mathew Thomas,IND,M,,,,1783,0,20,MAY26,1978,i
48762458,Mathew Wagat,IND,M,,,,1500,0,20,MAY26,2000,i
88162486,Mathi Amudhann Ramar,IND,M,,,,1426,0,40,MAY26,2013,i
25925130,Mathiyazhagan M,IND,M,,,,1581,8,,MAY26,2000,
25017373,"Mathur, Abhinav",IND,M,,,,1776,0,20,MAY26,1989,i
5042950,"Mathur, Tarun",IND,M,,,,1821,0,20,MAY26,1978,
558070095,Matin Juned Sabugar,IND,M,,,,1480,8,40,MAY26,2005,
25187988,Matrideep Bhattacharyya,IND,M,,,,1674,0,,MAY26,2011,
25006169,Matta Besh Vignesh Reddy,IND,M,,,,1776,0,20,MAY26,2000,i
25044680,Matta Theja Sahithi,IND,F,,,,1803,0,20,MAY26,1998,wi
5016649,"Matta, Vinay Kumar",IND,M,FM,FT,,2160,0,20,MAY26,1985,
25690353,Matthew R Joseph,IND,M,,,,1587,0,40,MAY26,2009,i
33436827,Matthew Ryan Anthony,IND,M,,,,1562,0,20,MAY26,2004,
531095372,Matthias Vanlalhrerenga,IND,M,,,,1551,0,40,MAY26,2010,i
88108384,Matu Sujith,IND,M,,,,1415,0,40,MAY26,2016,i
48741175,Maulesh Konar,IND,M,,,,1760,7,40,MAY26,2015,
537011570,Maulick Kundalia,IND,M,,,,1593,0,20,MAY26,2000,i
5040701,Maulik Raval,IND,M,,,,2050,9,20,MAY26,1993,
531041060,Maurya Nityanand,IND,M,,,,1471,5,,MAY26,2003,
25102281,Maurya Vaidya,IND,M,,,,1466,0,40,MAY26,2009,i
25965930,Mavish Joshy,IND,M,,,,1474,0,,MAY26,2009,i
531098975,Maya Narula,IND,F,,,,1543,0,40,MAY26,2015,w
33376050,Mayan Jha,IND,M,,,,1465,0,,MAY26,2014,i
547014423,Mayank Baranwal,IND,M,,,,1500,0,40,MAY26,2016,
25962540,Mayank Bhojwani,IND,M,,,,1572,0,20,MAY26,2006,i
25659766,Mayank Chakraborty,IND,M,IM,,,2446,18,10,MAY26,2009,
429040744,Mayank Goswami,IND,M,,,,1428,0,40,MAY26,2009,i
531054560,Mayank Kumar,IND,M,,,,1466,0,40,MAY26,2009,
48742112,Mayank Kurtikar,IND,M,,,,1498,0,40,MAY26,2011,
429029511,Mayank Manikam,IND,M,,,,1426,0,20,MAY26,2002,i
531045995,Mayank Negi,IND,M,,,,1474,0,40,MAY26,2015,i
46655808,Mayank Pal,IND,M,,,,2017,9,20,MAY26,2005,
48700185,Mayank Pal,IND,M,,,,1712,8,40,MAY26,2007,
564011445,Mayank Pravin Vartak,IND,M,,,,1463,0,40,MAY26,2011,
25673785,Mayank Sahani,IND,M,,,,1401,0,20,MAY26,2004,i
33422940,Mayank Santosh Hedau,IND,M,,,,1691,0,40,MAY26,2009,
25650092,Mayank Sharma Nandkishore,IND,M,,,,1840,9,20,MAY26,1999,
33395047,Mayank Sonare,IND,M,,,,1638,0,20,MAY26,2007,
25729187,Mayank Vats,IND,M,,,,1617,0,20,MAY26,2004,
366101421,"Mayank, Arjun",IND,M,,,,1443,0,,MAY26,2013,i
5021146,"Mayank, Pandey",IND,M,,,,1712,0,20,MAY26,1974,
48785580,Mayanka Rakesh Rana,IND,F,,,,1577,0,40,MAY26,2011,w
25748360,Mayekar Ayush,IND,M,,,,1652,0,20,MAY26,2004,i
33495173,Mayoogh A N,IND,M,,,,1807,0,40,MAY26,2010,
88127001,Mayukh Dey,IND,M,,,,1606,0,40,MAY26,2012,
33403813,Mayukh Ghosh,IND,M,,,,1538,0,40,MAY26,2012,
25972561,Mayukh Majumder,IND,M,,,,2119,0,40,MAY26,2012,
25175432,Mayur Bhambhani,IND,M,,,,1507,5,20,MAY26,1983,
564012085,Mayur Dayanand Swami,IND,M,,,,1406,0,40,MAY26,2016,
48732320,Mayur Kaivalya Ram V,IND,M,,,,1437,0,40,MAY26,2010,i
46635181,Mayur Rahul,IND,M,,,,1482,3,20,MAY26,2003,
48776890,Mayur Saxena,IND,M,,,,1525,0,20,MAY26,2005,
5007879,"Mayur, Patel",IND,M,,,,1911,0,20,MAY26,1962,i
429060273,Mayura K,IND,M,,,,1421,0,40,MAY26,2012,
547089652,Mayuravo Sarkar,IND,M,,,,1600,0,40,MAY26,2012,
5093007,Mayurdhwajsinh A Jadav,IND,M,,FA,,1763,0,20,MAY26,1998,i
33449902,Mayuresh Laxlabh Desai,IND,M,,,,1684,0,40,MAY26,2009,i
25141910,Mayuresh Redkar,IND,M,,,,1486,0,,MAY26,2005,i
558037608,Md Abul Fazal,IND,M,,,,1500,0,40,MAY26,2012,
25035371,Md Anwar,IND,M,,,,1632,0,20,MAY26,1979,i
577021584,Md Areeb Tauheed,IND,M,,,,1494,9,40,MAY26,2014,
547002700,Md Asif Kachchi,IND,M,,,,1580,0,20,MAY26,2007,i
46661913,Md Ataullah Khan,IND,M,,,,1734,0,20,MAY26,1988,i
25697277,Md Hasnain Siddiqui,IND,M,,,,1741,9,40,MAY26,2010,
25748580,Md Imran,IND,M,IM,,,2383,0,20,MAY26,2009,
45029857,Md Imtiaz Alam,IND,M,,,,1623,0,20,MAY26,1983,i
48707295,Md Mahtab Hassan,IND,M,,,,1471,0,20,MAY26,2007,i
429057515,Md Saqlain,IND,M,,,,1411,0,40,MAY26,2011,
33411298,MD Shahi Alam Mia,IND,M,,,,1552,0,20,MAY26,1981,
25935747,Md Tabsheer Alam,IND,M,,,,1779,0,20,MAY26,2004,
537055810,Md Zaid Ahmed,IND,M,,,,1521,0,20,MAY26,2003,
25600648,Md.Amin,IND,M,,,,1475,0,,MAY26,1999,i
88135250,Meda Lakhith,IND,M,,,,1557,0,40,MAY26,2014,
429079330,Medant Singh,IND,M,,,,1456,0,40,MAY26,2015,
45005877,Medhaj Amshekar,IND,M,,,,1547,0,20,MAY26,2004,i
48727806,Medhansh Anand Dabre,IND,M,,,,1469,0,40,MAY26,2014,
25793195,Medhansh Bhatia,IND,M,,,,1487,0,40,MAY26,2008,i
429068061,Medhansh Biswas,IND,M,,,,1435,0,40,MAY26,2013,
48753890,Medhansh Dinesh Poojary,IND,M,,,,1655,0,40,MAY26,2015,
48752029,Medhansh Goyal,IND,M,,,,1825,9,40,MAY26,2012,
564013901,Medhansh Manoj Khaire,IND,M,,,,1576,0,40,MAY26,2012,
88121992,Medhansh Raj,IND,M,,,,1457,0,40,MAY26,2012,
25683160,Medhansh Rathi,IND,M,,,,1684,0,40,MAY26,2008,i
45033870,Medhansh Saxena,IND,M,,,,1806,0,20,MAY26,2007,i
33402523,Medhas Raman,IND,M,,,,1499,0,40,MAY26,2012,i
366095638,"Medhi, Nabajyoti",IND,M,,,,1481,0,,MAY26,1985,i
25938380,Medhvansh Madeti,IND,M,,,,1836,0,40,MAY26,2009,
564047210,"Meena, Ankit",IND,M,,,,1548,0,20,MAY26,2005,
564047377,"Meena, Pragnay",IND,M,,,,1428,0,40,MAY26,2013,
25623362,Meenakshi Palaniappan,IND,F,,,,1492,0,20,MAY26,2006,wi
5004381,Meenakshi Subbaraman,IND,F,WGM,WGM,,2161,0,20,MAY26,1981,wi
5034990,"Meenakshi, Sundaram",IND,M,,,,1720,0,20,MAY26,1973,i
25070479,Meenal Gupta,IND,F,,,,1822,0,20,MAY26,2002,wi
547056851,Meenatchi R K,IND,F,,,,1512,0,40,MAY26,2013,w
46639756,Meenatchi Rajam V,IND,F,,,,1774,0,20,MAY26,2006,wi
5075904,Meenu Priya. Se,IND,F,,,,1960,0,20,MAY26,1997,wi
547071176,Meer Saluja,IND,M,,,,1428,0,40,MAY26,2017,
5004357,"Meera, Sai",IND,F,WIM,WIM,,1978,0,20,MAY26,1977,wi
48758205,Meeran Raees S,IND,M,,,,1464,0,40,MAY26,2015,i
25079158,Meet Puri,IND,M,,,,1614,0,20,MAY26,1994,
25773224,Meet sunil Bhattad,IND,M,,,,1528,0,20,MAY26,2004,i
25941453,Meetansh Dixit,IND,M,,,,1509,0,40,MAY26,2011,i
25913948,Megala G,IND,F,,,,1522,0,40,MAY26,2008,wi
33340366,Megh Parmar,IND,M,,,,1602,0,40,MAY26,2013,i
366110752,Megha Patra,IND,F,,,,1594,0,40,MAY26,2008,w
45063869,Meghana S,IND,F,,,,1523,0,20,MAY26,2005,wi
45038457,Meghani Liyakat,IND,M,,,,1488,0,20,MAY26,1956,
5072433,Meghna Upadhyay,IND,F,,,,1725,0,20,MAY26,1998,wi
5044790,"Meghna, C H",IND,F,WFM,WFM,FI,1931,0,20,MAY26,1999,wi
537082876,Meghoja Das Sharma,IND,F,,,,1403,0,40,MAY26,2012,w
33496641,Meha Arin A,IND,F,,,,1495,0,40,MAY26,2014,wi
48735663,Meha M R,IND,F,,,,1485,0,40,MAY26,2015,w
25032658,Mehak Shah,IND,F,,,,1587,0,20,MAY26,2000,wi
5027420,"Mehar, Chinna Reddy C.H.",IND,M,IM,,,2239,19,20,MAY26,1995,
25176838,Mehatva Mansukhani,IND,M,,,,1768,0,20,MAY26,2006,
33373183,Mehekdwip Gope,IND,M,,,,1764,0,40,MAY26,2013,
35023349,Mehendale Sanket,IND,M,,,,1591,0,20,MAY26,1997,i
25073141,Mehendi Sil,IND,F,,,,1869,0,20,MAY26,2004,wi
25149920,Meher Wade,IND,F,,,,1429,0,40,MAY26,2010,wi
5019206,"Meherjot, S Kals",IND,M,,,,1856,0,20,MAY26,1996,i
531074537,Mehta Aarav,IND,M,,,,1617,0,40,MAY26,2010,
48701165,Mehta Charvi,IND,F,,,,1498,0,,MAY26,2009,w
45075824,Mehta Jinay,IND,M,,,,1460,0,20,MAY26,2006,i
25047191,Mehta Jwalin,IND,M,,,,1983,0,20,MAY26,2000,
35007319,Mehta Naitik R,IND,M,CM,,,1873,0,20,MAY26,2004,i
547047275,Mehta Rakesh Rajendra,IND,M,,,,1437,0,20,MAY26,1983,
547016078,Mehta Rohan Bhavik,IND,M,,,,1436,0,40,MAY26,2009,i
5001145,"Mehta, Praful",IND,M,,,,2064,0,20,MAY26,1967,i
33346356,Mehul Paliwal,IND,M,,,,1588,0,40,MAY26,2010,
35014897,Mehul Ravindra Barde,IND,M,,,,1702,0,20,MAY26,1991,i
33324182,Mehul S U,IND,M,,,,1870,19,,MAY26,2009,
33398763,Mehul Sondhi,IND,M,,,,1935,9,40,MAY26,2013,
25918460,Mehul Tandel,IND,M,,,,1691,6,20,MAY26,1998,
33387958,Mehul Vijayakumar,IND,M,,,,1420,0,40,MAY26,2010,i
25644637,Meiyappan M,IND,M,,,,1550,0,40,MAY26,2011,
88141411,Mejo Jose,IND,M,,,,1564,0,20,MAY26,1982,i
88173615,Mekala Karthik,IND,M,,,,1414,0,40,MAY26,2010,
45063877,Mekala Negendra,IND,M,,,,1660,0,20,MAY26,1985,
558050868,Melvin Reni John,IND,M,,,,1626,0,40,MAY26,2008,
33414068,Menavath Chand Babu Naik,IND,M,,,,1652,0,20,MAY26,1996,i
35028561,"Mendonca, Leon Luke",IND,M,GM,,,2487,0,10,MAY26,2006,
46686231,Menon Vihaan,IND,M,,,,1591,0,20,MAY26,2004,i
46679561,Menon Vinay,IND,M,,,,1723,0,20,MAY26,1987,i
5031893,"Menon, Padmanand",IND,M,,,,1806,0,20,MAY26,1978,i
48790311,Merjo Leister Dev,IND,M,,,,1404,0,40,MAY26,2011,i
5010268,"Merryston, David Scanny",IND,M,,,,1793,0,20,MAY26,1975,i
46631771,Meshram Akshay,IND,M,,,,1513,0,20,MAY26,2003,i
25688880,Meshram Aniruddha,IND,M,,,,1463,0,20,MAY26,2005,i
48779652,Metha Vedant,IND,M,,,,1461,7,40,MAY26,2010,
33434921,Methelesh J,IND,M,,,,1462,0,40,MAY26,2011,i
547017066,Mevada Vansh,IND,M,,,,1614,0,40,MAY26,2008,i
25935160,Mhaiskar Aryan,IND,M,,,,1444,0,20,MAY26,1999,i
564050637,"Mhamal, Sparsh",IND,M,,,,1518,0,40,MAY26,2013,
25778463,Mhamane Sourabh,IND,M,,,,1835,9,20,MAY26,2003,
46675949,Mhatre Himgouree,IND,F,,,,1539,0,20,MAY26,2002,wi
35071017,Mhatre Rahat Rahul,IND,M,,,,1791,0,20,MAY26,2004,i
45046727,Mhatre Susmit,IND,M,,,,1484,0,20,MAY26,1999,i
45076421,Mhatre Tejas,IND,M,,,,1558,0,20,MAY26,1996,i
33412570,Mhetre Keyur,IND,M,,,,1544,0,20,MAY26,2006,i
537061119,Michael Devine A,IND,M,,,,1432,0,40,MAY26,2015,i
429090750,Michael Jacob,IND,M,,,,1615,0,40,MAY26,2012,i
5005736,"Michelle Catherina, P",IND,F,WIM,WIM,FA,2014,0,20,MAY26,1996,wi
558081003,Midde Aravind,IND,M,,,,1483,0,40,MAY26,2011,
25920553,Midde Dhanush,IND,M,,,,1653,0,40,MAY26,2008,
558081070,Midde Gnanesh Ruchir,IND,M,,,,1504,0,40,MAY26,2013,
5074940,"Midhun,P U",IND,M,,,,2000,0,20,MAY26,1989,i
46626492,Midilesh MS,IND,M,,,,1938,0,40,MAY26,2008,
88107400,Mihika Gupta,IND,F,,,,1658,0,,MAY26,2013,w
45020272,Mihir Bhalchandra khanolkar,IND,M,,,,1783,5,20,MAY26,1995,
46650938,Mihir Godawat,IND,M,,,,1861,0,20,MAY26,2005,
48768383,Mihir Jain,IND,M,,,,1560,0,20,MAY26,2000,i
531061648,Mihir Mourya,IND,M,,,,1549,0,20,MAY26,2005,
531098304,Mihir Oswal,IND,M,,,,1518,0,20,MAY26,1989,
45068445,Mihir Pai Raikar,IND,M,,,,1429,0,20,MAY26,2002,i
429045827,Mihir Pravin Pimparkar,IND,M,,,,1480,0,40,MAY26,2012,
33497826,Mihir Rampally,IND,M,,,,1446,0,,MAY26,2010,i
88138933,Mihir Shriniwas Gadgil,IND,M,,,,1472,0,40,MAY26,2009,i
25710605,Mihir Uday Yedur,IND,M,,,,1477,0,20,MAY26,2003,i
88164764,Mihir Vaid,IND,M,,,,1542,0,,MAY26,2001,
537023861,Mihit Mahajan,IND,M,,,,1448,0,,MAY26,2016,
33396710,Mihit Raman R S,IND,M,,,,1492,0,40,MAY26,2013,i
48785865,Mikael Vivek Joseph,IND,M,,,,1717,0,,MAY26,2011,
88164772,Mikki Jhuria,IND,M,,,,1734,0,20,MAY26,2004,
25126466,Milan S Gowda,IND,M,,,,1508,0,,MAY26,2012,
33465860,Milankumar Kishor Makwana,IND,M,,,,1545,0,20,MAY26,2000,
5024080,"Mili, Ghosh",IND,F,,,,1842,0,20,MAY26,1980,wi
531014992,Milind Ashok Sawant,IND,M,,,,1472,0,20,MAY26,2003,
547062460,Milind Chander,IND,M,,,,1660,0,20,MAY26,1996,
33377715,Milind Gandhi,IND,M,,,,1562,0,20,MAY26,1983,i
35014048,Milind Gauns,IND,M,,,,1621,0,20,MAY26,2001,i
48722383,Milind Mario Christy,IND,M,,,,1489,0,20,MAY26,2007,i
5021790,"Milind, Gode",IND,M,,,,1780,0,20,MAY26,1972,i
429006350,Minesh Patil,IND,M,,,,1497,0,,MAY26,2012,
547088818,Minnu Aman Pilli,IND,M,,,,1469,0,40,MAY26,2009,
25136852,Minuzeer Bamboat,IND,M,,,,1614,0,20,MAY26,1974,i
33394822,Miqdad Mustafa Motiwala,IND,M,,,,1634,0,40,MAY26,2011,
48742406,Mir Arbaz Mohiuddin Ali,IND,M,,,,1627,0,40,MAY26,2010,i
48744999,Mir Shahbaz Mohiuddin Ali,IND,M,,,,1429,0,20,MAY26,1980,i
25188534,Miranka Trishad,IND,M,,,,1528,0,,MAY26,2007,i
547008156,Mirttika Deivalakshmi Prakash,IND,F,,,,1625,0,40,MAY26,2013,wi
48734306,Mirtyunjya Kumar,IND,M,,,,1437,0,20,MAY26,1979,
33317720,Miruthulaa S A,IND,F,,,,1405,0,40,MAY26,2012,wi
33477477,Misantth Rajasekar,IND,M,,,,1473,0,40,MAY26,2011,
25924648,Mishail Rashid,IND,M,,,,1567,0,20,MAY26,2004,i
531018939,Mishika Jairaj Kapadia,IND,F,,,,1454,0,40,MAY26,2015,w
25903721,Mishka Mathur,IND,F,,,,1721,0,40,MAY26,2008,wi
48767530,Mishka Tripathi,IND,F,,,,1556,0,40,MAY26,2016,w
25051156,Mishra Abhishek,IND,M,,,,1643,0,20,MAY26,2000,i
46667717,Mishra Aditya,IND,M,,,,1568,0,20,MAY26,1998,i
564069443,Mishra Ansh,IND,M,,,,1580,0,20,MAY26,2006,
35002767,Mishra Anwesha,IND,F,WFM,WFM,,1873,0,20,MAY26,2002,wi
25949551,Mishra Ayush,IND,M,,,,1640,0,20,MAY26,2005,
46660348,Mishra Jayesh,IND,M,,,,1550,0,20,MAY26,1997,
46616705,Mishra Kamad,IND,M,,,,1858,0,20,MAY26,2006,
33433275,Mishra Manish,IND,M,,,,1702,0,40,MAY26,2014,
46609776,Mishra Nilesh,IND,M,,,,1510,0,20,MAY26,2005,
35056247,Mishra Pramod Kumar (1966),IND,M,,,,1692,0,20,MAY26,1966,i
35022059,Mishra Rahul,IND,M,,,,1610,0,20,MAY26,1991,i
35024868,Mishra Riya,IND,F,,,,1682,0,20,MAY26,2004,wi
25707612,Mishra Sandeep Kumar,IND,M,,,,1521,0,20,MAY26,1997,i
45012857,Mishra Sanjeev,IND,M,,,,1878,0,20,MAY26,1996,
45049831,Mishra Vivek,IND,M,,,,1449,0,20,MAY26,1979,i
564047113,"Mishra, Harsh Ku",IND,M,,,,1530,0,20,MAY26,1998,
577040074,"Mishra, Krishna",IND,M,,,,1418,7,40,MAY26,2010,
5006007,"Mishra, Manoj",IND,M,CM,,,1908,0,20,MAY26,1969,i
5000106,"Mishra, Neeraj-Kumar",IND,M,IM,IA,,2124,0,20,MAY26,1968,i
25028642,"Mishra, Srinibas",IND,M,,,,1758,0,20,MAY26,2000,i
5095727,"Mishra, Yash",IND,M,,,,1766,0,20,MAY26,1996,i
25703102,Mishrikotkar Vidhi,IND,F,,,,1438,0,40,MAY26,2009,wi
25904930,Mistry Devanshu,IND,M,,,,1748,8,20,MAY26,1999,
35006983,Mistry Tinaz Dinkoo,IND,F,,,,1579,0,20,MAY26,2004,wi
46624422,Mitank Maru,IND,M,,,,1537,0,40,MAY26,2008,i
564020223,Mitesh Santosh Yadav,IND,M,,,,1427,3,40,MAY26,2011,
48730505,Mitheil D,IND,M,,,,1442,12,,MAY26,2014,
33419337,Mithil Prasshanna R,IND,M,,,,1483,0,40,MAY26,2016,
5017343,"Mithil, Ajgaonkar",IND,M,FM,,,2147,0,20,MAY26,1997,
46653465,Mithilesh Krishnan Balagopalan,IND,M,,,,1620,7,20,MAY26,2001,
25980904,Mithilesh P,IND,M,,,,1707,0,40,MAY26,2013,
33404224,Mithilesh R,IND,M,,,,1548,0,40,MAY26,2009,
25127730,Mithilesh Ranjithkumar,IND,M,,,,1990,0,40,MAY26,2012,
25909886,Mithiran A,IND,M,,,,1708,0,40,MAY26,2010,i
25164813,Mithran I,IND,M,,,,1401,0,40,MAY26,2013,i
33302693,Mithran Krishnakumar,IND,M,,,,1737,10,40,MAY26,2012,
88169910,Mithran U,IND,M,,,,1446,7,40,MAY26,2015,
5099986,Mithu Nath,IND,M,,,,1670,0,20,MAY26,1982,i
25943006,Mithula Venugopal Srinivasan,IND,F,,,,1711,0,20,MAY26,2006,wi
33431418,Mithulan M,IND,M,,,,1600,0,,MAY26,2014,
35040448,Mithun Anand V,IND,M,,,,1877,0,20,MAY26,2002,i
531015204,Mithun B,IND,M,,,,1525,6,,MAY26,2013,
88115666,Mithun Chakravarthy J A,IND,M,,,,1562,17,40,MAY26,2011,
25612166,Mithun Das,IND,M,,,,1586,0,20,MAY26,1989,i
33399042,Mithun Eraianbu M R,IND,M,,,,1661,16,,MAY26,2013,
25967835,Mithun K,IND,M,,,,1677,0,40,MAY26,2010,i
25996037,Mithun Pranav,IND,M,,,,1670,0,,MAY26,2013,
33479933,Mithun R,IND,M,,,,1494,0,40,MAY26,2014,
429027039,Mithun Raj N T,IND,M,,,,1578,7,20,MAY26,2003,
25198173,Mithun Ramalingam R,IND,M,,,,1840,0,20,MAY26,2007,
33368988,Mithun Rameshbabu,IND,M,,,,1536,0,20,MAY26,2005,
25718541,Mithun Singh Ahirwar,IND,M,,,,1447,0,20,MAY26,1987,i
5061776,"Mithun, Das Bairagi",IND,M,,,,1674,0,20,MAY26,1982,i
25952455,Mithylesh P R,IND,M,,,,1493,0,20,MAY26,2005,i
577010205,"Mitra, Spandan",IND,M,,,,1409,0,40,MAY26,2013,
564066363,"Mitra, Subhraneel",IND,M,,,,1424,0,20,MAY26,2007,
5000815,"Mitra, Swapan",IND,M,,,,1784,6,20,MAY26,1960,
5057000,"Mitrabha, Guha",IND,M,GM,,,2539,38,10,MAY26,2001,
564045269,"Mittal, Raghav",IND,M,,,,1498,6,,MAY26,2013,
25611216,Mitul Bala S,IND,M,,,,1608,0,40,MAY26,2008,i
45080860,Mitul K H,IND,M,CM,,,1940,0,40,MAY26,2010,i
25632612,Modi Hirak,IND,M,,,,1761,0,20,MAY26,2003,
35035207,"Modi, Jainam",IND,M,,,,1753,0,20,MAY26,2001,i
5077478,"Modi, Kunal",IND,M,,,,1877,0,20,MAY26,1995,i
33389454,Modipalli Deekshitha,IND,F,WCM,WCM,,1711,0,40,MAY26,2012,wi
88131602,Moditha Reddy Velugoti,IND,F,,,,1483,0,,MAY26,2016,w
1356615,"Mogasale, Chetan",IND,M,,,,1549,18,,MAY26,2014,
46649301,Moghe Mayur,IND,M,,,,1650,0,20,MAY26,1999,i
46675957,Moghe Parth,IND,M,,,,1749,8,,MAY26,2007,
45035253,Moghe Rahul,IND,M,,,,1514,0,20,MAY26,2005,i
25647938,Mohadikar Ritik,IND,M,,,,1426,0,20,MAY26,2000,i
48704695,Mohagaonkar Rutam,IND,M,,,,1630,8,40,MAY26,2013,
25166212,Mohak Das,IND,M,,,,1480,0,40,MAY26,2010,
48793833,Mohak Harmor,IND,M,,,,1482,0,40,MAY26,2011,
33340919,Mohamad Muiz,IND,M,,,,1412,0,40,MAY26,2010,i
577013000,Mohamad Yusuf Sayad Ali,IND,M,,,,1454,0,20,MAY26,2007,
429026296,Mohamed Abuthalif,IND,M,,,,1536,0,40,MAY26,2011,i
35065815,Mohamed Anees M,IND,M,IM,,,2254,0,20,MAY26,2003,
45071810,Mohamed Ansari,IND,M,,NA,,1516,0,20,MAY26,1992,
33474079,Mohamed Fadil Syed Ibrahim,IND,M,,,,1732,0,,MAY26,2011,
35019872,Mohamed Haris M,IND,M,,,,1486,0,20,MAY26,1994,i
25001957,Mohamed Ibrahim U,IND,M,,,,1982,0,,MAY26,1992,
25158171,Mohamed Ihshan I,IND,M,,,,1505,0,40,MAY26,2011,i
537025295,Mohamed Iqbal,IND,M,,,,1487,0,40,MAY26,2008,i
88102262,Mohamed Izaan Shaheen,IND,M,,,,1623,0,,MAY26,2016,
547000708,Mohamed Labib,IND,M,,,,1564,0,40,MAY26,2014,
25940015,Mohamed Rayhan S,IND,M,,,,1435,0,,MAY26,2006,i
537082582,Mohamed Reyhan,IND,M,,,,1417,0,40,MAY26,2013,
25043897,Mohamed Sadiq Chanthana,IND,M,,,,1806,0,,MAY26,1973,i
88137465,Mohamed Thaariq R,IND,M,,,,1638,8,,MAY26,2011,
88137554,Mohamed Thaufiq R,IND,M,,,,1616,9,,MAY26,2011,
531034446,Mohammad Arif,IND,M,,,,1409,0,20,MAY26,1983,i
558004319,Mohammad Arsalaan Lutfi,IND,M,,,,1474,0,20,MAY26,2007,
558048340,Mohammad Ayaan,IND,M,,,,1600,0,40,MAY26,2014,
537047558,Mohammad Ayan,IND,M,,,,1499,0,20,MAY26,2005,
25133560,Mohammad Fairoz,IND,M,,,,1434,0,20,MAY26,1996,i
547048417,Mohammad Fazil,IND,M,,,,1427,0,40,MAY26,2008,
5065240,Mohammad Ismail Khadar,IND,M,,,,1504,0,20,MAY26,1980,
5053196,Mohammad Nubairshah Shaikh,IND,M,IM,FT,,2325,20,20,MAY26,1998,
25039938,Mohammed Abidali Mujawar,IND,M,,SI,,1878,0,20,MAY26,1999,
537018086,Mohammed Akhil,IND,M,,,,1437,0,40,MAY26,2013,i
558052631,Mohammed Anis M,IND,M,,,,1621,0,20,MAY26,2005,
35064193,Mohammed Fawwaaz,IND,M,,,,1677,0,20,MAY26,2002,i
429051398,Mohammed Fizal Liyagathali,IND,M,,,,1403,0,40,MAY26,2008,
429049636,Mohammed Fizan Liyagathali,IND,M,,,,1470,0,,MAY26,2012,
558067736,Mohammed Hasan,IND,M,,,,1576,0,40,MAY26,2014,
25751000,Mohammed Ibrahim,IND,M,,,,1582,0,20,MAY26,2004,i
25155016,Mohammed Ibrahim Siddiqui,IND,M,,,,1530,0,20,MAY26,2007,
33418292,Mohammed Junaid Khan,IND,M,,,,1503,0,,MAY26,2013,i
25741306,Mohammed Mansoor,IND,M,,,,1502,0,20,MAY26,1994,i
25049275,Mohammed Mudassir,IND,M,,,,1632,0,,MAY26,1999,i
33420130,Mohammed Muzammil A,IND,M,,,,1711,0,20,MAY26,2000,i
25156187,Mohammed Nizar,IND,M,,NA,,1590,0,20,MAY26,1979,i
429048184,Mohammed Ridhwan Bafakyh,IND,M,,,,1525,0,40,MAY26,2011,i
88160661,Mohammed Rifaz,IND,M,,,,1540,0,20,MAY26,2000,
547099666,Mohammed Saad,IND,M,,,,1570,8,40,MAY26,2018,
547093552,Mohammed Saeed Arshaq,IND,M,,,,1598,0,20,MAY26,1999,
537011340,Mohammed Sahir Ahmed,IND,M,,,,1406,0,,MAY26,2018,
531045448,Mohammed Saleem K,IND,M,,,,1445,0,40,MAY26,2015,
88111113,Mohammed Saud,IND,M,,,,1450,0,40,MAY26,2009,
531042309,Mohammed Shabbir Ahmed,IND,M,,,,1478,0,,MAY26,2012,
5005752,Mohammed Shamil A,IND,M,,,,1749,0,,MAY26,1990,i
35093274,Mohammed Shereef M V,IND,M,,,,1795,0,20,MAY26,1979,i
33394911,Mohammed Tauhid Qureshi,IND,M,,,,1482,0,40,MAY26,2010,i
25978241,Mohammed Tharig S,IND,M,,,,1765,0,20,MAY26,2006,
35015087,Mohammed V K,IND,M,,,,1702,0,20,MAY26,1946,i
5050421,"Mohammed, Dilshad",IND,M,,,,2071,0,20,MAY26,1992,
5027152,Mohan Chandre Naithani,IND,M,,,,1593,0,20,MAY26,1961,
25767437,Mohan N,IND,M,,NA,,1528,0,20,MAY26,1983,i
33491941,Mohan Ragu Thangaraj,IND,M,,,,1695,0,20,MAY26,1991,i
25074377,Mohan Ram Sridhar,IND,M,,,,1817,0,20,MAY26,1997,i
5050456,"Mohan, Kale",IND,M,,,,1515,0,20,MAY26,1961,i
5011175,"Mohan, Kumar",IND,M,,,,2077,0,20,MAY26,1979,i
46688064,Mohana Kanna,IND,M,,,,1553,0,20,MAY26,2001,i
35040456,Mohana R,IND,F,,NA,,1585,0,20,MAY26,2005,wi
35053620,Mohana Sundaram R,IND,M,,,,1463,0,20,MAY26,1999,i
5033632,"Mohana, Sengupta",IND,F,,,,1863,0,20,MAY26,1994,wi
35068024,Mohanan V P,IND,M,,,,1609,0,20,MAY26,1956,i
5002826,"Mohanan, U.C.",IND,M,,,,1752,0,20,MAY26,1952,i
25726781,Mohanasundharam S,IND,M,,,,1500,0,,MAY26,2007,i
33430616,Mohanbabu M,IND,M,,,,1425,0,20,MAY26,1982,
74602195,"Mohandoss, Dhananjayan Pranav",IND,M,,,,1544,8,40,MAY26,2010,
25907107,Mohanish Wairagade,IND,M,,,,1403,0,40,MAY26,2009,i
5090440,"Mohankumar, V",IND,M,,,,1578,0,20,MAY26,1949,i
25035398,Mohanraj S,IND,M,,,,1591,0,20,MAY26,2001,i
25988824,Mohanraj Venkatesan,IND,M,,,,1591,8,,MAY26,2010,
25091662,Mohanty Aditi,IND,F,,,,1594,0,20,MAY26,2005,wi
46690158,Mohanty Aditya Anurakta,IND,M,,,,1686,0,20,MAY26,2007,i
46623620,Mohanty Soyamsree,IND,M,,,,1746,0,20,MAY26,2007,i
25029363,"Mohanty, Ayush",IND,M,,,,1429,0,20,MAY26,0,
25763377,Mohapatra Ayush Aryan,IND,M,,,,1793,0,40,MAY26,2010,
25620673,Mohapatra Pratyush,IND,M,,,,1653,0,20,MAY26,2006,i
46629831,Moharir Aayush,IND,M,,,,1455,0,20,MAY26,2002,i
531008119,Mohariya Suryansh,IND,M,,,,1426,0,40,MAY26,2013,
25705113,Moharnab Das,IND,M,,,,1666,0,20,MAY26,2006,
547062398,Mohd Arhaan Ali,IND,M,,,,1559,0,40,MAY26,2017,
88149390,Mohd Fahim Mansuri,IND,M,,,,1412,0,20,MAY26,1986,i
25799517,Mohd Imran,IND,M,,,,1485,0,20,MAY26,1992,
547069198,Mohd Rehaan Ali,IND,M,,,,1421,0,40,MAY26,2013,
25053361,Mohd Shafique Zaman,IND,M,,,,1616,0,20,MAY26,1989,i
429068126,Mohd.Hashir Siddiqui,IND,M,,,,1443,5,40,MAY26,2018,
25145754,Moheeth B,IND,M,,,,1440,0,40,MAY26,2009,i
33411727,Mohini Pandit,IND,F,,,,1495,7,40,MAY26,2013,w
25934430,Mohit,IND,M,,,,1566,0,20,MAY26,2000,i
35015923,Mohit Anand,IND,M,,,,1710,0,20,MAY26,1998,i
531041442,Mohit Avaneesh,IND,M,,,,1495,0,40,MAY26,2012,
558009256,Mohit Gangwani,IND,M,,,,1524,8,40,MAY26,2015,
558063846,Mohit Kumar Pati,IND,M,,,,1454,0,20,MAY26,2005,
25706829,Mohit Kumar Soni,IND,M,,,,1797,0,20,MAY26,2001,i
33497001,Mohit M,IND,M,,,,1569,2,20,MAY26,2002,
547003979,Mohit Mohan Bhagat,IND,M,,,,1519,0,40,MAY26,2014,i
537054457,Mohit Mondal,IND,M,,,,1405,4,40,MAY26,2012,
25942557,Mohit Purswani,IND,M,,,,1542,0,20,MAY26,1993,i
25995812,Mohit S,IND,M,,,,1917,8,,MAY26,2010,
88128385,Mohit Sharma,IND,M,,,,1506,7,40,MAY26,2014,
537019759,Mohit Sulanki,IND,M,,,,1421,0,20,MAY26,2004,i
45062595,Mohit Swami,IND,M,,,,1749,0,20,MAY26,1992,i
25954970,Mohite Abhijeet,IND,M,,,,1483,0,20,MAY26,1996,i
25139282,Mohite Yogesh,IND,M,,NA,,1532,0,20,MAY26,1995,i
5061172,"Mohite, Ramesh",IND,M,,,,1565,0,20,MAY26,1954,i
25010352,"Mohite, Ranveer",IND,M,CM,,,2177,0,20,MAY26,1997,i
88100081,Mohith Rajesh,IND,M,,,,1518,0,,MAY26,2009,i
33354030,Mohith T S,IND,M,,,,1477,0,20,MAY26,1998,i
25654489,Mohmad Bashiq Imrose,IND,M,CM,,,2057,0,20,MAY26,2007,i
25148770,Mohnish Balamurugan,IND,M,,,,1748,0,40,MAY26,2011,i
48773050,Mohnish Bharathy M B,IND,M,,,,1610,7,40,MAY26,2010,
5004330,"Mohota, Nisha",IND,F,IM,WGM,,1891,0,20,MAY26,1980,w
537014757,Mohsen Abo Ali,IND,M,,,,1514,0,20,MAY26,2003,i
33316201,Mohsin Sayyed,IND,M,,,,1494,0,20,MAY26,1980,i
429018951,Moidhu Abdulrahiman,IND,M,,,,1456,0,20,MAY26,1982,i
25066498,Moidutty Elangoly,IND,M,,,,1504,0,20,MAY26,1963,
25138553,Moirangthem Modhusudon,IND,M,,,,1696,0,20,MAY26,1992,
537094564,Moirangthem Sanjit Singh,IND,M,,,,1626,0,20,MAY26,1979,
88113272,Mojanidar Ayan,IND,M,,,,1569,0,40,MAY26,2014,
35018191,Mokasdar Sushrut,IND,M,,,,1605,0,20,MAY26,1996,i
35086278,Mokashi Rohit,IND,M,,,,1759,0,20,MAY26,1994,i
25064967,Moksh Amit Doshi,IND,M,IM,,,2241,0,20,MAY26,2003,
547020377,Moksh Bothra,IND,M,,,,1499,0,40,MAY26,2016,
88174913,Moksh Jain,IND,M,,,,1748,0,20,MAY26,2004,
531074588,Moksh Vadhar,IND,M,,,,1440,0,40,MAY26,2012,
547096594,Moksha Pawriya,IND,M,,,,1739,0,40,MAY26,2013,
25933035,Mokshagna Chinta Gumpala,IND,M,,,,1428,0,20,MAY26,2007,i
558031952,Moksharth Solanki,IND,M,,,,1420,7,40,MAY26,2014,
48798258,Mokshith Davuluru,IND,M,,,,1439,5,,MAY26,2016,
88180530,Mokshith Gannamani,IND,M,,,,1442,0,40,MAY26,2014,
33411735,Mokshith Pasupulety,IND,M,,,,1854,0,40,MAY26,2009,
33492190,Moksith Pradhan,IND,M,,,,1471,0,40,MAY26,2015,
547044233,Moliya Shaurya,IND,M,,,,1414,0,40,MAY26,2011,
374101696,"Mollah, Jahangir",IND,M,,,,1488,0,,MAY26,1972,
374101005,"Mollah, Suffin Zameel",IND,M,,,,1544,0,,MAY26,2000,
48787558,Monali Biswas,IND,F,,,,1480,0,40,MAY26,2013,wi
577012461,"Mondal, Saunak",IND,M,,,,1403,0,40,MAY26,2011,
25176854,Moneshraj S,IND,M,,,,1510,0,20,MAY26,2005,i
46682996,Moni Mohan Singh,IND,M,,,,1701,0,20,MAY26,1983,
35001825,Monicca G V,IND,F,,,,1509,0,20,MAY26,1999,wi
25726790,Monish B,IND,M,,SI,,1502,7,20,MAY26,2006,
429054974,Monish B,IND,M,,,,1403,0,40,MAY26,2017,
25085646,Monish C S,IND,M,,,,1578,0,20,MAY26,2002,i
25907379,Monish G,IND,M,,,,1556,0,20,MAY26,2000,
48794872,Monish Krishna,IND,M,,,,1515,0,40,MAY26,2012,i
5019974,"Monjit, Taw",IND,M,,,,1925,0,20,MAY26,1980,
5009936,Monnisha G K,IND,F,WIM,WIM,,2083,0,20,MAY26,1998,wi
33442304,Monodeep Dhar,IND,M,,,,1611,0,,MAY26,2014,
33359709,Moon Krushal Kiran,IND,M,,,,1403,0,40,MAY26,2011,
33499144,Moondra Bhavin,IND,M,,,,1489,0,20,MAY26,2003,
33326479,Moorthattil Harikumar,IND,M,,NA,,1511,0,20,MAY26,1980,i
35016466,Moorthy R,IND,M,,,,1716,0,20,MAY26,1954,i
25023411,Moorthy T,IND,M,,,,1514,0,20,MAY26,1976,i
35069179,Morajkar Navin,IND,M,,,,1659,0,20,MAY26,2002,i
547054751,Morajkar Parth,IND,M,,,,1431,0,40,MAY26,2012,
25104071,Morakhia Rajan Paresh,IND,M,,,,1668,0,20,MAY26,1993,i
88116735,More Pranav Abhijeet,IND,M,,,,1423,0,40,MAY26,2009,i
48704717,More Varad,IND,M,,,,1586,8,40,MAY26,2012,
429043743,More Vishnu,IND,M,,,,1487,2,40,MAY26,2016,
25041240,Morvekar Kedar,IND,M,,,,1982,0,20,MAY26,2001,i
25632035,Mota Khant,IND,M,,,,1500,0,,MAY26,2006,i
25019481,"Mota, Pankit",IND,M,,,,2037,0,20,MAY26,1994,i
88150054,Mothesh S,IND,M,,,,1510,0,40,MAY26,2010,
33413339,Motiram Uke,IND,M,,,,1481,0,20,MAY26,1973,i
45012563,Mouhurtik Ray,IND,M,,,,1579,0,20,MAY26,2004,i
25955233,Mouleswaran S,IND,M,,,,1493,0,,MAY26,2008,i
25953117,Mouli Bhattacharjee,IND,F,,,,1424,0,40,MAY26,2012,w
25156284,Moulish M,IND,M,,,,1558,0,,MAY26,2009,i
35043242,Mourya K,IND,M,,,,1542,0,20,MAY26,1993,
33486891,Mourya Rama Surya M,IND,M,,,,1414,0,40,MAY26,2009,i
5016126,"Mraduhas, Tripathi",IND,M,,,,1861,0,20,MAY26,1971,i
35063014,Mradul Bhatnagar,IND,M,,,,1567,0,20,MAY26,2000,i
33422966,Mradul Yadav,IND,M,,,,1597,0,40,MAY26,2008,i
25966316,Mridav M,IND,M,,,,1941,0,40,MAY26,2011,
46695230,Mridul Ashokan,IND,M,,,,1630,0,20,MAY26,2005,i
88123774,Mridul Bhatnagar,IND,M,,,,1579,0,40,MAY26,2009,i
429032520,Mridul Jalan,IND,M,,,,1423,0,40,MAY26,2013,
564067491,"Mridul, Prince",IND,M,,,,1430,0,20,MAY26,2004,
25076175,"Mridul, Thaivalappil M.",IND,M,,,,1583,0,20,MAY26,0,i
45070679,Mridumoloy Das,IND,M,,,,1664,0,20,MAY26,2003,i
33474265,Mridusman Kashyap,IND,M,,,,1475,0,40,MAY26,2012,i
48741183,Mrijan Bhattacharya,IND,M,,,,1599,0,40,MAY26,2014,
35085140,Mrinal S,IND,M,,,,1518,0,20,MAY26,2003,i
429027250,Mrinank Singh,IND,M,,,,1490,0,40,MAY26,2011,
25996940,Mrinmoy Das,IND,M,,,,1490,1,20,MAY26,1987,
25603426,Mrinmoy Rajkhowa,IND,M,CM,,,1759,0,40,MAY26,2010,i
33494894,Mrinmoyee Dhar,IND,F,,,,1473,0,40,MAY26,2010,w
531046029,Mrithyunjai Gopinath,IND,M,,,,1526,11,,MAY26,2017,
45003521,Mrithyunjay Mahadevan,IND,M,FM,,,2009,0,40,MAY26,2008,i
531064558,Mritsa Bag,IND,F,,,,1551,0,40,MAY26,2014,w
25902997,Mrittika Mallick,IND,F,,,,2000,0,40,MAY26,2008,w
45049882,Mrityunjay Kumar,IND,M,,,,1821,9,20,MAY26,1999,
25096990,Mrudul Dehankar,IND,F,WIM,WIM,,2127,0,20,MAY26,2004,w
33422974,Mrudul Shrikant Kamavisdar,IND,M,,,,1458,0,20,MAY26,2007,i
35035550,Mrunal Manish Lalwani,IND,M,,,,1566,0,20,MAY26,2002,i
25182587,Mrunmayee Makarand Gosavi,IND,F,,,,1426,0,40,MAY26,2009,w
25116339,Mrutyunjay Mondal,IND,M,,,,1657,0,20,MAY26,2006,
25668382,Mubeen Yaseen Khan,IND,M,,,,1581,0,20,MAY26,1973,i
35059599,Muchandikar Shrikant,IND,M,,,,1669,0,20,MAY26,1987,i
46644946,Mudaliar Nandini,IND,F,,DI,,1677,7,20,MAY26,2001,w
48784320,Muddasani Shreeshaurya,IND,M,,,,1420,0,40,MAY26,2013,i
25933809,Mudil Dharewa,IND,M,,,,1426,0,40,MAY26,2013,i
531036686,Mudit K Anand,IND,M,,,,1444,0,40,MAY26,2012,
45017697,Mudliyar Kshitij,IND,M,,,,1671,0,20,MAY26,2005,i
5050600,Mughaho Awomi,IND,M,,IA,,1765,0,20,MAY26,1979,
48722413,Mugishvar K M,IND,M,,,,1437,0,40,MAY26,2010,i
25084534,Mugunth R B,IND,M,,,,1640,0,20,MAY26,2003,i
33406260,Mugunthan M,IND,M,,,,1615,0,20,MAY26,2002,i
531081720,Muhammad Amaan,IND,M,,,,1432,0,40,MAY26,2012,i
558035214,Muhammad Arham P P,IND,M,,,,1600,0,,MAY26,2016,
35098667,Muhammad Ashraf Ahammad,IND,M,,,,1601,0,20,MAY26,1980,
25629506,Muhammad Ismail A,IND,M,,,,1484,0,20,MAY26,1997,
88179273,Muhammad Misab Bin Kabeer,IND,M,,,,1438,0,40,MAY26,2014,i
48701297,Muhammad Saifan Noushad Ibrahim,IND,M,,,,1840,0,,MAY26,2013,
48701300,Muhammad Shayan Noushad Ibrahim,IND,M,,,,2114,0,,MAY26,2015,
88127354,Muhammad Zaahir Naduvilaparambil,IND,M,,,,1559,0,,MAY26,2012,i
45045356,Muhammed Faizal K T,IND,M,,,,1537,0,20,MAY26,1989,i
48742597,Muhammed Hazim,IND,M,,,,1506,0,40,MAY26,2009,i
429015707,Muhammed Ishfaq I,IND,M,,,,1470,0,40,MAY26,2013,
547090162,Muhammed Iziyan,IND,M,,,,1553,6,40,MAY26,2018,
25943022,Muhammed Koya,IND,M,,,,1837,0,20,MAY26,1970,i
25008757,Muhammed Mueenudheen N,IND,M,,,,1836,0,20,MAY26,1996,i
35017799,Muhammed Musthafa,IND,M,,,,1522,0,20,MAY26,1983,i
429048281,Muhammed Poomkurinjiyil Ummer Kutty,IND,M,,,,1506,0,,MAY26,1960,i
25008765,Muhammed Shibily N,IND,M,,,,1793,0,20,MAY26,1999,i
35048414,Muhammed Shihabudheen,IND,M,,,,1567,0,20,MAY26,1982,i
5050626,"Muhammed, Reja C",IND,M,,,,1645,9,,MAY26,1989,
33492026,Mukesh Arvindh,IND,M,,,,1767,0,20,MAY26,2005,i
25908251,Mukesh Gupta,IND,M,,,,1438,0,20,MAY26,1966,
25646435,Mukesh Kumar,IND,M,,,,1748,0,20,MAY26,2003,i
33358150,Mukesh Kumar Yadav,IND,M,,,,1658,0,,MAY26,1992,
25967843,Mukesh N J,IND,M,,,,1699,0,40,MAY26,2011,
558077677,Mukesh Reddy Bijini,IND,M,,,,1440,0,40,MAY26,2012,
25955950,Mukesh S,IND,M,,NI,,1521,0,20,MAY26,2000,
33427348,Mukherjee Ayaan,IND,M,,,,1477,0,40,MAY26,2010,i
25746502,Mukherjee Bratajit,IND,M,,,,1903,0,40,MAY26,2008,i
25048554,Mukherjee Byomkesh,IND,M,,,,1567,0,20,MAY26,1979,i
35008269,Mukherjee D S,IND,M,,,,1587,4,20,MAY26,1959,
5010462,"Mukherjee, Dyutimoy",IND,M,,,,1822,0,20,MAY26,1958,
577058739,"Mukherjee, Yuvaan",IND,M,,,,1456,5,40,MAY26,2010,
25177931,Mukhil Vendhan V D,IND,M,,,,1437,0,40,MAY26,2013,i
25180738,Mukhund A,IND,M,,,,1698,0,40,MAY26,2010,
33479941,Mukil R,IND,M,,,,1521,0,40,MAY26,2014,
88119980,Muktesh Shankar,IND,M,,,,1494,0,,MAY26,2011,
5075408,Mukul Kalita,IND,M,,NA,,1604,0,20,MAY26,1969,i
25990632,Mukul Kumar,IND,M,,,,1461,0,20,MAY26,1999,i
33321710,Mukul Singh,IND,M,,,,1799,0,20,MAY26,1996,
46670203,Mukul Thakur,IND,M,,,,1626,0,20,MAY26,2000,
48788015,Mukund Arun,IND,M,,,,1449,0,40,MAY26,2013,i
25679791,Mukund Hemant Agarwal,IND,M,FM,,,2016,0,40,MAY26,2009,
88141845,Mukund Kulkarni,IND,M,,,,1405,0,20,MAY26,2003,i
558029095,Mukund Rathi,IND,M,,,,1526,0,20,MAY26,2001,
25132270,Mukund Yadav,IND,M,,,,1417,0,20,MAY26,2001,i
5019982,"Mukund, G. Bhatt",IND,M,,,,1917,0,20,MAY26,1970,i
46653503,Mukunthan Udhayakumar,IND,M,,,,1579,0,20,MAY26,1982,i
5078407,"Mulay, Atharva",IND,M,,,,1841,0,20,MAY26,1996,i
5059690,"Mulay, Pratik",IND,M,CM,,,1959,0,20,MAY26,1992,i
46699058,Mulherkar Siddharth,IND,M,,,,1614,0,20,MAY26,1999,i
35080350,"Mullick,Raahil",IND,M,IM,,,2167,9,20,MAY26,2007,
48770230,Multani Lakshya,IND,M,,,,1768,0,40,MAY26,2009,i
25697307,Mummana Venkata Ruthvik,IND,M,CM,,,1937,0,40,MAY26,2009,
537075470,Mummidi Siddhi Vignesh,IND,M,,,,1432,0,40,MAY26,2010,
429073260,Mummini Namish Naidu,IND,M,,,,1453,0,40,MAY26,2013,
35071033,Mumukshu Mittal,IND,M,,,,1733,0,20,MAY26,2003,i
33410127,Munakala Sri Saketh,IND,M,,,,1541,0,40,MAY26,2015,
531081150,Mundhra Vinay Dineshkumar,IND,M,,,,1614,0,20,MAY26,2004,i
45017719,Mundra Keshav,IND,M,,,,1471,0,20,MAY26,2002,i
5079845,Munemane Ameya,IND,M,,,,1765,0,20,MAY26,2001,i
25010255,"Muniraju, Narayanappa",IND,M,,,,1558,0,,MAY26,1957,i
25605712,Munishwar Shaunak,IND,M,,,,1409,0,20,MAY26,2006,i
531027318,Murahari R,IND,M,,,,1702,0,40,MAY26,2011,i
429090741,Murali Krishna R,IND,M,,,,1589,0,,MAY26,2011,
25072196,Murali Krishna Reddy P,IND,M,,,,1500,0,20,MAY26,1959,i
5004977,Murali Krishnan B T,IND,M,IM,,,1997,11,20,MAY26,1974,
25016377,Murali Mohan Y,IND,M,,,,1546,0,20,MAY26,1977,i
25049593,"Murali, G V R",IND,M,,,,1568,0,20,MAY26,1968,
5018030,"Murali, Krishna G.",IND,M,,,,2044,0,20,MAY26,1971,i
45047308,Muralidharan M,IND,M,,,,1638,0,20,MAY26,2001,i
558008721,Muralidharan R,IND,M,,,,1409,0,20,MAY26,2001,
5000181,"Muralidharan, M.B.",IND,M,FM,,,2206,0,20,MAY26,1957,i
45031193,Muralishankar J T,IND,M,,,,1714,0,20,MAY26,2004,i
25700782,Murarilal Kori,IND,M,,,,1747,0,20,MAY26,1979,i
531081240,Murarka Dheer Anurag,IND,M,,,,1635,0,40,MAY26,2008,i
46678301,Murthy V S N,IND,M,,,,1733,0,20,MAY26,1959,i
25731904,Murugan C,IND,M,,,,1528,0,20,MAY26,1995,i
35058541,Murugan V,IND,M,,,,1534,7,20,MAY26,1981,
5050669,"Murugan, M",IND,M,,,,1693,0,20,MAY26,1973,i
33334447,Muruganandam Sathiyaselan,IND,M,,,,1401,0,40,MAY26,2009,i
5092426,Murugappan S P,IND,M,,,,1686,0,20,MAY26,1997,i
558059008,Murugesan Angamuthu,IND,M,,,,1526,0,20,MAY26,1988,
5092434,Murugesh S,IND,M,,,,1675,0,20,MAY26,1999,i
25625055,Murugesh V,IND,M,,,,1416,0,20,MAY26,1983,i
429040787,Musaddiq Al Rafi,IND,M,,,,1482,0,40,MAY26,2014,
531088368,Musale Vedant Sachin,IND,M,,,,1503,0,40,MAY26,2013,
35066188,Mushini Ajay,IND,M,IM,,,2202,11,20,MAY26,1998,
33399549,Muskan Pattan,IND,F,,,,1425,0,40,MAY26,2013,wi
33475539,Mustafa Mohammed Farook Badiuddin,IND,M,,,,1789,0,40,MAY26,2010,
88148378,Musthak K V,IND,M,,,,1461,0,20,MAY26,1980,i
25661744,Mutgekar Chetan,IND,M,,,,1559,0,20,MAY26,2001,i
537086294,Mutha Ramya Swachchhand,IND,F,,,,1495,0,40,MAY26,2008,w
5092442,Muthaiah AL,IND,M,IM,,,2254,0,20,MAY26,1999,i
33385572,Muthamsetty Pavana Sai Pravareesh,IND,M,,,,1534,0,,MAY26,2013,i
25188550,Muthe Dhruv,IND,M,,,,1600,0,20,MAY26,2002,
531021808,Muthu Kannan Sundaram M,IND,M,,,,1599,0,,MAY26,1986,
46656588,Muthu Kishore J,IND,M,,,,1449,0,20,MAY26,2000,i
5008255,"Muthu Kumar, M.",IND,M,,,,2071,0,20,MAY26,1962,i
25738984,Muthu Meenal M,IND,F,,,,1441,0,40,MAY26,2009,wi
46635238,Muthu P,IND,M,,,,1830,0,20,MAY26,2007,i
5083729,Muthu Palaniappan P L,IND,M,,,,1642,0,20,MAY26,1993,i
45009791,Muthu Praneet S K,IND,M,,,,1413,0,20,MAY26,2001,i
25731947,Muthu S,IND,M,,,,1480,0,20,MAY26,2006,
25760351,Muthu Vignesh G,IND,M,,,,1544,9,40,MAY26,2008,
5025117,"Muthu, Alagappan M.",IND,M,,,,2097,0,20,MAY26,1992,i
547085681,"Muthukrishnan, Murali",IND,M,,,,1432,0,20,MAY26,1981,
374101678,"Muthukrishnan, Prathyush",IND,M,,,,1540,4,40,MAY26,2015,
429009650,Muthukumar M,IND,M,,,,1895,0,40,MAY26,2010,
25668390,Muthukumar Thangapandian,IND,M,,,,1618,0,20,MAY26,1990,i
25003763,"Muthukumar, C P",IND,M,,,,1779,0,20,MAY26,1999,i
366194743,"Muthukumar, Mukesh",IND,M,,,,1644,0,,MAY26,2010,i
25725645,Muthukumaran V,IND,M,,,,1630,0,20,MAY26,2004,i
547092335,Muthuraamanaathan S M S,IND,M,,,,1667,8,40,MAY26,2009,
25098403,Muthuraman A R,IND,M,,,,1404,0,20,MAY26,2002,i
25698249,Muthuraman Kesavamoorthy,IND,M,,,,1728,8,20,MAY26,2006,
33348006,Muthyala Gurunadham,IND,M,,,,1506,0,,MAY26,2007,
25031546,MY Aditya,IND,M,,,,1817,0,,MAY26,2000,i
429072166,Mylagani Naga Jagadheesh,IND,M,,,,1429,0,40,MAY26,2015,
88115690,Mynam Dushyant Srivatsav,IND,M,,,,1490,14,40,MAY26,2015,
25150022,Mysha Perwez,IND,F,,,,1646,0,,MAY26,2012,w
25015060,Mythireyan P,IND,M,,,,1794,0,20,MAY26,2000,
25626388,Mythri Maddisetty,IND,F,,,,1623,0,20,MAY26,2007,wi
5038090,"N Uma Maheswara, Rao",IND,M,,FA,,1752,0,20,MAY26,0,i
25787780,N. Tarun,IND,M,,,,1776,19,20,MAY26,2006,
25941089,Naandisher Prahalather,IND,M,,,,1586,0,20,MAY26,2006,i
88176770,Nabajit Pritam,IND,M,,,,1481,0,20,MAY26,2005,i
558074252,Nabajit Sarkar,IND,M,,,,1577,0,20,MAY26,1994,
531071112,Nabajit Talukdar,IND,M,,,,1463,0,40,MAY26,2010,i
48733989,Nabajyoti Borah,IND,M,,,,1576,0,20,MAY26,1999,i
46683038,Nabam Nikum,IND,M,,,,1575,0,20,MAY26,1975,
88176789,Nabarun Kalita,IND,M,,,,1531,0,40,MAY26,2010,i
537086723,Nabarun Shil,IND,M,,,,1754,0,20,MAY26,1985,i
45033102,Nabeel M Abubackar,IND,M,,,,1515,0,20,MAY26,2005,i
531042147,Nabhan Fahad,IND,M,,,,1474,0,40,MAY26,2012,i
88174930,Nabhneel Das,IND,M,,,,1539,0,20,MAY26,2005,
33481768,Nabhya Dey,IND,F,,,,1414,0,40,MAY26,2015,w
25969544,Nachankar Harsh,IND,M,,,,1540,0,20,MAY26,2006,i
429008549,Nachiiket Iyer,IND,M,,,,1436,0,40,MAY26,2016,i
5018706,"Nachiket, Paturkar",IND,M,,,,1808,0,20,MAY26,1981,i
25092545,Nachiketh Adiga,IND,M,,,,1645,0,20,MAY26,2004,i
33458804,Nachiketha Krishnendra Mulgund,IND,M,,,,1960,7,,MAY26,2013,
35046004,"Nadar, Thangraj",IND,M,,,,1777,0,20,MAY26,0,
5060583,Nadaradjane Segar,IND,M,,,,1867,0,20,MAY26,1962,i
88184617,Nadgouda Sanskriti,IND,F,,,,1401,5,40,MAY26,2014,w
25953001,Nadirsha K P,IND,M,,,,1509,0,20,MAY26,1992,i
25108352,Nadish Sagar Sawant,IND,M,,,,1469,0,20,MAY26,2006,i
5021162,"Nadkarni, Ishan",IND,M,,,,1923,0,20,MAY26,1989,i
429040388,Nafisa Shirin,IND,F,,,,1518,0,40,MAY26,2012,w
25993445,Naga Akhil Charan B,IND,M,,,,1672,0,40,MAY26,2008,i
33329150,Naga Chaitanya Bhatraju,IND,M,,,,1431,0,40,MAY26,2009,i
25702475,Naga Laxmi Seelam,IND,F,,,,1666,0,40,MAY26,2008,wi
48730580,Naga Ram Charan K,IND,M,,,,1525,0,40,MAY26,2009,i
25933124,Naga Sai Ashrith P,IND,M,,,,1434,0,20,MAY26,2004,i
25930133,Naga Sai Sarthak Karanam,IND,M,,,,1801,0,40,MAY26,2009,
429090563,Naga Srikari Ganji,IND,F,,,,1446,0,40,MAY26,2014,w
25079891,Naga Srinish K,IND,M,,,,1495,0,20,MAY26,1997,
45073910,Nagaraj M,IND,M,,NA,,1453,0,,MAY26,2001,i
9975942,"Nagarajan, Ajay",IND,M,,,,1756,0,20,MAY26,1988,i
5040213,"Nagaraju, J",IND,M,,,,1788,0,20,MAY26,1979,
25071351,Nagare Akhilesh,IND,M,CM,,,1997,0,20,MAY26,1998,
25957929,Nagare Kaivalya Sandip,IND,M,FM,,,2298,0,20,MAY26,2007,i
25056840,Nagargoje Dhananjay,IND,M,,,,1710,8,20,MAY26,1987,
25959115,Nagariya Aryan,IND,M,,,,1442,0,20,MAY26,2007,i
46655034,Nagarjun A,IND,M,,,,1408,0,20,MAY26,2007,i
35038281,Nagarkar Anshul,IND,M,,NA,,1602,0,,MAY26,2000,i
25762214,Nagarkatte Saina,IND,F,,,,1432,0,40,MAY26,2010,wi
25636227,Nagarkatte Vedant,IND,M,FM,,,2072,9,20,MAY26,2005,
46623892,Nagasri Saikanth,IND,M,,,,1692,0,20,MAY26,2000,
25778315,Nageswaran Gaayatri,IND,F,,,,1453,0,40,MAY26,2008,wi
48719994,Nagireddypalli Dikshit,IND,M,,,,1430,0,,MAY26,2014,
5085888,"Nagnath, Aditya",IND,M,,,,1932,0,20,MAY26,1993,i
45070903,Nagoor Khani Rawther Abumon,IND,M,,,,1626,0,20,MAY26,1973,i
25089544,"Nagpal, Vardaan",IND,M,IM,,,2188,0,20,MAY26,2002,i
564064689,"Nagraj, V P",IND,M,,,,1445,0,20,MAY26,1980,
33435090,Nagula Rohit,IND,M,,,,1466,0,20,MAY26,2007,i
33368570,Nagvekar Harsh Dasharath,IND,M,,,,1470,0,20,MAY26,2007,i
25678833,Nagvekar Sairudra,IND,M,,,,1675,0,20,MAY26,2007,i
558066519,Nagvenkar Sarthak,IND,M,,,,1526,0,40,MAY26,2012,
46649328,Nahar Anish,IND,M,,,,1615,0,20,MAY26,2002,i
25779516,Nahar Neel Tushar,IND,M,,,,1567,0,20,MAY26,2007,i
25685090,Nahid Amon,IND,M,,,,1486,0,40,MAY26,2008,i
5032636,"Naidu, Harish",IND,M,,,,1693,0,20,MAY26,1997,i
88160432,Naija M,IND,F,,,,1454,0,40,MAY26,2010,w
35004115,Naik Amit,IND,M,,,,1588,0,20,MAY26,1978,
46642889,Naik Atharv,IND,M,,,,1678,0,20,MAY26,2002,i
45035741,Naik Gaonkar Suyash,IND,M,,,,1486,0,40,MAY26,2008,i
531075550,Naik Khyana Chintan,IND,F,,,,1518,7,40,MAY26,2018,w
33436649,Naik Mihir,IND,M,,,,1611,0,40,MAY26,2010,
46630538,Naik Piyush H,IND,M,,,,1458,5,20,MAY26,1972,
45035768,Naik Saish Harishchandra,IND,M,,,,1473,0,20,MAY26,2002,i
46616063,Naik Sayuri,IND,F,,,,1555,0,,MAY26,2007,wi
5034485,Naik Sharad J,IND,M,,,,1564,0,20,MAY26,1962,i
35077384,Naik Shirodkar Prajay,IND,M,,,,1415,0,20,MAY26,2002,i
25095145,Naik Shvesh S,IND,M,,,,1540,0,20,MAY26,2001,i
88194493,Naik Siddhanth Samarth,IND,M,,,,1463,0,40,MAY26,2015,
46616071,Naik Snehal,IND,F,,FA,,1491,0,20,MAY26,2002,wi
33427372,Naik Swanand,IND,M,,,,1571,8,40,MAY26,2010,
531076661,Naik Tanay Chirag,IND,M,,,,1534,0,40,MAY26,2010,
25664077,Naik Vedant Sabaji,IND,M,,,,1427,0,20,MAY26,2003,i
5067081,"Naik, Rishubh Naresh",IND,M,,,,2004,0,20,MAY26,1999,i
35097164,Nair Rajesh,IND,M,,SI,,1419,0,20,MAY26,1972,i
25753339,Nair Sreevaishnav,IND,M,,,,1521,0,40,MAY26,2012,i
547015837,Nair Vinodkumar,IND,M,,,,1469,7,20,MAY26,1959,
366127615,"Nair, Aayush",IND,M,,,,1582,0,,MAY26,2004,
10301917,"Nair, Aswin",IND,M,,,,1659,9,20,MAY26,2002,
5026202,"Nair, Sanjeev",IND,M,,,,2043,0,20,MAY26,1997,i
366102536,"Nair, Sraavan",IND,M,,,,1574,5,,MAY26,2015,
88160963,Naithik Krishna M,IND,M,,,,1489,10,40,MAY26,2013,
33387591,Naitik Jain,IND,M,,,,1681,9,40,MAY26,2012,
429090628,Naitik Rameshwar Nawandar,IND,M,,,,1446,0,40,MAY26,2009,i
88119289,Naitik Sethi,IND,M,,,,1709,9,40,MAY26,2012,
25919652,Naitik Y,IND,M,,,,1440,0,40,MAY26,2009,i
33497842,Naitikk V Mane,IND,M,,,,1474,2,40,MAY26,2014,
48727393,Naiyayike Biswas,IND,M,,,,1759,0,40,MAY26,2013,
25636111,Nakara Husain,IND,M,,,,1979,0,20,MAY26,2005,
35097180,Nakhawa Sahil,IND,M,,,,1572,0,20,MAY26,2002,i
429037522,Naksh,IND,M,,,,1510,0,40,MAY26,2012,
48753912,Naksh Jhamb,IND,M,,,,1507,0,,MAY26,2016,
25162128,Naksh Malik,IND,M,,,,1575,0,,MAY26,2013,i
33401373,Naksh Modi,IND,M,,,,1487,0,40,MAY26,2012,
48792322,Nakshatra Aagam Vyas,IND,M,,,,1516,0,40,MAY26,2012,
33307229,Nakshatra G,IND,F,,,,1416,0,40,MAY26,2010,wi
48723223,Nakshatra Gumudavelly,IND,F,WCM,WCM,,1649,0,40,MAY26,2016,w
25113852,Nakshatra N M,IND,F,,,,1467,0,40,MAY26,2010,w
46612416,Nakul Basumatary,IND,M,,,,1590,0,20,MAY26,1964,i
46657622,Nakul Chaudhary,IND,M,,"NI,FA",,1631,0,20,MAY26,1990,
33468915,Nakul Goyal,IND,M,,,,1634,0,20,MAY26,2004,
88153380,Nakul Kumar P,IND,M,,,,1580,0,40,MAY26,2013,i
25135619,Nakul Manmatha Shee,IND,M,,,,1477,0,40,MAY26,2011,i
35064622,Nakul Ramaswamy,IND,M,,,,1739,0,20,MAY26,2005,i
564049981,"Nakum, Vedant Amitbhai",IND,M,,,,1528,9,40,MAY26,2019,
33375615,Nalacheruvu Rameshgoud,IND,M,,,,1471,0,20,MAY26,1979,i
33486883,Nalam Varun Sri Teja,IND,M,,,,1506,0,40,MAY26,2014,i
88118860,Nalan Arumugam S,IND,M,,,,1684,8,40,MAY26,2013,
48726869,Nalin Gupta,IND,M,,,,1506,0,20,MAY26,1993,i
537035690,Nalin Sanghi,IND,M,,,,1567,0,20,MAY26,1993,
33315000,Nalinakhya Kashyap,IND,M,,,,1727,0,40,MAY26,2008,i
558002197,Nallapu Gopal,IND,M,,,,1498,0,20,MAY26,1981,
35034120,Nalo Dr. Taga,IND,M,,,,1532,0,20,MAY26,1976,
146241760,"Nalukurti, Abhay Veer",IND,M,,,,1491,0,40,MAY26,2008,i
429037549,Naman Arora,IND,M,,,,1489,0,,MAY26,2010,
537034677,Naman Jaiswal,IND,M,,,,1659,0,40,MAY26,2014,
48723142,Naman Kaushik,IND,M,,,,1647,7,,MAY26,2003,
25176862,Naman Khandelwal,IND,M,,,,1800,9,40,MAY26,2011,
33423008,Naman Nitin Mor,IND,M,,,,1555,0,40,MAY26,2010,i
35018221,Naman Porwal,IND,M,,NA,,1686,0,20,MAY26,2001,i
537015036,Naman Rao P,IND,M,,,,1570,0,,MAY26,2012,
25149130,Naman Sati,IND,M,,,,1460,4,20,MAY26,2000,
33394083,Naman Sharma,IND,M,,,,1502,5,40,MAY26,2012,
558029001,Naman Sharma,IND,M,,,,1448,0,40,MAY26,2009,
25089269,Naman Singh,IND,M,,,,1549,0,20,MAY26,2000,i
366195820,"Nambiar, Niranjan Sujith",IND,M,,,,1568,0,,MAY26,2010,
5005329,"Nambiar, Vivek",IND,M,,,,1817,0,20,MAY26,1972,i
48752380,Namish Gupta,IND,M,,,,1608,0,40,MAY26,2014,
33344922,Namish Khanna,IND,M,,,,1590,0,,MAY26,2013,
33425620,Namish R Poojary,IND,M,,,,1476,0,40,MAY26,2009,
46680292,Namish Sharma,IND,M,,,,1571,0,40,MAY26,2008,i
429037557,Namit Goel,IND,M,,,,1621,0,40,MAY26,2017,
35071068,Namitbir Singh Walia,IND,M,IM,,,2217,9,20,MAY26,2005,
5018269,"Namra, H. Pandya",IND,M,,,,1929,0,20,MAY26,1989,i
45035270,Nanal Arnav,IND,M,,,,1813,0,40,MAY26,2008,i
1467948,Nancee Cheryl,IND,F,,,,1592,9,40,MAY26,2010,w
5014395,Nand Kishor,IND,M,,IA,,1969,0,20,MAY26,1969,i
45086303,Nand Kumar Tekam,IND,M,,,,1497,0,20,MAY26,1964,i
35024299,Nanda Gopal D R,IND,M,,,,1491,0,20,MAY26,1972,i
25196839,Nanda Kishore Manchikanti,IND,M,,,,1408,0,,MAY26,1983,
25650483,Nanda Lal Bhowmik,IND,M,,,,1591,0,,MAY26,1984,
5028612,"Nanda, Kumar T.S.",IND,M,,,,1927,0,20,MAY26,1983,i
10302115,"Nandakumar, Menon",IND,M,,,,1646,0,20,MAY26,1970,i
25746146,Nandan M M B,IND,M,,,,1526,0,40,MAY26,2011,
537050737,Nandan Roy,IND,M,,,,1662,0,20,MAY26,2003,
5023580,"Nandan, Buragohain",IND,M,,NA,,1924,0,20,MAY26,1988,i
33423644,Nandana Mooketh,IND,F,,,,1628,0,40,MAY26,2011,w
48759104,Nandha Gopal D,IND,M,,,,1444,0,20,MAY26,2000,i
46669060,Nandha Kumar K,IND,M,,NI,,1866,0,20,MAY26,1996,
25662104,Nandhakumar S G,IND,M,,,,1411,0,20,MAY26,2005,i
88103510,Nandhakumaran M,IND,M,,,,1615,0,40,MAY26,2011,
5050847,"Nandhidhaa, P V",IND,F,WGM,WGM,,2119,0,20,MAY26,1996,w
25014668,Nandhini R,IND,F,,,,1705,0,20,MAY26,2000,wi
5031885,"Nandhini, Saripalli",IND,F,,IA,,1887,0,20,MAY26,1994,wi
33320977,Nandhitha Vivek,IND,F,,,,1472,0,40,MAY26,2013,w
537054430,"Nandi, Ankit",IND,M,,,,1448,3,40,MAY26,2012,
531046800,"Nandi, Pritika",IND,F,,,,1630,7,40,MAY26,2018,w
577028570,"Nandi, Rudransh",IND,M,,,,1504,8,40,MAY26,2017,
25151940,Nandini Lodam,IND,F,,,,1456,7,40,MAY26,2012,w
429076919,Nandini Sharma,IND,F,,,,1462,0,40,MAY26,2011,w
45084297,Nandish V S,IND,M,FM,,,2080,0,40,MAY26,2008,
46626697,Nanditha V,IND,F,WCM,WCM,,1760,0,20,MAY26,2003,w
25054465,Nandu Gagarin,IND,M,,,,1690,0,20,MAY26,1999,i
46607382,Nandwal Ankit,IND,M,,,,1617,0,20,MAY26,1996,i
25784137,Nangliya Chetan,IND,M,,,,1478,0,20,MAY26,2003,
33388601,Nani Babu Bandaru,IND,M,,,,1577,0,40,MAY26,2010,
25682628,Nanthabalan V B,IND,M,,,,1526,0,40,MAY26,2010,
25767445,Nanthakumar Kanna P R,IND,M,,,,1479,0,20,MAY26,2004,i
45046298,Naorem Cha Yoihenba,IND,M,,,,1690,0,20,MAY26,2001,
25996584,Naraboina Rakesh,IND,M,,,,1554,0,20,MAY26,1997,
25190920,Narahari Aishwarya,IND,F,,,,1612,0,,MAY26,2012,w
25626817,Narahari Geethika Hasini,IND,F,,,,1684,0,20,MAY26,2007,w
531013627,Naraharisetti Venkata Durga Sivasai Mani Krishna Chaitanya,IND,M,,,,1623,0,20,MAY26,1998,i
121146663,"Narain, Gopinath",IND,M,,,,1572,0,20,MAY26,2006,i
45057958,Narasimha Raveendra G,IND,M,,,,1740,0,20,MAY26,1999,i
25098420,Narasimhan B,IND,M,,,,1576,5,20,MAY26,1991,
45053286,Narayan Bahadur Thapa,IND,M,,,,1611,0,20,MAY26,1994,i
25026178,Narayan Rai,IND,M,,,,1671,0,20,MAY26,1971,
46616985,Narayana Perumal K,IND,M,,,,1467,0,20,MAY26,1978,i
35067141,"Narayana Rao, Ch",IND,M,,,,1659,0,20,MAY26,1963,i
46627170,Narayana Sharma B L,IND,M,,,,1562,0,20,MAY26,1984,
25753223,Narayanan Arjun,IND,M,,,,1528,0,20,MAY26,2004,i
25086715,Narayanan J,IND,M,,,,1678,0,20,MAY26,1959,i
33313350,Narayanan Rajesh,IND,M,,,,1434,0,40,MAY26,2012,i
33336989,Narayanan Rishitha,IND,F,,,,1531,0,40,MAY26,2014,w
5058422,Narayanan S L,IND,M,GM,,,2647,5,10,MAY26,1998,
5016037,"Narayanan, K.",IND,M,,,,2201,0,20,MAY26,1991,i
5027160,"Narayanan, S.r",IND,M,,,,1833,0,20,MAY26,1948,i
5018420,"Narayanan, Srinath",IND,M,GM,,,2443,0,10,MAY26,1994,
5074339,Narayanan.M.R,IND,M,,,,1737,0,20,MAY26,1998,i
33450390,Narayani Umesh Marathe,IND,F,,,,1561,0,40,MAY26,2016,w
48774022,Nareddy Siddharth Reddy,IND,M,,,,1503,0,,MAY26,2015,
25646931,Naren Gupta,IND,M,,,,1912,9,40,MAY26,2010,
5062500,"Naren N, Kumar",IND,M,,,,1878,0,20,MAY26,1997,
25688413,Naren Ramesh,IND,M,,,,1455,0,20,MAY26,2005,i
531049850,Naren Srinivasan T,IND,M,,,,1429,0,40,MAY26,2012,
5073146,"Naren, Swaminathan P",IND,M,,,,1917,0,20,MAY26,1998,i
537085271,Narendar S,IND,M,,,,1471,0,40,MAY26,2015,
5092450,Narendhiran R,IND,M,,,,1722,0,20,MAY26,2000,i
33411751,Narendra Agarwal,IND,M,,,,1808,0,40,MAY26,2014,
429073286,Narendra Kumar,IND,M,,,,1471,0,20,MAY26,1991,
35081969,Narendra Pallavan S,IND,M,,,,1632,0,20,MAY26,2002,i
25069985,Narendra Singh,IND,M,,,,1754,0,20,MAY26,1979,i
33379815,Narendra Tumbekodige Manappa,IND,M,,,,1413,0,20,MAY26,1975,i
45016631,Narendraa J,IND,M,,,,1468,0,20,MAY26,2003,i
46673989,Narendran Gouthaman,IND,M,,,,2016,0,20,MAY26,2004,i
35031759,Narendran V,IND,M,,,,1735,0,20,MAY26,1999,i
5090458,"Narendran, D",IND,M,,,,1681,0,20,MAY26,1972,
5068231,"Narendrkumar, Rangari",IND,M,,,,1514,0,20,MAY26,1966,
48790346,Naresh Karthick,IND,M,,,,1438,0,40,MAY26,2014,i
25003780,"Naresh Krishna, S",IND,M,,,,1580,6,20,MAY26,1994,
25022938,Naresh T,IND,M,,,,1747,0,20,MAY26,1983,i
5039010,"Naresh, Kantode",IND,M,,,,1662,0,20,MAY26,1972,i
25010379,"Narke, Ajinkya",IND,M,,,,1665,0,20,MAY26,1994,i
33428344,Narkhede Rishit Nitin,IND,M,,,,1555,0,40,MAY26,2009,
35077422,Naroji Sanskriti,IND,F,,NA,,1477,0,20,MAY26,2001,wi
429054982,Narottam Meena,IND,M,,,,1464,0,,MAY26,2003,
577039351,"Narula, Shlok",IND,M,,,,1566,7,40,MAY26,2017,
25730460,Narvekar Navya,IND,F,,,,1459,0,40,MAY26,2012,w
48745219,Nashvan Mohammed,IND,M,,,,1450,0,20,MAY26,2007,i
45041903,Nasser Poyil,IND,M,,,,1678,0,20,MAY26,1976,i
547056185,Natabar Das,IND,M,,,,1609,0,20,MAY26,1964,
5005000,Natarajan C,IND,M,CM,DI,,2145,0,20,MAY26,1975,
46673075,Natarajan R,IND,M,,,,1456,0,20,MAY26,1968,i
25932012,Natarajan S,IND,M,,,,1494,0,20,MAY26,2006,i
33367698,Natarajan Shravan,IND,M,,,,1609,7,40,MAY26,2014,
5050936,"Natasha, Dutta",IND,F,,,,1624,0,20,MAY26,1999,wi
5006724,"Nath, Rupankar",IND,M,CM,FT,,1944,0,20,MAY26,1980,i
25059394,Natha Mayil N,IND,F,,,,1588,0,20,MAY26,2002,wi
33490015,Nathan George,IND,M,,,,1446,0,40,MAY26,2012,i
33481326,Nathan Mathew Punnoose,IND,M,,,,1437,0,40,MAY26,2012,
547038535,Nathan Oommen,IND,M,,,,1418,0,40,MAY26,2011,
558092153,Nathan Shinde,IND,M,,,,1599,0,20,MAY26,2002,
537000225,Nathan Thomas,IND,M,,,,1539,0,40,MAY26,2017,
374101613,"Nathan, Kailash",IND,M,,,,1465,4,,MAY26,2013,
88191826,Nathanael Xavier,IND,M,,,,1433,0,40,MAY26,2012,i
35084364,Naushad Vavachan,IND,M,,,,1570,0,20,MAY26,1975,i
429085640,Navadeep Saki Saravanan,IND,M,,,,1553,0,,MAY26,2014,
33499675,Navadya Gupta,IND,M,,,,1416,0,40,MAY26,2013,i
429052912,Naval Mit Vora,IND,M,,,,1422,0,40,MAY26,2014,
5030854,"Navalgund, Niranjan",IND,M,FM,,,2238,0,20,MAY26,1994,i
46671897,Navalkar Amit,IND,M,,,,1770,0,20,MAY26,1981,i
33369879,Navaneel Chhatui,IND,M,,,,1736,0,40,MAY26,2012,
33307245,Navaneesha P,IND,M,,,,1613,0,20,MAY26,2000,i
33396868,Navaneet Sreekanth,IND,M,,,,1875,0,,MAY26,2012,
429088445,Navaneeth Krishna K P,IND,M,,,,1511,0,,MAY26,2011,
531046053,Navaneetha Krishna,IND,M,,,,1511,5,,MAY26,2011,
25094092,Navaneetha Krishna,IND,M,,,,1632,0,20,MAY26,1995,i
25930869,Navaneetha Krishnan G,IND,M,,,,1421,0,,MAY26,1998,i
48700169,Navaneetha Madhavaa M M,IND,M,,,,1419,19,40,MAY26,2014,
25935224,Navare Vibha,IND,F,,,,1432,0,40,MAY26,2008,wi
48712337,Navdeep Sandeep Wakte,IND,M,,,,1456,0,40,MAY26,2012,
46670211,Navdeep Singh Jaswal,IND,M,,,,1656,0,20,MAY26,2000,i
46641882,Naveed Ahmed N,IND,M,,,,1490,0,20,MAY26,1991,
35002570,Naveen Giri,IND,M,,,,1740,0,20,MAY26,1998,i
25698257,Naveen K S,IND,M,,,,1784,0,20,MAY26,2005,
429025346,Naveen Kkarthik B K,IND,M,,,,1405,0,40,MAY26,2012,i
537014730,Naveen Krishna Bhat S,IND,M,,,,1672,0,20,MAY26,2002,i
48724785,Naveen Krishna S,IND,M,,,,1422,0,20,MAY26,2000,i
5080193,Naveen Kumar,IND,M,,,,1430,5,20,MAY26,1976,
25143301,Naveen Kumar K,IND,M,,,,1440,0,20,MAY26,1999,i
25642200,Naveen Kumar P,IND,M,CM,,,1975,0,40,MAY26,2009,
25745085,Naveen Kumar R,IND,M,,,,1535,0,20,MAY26,2000,i
5086418,"Naveen Kumar, V",IND,M,,,,1572,0,,MAY26,1981,i
25606069,Naveen R S,IND,M,,,,1555,0,20,MAY26,2003,i
25610503,Naveen Rajan P,IND,M,,,,1525,0,20,MAY26,2005,i
25787390,Naveen S,IND,M,,,,1506,0,20,MAY26,2002,i
5061075,Naveen S Hegde,IND,M,,,,1774,0,20,MAY26,1983,
88152260,Naveen Santh J,IND,M,,,,1485,0,40,MAY26,2008,i
25718142,Naveen T S,IND,M,,,,1528,0,20,MAY26,2006,i
429074045,Naveen Thangavel,IND,M,,,,1444,0,20,MAY26,1990,
5029279,"Naveen, Kumar A.",IND,M,,"FI,NA",,1876,0,20,MAY26,1977,
5059879,"Naveen, V.M.",IND,M,,,,1615,0,20,MAY26,1993,i
25980203,Navieka Jaiswal,IND,F,,,,1712,0,40,MAY26,2012,w
547091339,Navilan Sathishkumar,IND,M,,,,1446,0,40,MAY26,2016,
25665820,Navin Krishna I N,IND,M,,,,1447,0,20,MAY26,2006,i
537071092,Navin Musale,IND,M,,,,1580,0,40,MAY26,2010,
5015294,"Navin, Kanna T.u.",IND,M,IM,,,2366,0,10,MAY26,1989,i
48798134,Navneet Kalia Perumal,IND,M,,,,1557,7,40,MAY26,2013,
531002234,Navneet Subba,IND,M,,,,1500,0,40,MAY26,2012,
25066552,Navnitan S V,IND,M,,,,1781,0,20,MAY26,2000,i
558004300,Navodit Batra,IND,M,,,,1408,0,20,MAY26,2006,
46652140,Navodith V Bhat,IND,M,,,,1702,0,20,MAY26,2002,i
45033889,Navoneel Choudhury,IND,M,,,,1445,0,20,MAY26,2007,
537017349,Navonil Das,IND,M,,,,1576,0,40,MAY26,2016,
45089370,Navvye Anand,IND,M,,,,1570,0,20,MAY26,2006,i
88126889,Navya Agrawal,IND,F,,,,1407,7,40,MAY26,2016,w
429081971,Navya Goenka,IND,F,,,,1486,0,40,MAY26,2011,w
25693425,Navya Goyal,IND,M,,,,1621,0,40,MAY26,2008,i
33407495,Navya Neeraj Kumar Dinkar,IND,F,,,,1484,0,40,MAY26,2008,wi
25725653,Navya P L,IND,F,,,,1478,11,40,MAY26,2009,w
547051027,Navya Singh,IND,F,,,,1412,0,40,MAY26,2012,w
25122991,Nawal Laximan Sawant,IND,M,,,,1512,0,40,MAY26,2009,i
45031231,Nawin J J,IND,M,FM,,,2230,0,20,MAY26,2003,i
25709712,Nawin M S,IND,M,,,,1893,0,20,MAY26,2005,i
531063381,Nayak Himanshu,IND,M,,,,1665,0,40,MAY26,2012,
531024530,Nayak Nagesh,IND,M,,,,1483,0,40,MAY26,2012,
25737490,Nayak Pavitra,IND,F,,,,1447,0,20,MAY26,2006,wi
25737503,Nayak Poorvi,IND,F,,,,1405,0,40,MAY26,2012,wi
35017152,Nayak Rajesh,IND,M,FM,,,2110,0,20,MAY26,1996,
25707701,Nayak Sunil Kumar,IND,M,,,,1480,0,20,MAY26,1981,
5066042,"Nayak, Biswajit",IND,M,,,,1983,0,20,MAY26,1993,i
25028740,"Nayak, Sanjeeban",IND,M,,,,1779,0,20,MAY26,1989,
25028731,"Nayak, Satya Sundar",IND,M,,,,1860,0,,MAY26,1963,i
35059858,Nayan Chandrabhan Ramteke,IND,M,,,,1563,0,20,MAY26,1999,
88141853,Nayan Siddesh Hiremath,IND,M,,,,1426,0,40,MAY26,2012,i
429046947,Nayanadeetcha G R,IND,F,,,,1410,9,40,MAY26,2012,w
531059872,Nayanaksh Reddy Janammolla,IND,M,,,,1432,0,40,MAY26,2014,i
45028710,Nayanikaa Muralidharan,IND,F,,,,1713,9,20,MAY26,2004,w
5090466,Nayaz Ahamad,IND,M,,,,1717,0,20,MAY26,1976,i
531030548,Naysa Abhijit Dhanwalkar,IND,F,,,,1582,0,40,MAY26,2010,wi
33495203,Nazal Muhammed P P,IND,M,,,,1497,0,40,MAY26,2012,i
547049588,Nazwan Hussain Baary,IND,M,,,,1476,0,40,MAY26,2018,
33407819,Neal Midha,IND,M,,,,1530,0,40,MAY26,2013,
429006384,Neavin Raghunathan,IND,M,,,,1436,0,40,MAY26,2016,i
547090944,Nedunoori Abhiram Reddy,IND,M,,,,1478,0,,MAY26,2015,
48713279,Neehar Das,IND,M,,,,1416,0,40,MAY26,2013,
33342946,Neel Chirag Gandhi,IND,M,,,,1434,0,40,MAY26,2013,i
547093595,Neel Kamal,IND,M,,,,1454,0,20,MAY26,1990,
88132307,Neel Nishant Nandrunkar,IND,M,,,,1417,0,40,MAY26,2012,i
25970585,Neel Pendharkar,IND,M,,,,1469,0,20,MAY26,1996,i
33476594,Neel Prakash Nankani,IND,M,,,,1700,9,40,MAY26,2008,
33398836,Neel Shrivastava,IND,M,,,,1452,0,20,MAY26,2006,i
25033700,Neel Thomas,IND,M,,,,1648,0,20,MAY26,2002,i
537023080,Neel Tripathi,IND,M,,,,1490,0,,MAY26,2009,
35076710,Neel Venkat Yerramilli,IND,M,,,,1935,0,20,MAY26,2000,
35069640,Neelabh Jyoti Borthakur,IND,M,,,,1837,0,20,MAY26,1997,i
25166239,Neelabha Sarkar,IND,M,,,,1478,0,40,MAY26,2009,
33369623,Neelabhro Bandyopadhyay,IND,M,,,,1900,0,40,MAY26,2010,
88157628,Neelabjaa Bose,IND,F,,,,1416,0,40,MAY26,2013,w
531005357,Neelaksh Sharma,IND,M,,,,1730,0,20,MAY26,2005,
48718530,Neelanjan Chatterjee,IND,M,,,,1516,0,40,MAY26,2013,
577021037,Neelarghya Kundu,IND,M,,,,1427,0,20,MAY26,2003,
5094160,Neelash Saha,IND,M,IM,,,2334,0,20,MAY26,2002,
429069157,Neeloprabho Saha,IND,M,,,,1496,3,40,MAY26,2013,
531030718,Neelotpal,IND,M,,,,1562,0,20,MAY26,1985,i
5003512,"Neelotpal, Das",IND,M,GM,,,2259,0,10,MAY26,1982,i
45037531,Neema Eshika,IND,F,,,,1447,0,20,MAY26,2005,wi
558003983,Neer Jain,IND,M,,,,1508,0,40,MAY26,2013,
33436355,Neerad P,IND,M,,,,1512,0,40,MAY26,2010,i
547045612,Neeraj B,IND,M,,,,1530,0,40,MAY26,2011,
35058223,Neeraj Kumar,IND,M,,,,1582,0,20,MAY26,1989,i
25012100,Neeraj Kumar.R,IND,M,,,,1557,0,20,MAY26,2000,i
25649426,Neeraj Mehta,IND,M,,,,1550,0,20,MAY26,2004,i
25729640,Neeraj Sah,IND,M,,NA,,1625,0,20,MAY26,1979,
531086195,Neeraja Sathiyamoorthy,IND,M,,,,1418,0,40,MAY26,2014,
48790362,Neerav Akhil Nair,IND,M,,,,1451,0,40,MAY26,2014,
429027276,Neev Bhargava,IND,M,,,,1447,0,40,MAY26,2011,
33379513,Neev Chauhan,IND,M,,,,1507,0,40,MAY26,2012,i
33418470,Neev Hemish Shah,IND,M,,,,1585,0,40,MAY26,2009,i
429018692,Neev Nirav Bafna,IND,M,,,,1508,0,40,MAY26,2015,
429034841,Neev Vivek,IND,M,,,,1434,0,40,MAY26,2013,
45081441,Negi Ashish,IND,M,,,,1506,0,20,MAY26,1998,i
25709984,Negi Augustiya,IND,M,,,,1673,0,20,MAY26,2006,i
5016690,"Negi, Parimarjan",IND,M,GM,,,2613,0,10,MAY26,1993,i
5001978,"Negi, Virender Singh",IND,M,,,,1932,0,20,MAY26,1963,i
25016130,Neha Ananth K,IND,F,,,,1555,0,20,MAY26,2001,wi
35081888,Neha Srinibash D,IND,F,,,,1647,0,20,MAY26,2002,wi
531037534,Neha Verma,IND,F,,,,1550,0,20,MAY26,1995,w
531049125,Nehal Jain,IND,F,,,,1526,0,40,MAY26,2011,w
88130304,Nehal Patil,IND,M,,,,1621,0,40,MAY26,2010,i
25101358,Nehan Sanket Mehta,IND,M,,,,1487,0,40,MAY26,2011,i
25041282,Nehete Akshay S,IND,M,,,,1938,0,20,MAY26,1999,i
25125923,Neil Bavishi,IND,M,,,,1416,6,40,MAY26,2011,
5051053,"Neil Franclin, S",IND,M,,,,1831,0,20,MAY26,1996,i
33479690,Neil Kiran Devakkalavar,IND,M,,,,1444,0,40,MAY26,2010,i
429094895,Neil Vikram Aggarwal,IND,M,,,,1444,5,,MAY26,2013,
25149261,Neil Yadav,IND,M,,,,1498,4,40,MAY26,2012,
25185608,Neilay Krishna Agarwal,IND,M,,,,1541,0,,MAY26,2006,i
33344671,Neilooday Raj,IND,M,,,,1491,0,40,MAY26,2014,i
531023088,Neithal D Ansera,IND,M,,,,1738,0,40,MAY26,2017,
88134628,Nekilan B,IND,M,,,,1483,0,40,MAY26,2014,
25121243,Nelavalli Sarath Chandra,IND,M,,,,1586,0,20,MAY26,1994,i
5014280,"Nelson, Clement",IND,M,,,,1748,0,20,MAY26,1971,
48713384,Nelvin Kaushik,IND,M,,,,1661,0,40,MAY26,2012,i
33441642,Nema Avinash,IND,M,,,,1455,4,20,MAY26,2001,
5012910,"Nema, Anupam",IND,M,,,,1740,0,20,MAY26,1984,i
25981072,Nenthiran Balaji S,IND,M,,,,1476,0,40,MAY26,2011,i
25619454,Neo Binu,IND,M,,,,1511,0,,MAY26,2007,i
88111466,Nerlekar Ayush Yogesh,IND,M,,,,1560,0,40,MAY26,2011,
5036950,"Nerlikar, Shailesh",IND,M,,,,1699,0,20,MAY26,1978,i
48723428,Nesara Arun Kumar,IND,F,,,,1431,0,40,MAY26,2014,wi
25986341,Nethraa U L,IND,F,,,,1432,0,,MAY26,2010,wi
45005850,Netra P Savaikar,IND,F,,,,1660,0,40,MAY26,2008,wi
5015545,"Nevgi, Milind",IND,M,,,,2111,0,20,MAY26,1982,i
46619089,"Nevin ,Jojo",IND,M,,,,1580,0,20,MAY26,2004,
547085207,Nevin Thomas,IND,M,,,,1507,0,40,MAY26,2013,
429098947,Ng Randiv Singha,IND,M,,,,1504,0,40,MAY26,2010,
537066501,Nibhish Pradhan,IND,M,,,,1576,0,40,MAY26,2011,
25740130,Nibhriti Goswami,IND,F,,,,1405,0,40,MAY26,2011,wi
429057337,Nibir Malakar,IND,M,,,,1421,0,40,MAY26,2011,i
48713570,Nibir Nayan Kashyap,IND,M,,,,1547,0,40,MAY26,2011,
25010387,"Nichat, Aditya",IND,M,,,,1830,0,20,MAY26,1995,i
25056891,Nicolas John,IND,M,,,,1825,0,20,MAY26,1984,i
564045617,"Nidambhali, Vaibhavkumar",IND,M,,,,1499,0,20,MAY26,1995,
48779270,Nidhi Kesavarao Baipotu,IND,F,,,,1454,0,40,MAY26,2010,w
547045175,Nidhi M,IND,F,,,,1415,0,40,MAY26,2010,w
577020839,Nidhi Pandey,IND,F,,,,1428,0,20,MAY26,1992,w
531008682,Nidhima Gulati,IND,F,,,,1551,0,40,MAY26,2009,w
33460051,Nidhin Mothayil Sunesh,IND,M,,,,1418,0,40,MAY26,2009,i
88107957,Nidhin Sivaram SM,IND,M,,,,1476,0,40,MAY26,2015,i
531048706,Nidhish Harsha Kumar Garapati,IND,M,,,,1504,0,40,MAY26,2017,
33491917,Nidhish Shyamal,IND,M,,,,2012,0,40,MAY26,2015,
33493073,Nidyush Anand,IND,M,,,,1557,0,,MAY26,2015,
46634533,Nigam Sanya,IND,F,,,,1428,0,20,MAY26,2005,wi
564072940,"Nigam, Prakhar",IND,M,,,,1606,0,40,MAY26,2012,
45019762,Nigamaa Sree D,IND,F,,,,1456,0,40,MAY26,2008,wi
25143336,Nigash G,IND,M,,,,1903,0,20,MAY26,2007,
25705814,Nigudkar Ameya,IND,M,,,,1526,0,20,MAY26,2002,i
48724998,Niha Sharon Daniel,IND,F,,,,1407,0,40,MAY26,2014,wi
25118714,Nihaan Pohane,IND,M,,,,1870,0,40,MAY26,2011,
46691740,Nihad Islam Hazarika,IND,M,,,,1662,0,20,MAY26,2006,
564007120,Nihal Akarim Solkar,IND,M,,,,1407,0,20,MAY26,1995,
547061995,Nihal Liju,IND,M,,,,1413,0,40,MAY26,2015,
25796267,Nihal N Shetty,IND,M,,,,1825,0,20,MAY26,2005,
88167860,Nihal Naramneni,IND,M,,,,1422,0,40,MAY26,2015,i
25759043,Nihal Parvathaneni,IND,M,,,,1587,0,40,MAY26,2010,i
531012086,Nihal Saheer,IND,M,,,,1499,0,40,MAY26,2008,
25092340,Nihal Sarin,IND,M,GM,,,2723,0,10,MAY26,2004,
25172328,Nihal Varma S S K,IND,M,,,,1695,0,40,MAY26,2013,i
48705560,Nihar Muvvala,IND,M,,,,1441,0,40,MAY26,2010,i
5068266,"Nihar N., Kulkarni",IND,M,,,,1811,0,20,MAY26,1994,i
25039105,Nihar Ranjan Banerjee,IND,M,,,,1779,0,20,MAY26,1946,i
35051270,Niharika Challa,IND,F,WCM,WCM,,2028,0,20,MAY26,2000,w
33423610,Niharika K,IND,F,,,,1453,12,40,MAY26,2012,w
366127731,Nihira Koul,IND,F,,,,1860,10,40,MAY26,2011,w
25175696,Nihish P,IND,M,,,,1417,0,40,MAY26,2010,i
5068843,"Nijanthan, S.",IND,M,,,,1661,4,20,MAY26,1991,
25975005,Nijesh R,IND,M,,,,1888,0,40,MAY26,2013,
25937871,Nikam Mayank,IND,M,,,,1485,0,20,MAY26,2006,i
25087339,Nikam Sayali,IND,F,,,,1634,0,20,MAY26,2000,wi
25087347,Nikam Sudhanshu,IND,M,,,,1867,0,20,MAY26,2005,i
5029759,"Nikam, Ravindra",IND,M,,"FI,NA",,1846,0,20,MAY26,1977,
46617000,Nikesh K,IND,M,,,,1484,0,20,MAY26,2003,i
25611232,Niket Jain,IND,M,,,,1528,0,40,MAY26,2009,i
429007747,Nikhade Sreyash,IND,M,,,,1405,0,40,MAY26,2012,
429000769,Nikhil Asvin,IND,M,,,,1456,0,40,MAY26,2013,i
46639276,Nikhil Chidipothu,IND,M,,,,1604,0,20,MAY26,2004,i
429058660,Nikhil Devanand Wasnik,IND,M,,,,1476,0,20,MAY26,1980,
88129314,Nikhil Ebenezer Thomas,IND,M,,,,1439,0,20,MAY26,1987,
25015990,Nikhil Gawande,IND,M,,,,1575,0,20,MAY26,1992,
25621360,Nikhil Jain,IND,M,,,,1520,0,20,MAY26,1993,
48717363,Nikhil Jugal Loya,IND,M,,,,1423,0,40,MAY26,2009,i
547084421,Nikhil Kharwandikar,IND,M,,,,1610,0,20,MAY26,1978,
33431256,Nikhil Kumar,IND,M,,,,1807,0,40,MAY26,2011,
48760404,Nikhil Kumar,IND,M,,,,1461,0,20,MAY26,2001,i
35015966,Nikhil M,IND,M,CM,,,1933,0,20,MAY26,1997,
35075497,Nikhil Magizhnan,IND,M,CM,,,1986,0,20,MAY26,2006,i
25773364,Nikhil Mahajan,IND,M,,NA,,1640,0,20,MAY26,1996,
88104877,Nikhil Manikandan,IND,M,,,,1456,0,40,MAY26,2010,i
547094036,Nikhil Purohit,IND,M,,,,1601,0,20,MAY26,1998,
46630287,Nikhil Ramakrishnan,IND,M,,,,1414,0,40,MAY26,2008,i
33339392,Nikhil Roshan A,IND,M,,,,1593,0,,MAY26,2013,i
537030728,Nikhil Saravanan,IND,M,,,,1669,0,40,MAY26,2013,
25039822,Nikhil Singh,IND,M,,,,1708,0,20,MAY26,2000,i
25750240,Nikhil T L,IND,M,,,,1813,12,40,MAY26,2009,
531032290,Nikhil Vijay Kumar Gupta,IND,M,,,,1416,0,40,MAY26,2009,i
558005250,Nikhil Vijay Rodrigues,IND,M,,,,1443,0,20,MAY26,1992,
25775880,Nikhilesh E,IND,M,,,,1486,0,20,MAY26,2006,i
33438803,Nikhilesh Karthick,IND,M,,,,1529,0,40,MAY26,2012,
33409528,Nikhilesh R,IND,M,,,,1635,0,40,MAY26,2016,
25955241,Nikhilesh Ram V S,IND,M,,,,1477,0,40,MAY26,2008,i
48730629,Nikhilram Suresh,IND,M,,,,1604,9,40,MAY26,2008,
33430446,Nikiilesh A U,IND,M,,,,1713,0,20,MAY26,2007,
547071516,Nikil Prasanna,IND,M,,,,1448,0,40,MAY26,2016,
48720011,Nikil Reddy Thalamarla,IND,M,,,,1536,0,,MAY26,2011,
46616730,Nikilesh G K,IND,M,,,,1516,0,20,MAY26,2007,i
33498121,Nikitha Prabhu Sivaprakash,IND,F,,,,1423,0,40,MAY26,2015,wi
5037921,Niklesh Kumar Jain,IND,M,,"FI,FT",,1908,0,,MAY26,1984,
429069432,Nikshit Sasmal,IND,M,,,,1580,0,40,MAY26,2015,
25769162,Nikunj Agrawal,IND,M,,,,1618,0,40,MAY26,2011,i
531050255,Nikunj Bhatia,IND,M,,,,1655,0,20,MAY26,2007,i
25111604,Nikunj Goenka,IND,M,,,,1453,0,20,MAY26,2006,i
558018468,Nikunj Kapur,IND,M,,,,1546,0,20,MAY26,1994,
537015770,Nikunj Kushija,IND,M,,,,1413,0,40,MAY26,2011,
25114328,Nikunj Madaan,IND,M,,,,1558,0,20,MAY26,2006,i
35083074,Nikunj Soni,IND,M,,,,1519,0,20,MAY26,1983,i
11202386,"Nikunj, Vasant",IND,M,,,,1590,0,20,MAY26,2005,i
25732030,Nil Kumar Datta,IND,M,,,,1539,0,20,MAY26,1967,
547096489,Nilabhra Baruri,IND,M,,,,1549,0,20,MAY26,1991,
25144251,Niladri Banerjee,IND,M,,,,1946,8,40,MAY26,2012,
25105094,Niladri Chakraborty,IND,M,,,,1584,0,40,MAY26,2009,
531081274,Nilak Aaryan Jay,IND,M,,,,1407,0,40,MAY26,2010,i
88127419,Nilakshi Debnath,IND,F,,,,1419,0,40,MAY26,2015,w
25974297,Nilambari M Sandesh,IND,F,,,,1413,0,40,MAY26,2011,wi
25762656,Nilange Arul,IND,M,,,,1498,0,40,MAY26,2010,i
25762648,Nilange Arush,IND,M,,,,1477,0,40,MAY26,2010,i
35026151,Nilanta Chanda,IND,M,,,,1705,8,20,MAY26,1999,
33468338,Nilavan M,IND,M,,,,1478,0,40,MAY26,2014,
547086602,Nilavo Pal,IND,M,,,,1456,3,40,MAY26,2012,
429054346,Nilay Dey,IND,M,,,,1463,0,40,MAY26,2010,
33332371,Nilay Kumar,IND,M,,,,1457,0,20,MAY26,2007,i
25669737,Nilayreddy Thalamarla,IND,M,,,,1409,0,40,MAY26,2009,i
25124307,Nilesh Chandra,IND,M,,,,1443,0,20,MAY26,1997,i
25097024,Nilesh Dashrath Bande,IND,M,,,,1523,0,20,MAY26,1996,i
25050109,Nilesh Jindal,IND,M,,,,1831,0,20,MAY26,1995,i
33438790,Nilesh Karthick,IND,M,,,,1541,0,40,MAY26,2012,
25660497,Nilesh Kumar,IND,M,,,,1561,0,20,MAY26,2001,i
531002242,Nilesh Mondal,IND,M,,,,1626,6,40,MAY26,2013,
5050960,Nilesh Shankar,IND,M,,,,1929,0,20,MAY26,1994,
25030191,"Niloy, Chakraborty",IND,M,,,,1794,0,20,MAY26,1968,i
35049372,Nimal Krishnan V,IND,M,,,,1718,0,20,MAY26,1985,i
33420157,Nimalan A,IND,M,,,,1689,0,40,MAY26,2015,
25900803,Nimay Agrawal,IND,M,CM,,,1923,9,40,MAY26,2011,
25969552,Nimbalkar Ajay,IND,M,,,,1451,0,20,MAY26,1979,
35059629,Nimbalkar Kulwantsinh,IND,M,,,,1608,0,20,MAY26,2000,i
45096953,Nimbole Sarvesh,IND,M,,,,1587,0,20,MAY26,2003,i
33451036,Nimish Ajit Rahalkar,IND,M,,,,1506,0,40,MAY26,2011,
25075764,Nimish Chugh,IND,M,,,,1446,0,,MAY26,1995,i
25909010,Nimish Prajwal B,IND,M,,,,1432,0,20,MAY26,2007,i
48713902,Nimit Gautam,IND,M,,,,1684,8,40,MAY26,2012,
25641182,Nimit Jain,IND,M,,,,1591,0,20,MAY26,2003,
25711229,Nimonkar Manthan,IND,M,,,,1516,0,20,MAY26,2005,i
33429952,Ninaad Hemant Pathak,IND,M,,,,1719,9,20,MAY26,2007,
429050634,Ninad Jitendra Barhate,IND,M,,,,1474,0,40,MAY26,2010,
25678612,Nipanikar Rishab,IND,M,,,,1495,0,20,MAY26,1997,i
33378193,Nipun Aditya Mohanty,IND,M,,,,1454,0,20,MAY26,1994,
25798057,Nipun Dangche,IND,M,,,,1477,0,20,MAY26,2007,i
5029767,"Nipun, Chaurasia",IND,M,,,,1928,0,20,MAY26,1991,i
429004969,Niraanjan Singh Tomar,IND,M,,,,1478,0,40,MAY26,2014,i
25714619,Nirag Shah,IND,M,,,,1479,0,20,MAY26,1972,i
429007372,Niraimagizh Nallasivam,IND,M,,,,1484,0,40,MAY26,2016,
88132498,Niraj Giridhar Desai,IND,M,,,,1449,11,40,MAY26,2008,
35036670,Niraj S Markandey,IND,M,,,,1666,0,20,MAY26,1993,i
537040022,Niraj Shriwastava,IND,M,,,,1485,0,20,MAY26,1980,
5045657,"Niraj, Saripalli",IND,M,CM,,,2042,0,20,MAY26,1996,
33424861,Nirali Gogoi,IND,F,,,,1424,0,40,MAY26,2010,wi
46617337,Nirali Mehta Bavesh,IND,F,,,,1526,0,20,MAY26,2001,wi
25630997,Niranjan,IND,M,,,,1495,0,,MAY26,2006,i
33407762,Niranjan Anand,IND,M,,,,1688,0,40,MAY26,2012,
33495220,Niranjan G,IND,M,,,,1449,0,40,MAY26,2010,i
25629514,Niranjan J,IND,M,,,,1534,0,20,MAY26,2001,i
25946501,Niranjan J Warrier,IND,M,,,,1748,0,40,MAY26,2009,
25685635,Niranjan Karthi Y,IND,M,,,,1636,0,40,MAY26,2009,i
25930435,Niranjan M M,IND,M,,,,1405,0,20,MAY26,2007,i
547014768,Niranjan Mohanta,IND,M,,,,1654,0,40,MAY26,2009,
48799076,Niranjan N Herle,IND,M,,,,1496,0,20,MAY26,1989,i
25016768,Niranjan R,IND,M,,,,1791,0,20,MAY26,1999,i
35049690,Niranjan Rajeev,IND,M,,,,1658,0,20,MAY26,2003,
537052390,Niranjan Ramkumar,IND,M,,,,1517,0,,MAY26,2014,
25979639,Niranjan Selvakumaran,IND,M,,,,1556,0,40,MAY26,2010,i
25651021,Niranjan Sreejithmon,IND,M,,,,1615,0,20,MAY26,2006,i
5051100,"Niranjan, Mocharla",IND,M,,FI,,1842,0,,MAY26,1985,
25128639,Niranjana N,IND,F,,,,1687,0,40,MAY26,2011,w
48705160,Niranjana Nanda,IND,F,,,,1417,4,40,MAY26,2013,w
35082337,Niranjana P R,IND,F,,,,1536,0,20,MAY26,2006,wi
88117847,Niranjjan Palaniappan,IND,M,,,,1408,6,,MAY26,2015,
558060650,Nirav B Manoj,IND,M,,,,1451,0,40,MAY26,2017,
33374996,Nirav Bagri,IND,M,,,,1546,0,40,MAY26,2013,i
429053188,Nirav Nitin Bhalerao,IND,M,,,,1459,0,40,MAY26,2011,i
5003504,"Nirav Y., Rajasuba",IND,M,,FT,,2078,0,20,MAY26,1969,i
537037250,Nirbhay Gaude,IND,M,,,,1481,0,40,MAY26,2019,
429080959,Nirek Parida,IND,M,,,,1454,0,40,MAY26,2014,
35099957,Nirgun Keval,IND,M,,,,1906,10,20,MAY26,2003,
25122185,Nirmaan Pohane,IND,M,,,,1461,0,20,MAY26,2007,
531023070,Nirmal D Ansera,IND,M,,,,1696,0,40,MAY26,2012,
5011264,Nirmal E P,IND,M,,,,2108,0,20,MAY26,1982,i
5076625,Nirmal Kumar Bose,IND,M,,,,1618,0,20,MAY26,1940,i
46646752,Nirmal L,IND,M,,,,1902,0,20,MAY26,2005,
25963929,Nirmal Lalit V,IND,M,,,,1573,0,20,MAY26,1959,i
45096546,Nirmalya Bose,IND,M,,,,1757,0,20,MAY26,1997,
35014064,Nirmalya Chakraborty,IND,M,,,,1709,0,20,MAY26,1993,
25697315,Nirnay Garg,IND,M,,,,1977,9,40,MAY26,2009,
48747572,Nirooban S S,IND,M,,,,1451,0,40,MAY26,2015,
25151100,Niroshan Thanikachalam,IND,M,,,,1712,0,40,MAY26,2013,
25733281,Nirupam Gogoi,IND,M,,,,1586,0,,MAY26,2005,i
33368929,Nirvaan Ashish Modi,IND,M,,,,1647,0,,MAY26,2010,
88123782,Nirvaan Singh Arora,IND,M,,,,1470,0,40,MAY26,2013,
33386722,Nirvan Bhamidi,IND,M,,,,1705,0,40,MAY26,2009,i
88172287,Nirvana Kumar,IND,M,,,,1484,0,40,MAY26,2015,
558036237,Nirvay Manglunia,IND,M,,,,1535,0,40,MAY26,2015,
429098955,Nirvik Das,IND,M,,,,1418,0,40,MAY26,2013,
48723916,Nisarg Bipin Shah,IND,M,,,,1404,0,20,MAY26,2000,i
577020944,Nisarg Shah,IND,M,,,,1484,0,20,MAY26,1998,
25620053,Nischal Parulekar,IND,M,,,,1432,0,20,MAY26,2003,i
547042893,Nischal Reddy Eppaturi,IND,M,,,,1423,0,,MAY26,2013,
366111393,Nischal V,IND,M,,,,1417,0,40,MAY26,2015,i
25774662,Nischala Y,IND,F,,,,1611,0,,MAY26,2006,w
33413371,Nischay Khabiya,IND,M,,,,1463,6,40,MAY26,2009,
25729225,Nischay Sharma,IND,M,,,,1751,0,,MAY26,1995,i
33366942,Nishaanth Vidyasagar,IND,M,,,,1656,0,40,MAY26,2010,
564072886,"Nishad, Aryan",IND,M,,,,1436,0,40,MAY26,2009,
537067761,Nishan Chetia,IND,M,,,,1499,0,40,MAY26,2013,
46636676,Nishan M,IND,M,,,,1559,0,20,MAY26,2006,
33397651,Nishant Abhijeet Jawalkar,IND,M,,,,1898,0,40,MAY26,2010,
35010131,Nishant Deoram Wanjari,IND,M,,,,1731,0,20,MAY26,1991,i
88199410,Nishant Kawade,IND,M,,,,1509,0,40,MAY26,2016,
48775100,Nishant Kumar,IND,M,,,,1449,0,20,MAY26,2002,
537064096,Nishant Kumar Gupta,IND,M,,,,1550,0,20,MAY26,1984,i
5099129,Nishant Malhotra,IND,M,CM,,,2129,0,20,MAY26,1995,i
35076230,Nishant Mohapatra,IND,M,,,,1500,0,20,MAY26,2001,i
35082531,Nishant Raj,IND,M,,,,1655,0,20,MAY26,2000,i
25769995,Nishant T.R.,IND,M,,,,1786,29,40,MAY26,2011,
25088440,Nishant Vakani,IND,M,,,,1772,0,20,MAY26,1983,i
429015740,Nishanth A,IND,M,,,,1596,0,40,MAY26,2010,
33487944,Nishanth Challa,IND,M,,,,1679,18,40,MAY26,2015,
25917048,Nishanth Dsouza,IND,M,,,,1716,17,20,MAY26,2006,
25732382,Nishanth G,IND,M,,,,1429,0,20,MAY26,2007,i
25148257,Nishanth Murugan,IND,M,,,,1428,0,20,MAY26,1996,i
35085468,Nishanth R,IND,M,,,,1490,0,20,MAY26,2007,i
33349819,Nishanth R J,IND,M,,,,1509,0,40,MAY26,2008,i
25690426,Nishanth S Gowda,IND,M,,,,1591,0,40,MAY26,2008,i
558095080,Nishanth Vardhan Gowducheruvu,IND,M,,,,1684,0,40,MAY26,2016,
88137635,Nishanth Velavan Padmanabhan,IND,M,,,,1402,6,40,MAY26,2010,
564079490,"Nishanth, K",IND,M,,,,1420,3,40,MAY26,2012,
547096942,Nishchay,IND,M,,,,1439,0,20,MAY26,2007,
25672452,Nishchay Arora,IND,M,,,,1699,0,20,MAY26,1998,i
33484031,Nishchay Singh Rana,IND,M,,,,1473,0,40,MAY26,2013,i
48793876,Nishchaya Singh,IND,M,,,,1486,7,,MAY26,2014,
25147447,Nishesh S B,IND,M,,,,1646,7,20,MAY26,2007,
5057124,"Nishi, Mahalaxmi Iyer",IND,F,,,,1778,0,20,MAY26,1998,wi
33438781,Nishita Karthick,IND,F,,,,1674,0,40,MAY26,2012,w
25925792,Nishith Pagaria,IND,M,,,,1450,0,40,MAY26,2011,i
547002042,Nishkam Bansal,IND,M,,,,1518,0,40,MAY26,2010,
25953567,Nishtha Tyagi,IND,F,,,,1405,0,40,MAY26,2012,w
48712779,Nistha Saikia,IND,F,,,,1413,0,40,MAY26,2014,wi
25642235,Niteen Lakiphangal,IND,M,,,,1473,0,20,MAY26,1983,i
45094870,Niteesh Lingeswaran,IND,M,,,,1715,0,20,MAY26,2003,i
558003061,Nitendra Singh Bhadoria,IND,M,,,,1457,9,,MAY26,1989,
33379505,Nitesh,IND,M,,,,1503,0,20,MAY26,1990,i
46678336,Nitesh Ashok Rasekar,IND,M,,,,1621,0,20,MAY26,2000,
547020423,Nitesh Bhandarkar,IND,M,,,,1473,0,20,MAY26,1991,i
33362157,Nitesh Ranjan,IND,M,,,,1438,0,20,MAY26,1991,
25987780,Nitesh Sai Sundaram,IND,M,,,,1473,0,20,MAY26,2007,i
33406316,Nitesh Velayudham,IND,M,,,,1613,7,40,MAY26,2013,
33366950,Nitesh Vidyasagar,IND,M,,,,1551,0,40,MAY26,2012,
547039795,Nitesh Yadav,IND,M,,,,1474,0,40,MAY26,2011,
48750476,Nitheesh D,IND,M,,,,1428,0,40,MAY26,2009,i
558034226,Nithesh N,IND,M,,,,1427,5,40,MAY26,2016,
33385106,Nithik Reddy Bhavanam,IND,M,,,,1739,0,40,MAY26,2011,
33455899,Nithik Sarthak,IND,M,,,,1532,0,40,MAY26,2015,
25073290,Nithin A V,IND,M,,,,1648,0,20,MAY26,2003,i
46615431,Nithin Babu,IND,M,,,,2140,0,20,MAY26,2000,
88118908,Nithin Bright,IND,M,,,,1445,0,40,MAY26,2012,i
46680349,Nithin Chandan,IND,M,,,,1514,0,20,MAY26,1992,
35075845,Nithin Magizhnan,IND,M,,,,1513,0,20,MAY26,2004,i
25160028,Nithin R,IND,M,,,,1500,0,20,MAY26,2007,i
33362408,Nithin Raghav U T,IND,M,,,,1591,0,40,MAY26,2011,
88107680,Nithin Ramaswamy T,IND,M,,,,1434,0,40,MAY26,2013,i
5029783,"Nithin, K.",IND,M,,,,1907,0,20,MAY26,1990,i
48763225,Nithinkrish,IND,M,,,,1795,0,40,MAY26,2009,i
33300305,Nithinpal,IND,M,,,,1648,0,20,MAY26,1989,
537052810,Nithis Raagav,IND,M,,,,1406,0,40,MAY26,2012,
33471690,Nithish Balasubramoniam,IND,M,,,,1482,0,40,MAY26,2010,i
531072135,Nithish F J R,IND,M,,,,1510,0,40,MAY26,2012,
537045415,Nithish Kumar S,IND,M,,,,1440,0,40,MAY26,2013,i
25978322,Nithish M,IND,M,,,,1521,0,20,MAY26,2007,
558054685,Nithishkumar D,IND,M,,,,1475,0,20,MAY26,2002,
25909037,Nithyashree Lokesha,IND,F,,,,1413,0,20,MAY26,2007,wi
45094888,Nithyashree Muthu,IND,F,,,,1546,0,20,MAY26,2007,wi
46652175,Nitin Ganesh T,IND,M,,,,1535,0,,MAY26,1997,i
537055992,Nitin Jatav,IND,M,,,,1436,0,40,MAY26,2009,
46605266,Nitin Joshi,IND,M,,,,1476,0,20,MAY26,1994,i
25682652,Nitin Kumar P,IND,M,,,,1689,9,40,MAY26,2011,
35058231,Nitin Kumar Pandey,IND,M,,,,1656,0,20,MAY26,1990,
25061119,Nitin M Pai,IND,M,,,,1802,0,20,MAY26,1996,
25040065,Nitin R,IND,M,,,,1557,0,20,MAY26,1998,i
25978330,Nitin R,IND,M,,,,1474,0,40,MAY26,2011,i
45086311,Nitin Raghuvanshi,IND,M,,NA,,1627,0,20,MAY26,2001,i
25151380,Nitin Raj Sengar,IND,M,,,,1553,0,20,MAY26,2003,i
25085654,Nitin S N,IND,M,,,,1496,0,20,MAY26,2003,i
25117025,Nitin Saini,IND,M,,,,1626,0,20,MAY26,2005,
35017446,Nitin Shankar Madhu,IND,M,,,,1939,0,20,MAY26,2004,i
25134361,Nitin Vitthal Dhanawade,IND,M,,,,1411,0,20,MAY26,1983,i
5024650,"Nitin, Rathore",IND,M,,,,1723,0,20,MAY26,1982,
5018277,"Nitin, S.",IND,M,IM,,,2330,20,10,MAY26,1992,
5024293,"Nitin, Warde",IND,M,,,,1929,0,20,MAY26,1976,i
48788856,Nitinsanjiv P,IND,M,,,,1466,0,40,MAY26,2013,i
5084768,Nitish Belurkar,IND,M,IM,,,2372,11,20,MAY26,2001,
46633162,Nitish Bhat,IND,M,,,,1721,0,20,MAY26,1998,
88107760,Nitish Brunth Sundar,IND,M,,,,1752,0,20,MAY26,1999,i
25089315,Nitish Das,IND,M,,,,1868,0,20,MAY26,1999,i
45013594,Nitish Mani S,IND,M,,,,1607,0,20,MAY26,2006,i
429030986,Nitya Kamat,IND,F,,,,1496,0,40,MAY26,2011,wi
48746282,Nitya Ranjan,IND,F,,,,1466,0,40,MAY26,2013,wi
25767178,Nitya Singhania,IND,F,,,,1600,0,20,MAY26,2006,wi
537037170,Nityam Gaude,IND,M,,,,1470,0,40,MAY26,2015,
25915770,Nityantha H,IND,M,,,,1527,0,20,MAY26,2007,
48753939,Nivaan Agarwal,IND,M,,,,1440,0,40,MAY26,2016,i
547094362,Nivaan Jain,IND,M,,,,1530,0,40,MAY26,2014,
25909029,Nivaan Raghavendra,IND,M,,,,1646,0,40,MAY26,2011,i
429079373,Nivan Pratik Kotak,IND,M,,,,1554,0,40,MAY26,2017,
537003704,Nivan S,IND,M,,,,1427,4,40,MAY26,2014,
429015774,Nivan Vighnaav M,IND,M,,,,1457,0,40,MAY26,2016,
33468346,Nivas Kalusuraman,IND,M,,,,1546,0,40,MAY26,2015,i
531013651,Nivas Sai Karthikeya Yarlagadda,IND,M,,,,1417,10,,MAY26,2017,
88145670,Nived Bijoy,IND,M,,,,1581,0,40,MAY26,2013,i
88125165,Nivedh Prasanth,IND,M,,,,1501,0,40,MAY26,2013,i
88165167,Nivedh Srambikkal,IND,M,,,,1431,0,40,MAY26,2014,i
48730653,Nivedha Subramanian,IND,F,,,,1466,0,40,MAY26,2009,wi
5033675,"Nivedhitha, J G",IND,F,,NA,,1790,0,20,MAY26,1993,wi
48761842,Nivedit Santhosh Jayaram,IND,M,,,,1538,0,,MAY26,2011,
48723436,Nivedita Nair,IND,F,,,,1449,0,40,MAY26,2014,w
25181173,Nivedita V C,IND,F,WFM,WFM,,2014,0,40,MAY26,2011,w
33314926,Niveer Nitul Saikia,IND,M,,,,1465,0,40,MAY26,2010,i
537078666,Nivesh Bagrecha,IND,M,,,,1412,0,40,MAY26,2012,
25175769,Nivethan G M,IND,M,,,,1614,0,40,MAY26,2012,i
33367906,Nivethan S,IND,M,,,,1563,0,40,MAY26,2010,i
33469407,Nivil Raj V,IND,M,,,,1425,0,40,MAY26,2011,i
429080584,Nivrita Pattnaik,IND,F,,,,1530,0,40,MAY26,2012,w
25994255,Niwate Jairaj Kishor,IND,M,,,,1527,0,40,MAY26,2008,i
88176843,Niyar Riyan Kalita,IND,M,,,,1493,0,40,MAY26,2014,
33393516,Niyola Pinto,IND,F,,,,1610,0,,MAY26,2015,w
537074075,Nizam Zunairah Numa,IND,F,,,,1582,0,40,MAY26,2012,w
5018773,"Nizam, K.M.",IND,M,,,,2116,0,20,MAY26,1988,i
48778931,Nmoh Parag Deshmukh,IND,M,,,,1413,0,40,MAY26,2008,i
88149528,Noaman Ansar Pachwadkar,IND,M,,,,1428,0,40,MAY26,2011,
33481334,Noel Abraham Punnoose,IND,M,,,,1533,0,40,MAY26,2014,
88165612,Noel Tom,IND,M,,,,1578,0,40,MAY26,2010,i
564036499,Noiyayik Dowari,IND,M,,,,1405,0,40,MAY26,2016,
146241958,"Nookala, Nikhil Sriram",IND,M,,,,1855,0,20,MAY26,2003,
33441650,Noronha Ajay,IND,M,,,,1587,0,20,MAY26,2005,i
35082108,Noushad A,IND,M,,,,1549,0,20,MAY26,1978,i
35014790,Noushad K U,IND,M,,FA,,1703,0,20,MAY26,1971,i
531030297,Noushith S A,IND,M,,,,1568,0,40,MAY26,2011,
48786365,Nova Ayer Juyal,IND,M,,,,1579,9,40,MAY26,2016,
5075483,Nripendra Kumar Sharma,IND,M,,,,1702,0,20,MAY26,1969,i
48731102,Nripesh Niketan,IND,M,,,,1494,0,20,MAY26,2003,i
537053906,Ns Krishnan Liyaa,IND,F,,,,1430,0,40,MAY26,2019,w
48754498,Nuh Nizar Hilmi,IND,M,,,,1608,8,,MAY26,2012,
531071058,Nuhaan Siddique V K,IND,M,,,,1513,0,,MAY26,2019,
25789970,Nuka Laasya,IND,F,,,,1653,0,40,MAY26,2010,wi
429028728,Nyadar Poyom,IND,M,,,,1503,0,40,MAY26,2009,
48798398,Nyrav Gopalakrishnan,IND,M,,,,1658,19,,MAY26,2015,
33413380,Oam Baheti,IND,M,,,,1557,0,40,MAY26,2008,
564065073,"Obeid, Soudagar",IND,M,,,,1438,0,20,MAY26,2004,
558079149,Ohmkar Sreejith Krishna,IND,M,,,,1414,4,40,MAY26,2015,
45033897,Oishik Kundu,IND,M,,,,1644,0,20,MAY26,2007,i
48764540,Oishik Mondal,IND,M,,,,1899,0,40,MAY26,2015,
25166255,Oishik Mondal,IND,M,,,,1821,8,40,MAY26,2010,
25937391,Ojas B A,IND,M,,,,1468,0,20,MAY26,2005,i
33309655,Ojas Deogade,IND,M,,,,1430,0,40,MAY26,2011,
25154109,Ojas Jibhenkar,IND,M,,,,1541,0,20,MAY26,2006,i
25040073,Ojas Kulkarni,IND,M,FM,,,2110,0,20,MAY26,1999,i
33416648,Ojas More,IND,M,,,,1721,0,20,MAY26,2006,i
429008581,Ojas Mukul Modi,IND,M,,,,1478,0,20,MAY26,1997,
577036751,Ojas Narain Sharma,IND,M,,,,1612,11,40,MAY26,2007,
531032303,Ojas Pande,IND,M,,,,1519,0,40,MAY26,2011,
48778958,Ojas Pilay,IND,M,,,,1547,0,40,MAY26,2009,i
33499152,Ojas Rahul Bhoyar,IND,M,,,,1468,0,40,MAY26,2012,
33409862,Ojas Rathi,IND,M,,,,1490,0,40,MAY26,2013,
25186329,Ojas Raut,IND,M,,,,1519,0,20,MAY26,2005,
547003537,Ojas Singh,IND,M,,,,1581,0,40,MAY26,2013,
537019872,Ojas Sinha,IND,M,,,,1540,0,40,MAY26,2011,i
25113062,Ojas Varshney,IND,M,,,,1498,0,20,MAY26,2005,i
547017970,Ojas Vashishtha,IND,M,,,,1420,0,40,MAY26,2009,
33357145,Ojasya Saxena,IND,M,,,,1751,9,40,MAY26,2009,
5078431,"Ojha, Prakash",IND,M,,,,1768,0,20,MAY26,1974,i
531083765,Om Arrinjeyan S M,IND,M,,,,1493,0,,MAY26,2013,
25032801,Om Batra,IND,M,,,,1860,0,20,MAY26,1999,
88174964,Om Bhatija,IND,M,,,,1457,0,40,MAY26,2011,
25942549,Om Chaitanya Sharma,IND,M,,,,1472,0,20,MAY26,2005,i
35058240,Om Chauhan,IND,M,,,,1756,0,20,MAY26,2003,i
33330255,Om Dayanand Ramgude,IND,M,,,,1780,0,40,MAY26,2013,
429012228,Om Elayaraja,IND,M,,,,1410,0,,MAY26,2009,i
25161300,Om Haresh Murdeshwar,IND,M,,,,1483,0,40,MAY26,2013,
564033457,Om Jaiswal,IND,M,,,,1447,5,40,MAY26,2015,
25075772,Om Kharola,IND,M,FM,,,2214,0,20,MAY26,2004,i
531033679,Om Madhav Punghera,IND,M,,,,1551,0,20,MAY26,2007,i
547021098,Om Mahendra Patel,IND,M,,,,1619,0,40,MAY26,2013,
25620592,Om Nagnath Lamkane,IND,M,,,,1899,0,20,MAY26,2004,
25111779,Om Nilesh Deorukhakar,IND,M,,,,1639,0,20,MAY26,2005,
88149684,Om Parulekar,IND,M,,,,1477,0,20,MAY26,2001,i
88136167,Om Prakash Sahu,IND,M,,,,1474,0,40,MAY26,2008,i
25975420,Om Sagar,IND,M,,,,1829,9,40,MAY26,2011,
33310300,Om Shivanand Chingunde,IND,M,,,,1482,0,40,MAY26,2010,i
25934970,Om Shrirang Abhyankar,IND,M,,,,1475,0,40,MAY26,2010,i
429056985,Om Swarup Padhi,IND,M,,,,1575,0,40,MAY26,2012,
25766864,Om Taneja,IND,M,,,,1432,0,20,MAY26,2002,
429008590,Om Vichare,IND,M,,,,1460,9,20,MAY26,2005,
25043773,Om Vinay Vitalkar,IND,M,,,,1889,0,20,MAY26,2001,i
531015026,Om Vinayak Sakpal,IND,M,,,,1402,0,40,MAY26,2013,
88196640,Omar Abdul Jaleel,IND,M,,,,1413,0,40,MAY26,2014,i
33446660,Omkar Baraskar,IND,M,,,,1509,0,20,MAY26,2001,
531056180,Omkar Naik,IND,M,,,,1449,0,20,MAY26,1998,i
537000390,Omkar S Sawant,IND,M,,,,1760,0,20,MAY26,1996,
547067900,Omkar Sunil Gorawade,IND,M,,,,1523,0,20,MAY26,2002,
33390509,Omkar Vinit Chakradeo,IND,M,,,,1704,10,40,MAY26,1996,
48721875,Omprakash N M,IND,M,,,,1402,0,20,MAY26,1987,i
25735217,Oniya Nalo,IND,M,,,,1721,0,20,MAY26,2000,
25726820,Oojasv Goswami,IND,M,,,,1491,0,20,MAY26,2005,i
5038499,"Osama, Salim",IND,M,,,,2049,0,20,MAY26,1996,
558004246,Osho Murgod,IND,M,,,,1561,0,20,MAY26,2004,
33401713,Ovi Renuk Pawade,IND,F,,,,1508,0,40,MAY26,2012,w
33413398,P B Keshav,IND,M,,,,1477,0,40,MAY26,2008,i
531048714,P S V Yashwanth Raj Kumar,IND,M,,,,1462,0,40,MAY26,2011,
558045163,P Sai Veera Praneel Karthik,IND,M,,,,1498,0,40,MAY26,2013,
25097520,P Srinivas Reddy,IND,M,,,,1737,0,20,MAY26,1972,i
33440344,Paarshva Parmar,IND,M,,,,1749,0,40,MAY26,2013,
577021070,Paarth Chaudhary,IND,M,,,,1477,0,20,MAY26,2005,
45068593,Paarth P Salvi,IND,M,,,,1806,0,20,MAY26,2007,i
33472327,Paarventhan M D,IND,M,,,,1494,0,40,MAY26,2012,i
564036952,Paavni Tohan,IND,F,,,,1400,6,40,MAY26,2014,w
88196143,Paban Das,IND,M,,,,1505,0,20,MAY26,1993,
25784285,Pachchigar Aahana,IND,F,,,,1578,0,20,MAY26,2007,wi
33480354,Pachisia Vihaan,IND,M,,,,1408,0,40,MAY26,2011,
46645675,Pachwadkar Ansar,IND,M,,,,1603,0,,MAY26,1981,
48797227,Padala Mahidar,IND,M,,,,1433,0,40,MAY26,2012,i
531086330,Padala Roshita,IND,F,,,,1470,0,,MAY26,2015,w
35067400,Padhi Jyoti Ranjan,IND,M,,,,1658,0,20,MAY26,1987,i
25935240,Padhi Namom,IND,F,,,,1405,0,20,MAY26,2007,wi
366105028,"Padhye, Aryan Amit",IND,M,,,,1504,0,20,MAY26,2005,i
5087481,Padma Gogoi,IND,M,,NA,,1677,0,20,MAY26,1985,
25054473,Padma Pratibha M,IND,F,,,,1546,0,20,MAY26,2003,wi
46616748,Padmaesh M K,IND,M,,,,1867,9,20,MAY26,2006,
88193845,Padmaja A G,IND,F,,,,1463,0,40,MAY26,2015,w
33483299,Padmanaban G,IND,M,,,,1554,0,20,MAY26,2004,i
429030692,Padmanabh Alias Varad Naik,IND,M,,,,1620,0,40,MAY26,2011,
35097210,Padmanabhan Prashant,IND,M,,,,1558,0,20,MAY26,1985,i
33359660,Padmawar Amey,IND,M,,,,1546,0,40,MAY26,2008,i
33483680,Padmesh C K S,IND,M,,,,1446,0,,MAY26,2015,
5029295,"Padmini, Rout",IND,F,IM,WGM,,2206,9,10,MAY26,1994,w
531092705,Pagadala Ananya,IND,F,,,,1520,0,40,MAY26,2016,w
531076220,Pagadala Harshith,IND,M,,,,1467,0,40,MAY26,2013,i
531075967,Pagadala Rohith Kumar,IND,M,,,,1546,0,40,MAY26,2010,i
25992708,Pagar Piyush,IND,M,,,,1481,0,20,MAY26,2005,i
35093428,"Pagay, Shail",IND,M,,,,1660,0,20,MAY26,2002,i
35093436,"Pagay, Shalaka",IND,F,,,,1578,0,20,MAY26,2002,wi
25792555,Pagi Sarvang,IND,M,,,,1503,0,40,MAY26,2011,
33481229,Paheli Midya,IND,F,,,,1419,0,40,MAY26,2011,wi
5004047,Pahlira,IND,M,,,,1844,0,20,MAY26,1976,i
25949470,Pahuja Sagar,IND,M,,,,1592,0,20,MAY26,1998,i
25613219,Pai Sriniwas,IND,M,,,,1587,0,20,MAY26,1992,i
46602240,Pai Vithal,IND,M,,,,1527,0,20,MAY26,1972,i
35082876,Painter Shakeel,IND,M,,,,1783,0,20,MAY26,1950,i
46604626,Pal Abhinav,IND,M,,,,1498,0,40,MAY26,2008,i
25147986,Pal Vedika,IND,F,WCM,WCM,,1693,0,40,MAY26,2013,wi
33403015,Palaash Suyog Mapara,IND,M,,,,1737,8,40,MAY26,2014,
88108309,Paladugu Sai Shreyan,IND,M,,,,1470,0,40,MAY26,2016,
45029920,Palak Mohapatra,IND,F,,,,1623,0,40,MAY26,2009,wi
45098255,Palandurkar Prabhakar,IND,M,,NA,,1430,0,20,MAY26,1982,
5064252,"Palani Kumar, D.",IND,M,,,,1734,0,20,MAY26,1983,i
46608680,Palani Narendhranath,IND,M,,,,1821,0,20,MAY26,1987,i
5036470,"Palaniappan, S.",IND,M,,,,1555,0,20,MAY26,1992,i
564075567,"Palanikumar, Reshaan",IND,M,,,,1565,0,40,MAY26,2013,
5020778,"Palaniswamy, Raja S.",IND,M,,,,1807,5,20,MAY26,1982,
45096945,Palash Nagdevte,IND,M,,,,1590,0,20,MAY26,1995,
5083427,Palash Shah,IND,M,,,,1741,0,20,MAY26,1990,
5088860,Palaskar Rutwik,IND,M,,,,1595,0,20,MAY26,2000,i
45092184,Palepu Samyuktha,IND,F,,,,1493,4,20,MAY26,2006,w
46649352,Palesha Rushit,IND,M,,,,1576,0,20,MAY26,2003,i
5010454,"Palit, Somak",IND,M,IM,,,2262,0,10,MAY26,1986,
88173526,Palivela Jogendhar Srinivasa Prabhakar,IND,M,,,,1414,0,,MAY26,2015,
35050982,Paliwal Radheyshyam,IND,M,,,,1689,0,20,MAY26,1960,i
88178366,Paliwal Yashodip,IND,M,,,,1466,0,20,MAY26,2007,i
46637176,Pallav Maheshwari,IND,M,,,,1633,0,20,MAY26,1996,i
88142701,Pallineni Harika Chowdary,IND,F,,,,1493,0,40,MAY26,2015,w
88142809,Pallineni Mokshith Chowdary,IND,M,,,,1493,0,40,MAY26,2013,
46687254,Palorkar Riddhi,IND,F,,,,1530,0,20,MAY26,2005,wi
25105205,Palvannan A,IND,M,,,,1447,0,20,MAY26,2007,i
45093911,Palve Sunit,IND,M,,,,1464,0,,MAY26,1986,i
25669630,Pamarthi Audietya Aazadh,IND,M,,,,1700,0,20,MAY26,1987,
88183610,Pamidi Jaswanth,IND,M,,,,1711,0,40,MAY26,2016,
564047105,"Pamnani, Shobhit",IND,M,,,,1451,0,20,MAY26,1992,
429027314,Panache Jain,IND,M,,,,1517,0,40,MAY26,2010,i
5051339,"Panaiappan, S",IND,M,,,,1942,0,20,MAY26,1960,i
25126083,Panase Abhishek,IND,M,,,,1613,11,40,MAY26,2006,
88161692,Panav Kapoor,IND,M,,,,1498,0,40,MAY26,2015,
46650067,Panchal Deep,IND,M,,,,1847,0,20,MAY26,1998,i
25647830,Panchal Hiya,IND,F,,,,1596,0,40,MAY26,2009,wi
35097776,Panchal Parth,IND,M,,,,1768,0,20,MAY26,1992,i
25705822,Panchal Sahil,IND,M,,,,1573,0,20,MAY26,1999,i
46698302,Panchami Sarpangala,IND,F,,,,1433,0,20,MAY26,2002,w
25016881,Panchami Shenoy K,IND,F,,,,1661,0,20,MAY26,1999,wi
5007429,"Panchanathan, Magesh Chandran",IND,M,GM,FT,,2438,0,10,MAY26,1983,
25091794,Panda Sambit,IND,M,IM,,,2216,0,20,MAY26,2004,
25024299,Panda Sidhanta,IND,M,,,,1618,0,20,MAY26,2000,i
366110977,"Panda, Bhimsen",IND,M,,,,1422,0,20,MAY26,1980,i
577034929,"Panda, Dipangshu",IND,M,,,,1520,6,40,MAY26,2012,
46679626,Pande Amit,IND,M,,,,1522,0,20,MAY26,1979,i
46623280,Pande Pradip,IND,M,,,,1611,0,20,MAY26,1961,i
25682962,"Pande, Aditya",IND,M,,,,1618,0,,MAY26,1992,
25620711,Pandey Abhinav,IND,M,,,,1764,0,20,MAY26,1990,
46646183,Pandey Alankrita,IND,F,,,,1468,0,20,MAY26,2002,wi
25959409,Pandey Arpit,IND,M,,,,1796,0,20,MAY26,2001,i
46601422,Pandey Divya,IND,M,,,,1525,0,20,MAY26,2003,i
25034324,Pandey Pramod,IND,M,,,,1670,0,20,MAY26,1973,i
25717456,Pandey Saurabh,IND,M,,,,1591,0,20,MAY26,1978,i
35041690,Pandey Shourya,IND,M,,,,1825,0,20,MAY26,1998,i
35093290,Pandey Srishti,IND,F,WIM,WIM,,2154,6,20,MAY26,2001,w
25692917,Pandey Vedanshi,IND,F,,,,1473,0,20,MAY26,2007,wi
564072860,"Pandey, Sarthak",IND,M,,,,1553,0,20,MAY26,2007,
25634992,Pandharkar Chaitanya,IND,M,,,,1602,0,20,MAY26,2006,i
25082299,Pandi Durai P,IND,M,,FA,,1765,0,20,MAY26,1979,i
33317798,Pandiselvam R,IND,M,,,,1504,0,20,MAY26,2004,i
25175599,Pandisurya,IND,M,,,,1468,0,40,MAY26,2009,i
35097237,Pandit Harsh,IND,M,,FA,,1592,0,20,MAY26,2002,i
25605720,Pandit Malay,IND,M,,,,1437,0,40,MAY26,2009,i
25661752,Pandit Mithilesh,IND,M,,,,1670,8,20,MAY26,2000,
25935232,Pandit Samarth,IND,M,,,,1435,0,20,MAY26,2004,i
48767735,Pandit Yatin Waman,IND,M,,,,1442,0,20,MAY26,1985,i
46679650,Pandit Yogesh,IND,M,,,,1641,0,20,MAY26,1982,i
25777980,Pandya Jatin A,IND,M,,,,1580,0,,MAY26,2007,i
25778030,Pandya Jaymin N,IND,M,,NA,,1532,0,20,MAY26,1994,
35033018,Panesar Vedant,IND,M,FM,,,2371,9,20,MAY26,2003,
35097245,Pangshe Laukik,IND,M,,,,1633,0,20,MAY26,1999,i
25720929,Panigrahi Dilip,IND,M,,,,1485,0,20,MAY26,1997,
25761064,Panigrahi Kaushik,IND,M,,,,1545,0,20,MAY26,2006,
25763148,Panigrahi Shreyas,IND,M,,,,1545,0,40,MAY26,2009,
5004713,"Panigrahi, Manoj Kumar",IND,M,,,,2070,0,20,MAY26,1973,i
35035215,"Panigrahi, Shyam",IND,M,,,,1601,0,20,MAY26,2001,i
33473382,Panisetti Nsv Dharani,IND,F,,,,1444,0,40,MAY26,2011,w
46698310,Pankaj Bhat,IND,M,,,,1825,11,,MAY26,2006,
25153366,Pankaj Debnath,IND,M,,NA,,1509,0,20,MAY26,1973,i
25053400,Pankaj Mahajan,IND,M,,,,1620,0,20,MAY26,1991,i
558028960,Pankaj Patel,IND,M,,,,1474,0,20,MAY26,1996,
46680357,Pankaj Sindhu,IND,M,,,,1896,0,20,MAY26,1999,i
577020740,Pankaj Singh,IND,M,,,,1407,5,40,MAY26,1981,
25978829,Pankaj T P,IND,M,,,,1466,0,20,MAY26,2005,i
5065267,"Pankaj, Borah",IND,M,,,,1650,0,20,MAY26,1986,i
5030439,"Pankaj, Gandhi",IND,M,,,,1684,0,20,MAY26,1951,
88172309,Panth Rajneesh Dholakiya,IND,M,,,,1414,0,20,MAY26,2005,i
35071076,Panwar Krish Navratan,IND,M,,,,1705,0,20,MAY26,2004,i
46679669,Papade Kishor,IND,M,,,,1648,0,20,MAY26,1984,i
33436657,Parab Hridhaan,IND,M,,,,1426,0,40,MAY26,2009,i
25736582,Parab Rishikesh,IND,M,,NA,,1798,0,20,MAY26,2005,
25774166,"Parab, Ram",IND,M,,,,2062,9,40,MAY26,2010,
537073613,Parabrata Choudhuri,IND,M,,,,1483,0,40,MAY26,2014,i
25904299,Parag Delwadia,IND,M,,,,1590,0,20,MAY26,1983,i
531070736,Parag Sarkar,IND,M,,,,1538,0,40,MAY26,2010,
5024307,"Parag, Terwadkar",IND,M,,,,1924,0,20,MAY26,1985,i
25065335,Parakh Niyati,IND,F,,,,1747,0,20,MAY26,2002,wi
564057356,"Parakh, Yash",IND,M,,,,1463,0,20,MAY26,2001,
25124170,Param Agarwal,IND,M,,,,1593,0,,MAY26,2005,i
33432678,Param Janya M,IND,M,,,,1450,4,40,MAY26,2014,
547062550,Param Karwal,IND,M,,,,1501,0,40,MAY26,2009,
33442177,Param Manoj Zade,IND,M,,,,1528,0,40,MAY26,2015,i
33369038,Param Sameer Jalan,IND,M,,,,1611,0,40,MAY26,2011,
33362858,Paramaguru S,IND,M,,NA,,1441,0,20,MAY26,2000,i
25968483,Paramarth Mitra,IND,M,,,,1927,8,40,MAY26,2012,
25981145,Paramasivam S,IND,M,,,,1527,0,20,MAY26,1999,i
5010276,"Paramasivam, M.",IND,M,,,,1990,0,20,MAY26,1973,i
25155431,Parambrata Sarkar,IND,M,,,,1838,0,,MAY26,2012,i
33483698,Paramesh C K S,IND,M,,,,1642,0,,MAY26,2015,
33367230,Parameswaran V,IND,M,,,,1473,0,20,MAY26,1966,i
5034515,"Paranjape, Sameer P.",IND,M,,,,1929,0,,MAY26,1979,i
5010403,"Paranje, P.M.",IND,M,,,,1962,0,20,MAY26,1974,i
564039420,Paranjothi M,IND,M,,,,1489,0,20,MAY26,1995,
46672737,Paranjpe Mayuresh,IND,M,,,,1547,0,20,MAY26,1992,i
35046020,"Paranjpe, Pradeep",IND,M,,,,1984,0,20,MAY26,0,i
564014347,Paras Agarwal,IND,M,,,,1481,0,40,MAY26,2011,
46636773,Paras Narang,IND,M,,,,1549,0,20,MAY26,1998,i
558079599,Paras Narula Patiala,IND,M,,,,1451,0,40,MAY26,2011,
25691651,Paras Popkar,IND,M,,,,1406,0,20,MAY26,2007,i
45090076,Paras Vats,IND,M,,,,1609,0,20,MAY26,1995,i
33468222,Paras Vikas Sharma,IND,M,,,,1426,0,40,MAY26,2014,i
25065068,Parashar Debashis,IND,M,,,,1638,0,20,MAY26,2001,i
48718416,Parashar Kashyap,IND,M,,,,1508,0,40,MAY26,2008,
25002562,Pardeep Singh Negi,IND,M,,,,1802,0,20,MAY26,1988,
5020034,"Pardeep, Arora",IND,M,,,,1993,0,20,MAY26,1982,i
25778323,Pardeshi Chaturthi,IND,F,,,,1591,0,40,MAY26,2012,w
25087398,Pardeshi Omkar,IND,M,,,,1704,0,20,MAY26,1999,i
531077382,Parekh Tanay Ashish,IND,M,,,,1529,0,20,MAY26,2003,i
33369771,Paresh Budhwani,IND,M,,NA,,1443,0,20,MAY26,1989,
25143387,Paresh S,IND,M,,,,1657,0,40,MAY26,2011,
564063674,"Parhi, Avikaant Arnav",IND,M,,,,1423,0,40,MAY26,2012,
25754254,Parida Uday,IND,M,,,,1511,0,40,MAY26,2010,
25041584,Paridhi Khandelwal,IND,F,,,,1546,0,20,MAY26,2000,wi
531072631,Paridhi Lilhare,IND,F,,,,1494,0,40,MAY26,2012,w
45086320,Paridhi Shrivastava,IND,F,,,,1449,0,20,MAY26,2005,wi
25155113,Parigyan Chakraborty,IND,M,,,,1660,6,,MAY26,2010,
46667750,Parihar Rajeev Singh,IND,M,,,,1762,0,20,MAY26,1969,i
25664611,Parikh Harikrashna,IND,M,,,,1610,0,20,MAY26,2001,
547008393,Parikshit Nautiyal,IND,M,,,,1455,0,40,MAY26,2011,i
88183289,Parikshit Rattan,IND,M,,,,1492,0,40,MAY26,2015,
531097111,Parikshit Yadav,IND,M,,,,1548,9,40,MAY26,2016,
33399786,Parikshith Pradeepkumar,IND,M,,,,1445,0,40,MAY26,2014,i
25649507,Parimal Biswas,IND,M,,,,1538,7,20,MAY26,1981,
531019005,Parin Shah,IND,M,,,,1537,0,20,MAY26,1996,i
33343357,Parinith Gowda C A,IND,M,,,,1534,14,40,MAY26,2013,
25146777,Parithi Narayan S I,IND,M,,,,1726,9,40,MAY26,2013,
88122492,Paritosh Dhanaraju,IND,M,,,,1509,5,40,MAY26,2010,
25976087,Paritosh Sudhir Bawnekar,IND,M,,,,1462,0,20,MAY26,2000,i
25937910,Parkar Mayuresh,IND,M,,,,1604,0,20,MAY26,2007,
25099116,Parmar Ashwin G,IND,M,,,,1824,0,20,MAY26,1965,i
88113302,Parmar Devansh,IND,M,,,,1653,9,40,MAY26,2012,
25047272,Parmar Jagdish,IND,M,,,,1731,9,20,MAY26,1977,
35027360,"Parmar, Bharat",IND,M,,,,1519,3,20,MAY26,1971,
429036747,Parmesh Poomalai,IND,M,,,,1487,0,40,MAY26,2012,
48799475,Parmesh Sendhil,IND,M,,,,1582,10,40,MAY26,2012,
5043131,"Parnali, S Dharia",IND,F,WIM,WIM,,2041,0,20,MAY26,1997,w
48766534,Parnava Kuila,IND,M,,,,1474,6,40,MAY26,2013,
25095196,Parsekar Anirudh,IND,M,,,,1745,0,20,MAY26,2002,i
537019740,Parshuram Chattopadhyay,IND,M,,,,1586,0,20,MAY26,1998,i
33495572,Parshv Pai Khot,IND,M,,,,1426,0,40,MAY26,2012,i
537034081,Parshwa Sunil Ligade,IND,M,,,,1581,0,40,MAY26,2010,
25753363,Parte Shravan,IND,M,,,,1493,0,40,MAY26,2009,i
25923145,Parteev Sunil,IND,M,,,,1711,0,20,MAY26,2007,i
88190854,Parth Badhekar,IND,M,,,,1521,0,,MAY26,2008,
33432694,Parth Barua,IND,M,,,,1570,0,20,MAY26,2002,i
25151568,Parth Belwal,IND,M,,,,1897,9,40,MAY26,2008,
46655875,Parth Bhargava,IND,M,,,,1481,0,20,MAY26,1994,i
537015699,Parth Chaudhary,IND,M,,,,1481,0,40,MAY26,2009,
577013190,Parth Chopra,IND,M,,,,1569,0,20,MAY26,2001,
25925350,Parth Gupta,IND,M,,,,1525,0,40,MAY26,2010,i
33319120,Parth Gupta,IND,M,,,,1540,0,40,MAY26,2013,
48783919,Parth Gupta (Jr),IND,M,,,,1682,0,20,MAY26,2006,
45068585,Parth Kamat,IND,M,,,,1439,0,40,MAY26,2009,i
33470049,Parth Kiran Shinde,IND,M,,,,1505,8,40,MAY26,2017,
35093525,Parth M Shah,IND,M,,,,1670,0,20,MAY26,1992,i
547061588,Parth Mishra,IND,M,,,,1450,0,40,MAY26,2013,
25995510,Parth Nitin Patange,IND,M,,,,1413,0,40,MAY26,2008,i
558077472,Parth Pathare,IND,M,,,,1563,0,40,MAY26,2016,
547038594,Parth Pranil Tari,IND,M,,,,1499,0,40,MAY26,2014,
531030629,Parth Rahul Gupta,IND,M,,,,1481,0,40,MAY26,2014,i
25962965,Parth Sehra,IND,M,,,,1682,9,20,MAY26,2005,
558008870,Parth Shah,IND,M,,,,1490,0,20,MAY26,1993,
25634755,Parth Sharma,IND,M,,,,1603,0,20,MAY26,1995,i
429007151,Parth Soni,IND,M,,,,1458,4,40,MAY26,2018,
25637215,Parth Sudhir Deshpande,IND,M,,,,1422,0,20,MAY26,2004,i
531032885,Parth Thakkar,IND,M,,,,1510,0,20,MAY26,2007,i
547071818,Parth Udit Sharma,IND,M,,,,1454,0,40,MAY26,2013,
429027357,Parth Vats,IND,M,,,,1446,0,40,MAY26,2009,
88153711,Parth Vivek Deoli,IND,M,,,,1418,0,40,MAY26,2012,i
5027179,"Parth, Bhatia",IND,M,,,,1746,0,20,MAY26,1998,
5066301,"Partha, Sarathi Satpathy",IND,M,,,,1723,0,20,MAY26,1997,
5001714,"Parthaprotim, Gogoi",IND,M,,,,1613,0,20,MAY26,1978,i
46652183,Parthasarathy A G,IND,M,,,,1676,0,20,MAY26,1960,i
429003709,Parthasarathy N,IND,M,,,,1461,0,20,MAY26,1963,
5073227,"Parthasarathy, R",IND,M,,,,1935,0,20,MAY26,1998,i
88145697,Parthavah,IND,M,,,,1454,0,40,MAY26,2013,
531017746,Parthib Ghoshdastidar,IND,M,,,,1489,0,,MAY26,2004,
429019966,Parthieswar Sai Muppavara,IND,M,,,,1584,0,40,MAY26,2011,
537007270,Parthiv Das,IND,M,,,,1415,0,40,MAY26,2016,
48717061,Parthiv Senrayan Velmurugan,IND,M,,,,1621,0,,MAY26,2012,i
48779687,Parulekar Mayuresh,IND,M,,,,1483,0,20,MAY26,2006,
33417539,Parv H Hakani,IND,M,,,,1821,10,40,MAY26,2015,
537036041,Parva Tariyal,IND,M,,,,1414,0,40,MAY26,2011,i
46695087,Parvathy Krishna,IND,F,,,,1439,0,20,MAY26,1991,w
45041369,Parveen Kumar Jain,IND,M,,,,1600,0,20,MAY26,1978,i
33421781,Parvesh Akkivarapu,IND,M,,,,1524,0,,MAY26,2015,
25990152,Parvrajsinh Zala,IND,M,,,,1557,0,20,MAY26,1999,
25147994,Pasari Dhaksh,IND,M,,,,1484,0,40,MAY26,2011,i
88172643,Pasupuleti Deekshitha Rao,IND,F,,,,1487,0,40,MAY26,2012,w
531021042,Pasupuleti V S D S Siddesh,IND,M,,,,1434,0,40,MAY26,2013,
547091088,"Patadia, Hitesh Kumar",IND,M,,,,1527,0,20,MAY26,1986,
25658506,Patankar Aryan Anil,IND,M,,,,1462,0,20,MAY26,2004,i
531081002,Patawri Aradhya Sourabh,IND,F,,,,1432,6,40,MAY26,2017,w
25071394,Pate Machindra,IND,M,,,,1678,0,20,MAY26,1977,
531076548,Patel Aarush Drupad,IND,M,,,,1532,9,40,MAY26,2015,
33428379,Patel Abhinav,IND,M,,,,1554,0,20,MAY26,1997,i
537086073,Patel Bhupendra Bhailalbhai,IND,M,,,,1517,0,20,MAY26,1960,
46629874,Patel Devang,IND,M,,,,1509,0,20,MAY26,2005,i
531076483,Patel Dhyey Ketanbhai,IND,M,,,,1422,0,40,MAY26,2015,
25071408,Patel Dipesh,IND,M,,,,1620,0,20,MAY26,2000,i
531075410,Patel Drashti Sharadbhai,IND,F,,,,1436,0,40,MAY26,2010,w
429089913,Patel Garg Rutul,IND,M,,,,1603,6,40,MAY26,2009,
45082910,Patel Jaymin J,IND,M,,,,1600,5,20,MAY26,2005,
531081410,Patel Jenish,IND,M,,,,1561,1,40,MAY26,2013,
531081037,Patel Kaushikkumar,IND,M,,,,1419,5,40,MAY26,1981,
45038562,Patel Maharshi,IND,M,,,,1732,0,20,MAY26,2004,i
48729604,Patel Manubhai,IND,M,,,,1414,0,20,MAY26,1977,
531081363,Patel Moksh Himanshu,IND,M,,,,1418,0,40,MAY26,2012,i
25776576,Patel Neehal Trishulkumar,IND,M,,NA,,1659,5,,MAY26,2008,
531080464,Patel Nilesh Jashvantlal,IND,M,,,,1487,0,20,MAY26,1973,
46649980,Patel Nishit,IND,M,,,,1520,0,20,MAY26,1992,
547046260,Patel Pratham Ayushkumar,IND,M,,,,1456,0,40,MAY26,2014,
35082850,Patel Raman Bhai,IND,M,,,,1564,0,20,MAY26,1943,i
547044705,Patel Reyan Devendra,IND,M,,,,1538,7,40,MAY26,2018,
46699074,Patel Riddhi R,IND,F,WCM,WCM,,1693,0,20,MAY26,2007,wi
547046139,Patel Ryan Agnikumar,IND,M,,,,1424,1,40,MAY26,2018,
25047353,Patel Shivarsh,IND,M,,,,1633,0,20,MAY26,2000,i
48770345,Patel Shubh,IND,M,,,,1525,0,40,MAY26,2012,i
25182064,Patel Suyash,IND,M,,,,1509,0,20,MAY26,1992,i
45038600,Patel Suyogkumar M,IND,M,,,,1668,7,20,MAY26,2005,
25918680,Patel Trishul D,IND,M,,,,1433,3,,MAY26,1979,
46660437,Patel Ujjawal,IND,M,,,,1566,0,20,MAY26,2000,i
547045698,Patel Vandan,IND,M,,,,1489,0,20,MAY26,2000,
5020000,"Patel, Palak",IND,M,,,,1796,9,20,MAY26,1979,
374095839,"Patel, Vyom",IND,M,,,,1483,0,,MAY26,2013,
35080466,"Patel,Mayur",IND,M,,,,1682,0,20,MAY26,1968,i
5088895,Pathade Digvijay,IND,M,,,,1496,0,20,MAY26,1999,i
35043293,Pathak Anshu Kr,IND,M,,,,1742,0,,MAY26,1994,
25949454,Pathak Gir Raj,IND,M,,,,1712,0,20,MAY26,1993,
46645071,Pathak Rudra S,IND,M,,,,1802,0,20,MAY26,2002,i
366095549,"Pathak, Arush",IND,M,,,,1511,8,40,MAY26,2012,
46650121,Pathan Aizazkhan,IND,M,,,,1789,0,20,MAY26,1969,i
45054231,Pathe Sankalp,IND,M,,,,1537,0,20,MAY26,2003,i
558099980,Pathik Gupta,IND,M,,,,1673,0,40,MAY26,2013,
45079439,Pathikrit Patra,IND,M,,,,1462,0,20,MAY26,2005,i
5040906,"Pathrose, C.T",IND,M,,,,1849,0,20,MAY26,1958,i
46667768,Pati Spandan,IND,M,,,,1742,0,20,MAY26,2005,i
577012518,"Pati, Subhojit",IND,M,,,,1449,0,40,MAY26,2013,
35030469,Patil Abhishek,IND,M,,NA,,1787,0,20,MAY26,1997,
429043778,Patil Adarsh,IND,M,,,,1570,0,20,MAY26,2006,
45033463,Patil Aditi G,IND,F,,,,1602,0,20,MAY26,2001,wi
35003852,Patil Ajay,IND,M,,,,1498,0,20,MAY26,1996,i
558027661,Patil Ajinkya Amol,IND,M,,,,1538,0,40,MAY26,2013,
25763849,Patil Akshaj,IND,M,,,,1744,8,40,MAY26,2009,
547023325,Patil Arijit Vikramsinh,IND,M,,,,1477,2,40,MAY26,2014,
531008151,Patil Chirag,IND,M,,,,1457,0,40,MAY26,2011,
33357510,Patil Dhruv,IND,M,,,,1401,0,40,MAY26,2012,i
25666452,Patil Disha,IND,F,,,,1696,0,40,MAY26,2009,wi
25666649,Patil Divya,IND,F,WCM,WCM,,1689,0,40,MAY26,2009,wi
25631640,Patil Durgesh,IND,M,,,,1563,0,20,MAY26,2001,i
45012911,Patil Ganesh,IND,M,,NA,,1651,0,20,MAY26,1997,i
45036756,Patil Harshal,IND,M,,,,2009,0,,MAY26,2001,i
25709992,Patil Harshal U,IND,M,,,,1742,0,20,MAY26,2004,
35088467,Patil Hemant,IND,M,,,,1513,0,20,MAY26,1997,i
48767514,Patil Hiya Yogesh,IND,F,,,,1478,0,40,MAY26,2013,wi
88178374,Patil Ishan,IND,M,,,,1401,0,40,MAY26,2010,i
25123742,Patil Jaiveer,IND,M,,,,1640,0,,MAY26,2009,
25057006,Patil Jitendra,IND,M,,,,1858,0,20,MAY26,1993,i
25057014,Patil Ketan Anil,IND,M,,,,1783,0,20,MAY26,1993,i
25904949,Patil Manthan Dinesh,IND,M,,,,1499,0,20,MAY26,1993,
25057030,Patil Mayur,IND,M,,,,1884,0,,MAY26,1991,
25631659,Patil Om C,IND,M,,,,1532,0,20,MAY26,2005,
25710001,Patil Omkar U,IND,M,,,,1507,0,20,MAY26,2006,i
5037298,Patil Pankaj,IND,M,,,,1812,0,20,MAY26,1982,i
45080640,Patil Parth,IND,M,,,,1512,0,40,MAY26,2008,i
25655612,Patil Pradeep,IND,M,,,,1428,0,,MAY26,1984,i
25057057,Patil Priyanshu,IND,M,FM,,,1899,10,20,MAY26,2002,
45010234,Patil Pruthviraj,IND,M,,,,1755,9,20,MAY26,1999,
33427437,Patil Rehaan,IND,M,,,,1422,0,20,MAY26,2007,i
531077323,Patil Rutik Ravindra,IND,M,,,,1633,0,20,MAY26,2001,i
25609416,Patil Shantanu S,IND,M,,,,1640,0,40,MAY26,2008,i
45019240,Patil Sharvil,IND,M,,,,1629,0,20,MAY26,2004,i
25791605,Patil Shreyash Dhanraj,IND,M,,,,1474,0,20,MAY26,2006,i
25904663,Patil Siddhesh,IND,M,,,,1426,0,20,MAY26,2004,i
45032068,Patil Siddhey,IND,M,,,,1510,0,20,MAY26,2004,i
5088950,Patil Sitanshu,IND,M,,,,1666,0,20,MAY26,1995,
33412642,Patil Sudip,IND,M,,,,1658,0,,MAY26,2007,
46679693,Patil Sumant,IND,M,,,,1585,0,20,MAY26,1999,i
33434107,Patil Varad Sayaji,IND,M,,,,1566,0,,MAY26,2015,
25954911,Patil Vedant,IND,M,,,,1604,7,40,MAY26,2009,
429089930,Patil Vihan,IND,M,,,,1493,0,,MAY26,2014,i
5035040,"Patil, Ketan",IND,M,,,,1792,0,20,MAY26,1990,i
5021391,"Patil, Mitali",IND,F,WFM,WFM,FI,1962,0,20,MAY26,1991,wi
5029813,"Patil, Nagesh",IND,M,,NA,,2004,0,20,MAY26,1987,i
5038758,"Patil, Pratik",IND,M,CM,,,2230,0,20,MAY26,1995,i
564047229,"Patil, Ramprasad",IND,M,,,,1583,0,20,MAY26,2005,
5026270,"Patil, Shridhar",IND,M,,,,1751,0,,MAY26,1993,
25937928,Patkar Samarth,IND,M,,,,1529,0,40,MAY26,2009,
33391017,Patlolla Indra Reddy,IND,M,CM,,,1676,0,40,MAY26,2014,
48740128,Patnala Karthikeya,IND,M,,,,1456,0,40,MAY26,2012,i
46637990,Patni Adeesh,IND,M,,,,1484,0,20,MAY26,2007,i
33352895,Patni Aniket Chandrakantbhai,IND,M,,,,1575,8,20,MAY26,2002,
45054240,Patni Suketu,IND,M,,,,1522,0,20,MAY26,2004,i
48769444,Patodekar Samarth,IND,M,,,,1634,8,,MAY26,2009,
46603530,Patra Anilkumar,IND,M,,,,1557,0,20,MAY26,1990,i
46604634,Patra Subhendu Kumar,IND,M,,,,1805,0,20,MAY26,1988,i
564046222,"Patra, Saptangshu",IND,M,,,,1538,0,20,MAY26,2005,
88192938,Patro Arnab,IND,M,,,,1501,5,40,MAY26,2014,
46694170,Patro Yasoman,IND,M,,,,1650,0,20,MAY26,2004,i
35043943,Pattnayak Nilsu,IND,M,,,,1904,0,20,MAY26,2002,
5090482,"Patwardhan Avdhut, S",IND,M,,,,1845,0,20,MAY26,1990,i
547078685,Patwardhan Devdatta Vishal,IND,M,,,,1413,7,40,MAY26,2014,
25087428,Patwardhan Mohit,IND,M,,,,1590,8,20,MAY26,2000,
531030300,Paul G Bertine J,IND,M,,,,1406,0,40,MAY26,2015,i
25168711,Paul Justin K,IND,M,,,,1482,0,20,MAY26,1994,i
88104320,Paul Kattukaren,IND,M,,,,1550,0,20,MAY26,1966,
577010353,"Paul, Saunak",IND,M,,,,1452,0,40,MAY26,2019,
25955179,Pavan Anand S,IND,M,,,,1654,9,20,MAY26,2007,
25092553,Pavan C,IND,M,,,,1716,0,20,MAY26,2000,i
25126482,Pavan C Rao,IND,M,,,,1556,9,,MAY26,2006,
46645721,Pavan K Rathi,IND,M,,IA,,1737,0,20,MAY26,1990,i
25720066,Pavan Karthikeya Varma Gunturi,IND,M,FM,,,2144,12,40,MAY26,2012,
46601686,Pavan Kumar Devaraj,IND,M,,,,1553,0,20,MAY26,1999,i
558035508,Pavan Kumar Gadidesi,IND,M,,,,1709,0,20,MAY26,2005,
25084135,Pavan Kumar Ketharaboina,IND,M,,,,1496,0,20,MAY26,1985,
48705900,Pavan Kumar Uppalapu,IND,M,,,,1422,0,20,MAY26,1994,i
35017462,Pavan Kumar Y,IND,M,,,,1685,0,20,MAY26,1970,i
35039660,Pavan Kumar Yellapu,IND,M,,DI,,1539,0,20,MAY26,1989,
25792822,Pavan Kumar Zutshi,IND,M,,,,1522,0,20,MAY26,1973,i
33326576,Pavan Pujari,IND,M,,,,1455,0,20,MAY26,1998,
547043750,Pavan Rakshith Yaganti Tummalasetty,IND,M,,,,1654,0,40,MAY26,2013,
46624023,Pavan Sangathala,IND,M,,"NI,NA",,1528,0,,MAY26,1994,
558005412,Pavan Sonavane,IND,M,,,,1609,0,20,MAY26,1987,
35051288,Pavan Teja Medam,IND,M,,,,1698,0,20,MAY26,2000,i
5051517,"Pavan, B N B",IND,M,,,,2083,0,20,MAY26,1989,
5062594,"Pavan, Shiralagi",IND,M,,,,1744,0,20,MAY26,1996,i
5019362,"Pavit, Singh",IND,M,,,,1898,0,20,MAY26,1999,i
25710087,Pavithra Murugan,IND,F,,,,1415,0,20,MAY26,1997,wi
25967509,Pavithra N,IND,F,,,,1514,0,40,MAY26,2011,w
33468257,Pavithra R V,IND,F,,,,1830,0,40,MAY26,2013,w
5011302,"Pavithran, K.k.",IND,M,,,,1659,0,20,MAY26,1959,i
25086294,Pavitra Batra,IND,M,,,,1708,0,20,MAY26,2000,i
88121526,Pawan Kumar Sharma,IND,M,,,,1649,0,20,MAY26,1994,i
429008670,Pawan Mukesh Malkani,IND,M,,,,1409,0,20,MAY26,1999,i
531027644,Pawan Prajwal P,IND,M,,,,1718,0,,MAY26,2012,
25701118,Pawan Sain,IND,M,,,,1602,0,20,MAY26,1996,
45073090,Pawan Singh,IND,M,,,,1708,0,,MAY26,2002,
88192954,Pawar Aaditya Nilesh,IND,M,,,,1421,0,40,MAY26,2009,i
547047534,Pawar Aaradhya Ganesh,IND,M,,,,1495,0,40,MAY26,2013,
35079441,Pawar Bhushan,IND,M,,,,1516,0,,MAY26,1996,i
25954890,Pawar Gaurav,IND,M,,,,1429,0,20,MAY26,2007,i
35029916,Pawar Mandar S,IND,M,,,,1607,7,20,MAY26,1994,
35033050,Pawar Rahul,IND,M,,,,1710,0,20,MAY26,2000,i
25748432,Pawar Sagar,IND,M,,,,1500,0,40,MAY26,2008,i
25041355,Pawar Sohum,IND,M,,,,1596,0,,MAY26,1994,
45036845,Pawar Yashwant,IND,M,,IA,,1630,0,,MAY26,2004,i
366130595,"Pawar, Harshit",IND,M,FM,,,2107,8,20,MAY26,2007,
429076935,Payal Lakshkar,IND,F,,,,1418,0,40,MAY26,2011,w
88139603,Pazhaniappan M,IND,M,,,,1655,0,20,MAY26,2003,
33396078,Pazhany Kaushal Kohli,IND,M,,,,1559,0,40,MAY26,2013,i
429073324,Peddi Jaya Teja,IND,M,,,,1423,0,40,MAY26,2012,
429033683,Peddi Navya Sahithi,IND,F,,,,1421,0,40,MAY26,2010,w
25609025,Pednekar Ayush,IND,M,,,,1722,0,20,MAY26,2003,i
25635638,Pednekar Balkrishna,IND,M,,,,1682,0,20,MAY26,2004,
564045927,"Pednekar, Ivaan Alkesh",IND,M,,,,1480,0,40,MAY26,2019,
33315078,Peetla Lakshmi Sandeep,IND,M,,,,1596,0,20,MAY26,2007,
48789852,Pekhale Shreyas Sameer,IND,M,,,,1439,0,,MAY26,2008,i
5004586,Pendalwar Pankaj,IND,M,,,,2036,0,20,MAY26,1977,i
25080695,Pendharkar Mihir,IND,M,,,,1557,0,20,MAY26,2001,i
35038869,Pendsey Muktanand,IND,M,,,,1619,0,20,MAY26,2004,i
48759554,Penmetsa Lakshmi Harshini,IND,F,,,,1422,0,40,MAY26,2010,w
48759562,Penmetsa Sarvani,IND,F,,,,1404,0,40,MAY26,2016,w
25978357,Periasamy Nagarajan D,IND,M,,,,1531,0,40,MAY26,2011,i
558080732,"Peris, Nigel",IND,M,,,,1506,0,20,MAY26,2001,
46653562,Periya Samy Samuthura Pandi,IND,M,,,,1591,0,20,MAY26,2002,i
25018299,Perumal A,IND,M,,,,1524,0,20,MAY26,1980,i
564010449,Perumal Muthuvel,IND,M,,,,1452,0,20,MAY26,1980,
88173259,Peta Hemal,IND,M,,,,1480,0,40,MAY26,2014,
25003801,"Peter Anand, A",IND,M,,,,1914,0,20,MAY26,2000,i
25092367,Peter K P,IND,M,,,,1652,0,20,MAY26,1966,i
88147819,Pethe Sumeet,IND,M,,,,1464,7,20,MAY26,1993,
25635662,Pethe Varad,IND,M,,,,1633,0,20,MAY26,2002,i
5016223,Phadke Sohan,IND,M,FM,,,2273,0,20,MAY26,1985,i
88194655,Phadte Arsh Pankaj,IND,M,,,,1494,0,40,MAY26,2014,i
25135791,Phal Satyam,IND,M,,,,1816,0,40,MAY26,2012,
35083708,Phani Kanuri,IND,M,,,,1679,0,20,MAY26,1976,
45054282,Phani Prasad Mandalaparthy,IND,M,,,,1509,0,20,MAY26,1984,i
33432708,Phani Pullela,IND,M,,,,1488,0,20,MAY26,1977,i
25005707,"Phani Ramakrishna, B.",IND,M,,,,1766,0,,MAY26,1988,i
46627936,Phatak Aanjaneya,IND,M,,,,1895,10,20,MAY26,2001,
531008160,Phating Ayush,IND,M,,,,1522,0,40,MAY26,2010,i
88116336,Philip Sanjoy,IND,M,,,,1475,0,40,MAY26,2012,
5011191,"Phoobalan, P.",IND,M,FM,,,2219,0,20,MAY26,1984,i
35082809,PHULWANI HARISH,IND,M,,,,1678,0,20,MAY26,1964,
45016666,Pidintla Saikumar,IND,M,,,,1637,0,20,MAY26,1994,
537014137,Pidugu Sanjay Sahul,IND,M,,,,1665,0,40,MAY26,2015,
25037013,Pijush Kanti Biswas,IND,M,,,,1697,0,20,MAY26,1977,i
531044778,Pillalamarri Sriram,IND,M,,,,1427,0,40,MAY26,2012,i
25048236,Pimpalkhare Vedant,IND,M,CM,,,2174,0,20,MAY26,1997,
88130185,Pimparkar Anay,IND,M,,,,1408,0,40,MAY26,2014,i
35081225,Pinak,IND,M,,,,1595,0,20,MAY26,2000,i
45099111,Pingle Aditya,IND,M,,,,1612,0,20,MAY26,2007,i
25740407,Pinkesh Nahar,IND,M,,,,1470,0,20,MAY26,1980,i
429026040,Pinnamaraju Anirudh V V S S,IND,M,,,,1454,0,40,MAY26,2012,
547059826,Pinto Aaron,IND,M,,,,1421,0,40,MAY26,2009,
5012201,Pintu Bhowmik,IND,M,,,,1662,0,20,MAY26,1968,i
35059645,Pipada Kush,IND,M,,,,1660,0,20,MAY26,2002,
33321515,Pippalla Naannya,IND,F,,,,1536,0,40,MAY26,2008,wi
547007290,Piruthivan,IND,M,,,,1638,6,40,MAY26,2016,
429072352,Piruthvi S,IND,M,,,,1432,0,40,MAY26,2015,i
25199510,Pise Darshit,IND,M,,,,1492,0,40,MAY26,2010,i
25640810,Pise Prashant,IND,M,,,,1544,0,20,MAY26,1994,i
25667165,Pise Rishikesh,IND,M,,,,1470,0,20,MAY26,2005,i
547034599,Pitale Riaansh,IND,M,,,,1499,6,40,MAY26,2018,
48703168,Pitambar Debnath,IND,M,,,,1493,0,40,MAY26,2015,
35057456,Piya Saxena,IND,F,,,,1516,0,20,MAY26,2005,wi
35018604,Piyal Roy Chowdhury,IND,M,,,,1700,0,20,MAY26,2001,
25117084,Piyush Chaurasia,IND,M,,,,1625,7,20,MAY26,2004,
88174484,Piyush Kumar Maurya,IND,M,,,,1474,3,20,MAY26,1976,
25999672,Piyush Kumar Mishra,IND,M,,,,1585,0,,MAY26,2004,i
558067450,Piyush Kumar Poddar,IND,M,,,,1463,0,40,MAY26,2012,
25790943,Piyush Narsikar,IND,M,,,,1764,0,20,MAY26,1999,
88174972,Piyush Ranjan Dubey,IND,M,,,,1748,0,,MAY26,2009,
88120597,Piyush Sharma,IND,M,,,,1520,0,40,MAY26,2008,
537070487,Piyush Sri Parthu Maddali,IND,M,,,,1453,0,40,MAY26,2013,
35045466,Plaito V William,IND,M,,,,1587,0,20,MAY26,1970,i
25785524,Plavit Chandalia,IND,M,,,,1685,0,,MAY26,2006,
531062083,Podha Ronya,IND,M,,,,1598,0,40,MAY26,2014,
33406332,Pokuri Sai Sri Nanda Gopal,IND,M,,,,1556,0,40,MAY26,2009,
146242436,"Polavarapu, Prudhvi",IND,M,,,,1657,0,20,MAY26,1990,i
25193244,Polekar Atharva,IND,M,,,,1577,0,40,MAY26,2010,i
531083706,Police Sathwik Reddy,IND,M,,,,1545,0,40,MAY26,2013,
25162160,Pomal Jainish,IND,M,,,,1412,0,40,MAY26,2009,i
45043612,Pon Perumal S,IND,M,,"LSI,FA",,1499,0,20,MAY26,1999,
46656685,Pon Shivram N L,IND,M,,,,1595,0,20,MAY26,2001,i
5019354,"Pon, NKrithika",IND,F,WIM,WIM,,2083,0,20,MAY26,1992,wi
48732184,Pondhiya S,IND,F,,,,1521,0,40,MAY26,2011,wi
5011027,"Ponkshe, Sarang",IND,M,,,,2009,0,20,MAY26,1996,
25955659,Pooja Prabhakaran,IND,F,,,,1447,0,40,MAY26,2009,wi
25968882,Pooja Rakshak,IND,F,,,,1519,0,40,MAY26,2010,wi
25059513,Pooja S (2002),IND,F,,,,1630,0,20,MAY26,2002,wi
33331804,Pooja Shree R,IND,F,WCM,WCM,,1703,0,40,MAY26,2014,w
46676279,Poojari Pranay,IND,M,,,,1563,0,20,MAY26,2002,i
88101649,Poojitha E,IND,F,,,,1468,0,40,MAY26,2017,w
25074458,Poorna Sri M.K,IND,F,,,,1820,21,20,MAY26,2004,w
25173618,Poornachandar J S,IND,M,,,,1584,0,40,MAY26,2012,
558056181,Poornesh Yuvaraja,IND,M,,,,1411,11,40,MAY26,2014,
25757253,Poornima Gupta,IND,F,,,,1685,0,20,MAY26,2005,wi
35048430,Poornima S Alse,IND,F,,,,1454,0,20,MAY26,1997,wi
25198661,Pooru Harshith,IND,M,,,,1681,0,,MAY26,2013,
25101536,Pooru Lakshith,IND,M,,,,1607,0,,MAY26,2011,
25663402,Poorvi Rajpoot,IND,F,,,,1611,0,20,MAY26,2005,wi
5028426,"Poras, Sanjay Kolgane",IND,M,,,,1915,0,20,MAY26,2000,i
25977423,Porchelvan G,IND,M,,,,1428,0,40,MAY26,2011,i
35085255,Porkalaivani N,IND,F,,,,1659,0,20,MAY26,2003,wi
25073494,Porob Vraj,IND,M,,,,1645,0,20,MAY26,2004,i
25695193,Porwal Dhruv,IND,M,,,,1525,0,,MAY26,2007,i
25620517,Porwal Dishan,IND,M,,,,1495,0,20,MAY26,2001,i
25114484,Porwal Kiyan,IND,M,,,,1438,0,40,MAY26,2012,i
25669311,Potare Abhishek,IND,M,,,,1429,0,20,MAY26,2002,i
45081506,Potawad Anirudhha,IND,M,FM,,,2061,9,20,MAY26,2005,
25661795,Pote Chetan,IND,M,,,,1636,0,20,MAY26,2003,i
33387532,Pothala Mithil Naren Murthy,IND,M,,,,1450,0,40,MAY26,2011,
88103994,Pothala Satwik,IND,M,,,,1523,0,40,MAY26,2012,
429073340,Potharaju Sampath Sri Tanush Rao,IND,M,,,,1513,0,40,MAY26,2014,
25016938,Potluri Saye Srreezza,IND,F,,,,1987,0,20,MAY26,1999,wi
25053094,Potluri Supreetha,IND,F,WFM,WFM,,1862,0,20,MAY26,2001,w
33306044,Potnuru Satvika,IND,F,,,,1409,0,40,MAY26,2014,w
25732439,Pournami S,IND,F,WCM,WCM,,1785,0,40,MAY26,2009,w
429010098,Poushita Paliwal,IND,F,,,,1416,0,40,MAY26,2017,w
25968564,Prabakaran S,IND,M,,,,1823,19,40,MAY26,2009,
25743163,"Prabakaran, Sai Vijay",IND,M,,,,1792,9,40,MAY26,2008,
537031384,Prabal Singh,IND,M,,,,1416,0,40,MAY26,2012,
33384460,Prabanjan A,IND,M,,NA,,1486,0,20,MAY26,2007,i
577012798,"Prabash, Gautham",IND,M,,,,1405,8,40,MAY26,2017,
33428395,Prabhakar Aariv,IND,M,,,,1705,6,,MAY26,2011,
564014142,Prabhakar Badiger,IND,M,,,,1429,0,40,MAY26,2013,
25914898,Prabhakar Konaparthi,IND,M,,,,1650,0,20,MAY26,2006,i
25975129,Prabhakar Patil,IND,M,,,,1446,0,20,MAY26,1956,
33343993,Prabhakar Rao D S,IND,M,,,,1472,0,20,MAY26,1944,
48758345,Prabhakara Arjun R,IND,M,,,,1418,0,20,MAY26,2004,i
25784366,Prabhakaran P,IND,M,,,,1422,0,40,MAY26,2008,i
33312079,Prabhakaran Prajith K,IND,M,,,,1450,0,40,MAY26,2009,i
531045510,Prabhakaran S,IND,M,,,,1577,0,40,MAY26,2016,
577014294,"Prabhakaran, Ravichandran",IND,M,,,,1411,7,40,MAY26,1994,
35078933,Prabhanjan Badkas,IND,M,,,,1474,0,,MAY26,2005,i
429024528,Prabhanjan Naidu Adusumalli,IND,M,,,,1493,0,40,MAY26,2017,
25799029,Prabhat Datre,IND,M,,,,1471,0,20,MAY26,2003,i
25943057,Prabhat Kumar,IND,M,,"NI,NA",,1527,0,20,MAY26,2000,
88195775,Prabhav Atwal,IND,M,,,,1544,0,,MAY26,2015,
531076785,Prabhav Patil,IND,M,,,,1562,0,40,MAY26,2012,
531016154,Prabhav Rohithkumar,IND,M,,,,1413,2,,MAY26,2018,
35010328,Prabheesh K,IND,M,,NA,,1609,0,20,MAY26,1987,i
48710946,Prabhnoor Singh,IND,M,,,,1480,0,20,MAY26,2005,
45062900,Prabhsimran Singh (1998),IND,M,,,,1682,0,20,MAY26,1998,i
33436665,Prabhu Arjun,IND,M,,,,1628,0,40,MAY26,2013,
25136194,Prabhu M,IND,M,,,,1528,0,20,MAY26,2005,i
25150731,Prabhu Palash,IND,M,,,,1464,0,40,MAY26,2010,i
25024850,Prabhu R V,IND,M,,,,1582,0,20,MAY26,1945,i
45035849,Prabhu Sahil Sudheer,IND,M,,,,1515,0,20,MAY26,2003,i
5079918,Prabhu Sandesh,IND,M,,,,1825,0,20,MAY26,1997,i
45051402,Prabhu T,IND,M,,,,1503,0,20,MAY26,2001,i
25730568,Prabhu Varad,IND,M,,,,1429,0,40,MAY26,2010,i
46602283,Prabhu Yash,IND,M,,,,1578,0,20,MAY26,2003,i
5035368,"Prabhu, Ajay P.",IND,M,,,,1889,0,20,MAY26,1965,i
25095277,Prabhugaonkar Aditee Aman,IND,F,,,,1816,0,20,MAY26,2001,wi
35090011,Prabhujot Singh,IND,M,,,,1651,0,20,MAY26,1997,i
5076633,Prabhunath Sah,IND,M,,,,1636,0,20,MAY26,1983,i
25672495,Prabindra Mani Verma,IND,M,,,,1508,5,40,MAY26,1970,
429027381,Prabuddh Pathak,IND,M,,,,1555,0,40,MAY26,2013,
33495602,Prachet Priyesh Malvankar,IND,M,,,,1640,0,40,MAY26,2014,i
5078873,Prachet Sharma,IND,M,,,,1878,9,,MAY26,1995,
25937413,Pracheth P,IND,M,,,,1474,0,,MAY26,2011,i
25073192,Prachi Bharti,IND,F,,,,1603,0,20,MAY26,2003,wi
88182720,Prachi Konwar,IND,F,,,,1481,0,40,MAY26,2014,w
25678396,Prachi Yadav,IND,F,,,,1458,0,20,MAY26,2004,wi
5020247,"Prachura, P.p.",IND,M,,,,2103,0,20,MAY26,1992,i
33492204,Prachurjya Changmai,IND,M,,,,1430,0,40,MAY26,2015,i
25732447,Praddip Raj N N,IND,M,,,,1460,0,20,MAY26,2002,i
25015532,Pradeep K T,IND,M,,,,1699,0,20,MAY26,1991,i
25947168,Pradeep Kumar Mandal,IND,M,,NA,,1452,0,20,MAY26,1980,
5023181,Pradeep Kumar R A,IND,M,,,,2212,0,20,MAY26,1991,
25668811,Pradeep kumar SM,IND,M,,,,1458,0,20,MAY26,2003,i
558035478,Pradeep Kumar Thipparthi,IND,M,,,,1603,0,,MAY26,1980,
35057464,Pradeep Sawant,IND,M,,,,1469,0,20,MAY26,1970,
5045436,Pradeep Tiwari,IND,M,,,,1966,0,20,MAY26,1989,i
5033306,"Pradeep, Pandya",IND,M,,,,1832,0,20,MAY26,1959,i
35088726,"Pradeep, Verma",IND,M,,,,1613,0,20,MAY26,1953,
531098320,Pradeepa Jayapal,IND,F,,,,1571,0,20,MAY26,1992,w
146243362,"Pradeepkumar, Mithran",IND,M,,,,1555,0,,MAY26,2010,
25717030,Pradeepraj T,IND,M,,,,1456,0,20,MAY26,1981,i
25963201,Pradeev Dhanush A L,IND,M,,,,1425,0,,MAY26,2008,i
25093169,Pradhan Amlan,IND,M,,,,1589,0,20,MAY26,2003,
25620720,Pradhan Lorence,IND,M,,,,1573,0,20,MAY26,1979,
5013313,Pradhan Ujjwal,IND,M,,,,1973,8,,MAY26,1975,
5085977,"Pradhan, Jay",IND,M,,,,1904,0,20,MAY26,1995,i
531045111,Pradheep B,IND,M,,,,1568,6,40,MAY26,2009,
88190870,Pradhyot Mishra,IND,M,,,,1489,5,40,MAY26,2015,
35081110,Pradhyumna Kumar K,IND,M,,,,1839,0,20,MAY26,2005,i
33324662,Pradiksha P S,IND,F,,,,1701,0,,MAY26,2010,w
45079455,Pradip Dey,IND,M,,,,1524,0,20,MAY26,1969,
5007119,"Pradip, Ghosh",IND,M,,,,1971,0,20,MAY26,1983,i
5029830,"Pradip, Kumar Debnath",IND,M,,,,1594,0,20,MAY26,1966,
33387192,Pradnyesh Nilesh Deshpande,IND,M,,,,1458,0,40,MAY26,2010,i
48748269,Praduman Kumar,IND,M,,,,1534,0,20,MAY26,2004,i
88132633,Pradyumn Verma,IND,M,,,,1694,0,40,MAY26,2008,i
48738670,Pradyumna Adiga,IND,M,,,,1578,11,40,MAY26,2009,
25720090,Pradyumna Kanukollu,IND,M,,,,1490,0,,MAY26,2010,i
88195104,Pradyun Sivakumaran,IND,M,,,,1575,0,40,MAY26,2008,
429014123,Prafful Kumar Patle,IND,M,,,,1536,0,20,MAY26,1990,i
88141403,Prafulla Soman,IND,M,,,,1531,0,20,MAY26,1973,
5067200,"Prafulla, Chandran V P",IND,M,,,,1788,0,20,MAY26,1958,i
558019006,Pragadeesh P S,IND,M,,,,1479,8,40,MAY26,2015,
46625208,Pragadesh P,IND,M,,"AO,FA",,1643,0,20,MAY26,1992,
88106861,Pragatha,IND,F,,,,1557,0,40,MAY26,2016,w
45032416,Pragati Mazumder,IND,F,,,,1409,0,20,MAY26,2003,wi
25059530,Praggnanandhaa R,IND,M,GM,,,2698,0,10,MAY26,2005,
33373558,Pragnay Samar Singh,IND,M,,,,1404,0,40,MAY26,2011,i
88130053,Pragnika Vaka Lakshmi,IND,F,,,,1423,2,40,MAY26,2018,w
25609785,Pragnya H G,IND,F,WFM,WFM,,1723,0,40,MAY26,2008,w
531032893,Pragun Kohli,IND,M,,,,1768,0,40,MAY26,2010,i
45075603,Pragy Narayan,IND,M,,,,1591,0,40,MAY26,2008,i
429034876,Pragyaan Singh Dhanik,IND,M,,,,1448,6,40,MAY26,2016,
88168611,Pragyan Das,IND,M,,,,1442,0,40,MAY26,2010,
537031457,Pragyan Pritam,IND,M,,,,1438,0,40,MAY26,2014,
48713201,Pragyan Puzari,IND,M,,,,1449,0,40,MAY26,2013,i
33300429,Pragyan Sriram,IND,M,,,,1765,0,40,MAY26,2011,i
5057230,"Pragyan, Kumud Mukhopadhya",IND,M,,,,1582,0,20,MAY26,0,
45019428,Pragyat Mishra,IND,M,,,,1547,0,20,MAY26,2006,
33426805,Prahadeesh Sriram M R,IND,M,,,,1554,0,,MAY26,2009,i
46633731,Prahadheeshwar C M,IND,M,,,,1513,0,20,MAY26,1998,i
35004441,Prahalad B,IND,M,,,,1779,0,20,MAY26,2001,i
25149725,Prahalad Guruprasad,IND,M,,,,1661,0,40,MAY26,2008,i
33493103,Prahalad Moola,IND,M,,,,1625,0,40,MAY26,2014,
547017350,Prahlad M Mandre,IND,M,,,,1498,0,20,MAY26,1982,
537083309,Praison Samuel A,IND,M,,,,1444,0,40,MAY26,2010,i
558000909,Prajan M A,IND,M,,,,1476,0,40,MAY26,2011,
547063572,Prajan R M,IND,M,,,,1406,5,40,MAY26,2017,
25047396,Prajapati Manish,IND,M,,,,1544,0,20,MAY26,1983,
25994239,Prajapati Rahul Sunil,IND,M,,,,1574,0,20,MAY26,2002,
25047400,Prajapati Rakesh,IND,M,,,,1856,0,20,MAY26,1986,i
429031001,Prajay Maldar,IND,M,,,,1497,0,40,MAY26,2011,
25985671,Prajeesh B U,IND,M,,,,1521,0,40,MAY26,2011,i
46648917,Prajeesh P,IND,M,,,,1503,0,20,MAY26,1974,i
429053340,Prajeet Khade,IND,M,,,,1423,0,40,MAY26,2012,i
48775967,Prajeethraam VS,IND,M,,,,1473,0,40,MAY26,2011,i
25635158,Prajeettha L R,IND,F,,,,1632,0,40,MAY26,2008,wi
48728721,Prajesh,IND,M,,,,1446,8,40,MAY26,2012,
25044753,Prajesh R,IND,M,,,,1985,0,20,MAY26,2002,i
429003717,Prajit K,IND,M,,,,1660,0,40,MAY26,2013,
25741284,Prajit Ravishankar,IND,M,,,,1795,16,40,MAY26,2009,
429034078,Prajith Bajina,IND,M,,,,1458,0,40,MAY26,2013,
33384479,Prajith J,IND,M,,,,1687,0,40,MAY26,2012,
429053439,Prajjwal Sarkar,IND,M,,,,1597,0,40,MAY26,2010,
558060472,Prajneesh Shetty,IND,M,,,,1643,0,40,MAY26,2009,
88124924,Prajwal Bettadapura,IND,M,,,,1455,0,,MAY26,2010,i
25786881,Prajwal Hede,IND,M,,,,1429,0,,MAY26,2010,i
45080089,Prajwal K M,IND,M,,NA,,1629,0,20,MAY26,2005,i
25111868,Prajwal M K,IND,M,,,,1401,0,20,MAY26,2006,i
564039560,Prajwal Pandey,IND,M,,,,1422,0,40,MAY26,2019,
25610520,Prajwal V P,IND,M,,,,1718,0,20,MAY26,2001,
25058215,Prajwalesh,IND,M,,NA,,1594,0,20,MAY26,1996,
35066323,Prakash A,IND,M,,,,1493,0,20,MAY26,1990,i
25734113,Prakash Banskar,IND,M,,,,1533,0,,MAY26,1973,
25659774,Prakash Nath,IND,M,,,,1604,0,,MAY26,2006,
5014530,Prakash Ram,IND,M,FM,,,1974,0,20,MAY26,1978,i
46660445,Prakash Vaishnavi,IND,F,,,,1578,0,40,MAY26,2008,w
5071291,Prakash Yadav,IND,M,,,,1836,0,20,MAY26,1992,i
88123529,"Prakash, Chandra",IND,M,,,,1654,0,20,MAY26,1992,
25082310,Prakashram R,IND,M,,,,1906,0,20,MAY26,1999,i
25622234,Prakhar Chaplot,IND,M,,,,1588,0,20,MAY26,2006,i
35062239,Prakhar Gupta (MP),IND,M,,,,1694,0,20,MAY26,2005,i
25724657,Prakhar Maheswari,IND,M,,,,1477,0,20,MAY26,2005,
48781681,Prakhar Saxena,IND,M,,,,1503,0,40,MAY26,2010,
429027390,Prakhar Singh Gosain,IND,M,,,,1648,8,,MAY26,2013,
25926870,Prakhar Tripathi,IND,M,CM,,,1917,9,40,MAY26,2011,
531088198,Prakrit Thakur,IND,M,,,,1537,0,40,MAY26,2017,
46626140,Prakriti Singh,IND,F,,,,1489,0,20,MAY26,2003,wi
25977440,Prakul A,IND,M,,,,1873,9,40,MAY26,2011,
25981510,Prakul Balaji,IND,M,,,,1527,0,20,MAY26,2005,i
45049394,Prameeth M G,IND,M,,,,1563,0,20,MAY26,2006,i
5073260,"Prameya, Garge",IND,M,,,,1787,0,20,MAY26,2001,i
33430870,Pramod G S,IND,M,,,,1506,8,40,MAY26,2008,
558060456,Pramod H,IND,M,,,,1515,0,20,MAY26,1989,
25001345,Pramod K K,IND,M,,,,1732,0,20,MAY26,1986,i
531000924,Pramod Tharu Panakkal,IND,M,,,,1474,0,20,MAY26,1980,
45000948,Pran Govinda Parashar Kashyap,IND,M,,,,1750,0,20,MAY26,2007,i
429095867,Prana I V,IND,M,,,,1472,7,40,MAY26,2016,
88160700,Pranaam S Ballal,IND,M,,,,1478,6,40,MAY26,2015,
25771019,Pranab Maity,IND,M,,,,1502,0,20,MAY26,1997,i
558071768,Pranad Chitale,IND,M,,,,1608,7,40,MAY26,2012,
537017110,Pranajit Debnath,IND,M,,,,1528,0,40,MAY26,2012,
531022774,Pranam Tanwar,IND,M,,,,1511,0,40,MAY26,2011,
45078360,Pranav,IND,M,,,,1615,0,20,MAY26,2003,i
25199056,Pranav A J,IND,M,,,,1840,19,20,MAY26,2005,
33478325,Pranav Ajesh Nair,IND,M,,,,1497,0,40,MAY26,2011,i
46626786,Pranav Anand,IND,M,GM,,,2474,0,10,MAY26,2006,
48707376,Pranav Anand Jha,IND,M,,,,1530,0,40,MAY26,2010,i
547062622,Pranav Arora,IND,M,,,,1401,0,40,MAY26,2011,
88168360,Pranav Ashwin,IND,M,,,,1531,0,40,MAY26,2013,
88180298,Pranav Balaji Pooruli,IND,M,,,,1457,0,40,MAY26,2010,i
33397937,Pranav Bobby Sekhar,IND,M,,,,1751,0,40,MAY26,2008,
531010547,Pranav Carvalho,IND,M,,,,1530,0,40,MAY26,2008,i
25761439,Pranav Chandra Mohan,IND,M,,,,1664,0,40,MAY26,2008,
33420939,Pranav Chandrakant Kardani,IND,M,,,,1472,0,40,MAY26,2010,
48725455,Pranav D Rakesh,IND,M,,,,1446,0,40,MAY26,2014,i
33384193,Pranav Deepak Bhagtani,IND,M,,,,1487,0,,MAY26,2012,
35081497,Pranav dharmagadi,IND,M,,,,1507,0,20,MAY26,2004,i
33319332,Pranav Dharshan S,IND,M,,,,1550,0,40,MAY26,2012,i
33417946,Pranav Ganesh Prabhu,IND,M,,,,1803,0,40,MAY26,2012,
537058436,Pranav Gangil,IND,M,,,,1488,0,40,MAY26,2013,
537053264,Pranav Girdhar,IND,M,,,,1405,0,40,MAY26,2010,i
33365423,Pranav I,IND,M,,,,1502,0,40,MAY26,2008,i
25758381,Pranav K M,IND,M,,,,1532,0,20,MAY26,2003,i
25685805,Pranav K P,IND,M,FM,,,2065,9,40,MAY26,2009,
429087422,Pranav Karra,IND,M,,,,1752,0,20,MAY26,2006,i
531011780,Pranav Karthickkumar,IND,M,,,,1492,0,40,MAY26,2015,
48715387,Pranav Kumar,IND,M,,,,1436,0,20,MAY26,2005,
33417954,Pranav M G,IND,M,,,,1590,0,40,MAY26,2010,
88151255,Pranav Mahesh,IND,M,,,,1506,0,40,MAY26,2015,
33397880,Pranav Mathur,IND,M,,,,1934,0,40,MAY26,2009,
531062342,Pranav Monga,IND,M,,,,1485,0,40,MAY26,2011,
25798243,Pranav Mukunth P,IND,M,,,,1702,27,40,MAY26,2010,
88135411,Pranav Narayana,IND,M,,,,1461,0,20,MAY26,2006,
25131206,Pranav P G,IND,M,,,,1581,0,40,MAY26,2008,
88196160,Pranav P K,IND,M,,,,1568,0,,MAY26,2011,i
33336253,Pranav Pradeep Kumar,IND,M,,,,1564,0,40,MAY26,2014,i
33397953,Pranav Pradeep Nair,IND,M,,,,1836,0,40,MAY26,2009,
547060034,Pranav Prasanth,IND,M,,,,1496,0,40,MAY26,2015,
33443165,Pranav Rajesh,IND,M,,,,1578,0,,MAY26,2012,
46684158,Pranav Ram Hariharan,IND,M,,,,1683,0,20,MAY26,1992,i
33474729,Pranav Ramkumar,IND,M,,,,1575,9,40,MAY26,2009,
33313563,Pranav Rastogi,IND,M,,,,1626,0,40,MAY26,2013,
537083961,Pranav Rungta,IND,M,,,,1613,0,40,MAY26,2012,
429036682,Pranav Sabharish,IND,M,,,,1544,0,40,MAY26,2012,
25172735,Pranav Sai Ram R S,IND,M,,,,1868,0,40,MAY26,2012,
88134229,Pranav Santhosh,IND,M,,,,1421,0,40,MAY26,2012,
33475237,Pranav Santhosh Angadi,IND,M,,,,1450,0,,MAY26,2012,i
537085328,Pranav Senthil Rajan,IND,M,,,,1477,0,40,MAY26,2013,
429021421,Pranav Shankar M,IND,M,,,,1488,0,40,MAY26,2012,
33378088,Pranav Sharma,IND,M,,,,1615,0,40,MAY26,2011,
537002490,Pranav Shashin R,IND,M,,,,1439,0,40,MAY26,2015,
48738689,Pranav Shet,IND,M,,,,1567,15,40,MAY26,2012,
45034958,Pranav Shridhar,IND,M,,,,1707,0,20,MAY26,1999,i
35009354,Pranav Subramaniyam,IND,M,,,,1517,0,20,MAY26,2003,i
33442800,Pranav Thiruppathi,IND,M,,,,1566,0,,MAY26,2012,
577014081,Pranav Tungikar,IND,M,,,,1568,0,20,MAY26,1998,
48715239,Pranav V B,IND,M,,,,1639,7,40,MAY26,2010,
48744549,Pranav Varman,IND,M,,,,1419,0,,MAY26,2012,i
48737240,Pranav Varshan A S,IND,M,,,,1643,0,40,MAY26,2013,
5091640,Pranav Vijay,IND,M,,,,2187,0,20,MAY26,1999,i
5035058,"Pranav, Shetty",IND,M,CM,,,2192,0,20,MAY26,1994,i
25060783,"Pranav, V",IND,M,GM,,,2642,10,10,MAY26,2006,
5044952,"Pranav, Zantye",IND,M,,,,1857,0,20,MAY26,1996,i
531051596,Pranava Acharya,IND,M,,,,1452,0,40,MAY26,2017,
33302723,Pranava Selvan M V,IND,M,,,,1476,0,40,MAY26,2008,i
537001817,Pranava Sharma,IND,M,,,,1494,0,20,MAY26,2003,
33367000,Pranavaaditya Ginjupally,IND,M,,,,1556,0,,MAY26,2013,
5073588,Pranavananda V,IND,M,,,,2240,0,20,MAY26,1999,i
33406758,Pranavasri S,IND,F,,,,1628,0,40,MAY26,2008,wi
88114740,Pranavsarathy K M,IND,M,,,,1493,0,40,MAY26,2014,i
33477515,Pranavvarshan H,IND,M,,,,1438,0,40,MAY26,2008,i
25131001,Pranay Akula,IND,M,,,,1981,0,40,MAY26,2009,
25634771,Pranay B Arora,IND,M,,,,1462,0,20,MAY26,2003,i
25742566,Pranay Chordia,IND,M,,,,1891,0,20,MAY26,2007,
25725106,Pranay Garg,IND,M,,,,1659,0,20,MAY26,2006,
25162179,Pranay Patole,IND,M,,,,1461,0,20,MAY26,2005,i
531074669,Pranay Sai Saketh T,IND,M,,,,1508,7,40,MAY26,2013,
429094933,Pranay Seth,IND,M,,,,1427,0,40,MAY26,2013,i
45011052,Pranay Venkatesh,IND,M,,,,1450,0,20,MAY26,2007,i
45096554,Prandeep Bhattacharjya,IND,M,,,,1625,0,20,MAY26,1992,i
25668447,Praneel Rai M,IND,M,,,,1476,0,20,MAY26,2006,
537043056,Praneesh S,IND,M,,,,1458,0,40,MAY26,2013,
33451621,Praneeshwar Madhavan,IND,M,,,,1653,8,,MAY26,2014,
537031376,Praneet Sinha,IND,M,,,,1659,0,,MAY26,2012,
429026067,Praneeth Chandra Pilla,IND,M,,,,1479,0,,MAY26,2010,
531019730,Praneeth H S,IND,M,,,,1747,16,,MAY26,2010,
25720147,Praneeth K S S R A,IND,M,,,,1455,0,20,MAY26,2007,
35016008,Praneeth P,IND,M,,,,1483,0,20,MAY26,1999,i
35064657,Praneeth R,IND,M,,,,1548,0,,MAY26,2005,i
25048937,Praneetha K,IND,F,,,,1455,0,20,MAY26,1995,wi
33333483,Pranesh G,IND,M,,,,1461,0,40,MAY26,2010,i
25191365,Pranesh J R,IND,M,,,,1540,0,20,MAY26,2007,i
547017546,Pranesh Kathiravan,IND,M,,,,1432,0,40,MAY26,2016,
35028600,Pranesh M,IND,M,GM,,,2587,0,10,MAY26,2006,
46674020,Pranesh Yatin Sankar,IND,M,,,,1445,0,,MAY26,2000,i
531003974,Praneth Prabhu,IND,M,,,,1409,0,40,MAY26,2016,
547049260,Pranish S,IND,M,,,,1528,5,,MAY26,2011,
429054370,Pranit Anand,IND,M,,,,1450,0,,MAY26,2013,i
48724203,Pranit Hajra,IND,M,,,,1554,7,40,MAY26,2013,
429010608,Pranit Rastogi,IND,M,,,,1540,8,40,MAY26,2017,
547065788,Pranitha N,IND,F,,,,1478,4,40,MAY26,2013,w
45065349,Pranitha Priya Polisetty,IND,F,,,,1446,0,20,MAY26,2007,wi
46662197,Pranitha S R,IND,F,,,,1516,0,20,MAY26,2004,wi
48702757,Pranjal Ahirwar,IND,M,,,,1597,0,40,MAY26,2014,
25912585,Pranjal Banchhor,IND,M,,,,1405,0,20,MAY26,2007,i
33427887,Pranjal Debnath,IND,M,,,,1691,0,40,MAY26,2013,
25112732,Pranjal Malhotra,IND,F,,,,1506,0,,MAY26,2009,w
33410046,Pranjal Rahul Raut,IND,F,,,,1476,0,40,MAY26,2013,wi
564018717,Pranjal Sant,IND,M,,,,1561,0,40,MAY26,2011,
564033228,Pranjal Singh,IND,M,,,,1612,0,40,MAY26,2009,
531072933,Pranjal Singh,IND,M,,,,1470,0,40,MAY26,2014,
25161750,Pranjal Verma,IND,M,,,,1608,0,20,MAY26,2006,
577025636,Pranjol Majumdar,IND,M,,,,1412,8,40,MAY26,2010,
48713325,Prankrit Baruah,IND,M,,,,1469,0,40,MAY26,2011,i
429020883,Pranshu Dash,IND,M,,,,1554,0,40,MAY26,2011,
25917080,Pranshu Dineshkumar,IND,M,,,,1605,17,40,MAY26,2010,
537075101,Pranshul Konda,IND,M,,,,1474,0,40,MAY26,2018,
88158500,Prantik Mandal,IND,M,,,,1455,0,40,MAY26,2012,
33470669,Praptibarna Thakuria,IND,F,,,,1406,0,40,MAY26,2011,wi
429052947,Prasad Abhijit Phadke,IND,M,,,,1720,0,20,MAY26,2007,i
46685758,Prasad Babu Lal,IND,M,,,,1533,0,20,MAY26,1978,i
45060495,Prasad Devaki Adithi,IND,F,,,,1411,0,40,MAY26,2008,wi
564011160,Prasad Junnarkar,IND,M,,,,1414,0,20,MAY26,1985,
5010977,Prasad N,IND,M,,,,1705,0,20,MAY26,1975,
429014492,Prasad Pawar,IND,M,,,,1516,0,20,MAY26,1997,i
25942778,Prasad Sachin,IND,M,,,,1687,0,20,MAY26,1984,i
46692533,Prasad Subramanian,IND,M,,NA,,1696,0,20,MAY26,1979,i
5000050,"Prasad, Devaki V",IND,M,IM,FT,,2046,0,20,MAY26,1962,
5004012,"Prasad, Ghate",IND,M,,FI,,2014,0,,MAY26,1963,i
25642952,Prasanna Adiga,IND,M,,,,1501,8,20,MAY26,1979,
46696270,Prasanna B M,IND,M,,,,1776,0,20,MAY26,1974,i
33332983,Prasanna Karthick M,IND,M,,,,2101,0,40,MAY26,2009,
25188305,Prasanna Prashant Hirpurkar,IND,M,,,,1518,0,40,MAY26,2012,
5022401,Prasanna Raghuram Rao,IND,M,IM,,,2365,0,10,MAY26,1994,
25156780,Prasanna SagarJadhao,IND,M,,,,1510,0,20,MAY26,2006,i
46665099,Prasanna Venkatesh V,IND,M,,,,1407,0,20,MAY26,1997,i
5029848,"Prasanna, Swamy",IND,F,,,,1638,0,20,MAY26,1963,w
5068878,Prasannaa.s,IND,M,FM,,,2110,9,20,MAY26,1997,
45066515,Prasanth Babu Ramesh,IND,M,,,,1695,0,20,MAY26,1994,i
25767488,Prasanth K,IND,M,,,,1471,0,20,MAY26,2000,
46601120,Prasanth K V,IND,M,,,,1514,0,20,MAY26,1991,
25162551,Prasanth Varghese Sunny,IND,M,,,,1504,0,20,MAY26,1984,i
66606934,"Prasanth, Jeswin",IND,M,,,,1545,0,20,MAY26,2003,i
35015389,Prasenjit Bhattacharya,IND,M,,,,1681,0,,MAY26,1981,i
5004420,Prasenjit Dutta,IND,M,FM,,,2098,9,20,MAY26,1981,
531071155,Prasenjit Mondal,IND,M,,,,1618,0,20,MAY26,1990,i
25153340,Prasenjit Namasudra,IND,M,,,,1629,0,20,MAY26,1993,
25089331,Prashant Abbi,IND,M,,,,1417,0,20,MAY26,2001,i
25729306,Prashant Gaurav,IND,M,,,,1590,0,20,MAY26,2003,
25757270,Prashant Joshi,IND,M,,,,1509,0,20,MAY26,1994,i
88127788,Prashant Kapil,IND,M,,,,1496,1,20,MAY26,1990,
33499284,Prashant Kumar S,IND,M,,,,1477,0,20,MAY26,1981,i
25190539,Prashant Kumar Singh,IND,M,,,,1632,0,20,MAY26,2004,i
33409510,Prashant Prakash Mannur,IND,M,,,,1403,0,20,MAY26,1978,
35082582,Prashant Raj,IND,M,,,,1492,0,20,MAY26,2000,i
88104885,Prashant S,IND,M,,,,1547,0,40,MAY26,2014,
429068193,Prashant Singh Jadon,IND,M,,,,1746,0,20,MAY26,1992,i
45001944,Prashanth J Naik,IND,M,,NA,,1859,0,,MAY26,2000,
25950061,Prashanth L A,IND,M,,,,1575,0,20,MAY26,1981,i
33307580,Prashanth M,IND,M,,,,1434,0,20,MAY26,1995,i
25917099,Prashanth N,IND,M,,,,1571,0,20,MAY26,1999,i
531048749,Prashasth M,IND,M,,,,1506,0,40,MAY26,2011,
25778820,Prashray deevi,IND,M,,,,1417,0,40,MAY26,2009,i
25602217,Prasiddhi Bhat,IND,F,,,,1648,0,20,MAY26,2006,wi
531013716,Prasidh Ambati,IND,M,,,,1600,0,,MAY26,2017,
48722545,Prasidh Balamurugan,IND,M,,,,1599,0,40,MAY26,2016,
558018557,Prasidh Bhardwaj,IND,M,,,,1472,0,20,MAY26,2005,
366097688,"Prassanna, Jason Rufus",IND,M,,,,1770,9,,MAY26,2012,
33415854,Prasun Biswas,IND,M,,,,1464,0,20,MAY26,1985,
35036726,Prateek Atluri,IND,M,,,,1645,0,,MAY26,2001,i
429039525,Prateek Pandey,IND,M,,,,1576,0,20,MAY26,2006,
531073670,Prateek Rahul Wasnik,IND,M,,,,1496,0,40,MAY26,2012,
577021240,Prateek Sehrawat,IND,M,,,,1411,0,40,MAY26,2011,
5098300,Prateek Srivastava,IND,M,,,,1833,0,20,MAY26,1996,i
46667040,Prateek Wadhwa,IND,M,,,,2001,7,,MAY26,1994,
25746375,Prateeksha M K,IND,F,,,,1481,0,20,MAY26,2004,wi
33312087,Prateeksha R M,IND,F,,,,1474,0,40,MAY26,2012,wi
531040713,Prateenav Dhar,IND,M,,,,1548,0,40,MAY26,2013,
88144097,Prateesh K M,IND,M,,,,1547,0,40,MAY26,2010,
25643517,Prateesh S,IND,M,,,,1527,0,20,MAY26,2003,i
25643959,Prateeti Gorai,IND,F,,,,1566,0,,MAY26,2003,wi
429013151,Pratham Amit Warang,IND,M,,,,1658,8,40,MAY26,2012,
564011550,Pratham Kashinath Gavali,IND,M,,,,1608,0,40,MAY26,2012,
48714305,Pratham Nayyar,IND,M,,,,1654,0,,MAY26,2012,
25946757,Pratham P Sahasrabudhe,IND,M,,,,1583,0,,MAY26,2005,
531037585,Pratham Poddar,IND,M,,,,1614,0,20,MAY26,2002,
558075119,Pratham Shah,IND,M,,,,1678,0,20,MAY26,2001,
25116630,Pratham Shawn Smit Hugo Coutinho,IND,M,,,,1530,0,20,MAY26,2002,
547014814,Pratham Singh Dhakad,IND,M,,,,1460,0,40,MAY26,2010,
547071664,Pratham Verma,IND,M,,,,1830,0,20,MAY26,2007,
531016693,Prathamesh Avinash Kandekar,IND,M,,,,1481,0,40,MAY26,2010,
531015980,Prathamesh Dinkar Khot,IND,M,,,,1496,0,20,MAY26,1999,
25953737,Prathamesh Kirti Kale,IND,M,,,,1497,0,20,MAY26,2006,
531022413,Prathamesh Paresh Velhal,IND,M,,,,1428,0,40,MAY26,2011,
88129454,Prathamesh Sanap,IND,M,,,,1531,0,20,MAY26,2005,
25636260,Prathamesh Santosh Gawade,IND,M,,,,1561,0,40,MAY26,2008,i
25690477,Prathamesh Shashikant Deshmukh,IND,M,,,,1675,0,,MAY26,2011,
33327092,Prathamesh Zade,IND,M,,,,1496,0,20,MAY26,1993,i
537056662,Prathamtej Kallollimath,IND,M,,,,1568,0,40,MAY26,2013,
35006746,Pratheek,IND,M,,,,1575,0,20,MAY26,1993,
25775910,Pratheek V V H,IND,M,,,,1425,0,20,MAY26,2002,i
33477116,Pratheksha Prityunkra,IND,F,,,,1456,0,40,MAY26,2014,wi
25015087,Prathish A,IND,M,,,,1837,0,20,MAY26,2000,i
88160742,Prathith M S,IND,M,,,,1491,0,40,MAY26,2015,
531019013,Prathmesh Balaji Sutar,IND,M,,,,1543,0,40,MAY26,2012,
429017300,Prathmesh Bhoir,IND,M,,,,1405,0,20,MAY26,2005,i
25646761,Prathmesh Dharmadhikari,IND,M,,,,1622,0,20,MAY26,1998,
25123327,Prathmesh M Dhapate,IND,M,,,,1530,0,20,MAY26,2005,i
25954237,Prathummna N,IND,M,,,,1590,0,40,MAY26,2008,i
88155692,Prathya K,IND,F,,,,1414,0,40,MAY26,2015,w
35028952,Pratik Agarwal,IND,M,,,,1583,0,20,MAY26,2000,i
25108999,Pratik Chandrakant Patil,IND,M,,,,1429,0,20,MAY26,1992,i
429040817,Pratik Kanti Paul,IND,M,,,,1608,0,40,MAY26,2011,
25177451,Pratik Lalit Tambi,IND,M,,,,1788,8,40,MAY26,2013,
46615962,Pratik S Borkar,IND,M,,,,1586,0,20,MAY26,2007,i
25140876,Pratik S Maragi,IND,M,,,,1647,0,20,MAY26,1997,
35014935,Pratik S Risbud,IND,M,,,,1698,0,20,MAY26,1992,i
25980769,Pratik Shirke,IND,M,,,,1430,0,20,MAY26,2007,i
25651064,Pratik Vijay Doshi,IND,M,,,,1527,0,20,MAY26,1980,i
88127524,Pratirup Paul,IND,M,,,,1544,0,40,MAY26,2014,
35067737,Pratish Raj,IND,M,,,,1637,0,20,MAY26,1991,
88175693,Pratishtha Ahirwar,IND,F,,,,1518,0,40,MAY26,2012,w
33399506,Pratitee Bordoloi,IND,F,WFM,WFM,,1869,0,40,MAY26,2013,w
25171372,Pratiti Khandelwal,IND,F,,,,1556,0,,MAY26,2010,w
25985051,Pratiyush Kumar,IND,M,,,,1774,0,40,MAY26,2012,
558098011,Pratulya Mehta,IND,M,,,,1453,7,40,MAY26,2011,
25741152,Pratyasha Jena,IND,F,,,,1788,0,40,MAY26,2011,w
25081683,Pratyay Chowdhury,IND,M,,,,1776,0,20,MAY26,2005,i
33487600,Pratyush Chetan Bhatt,IND,M,,,,1452,0,40,MAY26,2009,i
88186873,Pratyush Gupta,IND,M,,,,1450,0,40,MAY26,2012,
48718920,Pratyush Kumar,IND,M,,,,1504,0,40,MAY26,2015,
33353700,Pratyush Saha,IND,M,,,,1477,0,40,MAY26,2013,
547034769,Pratyush Shekhar Marathe,IND,M,,,,1463,0,40,MAY26,2012,
33349410,Pratyusha Jain,IND,F,,,,1440,0,40,MAY26,2011,wi
5000629,"Pratyusha, Bodda",IND,F,WGM,WGM,,2150,0,20,MAY26,1997,wi
547017708,Pratyushraj Swain,IND,M,,,,1578,7,40,MAY26,2012,
25695681,Praval Patel,IND,M,,,,1522,0,20,MAY26,2005,
48730742,Praveen Bala,IND,M,,,,1405,0,20,MAY26,1995,i
25618920,Praveen K B,IND,M,,,,1925,0,20,MAY26,2004,
5007372,Praveen Kumar C,IND,M,IM,FT,,2141,0,20,MAY26,1985,i
25083490,Praveen Kumar D,IND,M,,,,1507,0,,MAY26,1992,
35005375,Praveen Kumar Pugazhendhi,IND,M,,NA,,1938,11,20,MAY26,1993,
46650490,Praveen Lawrence,IND,M,,,,1586,0,20,MAY26,1985,i
88134652,Praveen P,IND,M,,,,1472,0,40,MAY26,2013,i
33348839,Praveen Sharma,IND,M,,,,1560,0,20,MAY26,1966,
33417008,Praveen T,IND,M,,,,1458,0,20,MAY26,1997,i
25097547,Praveen Veeramalla,IND,M,,,,1734,0,20,MAY26,1981,i
5043719,"Praveen, Kodathala",IND,M,,,,2039,0,20,MAY26,1986,i
5045665,"Praveen, Kumar",IND,M,,,,1986,0,20,MAY26,1992,i
5031478,"Praveen, Kumar K.",IND,M,,,,1799,0,20,MAY26,1950,i
5014549,"Praveen, Prasad P.",IND,M,,,,2264,0,20,MAY26,1988,i
35075152,Praveenkumar K,IND,M,,,,1479,0,20,MAY26,1986,
25964135,Pravin A,IND,M,,,,1513,0,40,MAY26,2010,i
25909959,Pravin P,IND,M,,,,1558,0,20,MAY26,2005,i
537000500,Pravin Patel,IND,M,,,,1580,0,20,MAY26,2006,i
33437939,Pravin R,IND,M,,,,1531,0,40,MAY26,2009,i
5033322,"Pravin, Parmar",IND,M,,,,1882,0,20,MAY26,1963,i
558015515,Pravinash R,IND,M,,,,1450,0,40,MAY26,2014,
45009830,Prawin K,IND,M,,,,1857,0,20,MAY26,2005,
48736201,Prayaan Chopra,IND,M,,,,1592,0,40,MAY26,2016,
429091888,Prayaan Kumar,IND,M,,,,1553,0,40,MAY26,2010,i
531032311,Prayag Sanjay Hazare,IND,M,,,,1431,0,40,MAY26,2013,
33313385,Prayag Sumod,IND,M,,,,1583,0,40,MAY26,2009,
48736546,Prayan,IND,M,,,,1850,0,40,MAY26,2015,
33495610,Prayank Gaonkar,IND,M,,,,1658,10,40,MAY26,2017,
429018358,Prayas Debnath,IND,M,,,,1678,7,,MAY26,2011,
25650149,Precious Bansal,IND,F,,,,1457,0,40,MAY26,2009,w
48764990,Preetam Hanamashetti,IND,M,,,,1492,0,40,MAY26,2009,
46610502,Preetham Gangadhar,IND,M,,,,1578,0,20,MAY26,2003,i
46655093,Preetham H N,IND,M,,,,1512,0,20,MAY26,2000,i
33368821,Preetham Reddy Nagula,IND,M,,,,1528,0,40,MAY26,2010,i
5027454,"Preethi, R.",IND,F,,,,2003,0,20,MAY26,1990,wi
25915843,Preetika K,IND,F,,,,1457,0,20,MAY26,2007,w
5044510,"Preetika, Tayal",IND,F,,,,1882,0,20,MAY26,1993,wi
45056200,Prem Kumar,IND,M,,,,1579,0,,MAY26,2003,
33434808,Prem Raaghavan G,IND,M,,,,1429,0,40,MAY26,2009,i
564001172,Prem S,IND,M,,,,1444,2,40,MAY26,2013,
25941666,Prem Singh Bhati,IND,M,,,,1540,0,20,MAY26,1982,
35020927,Prema Leela K R,IND,F,,,,1569,0,20,MAY26,1948,wi
531075339,Premangshu Sekhar Das,IND,M,,,,1479,0,40,MAY26,2013,
5014310,"Premchand, M",IND,M,,,,1919,0,20,MAY26,1974,i
35041738,Premier Adhikar,IND,M,,,,1534,0,20,MAY26,1998,
5051843,Premraaj Natarajan,IND,M,,,,1611,0,,MAY26,1982,i
25955489,Premshankar B U,IND,M,,,,2017,0,,MAY26,2011,
5070554,"Preneesh Kumar, C. S.",IND,M,,,,1559,0,20,MAY26,1978,
45011060,Prerak Jayant Darvekar,IND,M,,,,1729,0,20,MAY26,2007,i
547068957,Prerana Deb Nath,IND,F,,,,1556,0,40,MAY26,2011,w
25046276,Prerna Jain,IND,F,,,,1600,0,20,MAY26,1998,wi
33485542,Preyas Waghmare,IND,M,,,,1473,5,40,MAY26,2014,
45029946,Priansh Das,IND,M,FM,,,1841,0,40,MAY26,2009,
33396256,Pridhish Kumar S,IND,M,,,,1507,0,40,MAY26,2009,i
429053277,Prijesh Veliyathuparambil,IND,M,,,,1620,0,40,MAY26,2012,
48700100,Prijith V,IND,M,,,,1679,0,40,MAY26,2011,i
25928058,Prince Chirag Gandhi,IND,M,,,,1649,6,40,MAY26,2010,
547062533,Prince Kumar Yadav,IND,M,,,,1584,0,40,MAY26,2008,
45082065,Prince Lasrado,IND,M,,NA,,1718,0,20,MAY26,1999,i
45030570,Prince Lobo,IND,M,,NA,,1642,0,20,MAY26,1990,i
564033066,Prince Vikramjeet Singh,IND,M,,,,1444,0,20,MAY26,1995,
5045150,"Prince, Bajaj",IND,M,IM,,,2296,0,20,MAY26,1998,i
25195271,Prisha Arora,IND,F,,,,1522,0,40,MAY26,2011,wi
537087444,Prisha Bhoyar,IND,F,,,,1571,0,40,MAY26,2013,w
25926497,Prisha Kesarwani,IND,F,,,,1499,0,40,MAY26,2011,w
25901940,Prisha Lala,IND,F,,,,1505,0,40,MAY26,2009,w
25978985,Prishita Gupta,IND,F,FM,WIM,,1868,6,40,MAY26,2011,w
33448990,Pritam Darshan Nadimpalli,IND,M,,,,1580,0,40,MAY26,2010,
25174819,Pritam Siddarth Thota,IND,M,,,,1533,0,20,MAY26,2007,i
25108697,Pritam Wani,IND,M,,,,1461,0,20,MAY26,2005,i
429082390,Pritansh Priyam,IND,M,,,,1428,0,40,MAY26,2011,
33448876,Pritesh Khatuja,IND,M,,,,1516,0,40,MAY26,2014,
25197983,Prithish Raichandani,IND,M,,,,1520,0,40,MAY26,2012,
33463506,Prithiv Arokiadass,IND,M,,,,1443,0,40,MAY26,2013,i
88194922,Prithivi D A,IND,M,,,,1401,0,40,MAY26,2009,i
46618546,Prithu Gupta,IND,M,GM,,,2314,0,20,MAY26,2004,i
33383723,Prithvi G S,IND,M,,,,1644,0,20,MAY26,2006,
25676792,Prithvi R S,IND,M,,,,1523,0,20,MAY26,2002,i
25155881,Prithvi Rahul Padgilwar,IND,F,,,,1407,0,20,MAY26,2007,wi
33361258,Prithvi Raj Prajeesh,IND,M,,,,1915,0,,MAY26,2009,
25197967,Prithvi Raja S,IND,M,,,,1436,0,,MAY26,2012,i
25927990,Prithvi Sharma,IND,M,,,,1731,0,20,MAY26,2006,i
25771051,Prithwijeet Seth,IND,M,,,,1539,0,,MAY26,1991,i
25165224,Prithwiraj Saha,IND,M,,,,1442,0,40,MAY26,2009,
25984853,Prithya Ravichandran,IND,F,,,,1410,0,20,MAY26,2007,wi
537078968,Pritiranjan Behera,IND,M,,,,1622,0,20,MAY26,2004,i
88120708,Pritish Anand,IND,M,,,,1464,6,40,MAY26,2011,
558057056,Pritsaaj Singh,IND,M,,,,1404,0,40,MAY26,2012,
33486670,Priya Jain,IND,F,,,,1421,0,40,MAY26,2014,w
5013550,Priya P.,IND,F,WIM,WIM,,2147,0,20,MAY26,1987,wi
88127532,Priyabrata Bhattacharya,IND,M,,NA,,1446,0,20,MAY26,1973,
25076485,Priyadarshi Alok,IND,M,,IA,,1676,0,,MAY26,1997,i
5023599,"Priyadarshi, Torne",IND,M,,FI,,1933,0,20,MAY26,1983,i
25722964,Priyadarshini Mulloli,IND,F,,,,1554,0,20,MAY26,2005,wi
5011833,"Priyadarshini, M.",IND,F,WFM,WFM,FA,1993,0,20,MAY26,1987,wi
25143425,Priyadharshini J,IND,F,,,,1466,0,20,MAY26,2007,wi
25081691,Priyam Ghosh,IND,M,,,,1655,0,,MAY26,1988,i
25090720,Priyambada Datta,IND,F,,,,1549,0,20,MAY26,1998,wi
5084130,Priyamvada Karamcheti,IND,F,WCM,WCM,NA,1953,0,20,MAY26,2000,wi
25012266,Priyamvadha Sundar,IND,F,,,,1654,0,20,MAY26,1999,wi
46688269,Priyan R S,IND,M,,,,1620,0,20,MAY26,2003,i
88199100,Priyanchi Dutta,IND,F,,,,1544,0,40,MAY26,2011,w
429040965,Priyangshu Paul,IND,M,,,,1532,0,40,MAY26,2010,i
5051916,"Priyangshu, Saikia",IND,M,,,,1797,0,20,MAY26,1990,i
45047685,Priyanka Bhatt,IND,F,,,,1614,0,20,MAY26,1992,w
46690352,Priyanka Nair,IND,F,,,,1522,0,20,MAY26,2004,wi
35095404,Priyanka Narayan,IND,F,,,,1528,0,20,MAY26,2002,wi
25049615,Priyanka Nutakki,IND,F,WGM,WGM,,2209,0,20,MAY26,2002,w
25187457,Priyanka Rajan,IND,F,,,,1634,6,40,MAY26,2011,w
5082986,"Priyanka, K",IND,F,WIM,WIM,,2032,0,20,MAY26,2001,w
5029040,"Priyanka, Kumari",IND,F,,,,1966,0,20,MAY26,1995,wi
577039327,"Priyankaj, Aarush",IND,M,,,,1615,8,40,MAY26,2005,
33375070,Priyanksh Suresh Iyer,IND,M,,,,1528,0,,MAY26,2008,i
33419876,Priyansh Arora,IND,M,,,,1532,0,40,MAY26,2011,i
558009078,Priyansh Bhagatwala,IND,M,,,,1579,0,40,MAY26,2011,
33389870,Priyansh Gehani,IND,M,,,,1459,0,,MAY26,2009,
429018307,Priyansh Jena,IND,M,,,,1418,2,40,MAY26,2012,
48753998,Priyansh Jigarkumar Jariwala,IND,M,,,,1627,8,40,MAY26,2015,
429054613,Priyansh Nilesh Karande,IND,M,,,,1420,8,40,MAY26,2014,
88141438,Priyansh Parwani,IND,M,,,,1431,0,20,MAY26,2000,i
531016006,Priyansh Ringkesh Jain,IND,M,,,,1469,0,40,MAY26,2011,
35062255,Priyansh Sahu,IND,M,,,,1681,0,20,MAY26,2005,
5078903,Priyanshu Ahuja,IND,M,,,,1748,0,20,MAY26,1997,i
35079026,Priyanshu Baid,IND,M,,,,1599,8,20,MAY26,2003,
25600524,Priyanshu Barua,IND,M,,,,1981,0,20,MAY26,2005,i
25945190,Priyanshu Das,IND,M,,,,1744,0,40,MAY26,2009,
25649574,Priyanshu Dua,IND,M,,,,1847,14,20,MAY26,2000,
25189379,Priyanshu Dutta,IND,M,,,,1514,5,40,MAY26,2010,
558047972,Priyanshu Sharma,IND,M,,,,1489,0,40,MAY26,2014,
531031617,Priyesh Jaiswal,IND,M,,,,1508,0,20,MAY26,2000,
88163865,Priyesh Valoorakayil Sankaran,IND,M,,,,1462,0,20,MAY26,1976,
25980858,Priyharsh,IND,M,,,,1444,0,,MAY26,1998,
33474281,Priyush Pritom Mosorang,IND,M,,,,1527,0,40,MAY26,2008,
5004675,"Prodip, Bhuyan",IND,M,,,,1641,0,20,MAY26,1957,i
33431191,Projeet Datta,IND,M,,,,1588,0,40,MAY26,2008,
5017157,"Projit, Phukon",IND,M,,,,1812,0,20,MAY26,1981,
25015575,"Projnabrata, Seth",IND,M,,,,1695,0,20,MAY26,1982,i
33431205,Promet Chakraborty,IND,M,,,,1403,0,40,MAY26,2008,
5023602,"Protul, Gogoi",IND,M,,,,1785,0,20,MAY26,1967,i
25964712,Protyay Bhowmick,IND,M,,,,1605,0,40,MAY26,2012,
33338175,Prranamya S Panagaonkar,IND,M,,,,1452,0,40,MAY26,2010,i
46622373,Prraneeth Vuppala,IND,M,GM,,,2310,0,20,MAY26,2007,
25044788,Prudhvi Kumar V,IND,M,CM,,,1954,0,20,MAY26,1999,i
46665935,Prudvi Raj Pasala,IND,M,,,,1540,0,20,MAY26,1993,i
88117774,Prutha Bapat,IND,F,,,,1498,0,40,MAY26,2009,wi
25932497,Pruthivirajan M,IND,M,,,,1589,0,20,MAY26,1995,i
25015095,Pruthu Deshpande,IND,M,CM,,,2008,10,20,MAY26,2001,
537032356,Pruthu Gore,IND,M,,,,1560,0,20,MAY26,2005,
25141473,Pruthvi R Kenchangoudra,IND,M,,,,1491,0,40,MAY26,2010,
547045248,Pruthvij Vijay Suvarna,IND,M,,,,1475,16,40,MAY26,2012,
537081543,Pruthwiraj Ajit Deshmukh,IND,M,,,,1428,0,40,MAY26,2012,
25164350,Puchalapalli Harish Sai Ram,IND,M,,,,1807,0,20,MAY26,2007,i
33483744,Pugal K A,IND,M,,,,1521,0,40,MAY26,2009,i
547046430,Pugazh M,IND,M,,,,1460,0,40,MAY26,2013,
558019243,Pugazh Vinoth,IND,M,,,,1428,8,40,MAY26,2020,
5051940,"Pugazhenthi, K",IND,M,,,,1755,0,20,MAY26,1984,i
45055068,Pujari Nilesh,IND,M,,,,1516,0,,MAY26,1994,i
5024528,"Pujari, Rucha",IND,F,WIM,WIM,,2104,0,20,MAY26,1994,wi
374098302,"Pujeri, Suresh",IND,M,,,,1526,0,,MAY26,2001,
33473790,Pujith Sri Sai Saran Amudalapalli,IND,M,,,,1521,0,40,MAY26,2012,i
25794477,Pulakesh Sahu,IND,M,,,,1817,0,20,MAY26,2005,
35097350,Pulekar Nikhil,IND,M,,,,1589,0,20,MAY26,1992,i
46600167,Pulkanti Lokesh Kumar,IND,M,,,,1764,0,20,MAY26,1981,
33390967,Pulkit Ghosalya,IND,M,,,,1479,8,,MAY26,2012,
33399930,Pulkit Gogia,IND,M,,,,1511,0,20,MAY26,2007,
25015109,Pulkit Rathi V,IND,M,,,,1683,0,20,MAY26,2001,
547003499,Pulkit Valecha,IND,M,,,,1550,0,40,MAY26,2011,
35013793,Puneet Manchanda,IND,M,,,,1798,0,20,MAY26,1989,i
48745065,Puneet Sharma,IND,M,,,,1461,0,20,MAY26,1980,i
25930680,Puneeth G,IND,M,,,,1410,0,,MAY26,2005,i
558034030,Puneeth Sri Lakshmi Karthikeya V,IND,M,,,,1536,0,40,MAY26,2015,
33436843,Punghera Meet Madhav,IND,M,,,,1584,0,20,MAY26,2004,i
46664335,Punit Agarwal,IND,M,,,,1559,0,20,MAY26,1996,i
46612505,Punit Basu,IND,M,,NI,,1504,0,,MAY26,1998,i
45049203,Punit Indora,IND,M,,,,1793,0,20,MAY26,2002,i
25651099,Punit Sudhakar,IND,M,,,,1444,0,20,MAY26,2003,i
558016457,Punit Sureshbhai Panchamatiya,IND,M,,,,1410,0,20,MAY26,1993,
48724416,Punith L,IND,M,,,,1420,0,20,MAY26,2006,i
33479291,Punith Neeli,IND,M,,,,1587,0,40,MAY26,2008,
537059343,Punsiba Maisnam,IND,M,,,,1459,0,40,MAY26,2012,
429068215,Punyashrvan Sharma,IND,M,,,,1486,0,,MAY26,2013,
564041263,Purabi Kalita,IND,F,,,,1403,0,20,MAY26,1997,w
33401934,Purahan Pachauri,IND,M,,,,1553,0,40,MAY26,2011,
5061245,"Puranik, Abhimanyu",IND,M,GM,,,2539,9,10,MAY26,2000,
558028609,Puranjay Choudhary,IND,M,,,,1576,4,40,MAY26,2014,
537021290,Puranjay Thakur,IND,M,,,,1428,2,40,MAY26,2009,
88164802,Puransh Agarwal,IND,M,,,,1614,0,40,MAY26,2010,
88121542,Purav Rushabh Gandhi,IND,M,,,,1535,0,40,MAY26,2014,i
531044093,Purbahna Kashyap,IND,M,,,,1574,0,40,MAY26,2014,
25958755,Purbahna Lakhya Kalita,IND,M,,,,1467,0,20,MAY26,2007,i
48746517,Purbaraag Saikia,IND,M,,,,1430,0,40,MAY26,2010,i
5051967,"Puri, Varinder Kumar",IND,M,,,,1724,0,20,MAY26,1981,
25194712,Purnananda Buragohain,IND,M,,,,1638,0,20,MAY26,1956,i
25792377,Purush Desai,IND,M,,,,1550,0,20,MAY26,2004,i
25649590,Purushaartharaj Singh Parihar,IND,M,,,,1444,0,20,MAY26,2007,i
5012791,"Purushothaman, Thirumalai",IND,M,FM,,,1978,0,20,MAY26,1988,i
25674234,Purushottam Saraff,IND,M,,,,1491,0,20,MAY26,1998,i
35062760,Purusothaman M,IND,M,,,,1460,0,20,MAY26,1991,
429027446,Purvaansh Badwal,IND,M,,,,1726,8,40,MAY26,2014,
25189964,Purvaj M V,IND,M,,,,1469,0,40,MAY26,2012,
429003750,Purvansh Shah,IND,M,,,,1601,15,40,MAY26,2018,
429086027,Purwai Narendra Padole,IND,F,,,,1524,0,40,MAY26,2010,w
25097075,Pushkar Aniruddha Chouganjkar,IND,M,,,,1617,0,20,MAY26,2001,i
547075813,Pushkin Ghosh,IND,M,,,,1528,6,40,MAY26,2011,
25067362,Pushpanathan S,IND,M,,,,1561,0,20,MAY26,1996,i
45030588,Pushpendra,IND,M,,,,1774,0,20,MAY26,1991,
48729167,Pushprajsinh Jitubha Zala,IND,M,,,,1650,0,20,MAY26,1982,
25965212,Puspal Datta,IND,M,,,,1874,0,40,MAY26,2009,
547049308,Putta Anshika,IND,F,,,,1440,0,40,MAY26,2012,w
537097415,Puvameswaran C,IND,M,,,,1469,0,40,MAY26,2013,
48790621,R K Spandan Singh,IND,M,,,,1486,0,40,MAY26,2013,
577009959,R Karthi,IND,M,,,,1664,8,40,MAY26,1996,
564060292,"R, Daksh",IND,M,,,,1410,3,40,MAY26,2012,
531056393,"R, Naomika",IND,F,,,,1414,0,40,MAY26,2014,w
46677283,"R, Shishir",IND,M,,"NI,NA",,1435,0,20,MAY26,1986,
35012690,"R, Sivaramakrishnan",IND,M,,NI,,1462,0,,MAY26,1985,i
25794302,Raaghav Kabil M,IND,M,,,,1860,0,20,MAY26,2007,
45016682,Raaghav Rajesh,IND,M,,,,1616,8,,MAY26,2006,
48766208,Raagneel Borgohain,IND,M,,,,1427,0,40,MAY26,2011,
558013369,Raahim Ali,IND,M,,,,1514,0,20,MAY26,2006,
25035525,Raahul V S,IND,M,GM,,,2336,9,20,MAY26,2003,
531079121,Raajit Banerjee,IND,M,,,,1444,0,40,MAY26,2016,
429037050,Raavi Seyke,IND,F,,,,1525,0,40,MAY26,2015,w
25612190,Rabi Shankar Dubey,IND,M,,,,1531,0,20,MAY26,1971,i
25102796,Rabindra Kumar,IND,M,,NI,,1497,0,20,MAY26,1983,i
5038200,"Rabindra Kumar, Moharana",IND,M,,,,1408,0,20,MAY26,1965,
5055512,"Rabindra, Kumar Ojha",IND,M,,,,1894,0,20,MAY26,1979,
564013871,Rabjoth Singh Diwan,IND,M,,,,1407,0,40,MAY26,2008,
33481938,Rachamallu Koushikreddy,IND,M,,,,1578,0,40,MAY26,2015,
45033927,Rachishnu Datta,IND,M,,,,1749,0,20,MAY26,2007,
558006419,Rachit Agarwal,IND,M,,,,1494,0,20,MAY26,1989,
45021007,Rachit Gianchandani,IND,M,,,,1436,0,40,MAY26,2008,
25613065,Rachit H Gurnani,IND,M,,,,1904,0,20,MAY26,2004,
33316864,Rachit Jariwala,IND,M,,,,1470,0,20,MAY26,2005,
88132269,Rachit Kumar Sah,IND,M,,,,1480,0,40,MAY26,2011,i
429052432,Rachit Wadhwa,IND,M,,,,1514,0,20,MAY26,2002,
558035125,Rachith Karthick,IND,M,,,,1496,0,40,MAY26,2016,
33432716,Rachith P,IND,M,,,,1481,0,40,MAY26,2013,i
25912976,Radha Krishnan S,IND,M,,NA,,1515,0,20,MAY26,2005,i
48755397,Radha Krishnan Sarvesh,IND,M,,,,1426,0,,MAY26,2010,i
25931598,Radhakrishnan Swaminathan,IND,M,,,,1629,0,20,MAY26,2005,
25189018,Radhesh,IND,M,,,,1611,0,40,MAY26,2009,
25012789,Radhika Garg,IND,F,,,,1680,0,20,MAY26,1998,wi
33481776,Radhika Gupta,IND,F,,,,1465,5,,MAY26,2013,w
33411344,Radhika Majumder,IND,F,,,,1412,0,40,MAY26,2010,wi
33398666,Radhika Sharma,IND,F,,,,1583,0,20,MAY26,2007,w
429036569,Radhya Malhotra,IND,F,,,,1619,0,40,MAY26,2015,w
547069392,Radhya Shukla,IND,F,,,,1409,0,40,MAY26,2016,w
33483337,Radwin R,IND,M,,,,1464,0,40,MAY26,2012,i
25071440,Raees Ahmed A Q,IND,M,,,,1825,0,20,MAY26,1978,i
33348510,Rafat Siddiqui,IND,M,,,,1594,0,20,MAY26,1962,i
25104144,Rafik S,IND,M,,,,1518,0,20,MAY26,1999,i
25048465,Ragesh Sarma.M,IND,M,,,,1709,0,20,MAY26,2003,i
558089497,Raghav Agarwal,IND,M,,,,1583,0,40,MAY26,2014,
558008543,Raghav Agarwal (InviBull),IND,M,,,,1474,0,40,MAY26,2008,
558027360,Raghav Arora,IND,M,,,,1528,0,20,MAY26,2005,
25907964,Raghav Badrinath,IND,M,,,,1486,0,20,MAY26,1966,
25012797,Raghav Bagri,IND,M,,,,1801,0,20,MAY26,2001,i
25033743,Raghav Bansal,IND,M,,,,1987,0,20,MAY26,2003,i
35089528,Raghav Bhalla,IND,M,,,,1563,0,20,MAY26,2000,i
429081025,Raghav Biswal,IND,M,,,,1519,0,,MAY26,2016,
25156381,Raghav Budur,IND,M,,,,1545,0,20,MAY26,2005,
537047744,Raghav Dubey,IND,M,,,,1506,0,40,MAY26,2013,
558039872,Raghav Dwivedi,IND,M,,,,1438,0,40,MAY26,2012,
547092572,Raghav Gupta,IND,M,,,,1721,0,20,MAY26,2004,
46670335,Raghav Juneja,IND,M,,,,1687,0,20,MAY26,1998,
537080393,Raghav Kumar,IND,M,,,,1598,0,40,MAY26,2013,
25135023,Raghav Pandey,IND,M,,,,1510,0,20,MAY26,2006,
537095404,Raghav Pratap Bhandarge,IND,M,,,,1598,9,40,MAY26,2012,
25106260,Raghav Praveen,IND,M,,,,1580,0,40,MAY26,2008,i
33401926,Raghav Renuk Pawade,IND,M,,,,1593,0,40,MAY26,2015,
547071826,Raghav S Pandey,IND,M,,,,1534,0,20,MAY26,2006,
25682687,Raghav Sankar S R,IND,M,,,,1461,0,40,MAY26,2009,i
25172506,Raghav Shreyas S,IND,M,,,,1426,0,20,MAY26,2006,i
537032496,Raghav Singh,IND,M,,,,1675,0,40,MAY26,2018,
564012875,Raghav Singla,IND,M,,,,1656,0,20,MAY26,2005,
25922475,Raghav V,IND,M,FM,,,2249,0,40,MAY26,2010,
5071399,"Raghav, Mantri",IND,M,,,,1970,0,20,MAY26,1991,i
5073316,"Raghav, Srivathsav V",IND,M,,,,2053,40,20,MAY26,1998,
25076060,Raghava Madhavan,IND,M,,FA,,1659,0,,MAY26,1994,i
531009239,Raghava Vijaya Pola,IND,M,,,,1445,0,40,MAY26,2012,
25070800,Raghavan Muktesh,IND,M,,,,1687,0,20,MAY26,2002,i
25001353,Raghavan R,IND,M,,,,1500,0,20,MAY26,1986,i
46681477,Raghavendira M S,IND,M,,,,1543,0,20,MAY26,1994,i
429066298,Raghavendra Bhushana H S,IND,M,,,,1466,0,,MAY26,2013,
45051518,Raghavendra M V,IND,M,,NI,,1473,0,,MAY26,1984,i
25666185,Raghavendra Naik,IND,M,,,,1549,0,,MAY26,1996,i
429069017,Raghavendra Shetty,IND,M,,,,1500,0,20,MAY26,1979,i
88180042,Raghavendra Vasisht Gunnam,IND,M,,,,1449,0,,MAY26,1988,
45085005,Raghavendra Venkatasubramani,IND,M,,,,1580,0,20,MAY26,2005,
5014557,"Raghavendra, V.",IND,M,,,,1953,0,20,MAY26,1977,i
5017173,"Raghavi, N.",IND,F,WIM,WIM,,2075,0,20,MAY26,1989,wi
25697331,Raghu Ram Reddy Seelam,IND,M,,,,2051,0,40,MAY26,2009,i
537070061,Raghul Muruganandham,IND,M,,,,1413,0,20,MAY26,1996,i
45007519,Raghul Ravi A,IND,M,,,,1530,0,20,MAY26,2001,i
45043647,Raghul Saro S,IND,M,,,,1761,0,20,MAY26,2004,
547076470,Raghulkrishna S D,IND,M,,,,1451,0,40,MAY26,2018,
25106716,Raghunadha Rao K,IND,M,,,,1442,0,20,MAY26,1975,i
48724793,Raghunandan,IND,M,,,,1514,0,40,MAY26,2008,i
25080326,Raghunandan Rohit,IND,M,,,,1784,0,20,MAY26,1984,
25004964,"Raghunandan, Kaumandur Srihari",IND,M,IM,,,2341,0,20,MAY26,2001,i
429049385,Raghupathy M,IND,M,,,,1521,0,20,MAY26,1997,
25600478,Raghuraj Pratap Singh,IND,M,,,,1723,0,20,MAY26,2005,i
5058481,"Raghuraj, V.N.",IND,M,,,,1584,0,20,MAY26,1976,i
48724424,Raghuram B B,IND,M,,,,1453,0,20,MAY26,2004,i
5039550,"Raghuraman, V",IND,M,,,,1723,0,20,MAY26,1970,i
531021735,Raghuveer S,IND,M,,,,1482,5,40,MAY26,2016,
46642978,Raghuvendra J Gupta,IND,M,,,,1655,0,20,MAY26,1995,i
429072387,Ragunath S,IND,M,,,,1490,0,40,MAY26,2013,i
25640399,Raguprasath C S,IND,M,,,,1446,0,20,MAY26,2005,
46611770,"Raha, Shekhar",IND,M,,,,1518,0,,MAY26,2001,
429013356,Rahael Vivek Joseph,IND,F,,,,1426,0,40,MAY26,2008,w
25758390,Rahan Ramesh,IND,M,,,,1760,0,,MAY26,2005,
46651314,Rahil Rahaman,IND,M,,,,1494,0,20,MAY26,2002,i
25013572,Rahim Lakhani,IND,M,,,,1771,0,,MAY26,1990,
48737615,Rahul Anbumani,IND,M,,,,1556,0,40,MAY26,2011,i
547080140,Rahul Arora,IND,M,,,,1420,0,20,MAY26,1996,
25998773,Rahul Balamurugan,IND,M,,,,1577,0,20,MAY26,2007,i
531070612,Rahul Bandyopadhyay,IND,M,,,,1561,0,20,MAY26,2003,
35004476,Rahul Bharadwaj B,IND,M,,,,1784,9,20,MAY26,2001,
25999443,Rahul Bhaskaran,IND,M,,,,1587,0,20,MAY26,1994,i
558072381,Rahul Bhate,IND,M,,,,1692,0,20,MAY26,1983,
547097337,Rahul Borana,IND,M,,,,1414,0,20,MAY26,2005,
88107850,Rahul Chakravarthi T R,IND,M,,,,1493,0,40,MAY26,2014,
429048710,Rahul Choudhary,IND,M,,,,1643,0,20,MAY26,1992,i
25077902,Rahul Das,IND,M,,,,1543,0,20,MAY26,2004,
25693166,Rahul Ishwarchandra Unakal,IND,M,,,,1474,0,20,MAY26,2006,i
48756326,Rahul Jain,IND,M,,NA,,1598,8,20,MAY26,2003,
25925288,Rahul K,IND,M,,,,1671,9,40,MAY26,2009,
25053515,Rahul Kadge,IND,M,,,,1858,0,20,MAY26,1989,i
531053718,Rahul Khatwani,IND,M,,,,1616,0,20,MAY26,2004,i
45011389,Rahul Krishna Viswanathan,IND,M,,,,1821,0,20,MAY26,2005,i
5089956,Rahul Kumar Raj,IND,M,,,,1688,0,20,MAY26,1986,
537015605,Rahul Kumar Soni,IND,M,,,,1411,0,20,MAY26,1988,
5010969,"Rahul Kumar, Pune",IND,M,,,,2204,0,20,MAY26,1981,i
25036475,Rahul Lamba,IND,M,,,,1889,0,20,MAY26,1993,i
25093754,Rahul Mayur Sharma,IND,M,,"SI,FA",,1645,0,20,MAY26,1978,i
33400830,Rahul Mynala,IND,M,,,,1631,0,40,MAY26,2010,
25082825,Rahul N Kamath,IND,M,,,,1746,0,20,MAY26,1998,
537012592,Rahul Pradhan,IND,M,,,,1403,2,40,MAY26,2010,
33307296,Rahul R,IND,M,,,,1451,0,20,MAY26,1997,i
25057880,Rahul Raghuveer,IND,M,,,,1660,0,20,MAY26,1997,i
547092289,Rahul Raghvendra,IND,M,,,,1425,4,20,MAY26,1993,
25146270,Rahul Ramakrishnan,IND,M,,,,1775,0,40,MAY26,2014,i
564033074,Rahul Ranjan,IND,M,,,,1557,0,20,MAY26,1996,
25617982,Rahul Ravikumar,IND,M,,,,1560,0,20,MAY26,2003,
5092515,Rahul S,IND,M,FM,,,2203,0,20,MAY26,2002,i
25155121,Rahul S,IND,M,,,,1531,0,20,MAY26,2006,i
46601147,Rahul S,IND,M,,,,1486,0,20,MAY26,1994,i
88145336,Rahul Sahani,IND,M,,,,1554,1,20,MAY26,2005,
48774170,Rahul Samanta,IND,M,,,,1413,8,40,MAY26,2012,
33494746,Rahul Sarkar,IND,M,,,,1462,0,20,MAY26,1991,
25757334,Rahul Singh,IND,M,,,,1622,0,20,MAY26,2002,i
547071834,Rahul Singh Panwar,IND,M,,,,1448,0,20,MAY26,2006,
25059653,Rahul Srivatshav P,IND,M,GM,,,2370,0,20,MAY26,2002,i
429027489,Rahul Suri,IND,M,,,,1679,8,20,MAY26,1991,
564014002,Rahul Tulshiram Sali,IND,M,,,,1416,0,20,MAY26,1992,
429025362,Rahul V,IND,M,,,,1464,0,40,MAY26,2012,
25736230,Rahul V Prijeesh,IND,M,,,,1525,0,40,MAY26,2008,i
33436380,Rahul V S,IND,M,,,,1705,0,20,MAY26,2005,
88145344,Rahul Vaghela,IND,M,,,,1635,3,20,MAY26,2006,
35071963,"Rahul, Kumar",IND,M,,NA,,1915,0,,MAY26,1997,i
5022690,"Rahul, Manohar M.",IND,M,,,,2081,0,20,MAY26,1988,i
25060791,"Rahul, P S D",IND,M,,,,1653,0,20,MAY26,1998,i
46652256,Rahuldev M,IND,M,,,,1495,0,20,MAY26,2002,i
25139312,Rai Amit,IND,M,,,,1686,0,20,MAY26,2000,i
46603123,Rai Ganesh,IND,M,,,,1485,0,,MAY26,1971,i
25949446,Rai Yash,IND,M,,,,1578,0,20,MAY26,2005,i
46628738,"Rai, Shashidhar B",IND,M,,,,1562,0,,MAY26,1954,i
35046403,Raichura Niyant,IND,M,,,,1768,0,20,MAY26,2001,i
33300526,Raihaan Zahid,IND,M,,,,1982,0,40,MAY26,2011,i
48738263,Raihan Bin Anzar,IND,M,,,,1709,0,40,MAY26,2013,
33353727,Raihan Nehal Sk.,IND,M,,,,1602,6,40,MAY26,2010,
25968998,Raima Bhattacharjee,IND,F,,,,1604,0,40,MAY26,2009,w
547075210,Raiyan Huda,IND,M,,,,1410,0,40,MAY26,2016,
25710508,Raj Aryan,IND,M,,,,1709,0,,MAY26,2004,
35078968,Raj D Vyas,IND,M,,,,1852,9,20,MAY26,2001,
531053726,Raj Dixit,IND,M,,,,1686,0,20,MAY26,2002,i
429018781,Raj Ganesh Dudhal,IND,M,,,,1436,0,40,MAY26,2008,
25785559,Raj Kapoor,IND,M,,,,1929,9,40,MAY26,2008,
531098940,Raj Kuncolienkar,IND,M,,,,1486,0,40,MAY26,2010,
25993739,Raj Lakhlani,IND,M,,,,1573,0,20,MAY26,2007,i
88106500,Raj Nagvekar,IND,M,,,,1480,0,40,MAY26,2015,i
537087452,Raj Pankaj Bharsakle,IND,M,,,,1633,0,40,MAY26,2013,
33478660,Raj Patel,IND,M,,"DI,NA",,1583,0,20,MAY26,2002,
25089811,Raj Prakhar,IND,M,,NA,,1664,8,,MAY26,1994,
429089980,Raj Ravindra Gaikwad,IND,M,,,,1462,0,40,MAY26,2013,
429070325,Raj Srivastava,IND,M,,,,1500,0,40,MAY26,2008,i
35032577,"Raj, Dey",IND,M,,,,1723,0,20,MAY26,1993,
5076722,"Raj, Kumar",IND,M,,,,1766,0,20,MAY26,1977,i
35052195,Raja Bose,IND,M,,,,1609,0,20,MAY26,1996,i
25794370,Raja Gopal P,IND,M,,,,1482,0,20,MAY26,1997,i
5089000,Raja Harshit,IND,M,GM,,,2448,0,10,MAY26,2001,
25086324,Raja Mohammad,IND,M,,,,1621,0,20,MAY26,1981,i
366097006,Raja Ravivarman T,IND,M,,,,1449,0,20,MAY26,1991,i
35007394,Raja Rithvik R,IND,M,GM,,,2414,0,10,MAY26,2004,
25623680,Raja Sree Virinchi Vadali,IND,M,,,,1642,0,20,MAY26,2005,i
5091101,"Raja, A",IND,M,,NA,,1607,0,,MAY26,1981,
25002910,"Raja, C",IND,M,,,,1461,0,20,MAY26,1994,i
33329389,Rajababu B,IND,M,,,,1500,0,20,MAY26,1972,i
5015600,"Rajadharshini, M.",IND,F,WCM,WCM,NA,1952,0,20,MAY26,1989,w
5080843,Rajagopalan,IND,M,,NI,,1711,0,20,MAY26,1968,i
46684271,Rajagopalan Srinivasan,IND,M,,,,1630,0,20,MAY26,1979,i
531015476,Rajagowtham S,IND,M,,,,1487,0,40,MAY26,2013,
45056560,Rajakumar S,IND,M,,,,1569,0,20,MAY26,1971,i
25114247,Rajal Sharma,IND,M,,,,1581,0,20,MAY26,2003,
25636332,Rajalakshmi Vishwanathan,IND,F,,,,1524,0,20,MAY26,2003,wi
531032940,Rajan H Panchal,IND,M,,,,1551,0,40,MAY26,2010,
45052760,Rajannavar Ansh,IND,M,,,,1550,0,20,MAY26,2007,
45033641,Rajanya Datta,IND,F,WCM,WCM,,1770,0,40,MAY26,2008,w
33492913,Rajanya Mondal,IND,F,,,,1719,0,40,MAY26,2014,w
5081602,Rajappan.K,IND,M,,,,1520,0,20,MAY26,1944,i
48740721,Rajarajan,IND,M,,,,1637,0,20,MAY26,1975,i
25971026,Rajarajeshwari Yogesh Deshmukh,IND,F,,,,1574,0,20,MAY26,2007,wi
5092523,Rajarishi Karthi,IND,M,CM,,,2136,0,20,MAY26,1998,i
25077910,Rajarshi Dutta,IND,M,,,,1943,0,20,MAY26,2001,i
35007408,Rajarshi Mandal,IND,M,,,,1665,0,20,MAY26,2004,i
5096235,Rajaryan Kuvelkar,IND,M,,,,1902,0,20,MAY26,2001,i
25083546,Rajasekaran M,IND,M,,,,1539,0,20,MAY26,1992,i
5015740,"Rajasekaran, P.",IND,M,,,,1779,0,,MAY26,1986,i
25091263,Rajashakkthivel K K,IND,M,,,,1665,0,20,MAY26,1998,i
25050150,Rajashekara N,IND,M,,,,1627,0,20,MAY26,1980,i
25040502,Rajashree Rajeev,IND,F,,,,1712,0,20,MAY26,2002,wi
537059041,Rajasmita Hanjabam,IND,F,,,,1493,0,40,MAY26,2013,w
5022150,"Rajasurya, J.",IND,F,WFM,WFM,,1803,0,20,MAY26,1989,w
531026605,Rajat,IND,M,,,,1700,0,40,MAY26,2008,
25061593,Rajat Agarwal,IND,M,,,,1656,0,20,MAY26,1997,i
25173510,Rajat Bafna,IND,M,,,,1468,0,40,MAY26,2013,i
25003844,Rajat Kumar,IND,M,,,,1821,0,,MAY26,1992,i
33380279,Rajat Mishra,IND,M,,,,1525,0,20,MAY26,2002,
48715913,Rajat Shankar Kamdi,IND,M,,,,1560,0,20,MAY26,2006,i
48736589,Rajat Tiwari,IND,M,,NI,,1415,0,20,MAY26,2003,i
45049408,Rajath Gururaj,IND,M,,,,1686,0,20,MAY26,2005,i
45011079,Rajbeer Ahmed,IND,M,,NA,,1756,0,20,MAY26,2005,
577056353,"Rajbhar, Akhilesh",IND,M,,,,1713,8,40,MAY26,1998,
45028770,Rajchinna Singaravelan,IND,F,,,,1484,0,20,MAY26,2004,wi
45066914,Rajdeep Brahmachari,IND,M,,,,1677,0,20,MAY26,2004,i
25038184,Rajdeep Das,IND,M,,NA,,1867,0,20,MAY26,1993,
48710334,Rajdeep Roy,IND,M,,,,1428,0,40,MAY26,2010,i
25007963,Rajdeep Sarkar,IND,M,IM,,,2257,0,20,MAY26,2001,i
5059747,"Raje, Ashwin",IND,M,,,,1822,0,20,MAY26,1992,i
25769634,Rajeev Kumar Nadar,IND,M,,,,1512,0,20,MAY26,1991,i
25057898,Rajeev S,IND,M,,,,1671,0,20,MAY26,1986,i
46676295,Rajeevan Diya,IND,F,,,,1453,0,20,MAY26,2001,wi
46676309,Rajeevan Pranamya,IND,F,,,,1407,0,20,MAY26,2004,wi
5030471,"Rajeevan, V P",IND,M,,,,1694,0,20,MAY26,1968,i
35048597,Rajendra Kumar Bajpai,IND,M,,,,2146,0,20,MAY26,1983,i
25137816,Rajendra Sawant,IND,M,,,,1419,0,20,MAY26,1975,i
45086400,Rajendra Singh,IND,M,,,,1548,0,20,MAY26,1989,
45091730,Rajendra Singh Rana,IND,M,,NA,,1688,0,20,MAY26,1993,i
5068703,"Rajendra, Kumar",IND,M,,,,1806,0,20,MAY26,1969,
25003852,"Rajendran, A",IND,M,,,,1430,0,20,MAY26,1957,i
531025200,Rajesh,IND,M,,,,1488,0,20,MAY26,1990,
558010181,Rajesh Bajpayee,IND,M,,,,1619,0,20,MAY26,1981,
46601813,Rajesh Calaimani,IND,M,,,,1440,0,20,MAY26,2007,i
33364745,Rajesh Chakravorty,IND,M,,,,1609,0,20,MAY26,1985,i
33339252,Rajesh Kanna C,IND,M,,,,1519,0,20,MAY26,1996,
5011507,Rajesh Kumar,IND,M,,,,1880,0,20,MAY26,1982,i
5098122,Rajesh Kumar,IND,M,,,,1545,0,20,MAY26,1967,i
88139654,Rajesh Kumar B,IND,M,,,,1413,2,20,MAY26,1979,
5052254,"Rajesh Kumar, A",IND,M,,,,1777,0,20,MAY26,1990,i
33326614,Rajesh Kuppachi,IND,M,,,,1510,0,20,MAY26,1985,i
45001952,Rajesh Nair,IND,M,,,,1444,0,20,MAY26,1971,i
25026313,Rajesh Prajapati,IND,M,,NA,,1587,0,20,MAY26,1964,i
35014684,Rajesh R,IND,M,,"SI,FI",,1705,0,20,MAY26,1972,i
25757342,Rajesh Ramanbhai Vaza,IND,M,,,,1484,0,20,MAY26,1976,i
46684298,Rajesh Selvarajan,IND,M,,,,1600,0,20,MAY26,1979,i
25101846,Rajesh Shee,IND,M,,,,1487,0,20,MAY26,1992,
25613251,Rajesh Uttam,IND,M,,,,1428,0,20,MAY26,2004,i
5029899,"Rajesh, Kumar Nath",IND,M,,,,1836,0,20,MAY26,1967,
5028639,"Rajesh, Kumar Sharma",IND,M,,NA,,1689,0,20,MAY26,1967,
5029317,"Rajesh, V A V",IND,M,IM,,,2288,0,10,MAY26,1995,i
25076183,"Rajesh, Vasanthakumar",IND,M,,FI,,1798,0,20,MAY26,2000,i
429033373,Rajeshkumar Amsa Kuppusamy,IND,M,,,,1423,0,20,MAY26,1983,i
33489076,Rajeshwaran K,IND,M,,,,1479,9,20,MAY26,1991,
33364524,Rajeswari T,IND,F,,,,1477,0,40,MAY26,2012,wi
25607189,Rajib Roy,IND,M,,,,1426,3,20,MAY26,1992,
45065357,Rajinesh Chintala,IND,M,,,,1610,0,20,MAY26,1982,i
46662332,Rajini Kanth D,IND,M,,,,1576,0,20,MAY26,1978,i
46613684,Rajinikanth G,IND,M,,NA,,1611,0,20,MAY26,1986,i
33480389,Rajit Mundhra,IND,M,,,,1440,0,20,MAY26,2005,i
5011817,Rajith V.,IND,M,,,,1792,0,20,MAY26,1970,i
88165639,Rajiv Nair,IND,M,,,,1475,0,20,MAY26,1982,i
25059734,Rajiv Soni,IND,M,,,,1681,0,20,MAY26,1960,i
531019056,Rajkumar Bhimashankar Kolekar,IND,M,,,,1464,0,20,MAY26,1972,i
33325600,Rajkumar D,IND,M,,,,1538,0,20,MAY26,2007,i
429002338,Rajkumar Emmanuel,IND,M,,,,1935,0,20,MAY26,2001,
25601253,Rajkumar S,IND,M,,,,1658,0,20,MAY26,2007,i
25905554,Rajna S R,IND,F,,,,1412,0,40,MAY26,2011,wi
46691758,Rajnish Verma,IND,M,,NA,,1618,0,20,MAY26,1984,
48741353,Rajorshi Pramanik,IND,M,,,,1502,0,,MAY26,2015,
25635670,Rajpathak Bhushan,IND,M,,,,1433,0,20,MAY26,1980,
46645713,Rajpurkar Sakshi,IND,F,,,,1522,0,20,MAY26,2003,wi
33442509,Rajput Yuvraj Singh,IND,M,,,,1423,0,20,MAY26,2002,i
25933450,Rajshree Lath,IND,F,,,,1516,0,20,MAY26,2005,wi
25016423,Raju A K,IND,M,,,,1579,0,20,MAY26,1974,i
25626531,Raju Vislavath,IND,M,,"NI,FA",,1511,0,20,MAY26,1998,i
5004721,"Raju, Gogoi",IND,M,,,,1666,0,20,MAY26,1983,i
5017190,"Raju, J.K.",IND,M,,,,1732,0,,MAY26,1980,i
5034469,"Raju, M",IND,M,,,,1629,0,20,MAY26,1960,i
5070090,"Raju, O A",IND,M,,,,1936,0,20,MAY26,1972,i
5043735,"Raju, S",IND,M,,,,1857,0,20,MAY26,1993,
88166430,Rajulwar Harshada,IND,F,,,,1527,0,40,MAY26,2011,w
48767336,Rajurkar Nikhlesh,IND,M,,,,1485,0,40,MAY26,2014,
25181246,Rajurkar Shantanu,IND,M,,,,1522,0,20,MAY26,2005,i
25789163,Rajvarshan Balaji,IND,M,,,,1716,0,40,MAY26,2010,
33448086,Rajveer Ajwani,IND,M,,,,1414,0,40,MAY26,2016,
25123289,Rajveer Patil,IND,M,,,,1692,0,40,MAY26,2012,
25693727,Rajveer Pinkesh Nahar,IND,M,,,,1635,0,,MAY26,2009,
25971034,Rajveer Singh,IND,M,,,,1537,0,20,MAY26,2006,
25133020,Rajveer Singh,IND,M,,,,1530,0,40,MAY26,2011,i
531003125,Rajveer Singh Bagga,IND,M,,,,1439,0,40,MAY26,2015,
88121909,Rajveer Srivardhan,IND,M,,,,1468,0,,MAY26,2013,
531019064,Rajveer Uday Dive,IND,M,,,,1522,0,40,MAY26,2015,
33336318,Rajwardhan Lodam,IND,M,,,,1493,9,40,MAY26,2012,
547090456,Rajyalakshmi Abbindi,IND,F,,,,1484,0,20,MAY26,1990,w
531088988,Rajyavardhan Singh Manhas,IND,M,,,,1731,0,,MAY26,2006,
88117138,Rajyawardhan Singh,IND,M,,,,1454,0,40,MAY26,2015,
25630776,Rakesh Bhatti,IND,M,,NA,,1665,0,20,MAY26,1990,
5087562,Rakesh Chakravorty,IND,M,,,,1916,0,20,MAY26,1990,i
25733338,Rakesh Gowda G C,IND,M,,,,1490,0,,MAY26,1997,
45041415,Rakesh Kumar,IND,M,,,,1432,0,20,MAY26,1989,i
33453233,Rakesh Kumar Gopinath,IND,M,,,,1439,4,20,MAY26,1984,
5084822,Rakesh Kumar Jena,IND,M,IM,,,2258,0,20,MAY26,2001,i
46691065,Rakesh Kumar Jha,IND,M,,,,1492,0,20,MAY26,1981,
429097410,Rakesh Mathiyazhagan,IND,M,,,,1652,9,40,MAY26,2010,
35097989,Rakesh N,IND,M,,,,1749,0,20,MAY26,2003,i
5066328,"Rakesh, Kumar Nayak",IND,M,,,,2087,0,20,MAY26,1997,i
25926748,Rakeshkumar Selvakumar,IND,M,,,,1557,0,40,MAY26,2008,i
429007798,Rakhonde Atharv,IND,M,,,,1479,0,40,MAY26,2012,i
25605275,Rakibe Atul,IND,M,,,,1504,0,,MAY26,1991,i
366097436,"Rakkappan, Ramasamy",IND,M,,,,1541,0,20,MAY26,1987,
429078296,Raksha V S,IND,F,,,,1455,0,40,MAY26,2011,w
33379556,Rakshan Magotra,IND,M,,,,1944,0,,MAY26,2009,
33477540,Rakshan Pandian M R,IND,M,,,,1462,4,40,MAY26,2014,
25759582,Rakshan V M,IND,M,,,,1472,0,,MAY26,2007,
25758616,Rakshan Vaishnav S,IND,M,,NA,,1428,0,20,MAY26,2003,i
25729284,Rakshit Batra,IND,M,,,,1596,0,20,MAY26,1996,
537078526,Rakshit Choudhary,IND,M,,,,1491,0,40,MAY26,2009,i
25122037,Rakshit Raghavendra,IND,M,,,,1486,0,20,MAY26,2006,
33423911,Rakshit Shekhar Dwivedi,IND,M,,,,1791,0,40,MAY26,2012,
46640312,Rakshith J,IND,M,,,,1647,0,20,MAY26,2000,i
25727133,Rakshith M,IND,M,,,,1755,28,20,MAY26,2007,
5008379,"Rakshith R, Umesh",IND,M,,,,1834,0,20,MAY26,1995,i
537050044,Rakshith Ram S,IND,M,,,,1477,0,,MAY26,2011,
25109073,Rakshith S Dongre,IND,M,,,,1437,0,40,MAY26,2008,i
46653660,Rakshith Srinivasan,IND,M,,,,2094,0,20,MAY26,2004,i
547009926,Rakshitha V S,IND,F,,,,1438,3,40,MAY26,2012,w
25073230,Rakshitta Ravi,IND,F,WGM,WGM,,2218,0,20,MAY26,2005,w
88126773,Raktim Suraj Das,IND,M,,,,1445,0,20,MAY26,1997,i
25601113,Ram Alagappan S,IND,M,,,,1802,0,20,MAY26,2003,i
25033760,Ram Aravind L N,IND,M,FM,,,2178,0,20,MAY26,2003,i
45021724,Ram Charan,IND,M,,,,1807,0,20,MAY26,1983,
48728748,Ram Ganesh S D,IND,M,,,,1485,5,40,MAY26,2013,
88175014,Ram Gupta,IND,M,,,,1582,0,40,MAY26,2008,
35053876,Ram Kailash PL,IND,M,,,,1699,0,20,MAY26,2003,i
35041347,Ram Kumar G M,IND,M,,,,1776,0,20,MAY26,2002,i
35039733,Ram Kumar R,IND,M,,,,1763,0,20,MAY26,1989,
25701410,Ram Kumar Thakur,IND,M,,,,1578,0,20,MAY26,1979,
88140997,Ram Nachiketh Chilakabathini,IND,M,,,,1524,0,,MAY26,2014,i
547090936,Ram Prameen Sastry Puranic,IND,M,,,,1414,0,40,MAY26,2015,
25990209,Ram Prasad T V H,IND,M,,,,1426,0,,MAY26,1995,i
5096715,"Ram Prasad, P M",IND,M,,,,1762,0,,MAY26,1995,
547062517,Ram Raj Kharbanda,IND,M,,,,1717,0,20,MAY26,2004,
537096575,Ram Sanjay Joshi,IND,M,,,,1496,0,40,MAY26,2017,
25630784,Ram Singh,IND,M,,,,1630,0,20,MAY26,1997,i
25093789,Ram Vishwanathan,IND,M,,,,1899,0,20,MAY26,1999,i
46680446,Ram Vyas,IND,M,,,,1611,0,20,MAY26,1994,
5035899,"Ram, Gupta",IND,M,,,,1973,0,20,MAY26,1995,i
5010519,"Ram, S. Krishnan",IND,M,FM,,,2279,0,10,MAY26,1983,
35073443,Rama Devi B,IND,M,,,,1461,0,20,MAY26,1949,i
45030618,Rama Krishna Gujjula,IND,M,,NA,,1510,0,20,MAY26,1994,i
35073370,Rama Kumara Teja K,IND,M,,,,1785,0,20,MAY26,1992,
5052386,"Rama Mohan Rao, N",IND,M,,,,1651,0,20,MAY26,1955,i
5091128,"Rama Rajasekhara, Reddi",IND,M,,NI,,1622,0,20,MAY26,1984,
46613692,Rama Raju V L V,IND,M,,,,1684,0,20,MAY26,1972,i
5027217,Rama Rao K,IND,M,,,,1676,0,20,MAY26,1985,
25915860,Rama Sherigar,IND,M,,,,1402,7,40,MAY26,1955,
33325804,Rama Sreekar Yeleswarapu,IND,M,,,,1645,0,20,MAY26,2005,i
5091799,"Ramachandra, Bhat",IND,M,,,,1712,0,20,MAY26,1958,
35094017,Ramachandran Narayanan,IND,M,,,,1593,0,20,MAY26,2001,i
25783971,Ramachandran S,IND,M,,,,1556,0,20,MAY26,1999,i
35012452,Ramachandran S M,IND,M,,,,1658,0,20,MAY26,2002,i
5009243,"Ramachandran, R.",IND,M,,,,2048,0,20,MAY26,1983,i
5051592,"Ramachandran, Vijay Narayanan, Dr.",IND,M,,,,1850,0,20,MAY26,1982,i
25670220,Ramadugu Akshay,IND,M,,,,1848,0,20,MAY26,2005,i
35034707,Ramajayam J,IND,M,,,,1518,3,20,MAY26,1989,
537078852,Ramakrishna Bandaru,IND,M,,,,1410,0,20,MAY26,1979,
46668179,Ramakrishna Reddi,IND,M,,,,1508,0,20,MAY26,1979,
5008174,"Ramakrishna, J.",IND,M,FM,,,1947,0,20,MAY26,1977,
5035082,"Ramakrishna, Perumalla",IND,M,,,,1814,0,20,MAY26,1990,
25096591,Ramakrishnan K R,IND,M,,,,1470,0,20,MAY26,1984,i
25688480,Ramakrishnan M R,IND,M,,,,1584,0,20,MAY26,2007,i
48798401,Ramakrishnan S R,IND,M,,,,1696,0,20,MAY26,2001,i
25091220,Ramakrishnan T V,IND,M,,,,1484,0,20,MAY26,1957,i
5052394,"Ramalingam, Karthik",IND,M,,,,1982,0,20,MAY26,1994,i
537086090,Ramamoorthy Thyagarajan,IND,M,,,,1429,0,20,MAY26,1985,
33374805,Raman Kumar,IND,M,,,,1441,0,,MAY26,1994,i
547008300,Raman Raichand,IND,M,,,,1514,0,20,MAY26,2002,
25789783,Raman Siddhardh B,IND,M,,,,1671,0,40,MAY26,2011,
25958909,Raman Trikazhipuram,IND,M,,,,1620,0,20,MAY26,1947,i
5019389,"Raman, R.",IND,M,,,,1754,0,,MAY26,1968,
25059769,Ramana Prasad P V,IND,M,,,,1569,0,20,MAY26,1994,i
5009545,"Ramana, Babu B.",IND,M,,,,1870,0,20,MAY26,1976,
5019605,"Ramanan, S",IND,M,,,,1722,0,20,MAY26,1993,i
25721585,Ramandeep Singh Gill,IND,M,,,,1664,0,20,MAY26,1988,
35019031,Ramanesh Varun K C,IND,M,,,,1567,0,20,MAY26,1999,i
45035857,Ramani Varad,IND,M,,,,1423,0,20,MAY26,2004,i
537073621,Ramanuj Das,IND,M,,,,1431,0,40,MAY26,2013,
33308179,Ramanuj Mishra,IND,M,,,,1856,0,40,MAY26,2012,
48765783,Ramanujan Renjith Pillai,IND,M,,,,1554,0,40,MAY26,2013,i
5012090,"Ramaraju, N",IND,M,,,,2141,0,,MAY26,1975,i
5004373,"Ramaswamy, Aarthie",IND,F,WGM,WGM,,1984,0,20,MAY26,1981,wi
88160394,Ramchandran T R,IND,M,,,,1425,0,,MAY26,2011,
577013913,"Ramcharan, P",IND,M,,,,1411,0,40,MAY26,2012,
564039382,Rameez Abdul Huq,IND,M,,,,1553,0,20,MAY26,1982,
5069793,"Ramendra, Ranjan",IND,M,,"NI,NA",,1695,0,20,MAY26,1993,
46652272,Ramesh Balasubramanian,IND,M,,,,1753,0,20,MAY26,1969,i
429090040,Ramesh Harsith,IND,M,,,,1522,0,40,MAY26,2013,i
25931601,Ramesh Jami,IND,M,,,,1480,0,20,MAY26,1982,
35068563,Ramesh Krishnan AR,IND,M,,,,1751,9,20,MAY26,2000,
25018868,Ramesh Kumar,IND,M,,,,1560,0,20,MAY26,1985,i
35058258,Ramesh Kumar Sonker,IND,M,,,,1561,0,20,MAY26,1970,
33476314,Ramesh Kumar T,IND,M,,,,1528,0,20,MAY26,1987,i
25903420,Ramesh Majji,IND,M,,,,1454,0,20,MAY26,1984,
25127578,Ramesh N,IND,M,,,,1665,0,20,MAY26,1966,i
146105016,"Ramesh Nair, Advait",IND,M,,,,1761,0,40,MAY26,2011,
25092383,Ramesh R,IND,M,,,,1562,0,20,MAY26,1981,i
5002109,Ramesh R B,IND,M,GM,,,2372,0,10,MAY26,1976,i
5063914,Ramesh V,IND,M,,,,1437,0,20,MAY26,1970,
5015022,"Ramesh, Kalai",IND,M,,,,1545,0,20,MAY26,1973,
25947753,Ramesha K,IND,M,,,,1560,0,20,MAY26,1958,i
45001146,Ramgude Nishigandha,IND,F,,,,1558,0,20,MAY26,2005,wi
429052688,Rami Naidu Gara,IND,M,,NA,,1418,0,20,MAY26,1988,
46635343,Ramkumar J,IND,M,,,,1555,0,20,MAY26,1987,i
531048757,Rammohan Rao Nagam,IND,M,,,,1541,0,20,MAY26,1982,i
88160408,Ramnarayan T R,IND,M,,,,1436,0,,MAY26,2013,
5026598,Ramnath Bhuvanesh.R,IND,M,IM,,,2383,0,10,MAY26,1993,i
5001277,"Ramnathan, Balasubramaniam",IND,M,IM,,,1937,8,20,MAY26,1971,
537073273,Ramprakash Dey,IND,M,,,,1411,0,20,MAY26,2001,
25623761,Ramprasad cherupalli,IND,M,,,,1876,0,20,MAY26,1979,i
537038150,Ramsiva Ramesh Babu,IND,M,,,,1473,0,40,MAY26,2011,
537039091,Ramswaroop Panda,IND,M,,,,1485,0,40,MAY26,2013,
25786164,Ramteke Ayush,IND,M,,,,1694,0,40,MAY26,2009,
531009433,Ramteke Jeevika,IND,F,,,,1468,1,40,MAY26,2014,w
45055777,Ramteke Pramod J,IND,M,,,,1534,0,20,MAY26,1961,
46629939,Ramteke Sumedh,IND,M,,,,1621,0,20,MAY26,2002,i
25969617,Ramteke Yugant,IND,M,,,,1637,0,40,MAY26,2011,
547034564,Ramtirthe Rudra,IND,M,,,,1485,0,,MAY26,2015,
5006171,"Ramu, K.",IND,M,FM,FT,,2143,0,20,MAY26,1978,i
25788264,Ramya Meena M,IND,F,,,,1402,0,20,MAY26,2004,wi
45028184,Ramyashree Gangadhar,IND,F,,,,1782,0,20,MAY26,1982,wi
25692399,Rana Apoorvakumar,IND,M,,NI,,1610,6,,MAY26,1996,
33411352,Rana Bijoy Paul,IND,M,,,,1565,0,40,MAY26,2014,i
33422141,Rana Nivid,IND,M,,NI,,1651,0,20,MAY26,1999,i
33465487,Rana Pravan E,IND,M,,,,1450,0,40,MAY26,2015,i
35038486,Ranade Mayank,IND,M,,,,1683,0,20,MAY26,2004,i
25727680,Ranade Soham Abhijit,IND,M,,,,1461,0,40,MAY26,2010,i
35064690,Ranadheer B J S K,IND,M,,,,1708,0,20,MAY26,2004,i
558013687,Ranak Chourasia,IND,M,,,,1491,0,40,MAY26,2012,
531019072,Randheer Ramesh Bankar,IND,M,,,,1404,0,40,MAY26,2011,
25635697,Rane Parnavi,IND,F,,,,1563,0,20,MAY26,2004,wi
25753630,Rane Viraj,IND,M,,,,1609,0,40,MAY26,2012,i
25753495,Rane Yash,IND,M,,,,1530,0,40,MAY26,2009,i
25738038,Ranesh Mopuru,IND,M,,,,1440,0,20,MAY26,2004,i
88122395,Ranga Sujay R,IND,M,,,,1443,8,40,MAY26,2014,
48785474,Rangan Kashyap,IND,M,,,,1592,0,40,MAY26,2011,i
88141314,Rangan Sarkar,IND,M,,,,1630,0,20,MAY26,2006,
25769863,Rangari Sanarth,IND,M,,,,1441,0,40,MAY26,2011,
25746588,Rangeet Majumdar,IND,M,,,,1796,6,40,MAY26,2010,
366097285,"Ranher, Vishal",IND,M,,NA,,1509,0,,MAY26,1996,
45076995,Rani Puja,IND,F,,,,1508,0,20,MAY26,1995,w
25944738,Ranit Maity,IND,M,,,,1767,0,40,MAY26,2010,
537019724,Ranjan Kumar Pradhan,IND,M,,,,1455,0,20,MAY26,1996,i
5031559,"Ranjan, Mohanty",IND,M,,FA,,1870,0,20,MAY26,1971,i
564092119,"Ranjan, Rajeev",IND,M,,,,1730,8,20,MAY26,1993,
25705148,Ranjit Kumar Singha P,IND,M,,,,1661,0,20,MAY26,1976,i
25982532,Ranjit Ronghang,IND,M,,,,1448,0,20,MAY26,1975,i
25695711,Ranjith Anand,IND,M,,,,1696,0,20,MAY26,2004,i
25794310,Ranjith Ananth S,IND,M,,,,1402,0,20,MAY26,2006,i
25617990,Ranjith Gunasekaran,IND,M,,,,1533,0,20,MAY26,2001,
45018685,Ranjith Kalaiyarasan,IND,M,,,,1764,0,20,MAY26,1997,i
5018331,"Ranjith, R.k.",IND,M,,,,1738,0,20,MAY26,1988,
46687262,Ranka Srushti,IND,F,,,,1615,0,20,MAY26,2005,wi
35092820,Rano Banerjee,IND,M,,,,1546,0,20,MAY26,1999,i
33339716,Ranphoa Ngowa,IND,M,,,,1480,0,20,MAY26,1986,
48735051,Ranu Chandra Das,IND,M,,NA,,1402,0,20,MAY26,1968,
48780073,Ranveer Deb,IND,M,,,,1593,0,,MAY26,2016,
88164845,Ranvir Kanwar,IND,M,,,,1806,5,40,MAY26,2009,
558079424,Ranyuvan Singh Dhindsa,IND,M,,,,1592,0,40,MAY26,2012,
46614451,"Rao , Manogna",IND,F,,,,1747,0,20,MAY26,2000,wi
35071122,Rao Akhil,IND,M,,,,1460,0,20,MAY26,2004,i
35033093,Rao Harsh,IND,M,,,,1491,0,,MAY26,2002,i
5010926,"Rao J., Malleswara",IND,M,,,,1980,0,20,MAY26,1977,
531077250,Rao Krunalsinh Yuvrajsinh,IND,M,,,,1446,0,20,MAY26,1996,
25068407,Rao Mahadev,IND,M,,,,1755,0,20,MAY26,1973,i
88194370,Rao Shivanya,IND,F,,,,1467,0,40,MAY26,2017,w
5008506,"Rao, K. Damodar",IND,M,,,,1896,0,20,MAY26,1955,i
46614460,"Rao, Manas",IND,M,,,,1816,0,20,MAY26,2001,i
25018167,"Rao, Vinnakota Balakrishna",IND,M,,,,1458,0,20,MAY26,1953,
88170276,Raphael Abraham,IND,M,,,,1404,0,40,MAY26,2010,i
25614460,Raphael P,IND,M,,,,1510,7,20,MAY26,2001,
343444890,"Raposo, Maxwell",IND,M,,,,1934,0,40,MAY26,2012,
48749559,Ras Lal Upadhaya,IND,M,,,,1494,0,20,MAY26,2006,i
88117120,Rasesh Guleria,IND,M,,,,1439,0,40,MAY26,2009,i
25673602,Rasesh Srivastava,IND,M,,,,1600,0,,MAY26,2003,i
5082587,Rashid,IND,M,,,,1670,0,20,MAY26,1977,
25769723,Rashmika Maringanti,IND,F,WCM,WCM,,1621,0,20,MAY26,2007,wi
5005310,"Rashmin, Pulekar",IND,M,,,,2102,0,20,MAY26,1979,i
5095751,"Rastogi, Sumit",IND,M,,,,1685,0,20,MAY26,1995,i
547081929,Ratan Ananta Fulzele,IND,M,,,,1523,0,40,MAY26,2011,
577023552,"Rath, Hrithik",IND,M,,,,1775,0,20,MAY26,2004,
25002112,"Rathanvel, V S",IND,M,IM,,,2418,0,10,MAY26,2001,i
33384487,Rathees Rooban R,IND,M,,,,1665,0,40,MAY26,2011,
429059968,Ratheesh Gnanadoss,IND,M,,,,1524,0,,MAY26,2009,
25071467,Rathi Dhanashree,IND,F,,NA,,1783,0,20,MAY26,2000,wi
33436681,Rathi Harshwardhan,IND,M,,,,1522,0,,MAY26,2011,
48761508,Rathi Moksh,IND,M,,,,1500,0,40,MAY26,2015,i
45017760,Rathi Nitish,IND,M,,,,1530,0,20,MAY26,2005,i
33335389,Rathi Shourya,IND,M,,,,1599,0,40,MAY26,2011,
25686038,Rathi Tanishka,IND,F,,,,1520,9,40,MAY26,2009,w
25975749,Rathi Vedant,IND,M,,,,1660,0,40,MAY26,2009,i
45001170,Rathi Vrinda,IND,F,,,,1438,0,20,MAY26,2006,wi
5029384,"Rathi, Yashvardhan",IND,M,,,,1748,0,20,MAY26,1997,
46626450,Rathina Sabapathi A,IND,M,,,,1838,0,20,MAY26,2004,
45031304,Rathish R,IND,M,,,,1641,0,20,MAY26,2000,
25042513,Rathish T.J.,IND,M,,,,1789,0,20,MAY26,2000,i
5090571,"Rathnavarma Bunnu, N D",IND,M,,,,1779,0,20,MAY26,1961,i
35064703,Rathneesh R,IND,M,,,,2032,0,,MAY26,2004,i
25949420,Rathod Aadvik Singh,IND,M,,,,1461,0,20,MAY26,2006,i
25047426,Rathod Ashok,IND,M,,,,1711,0,20,MAY26,1978,i
25670468,Rathod Jaydipsinh M,IND,M,,,,1641,0,20,MAY26,1974,
88105180,Rathod Parth,IND,M,,,,1535,0,40,MAY26,2014,i
46628762,Rathod Pritishkumar,IND,M,,,,1497,0,,MAY26,1992,
25627031,Rathod Sachin,IND,M,,,,1559,0,20,MAY26,1995,i
45036870,Rathod Yogesh,IND,M,,,,1554,0,20,MAY26,1996,i
5043220,"Rathore, Mahendra Singh",IND,M,,,,1885,0,20,MAY26,1993,i
564047830,"Rathore, Om",IND,M,,,,1547,0,20,MAY26,2007,
5000750,"Rathore, S.K.",IND,M,FM,,,1718,0,20,MAY26,1962,
374098723,"Rathore, Sejal",IND,F,,,,1481,0,,MAY26,2011,w
5045762,"Rathore, Sonakshi",IND,F,,,,1960,0,20,MAY26,1996,wi
537078038,Rathul Deb,IND,M,,,,1423,0,20,MAY26,1988,
48785121,Ratnadeep Dutta,IND,M,,,,1511,0,40,MAY26,2011,
48703184,Ratnadeep Sutradhar,IND,M,,,,1423,0,40,MAY26,2011,
558045937,Ratnakar Anangi,IND,M,,,,1539,0,20,MAY26,2000,
5005507,"Ratnakaran, K.",IND,M,IM,,,2326,19,10,MAY26,1981,
25615149,Ratnapriya K,IND,F,,,,1763,0,20,MAY26,2007,w
531029620,Raudra Das,IND,M,,,,1508,4,,MAY26,2007,
25606530,Rauff Mohamed Abbas,IND,M,,,,1553,0,20,MAY26,1978,i
46613420,Raul Sumit,IND,M,,,,1518,0,20,MAY26,1990,i
25763407,Raunak Agarwal,IND,M,,,,1547,0,20,MAY26,2007,
25044036,Raunak Godbole,IND,M,,,,1613,0,20,MAY26,2002,i
46644237,Raunak Gupta,IND,M,,"NI,NA",,1560,0,20,MAY26,1999,
5094283,Raunak Mondal,IND,M,,,,1857,0,20,MAY26,1997,i
25600451,Raunit Mitra,IND,M,,,,1573,0,20,MAY26,2002,i
25633163,Raut Meet,IND,M,,,,1503,0,20,MAY26,2004,i
25929933,Raut Nitin Bhaskarrao,IND,M,,,,1407,0,20,MAY26,1980,i
25034600,Raut Vishal,IND,M,,,,1674,0,20,MAY26,1993,i
366112040,"Raut, Arnav P",IND,M,,,,1463,0,,MAY26,2010,i
25113909,Ravada Karthikesava,IND,M,,,,1766,24,40,MAY26,2009,
25011766,Raval Dilipkumar Tribhovandas,IND,M,,,,1617,0,20,MAY26,1956,
46628770,Raval Mayur,IND,M,,NI,,1603,0,20,MAY26,1993,
531075886,Raval Rudra Munish,IND,M,,,,1574,0,40,MAY26,2008,i
25137158,Raval Rushil,IND,M,,,,1695,0,20,MAY26,2001,
5011116,"Raveendran, C.R.",IND,M,,,,1806,0,20,MAY26,1967,i
25915878,Raveesh Kote,IND,M,,,,1814,11,,MAY26,2008,
25965980,Ravendran K K,IND,M,,,,1518,0,20,MAY26,1974,i
25141392,Ravi Devarshetty,IND,M,,,,1610,0,20,MAY26,1997,
5075742,Ravi Kant Tiwari,IND,M,,FA,,1758,0,20,MAY26,1995,
25707817,Ravi Krishna G,IND,M,,,,1915,0,,MAY26,2007,
25023047,Ravi Kumar K,IND,M,,,,1759,0,,MAY26,1986,
537090496,Ravi Maheshwari,IND,M,,,,1520,0,20,MAY26,1987,
25718738,Ravi Palsule,IND,M,,,,1616,0,20,MAY26,1993,i
25651811,Ravi Rochlani,IND,M,,,,1562,0,20,MAY26,2001,i
537080636,Ravi Shankar Kumar Soni,IND,M,,,,1520,0,20,MAY26,1987,i
537036750,Ravi Shankar Prasad,IND,M,,,,1554,0,20,MAY26,2003,
33420203,Ravi Shankar S,IND,M,,,,1441,0,40,MAY26,2013,i
577020812,Ravi Shankar Vimal,IND,M,,,,1472,0,20,MAY26,1988,
35048872,Ravi Shashwath J K,IND,M,,,,1584,0,20,MAY26,1999,i
5069807,"Ravi, Kumar Gautam",IND,M,,,,1823,0,20,MAY26,1987,i
5029929,"Ravi, Patra",IND,M,,,,1897,0,20,MAY26,1959,i
25009737,"Ravi, Sangole",IND,M,,,,1762,0,20,MAY26,1982,i
5017220,"Ravi, Teja S.",IND,M,IM,FT,,2343,0,10,MAY26,1993,
5000238,"Ravi, Thandalam Shanmugam",IND,M,IM,,,1972,9,20,MAY26,1971,
35036041,Ravichandran K,IND,M,,,,1503,0,20,MAY26,1988,i
5003113,"Ravichandran, K.",IND,M,,FI,,1977,0,20,MAY26,1965,i
5010535,"Ravichandran, Siddharth",IND,M,IM,,,2362,0,20,MAY26,1987,
537017926,Ravikant,IND,M,,,,1610,0,20,MAY26,1997,i
558016520,Ravikant Maru,IND,M,,,,1652,0,40,MAY26,2009,
531029370,Ravikant Pagey,IND,M,,,,1546,0,20,MAY26,1957,
429074088,Ravikanth Veershetty,IND,M,,,,1678,0,20,MAY26,1993,
46669264,Ravikumar A,IND,M,,,,1602,0,20,MAY26,1968,i
46622411,Ravikumar K,IND,M,,,,1630,0,20,MAY26,1993,
35021699,Ravinder Goyat,IND,M,,,,1731,0,20,MAY26,1999,i
577012984,Ravinder Singh,IND,M,,,,1416,0,20,MAY26,2005,
46649530,Ravindra P,IND,M,,,,1660,0,20,MAY26,1988,
45078351,Ravindra Singh Rawat,IND,M,,,,1546,0,20,MAY26,1988,
5091683,Ravindran R,IND,M,,,,1713,0,,MAY26,1948,i
25075080,Ravindran R I A,IND,M,,,,1420,3,20,MAY26,1959,
48734870,Ravindran Somiah,IND,M,,,,1512,0,20,MAY26,1960,i
5043255,"Ravindran, G",IND,M,,,,1884,0,,MAY26,1964,i
5020069,"Raviprakash, S.m.",IND,M,,,,1818,0,,MAY26,1965,i
25128841,Ravisankar H,IND,M,,,,1512,0,20,MAY26,2000,
25703404,Ravisankar P,IND,M,,,,1517,0,20,MAY26,1991,
5067316,"Ravish, A",IND,M,,,,1738,0,20,MAY26,1967,i
25779192,Ravishankar Vishvanath Gaure Rbi,IND,M,,,,1461,0,20,MAY26,1962,i
45037841,Raviteja T V,IND,M,,,,1538,0,20,MAY26,1989,i
48739731,Raviwarman K,IND,M,,,,1512,0,40,MAY26,2011,
88111490,Ravuthu Shravanth Naidu,IND,M,,,,1523,0,40,MAY26,2013,i
5003911,"Rawal, Shailesh",IND,M,,,,1802,9,20,MAY26,1965,
35024914,Rawat Abhishek,IND,M,,,,1701,0,20,MAY26,1999,i
45096996,Rawat Aryan Singh,IND,M,,,,1482,0,20,MAY26,2004,i
5080860,"Rawat,Rakesh Singh",IND,M,,,,1513,7,20,MAY26,1967,
537043218,Rawool Harsh,IND,M,,,,1421,0,40,MAY26,2012,
48770515,Ray Abhishek,IND,M,,,,1552,0,,MAY26,2007,
48773239,Ray Vivek,IND,M,,,,1578,0,,MAY26,2008,i
88178978,Rayaan Mikael Rozario,IND,M,,,,1594,0,,MAY26,2017,
537063910,Rayaansh Biswas,IND,M,,,,1590,7,,MAY26,2016,
531095470,Rayala Kiran,IND,M,,,,1576,0,,MAY26,1999,
33487618,Rayan Merchant,IND,M,,,,1694,7,,MAY26,2012,
33493863,Rayna Ajay Patel,IND,F,,,,1446,0,40,MAY26,2016,wi
35072242,Razan P,IND,M,,,,1551,0,20,MAY26,2003,i
35094831,Rebecca Jesumarian,IND,F,WCM,WCM,,1833,0,20,MAY26,2005,wi
88148521,Reddammagari Tejaswi,IND,F,,,,1491,0,40,MAY26,2013,w
88147827,Reddy Heyan,IND,M,,,,1606,0,40,MAY26,2016,
45093946,Reddy Rimitha R,IND,F,,,,1576,0,40,MAY26,2009,wi
22099778,"Reddy, Koulury Rahul",IND,M,,,,1550,0,20,MAY26,2004,i
25028910,"Reddy, S.Gorachand",IND,M,,,,1598,0,20,MAY26,1981,i
35087037,Redij Aniket,IND,M,,,,1689,0,20,MAY26,1992,i
45081557,Redkar Yash,IND,M,,,,1507,0,20,MAY26,2006,
33380864,Reeha Marakkar,IND,F,,,,1704,0,40,MAY26,2008,wi
25995294,Reetesh Nimje,IND,M,,,,1547,0,20,MAY26,1997,i
531030378,Reev Levin Crasta,IND,M,,,,1462,0,40,MAY26,2015,i
537021095,Reev Shajina Rajesh,IND,M,,,,1602,0,40,MAY26,2010,i
88187519,Regan Khomdram,IND,M,,,,1553,0,20,MAY26,1993,i
558027769,Rego Aashish,IND,M,,,,1717,0,20,MAY26,1972,
537014145,Rehaan Mohammed,IND,M,,,,1415,0,,MAY26,2016,
33460949,Rehan Kiran,IND,M,,,,1447,0,40,MAY26,2011,i
537070100,Rehan Rehan,IND,M,,,,1505,8,40,MAY26,2011,
88191966,Rehant Dhiraj Koche,IND,M,,,,1553,0,,MAY26,2013,
531063705,Reja Aarush,IND,M,,,,1477,7,40,MAY26,2010,
33436398,Rejath Renjith,IND,M,,,,1937,20,40,MAY26,2011,
25008790,Rejith Babu C,IND,M,,,,1711,0,20,MAY26,1974,i
531097502,Rejmon Gavin Fernandes,IND,M,,,,1537,0,40,MAY26,2016,
46691510,Renasha Mishra,IND,M,,,,1403,0,20,MAY26,1999,i
25705407,Renganayaki Venkatesh,IND,F,WCM,WCM,,1859,0,20,MAY26,2006,wi
48793558,Renon Shobin,IND,M,,,,1444,0,40,MAY26,2010,i
46683100,Repo Ronya,IND,M,,,,1600,0,20,MAY26,1964,
429040833,Reshab Das,IND,M,,,,1485,0,40,MAY26,2011,i
547016841,Reshab Debnath,IND,M,,,,1457,0,40,MAY26,2018,
558033890,Reshanth S,IND,M,,,,1494,0,40,MAY26,2014,
25180681,Reshikeshava B,IND,M,,,,1617,7,40,MAY26,2010,
25053752,Reshma C R,IND,F,,,,1686,0,20,MAY26,2002,wi
25644904,Reshma Rajesh,IND,F,,,,1545,0,20,MAY26,2002,wi
25684183,Reshvan Kumar C H,IND,M,,,,1437,0,20,MAY26,2005,i
25645439,Reshvanth V,IND,M,,,,1539,0,20,MAY26,2002,i
88118959,Reshwin Kenrick S,IND,M,,,,1453,0,40,MAY26,2014,i
25905597,Retna Priya L S,IND,F,,,,1594,0,20,MAY26,2005,wi
531071236,Reuben Khangembam,IND,M,,,,1444,0,40,MAY26,2009,i
429050316,Reva Ashish Khude,IND,F,,,,1475,0,40,MAY26,2016,w
25733346,Revana Siddayya G N,IND,M,,,,1454,0,40,MAY26,2008,
547057483,Revansh Ravi Babhare,IND,M,,,,1457,0,40,MAY26,2013,
33420211,Revanth A,IND,M,,,,1515,0,20,MAY26,2006,i
537055429,Revanth VV,IND,M,,,,1476,7,40,MAY26,2010,
5060699,"Revathi, C",IND,M,,,,1598,0,20,MAY26,1980,i
48747750,Revlin Ram R H,IND,M,,,,1700,0,40,MAY26,2011,
25907069,Rewansh Vaidya,IND,M,,,,1600,8,20,MAY26,2006,
429085829,Rewanwar Amogh,IND,M,,,,1572,0,40,MAY26,2011,
547045043,Reya T B,IND,F,,,,1487,0,40,MAY26,2015,w
429010624,Reyaan Gharai,IND,M,,,,1457,0,40,MAY26,2017,
88176924,Reyaan Nobis,IND,M,,,,1428,0,40,MAY26,2018,
558085734,Reyaansh Fatehpuria,IND,M,,,,1420,2,40,MAY26,2013,
564004996,Reyaansh Rai,IND,M,,,,1486,8,,MAY26,2015,
33497486,Reyaansh Sushil,IND,M,,,,1633,8,40,MAY26,2013,
25120972,Reyaansh Venkat,IND,M,,,,1650,0,40,MAY26,2014,
25999087,Reyan Md.,IND,M,FM,,,1947,10,40,MAY26,2011,
88168476,Reyansh Amit Bodkhe,IND,M,,,,1547,0,40,MAY26,2015,
88120783,Reyansh Arora,IND,M,,,,1681,0,40,MAY26,2013,
48754005,Reyansh Bhaveshkumar Sodani,IND,M,,,,1445,3,40,MAY26,2015,
537034219,Reyansh DarshanKumar Sonawane,IND,M,,,,1503,0,40,MAY26,2012,
429064449,Reyansh Garg,IND,M,,,,1422,7,40,MAY26,2012,
48754013,Reyansh Govind Periwal,IND,M,,,,1525,0,40,MAY26,2016,
33376085,Reyansh Jagnani,IND,M,,,,1686,0,40,MAY26,2013,
531016740,Reyansh Kamerkar,IND,M,,,,1439,3,40,MAY26,2015,
531034942,Reyansh Kashyap,IND,M,,,,1764,9,40,MAY26,2015,
531013260,Reyansh Kuldeep Jain,IND,M,,,,1427,0,40,MAY26,2013,
531001360,Reyansh Kumar Swain,IND,M,,,,1612,8,40,MAY26,2017,
558003568,Reyansh Mehra,IND,M,,,,1459,0,40,MAY26,2014,
429032709,Reyansh Midha,IND,M,,,,1623,0,,MAY26,2014,
48727245,Reyansh Mittal,IND,M,,,,1454,0,40,MAY26,2012,
537040537,Reyansh Rajvanshi,IND,M,,,,1514,0,40,MAY26,2012,
429057019,Reyansh Samal,IND,M,,,,1479,0,40,MAY26,2015,
33396523,Reyansh Saurabh Patel,IND,M,,,,1552,0,40,MAY26,2012,
429097851,Reyansh Saxena,IND,M,,,,1419,0,40,MAY26,2016,
429068240,Reyansh Singh Pundhir,IND,M,,,,1420,0,40,MAY26,2014,
33475920,Rhupak Pandurangan,IND,M,,,,1412,0,40,MAY26,2010,i
33495637,Rhys Dominic Carvalho,IND,M,,,,1496,0,,MAY26,2013,
25177338,Rhyson Joseph Kunjumon,IND,M,,,,1444,0,40,MAY26,2009,i
33401799,Rhythm Luhani,IND,M,,,,1458,0,40,MAY26,2012,
45075395,Rhythm Singhal,IND,F,,,,1583,0,,MAY26,2005,wi
537027158,Rhythm Verma,IND,M,,,,1478,0,40,MAY26,2016,
429094100,Ria Danica Antony Santiago Raj,IND,F,,,,1428,0,40,MAY26,2015,w
48768111,Riaan Sen Gupta,IND,M,,,,1498,3,40,MAY26,2014,
33481466,Riaan Vasa,IND,M,,,,1555,0,40,MAY26,2013,i
531025218,Riaansh Goel,IND,M,,,,1499,0,40,MAY26,2017,
48725510,Rian F,IND,M,,,,1646,0,,MAY26,2011,
531068065,Rian Patani,IND,M,,,,1525,0,40,MAY26,2014,
429018137,Rian Sen,IND,M,,,,1605,0,,MAY26,2014,
25628070,Rianna Netta B,IND,F,,,,1551,0,40,MAY26,2008,wi
25717065,Richard Solomon M,IND,M,,,,1681,8,40,MAY26,2008,
33405018,Richeek Das,IND,M,,,,1428,0,40,MAY26,2009,i
25077945,Richik Mondal,IND,M,,,,1724,0,20,MAY26,1998,
577028678,Richiknilay Saha,IND,M,,,,1549,10,40,MAY26,2006,
5083494,Richin Jain,IND,M,,,,1738,0,20,MAY26,1990,i
25120107,Riddhi Khanna,IND,F,,,,1535,0,40,MAY26,2011,w
33423741,Riddhi Riyansika Das,IND,F,,,,1474,0,,MAY26,2011,wi
33319871,Riddhi Sanjay Gaude,IND,F,,,,1636,0,40,MAY26,2011,wi
5096260,Riddhi Zantye,IND,F,WCM,WCM,,1773,0,20,MAY26,2002,wi
25944525,Riddhima Singh,IND,F,,,,1412,0,20,MAY26,2005,w
33425256,Riddhiman Barma,IND,M,,,,1740,0,40,MAY26,2008,i
558091009,Riddhiman Das (Tejpur),IND,M,,,,1622,0,40,MAY26,2014,
33393311,Ridhaan Goel,IND,M,,,,1473,0,40,MAY26,2016,
429027535,Ridhima Gupta,IND,F,,,,1411,0,40,MAY26,2010,w
25136879,Ridhima Khanna,IND,F,,,,1512,0,40,MAY26,2010,wi
33463301,Ridhima Tiwari,IND,F,,,,1403,0,20,MAY26,2006,w
531070434,Ridhiraj Deka,IND,M,,,,1504,0,20,MAY26,2006,i
429046939,Ridhu Barnika G R,IND,F,,,,1488,2,40,MAY26,2014,w
46642986,Ridikesh Dilip Vernekar,IND,M,,FA,,1615,0,20,MAY26,2002,i
45022437,Ridip Kr Barman,IND,M,,,,1475,0,20,MAY26,1979,i
429091969,Ridit Jain,IND,M,,,,1495,0,40,MAY26,2013,
33327394,Ridit Popli,IND,M,,,,1413,0,40,MAY26,2011,i
366102868,"Ridit, Krishank",IND,M,,,,1410,0,40,MAY26,2018,
25781731,Rifaat Riyaz Ranganekar,IND,M,,,,1417,0,20,MAY26,2007,i
547003588,Rigved Dattaram Shenai,IND,M,,,,1638,0,20,MAY26,1988,
25139045,Rijak Kaur,IND,F,,,,1432,0,20,MAY26,2007,w
45032424,Rijoo Ghoshal,IND,M,,,,1459,0,20,MAY26,2002,i
25901729,Rijul Saini,IND,M,,,,1585,0,40,MAY26,2008,i
33409609,Rijul Vaibhav Kurade,IND,M,,,,1531,5,40,MAY26,2014,
547074701,Rik Moulik,IND,M,,,,1568,9,40,MAY26,2014,
88104044,Rikesh Anand,IND,M,,,,1619,0,40,MAY26,2016,i
25796755,Rikesh Kumar Sahoo,IND,M,,,,1538,0,20,MAY26,1997,
531096050,Rilwin S Rajesh,IND,M,,,,1533,0,40,MAY26,2015,
25040529,Rindhiya V,IND,F,WFM,WFM,,1913,0,20,MAY26,2004,wi
429010659,Rinek Singh Kadyan,IND,M,,,,1477,8,40,MAY26,2018,
25013254,Rintu Brahma,IND,M,,,,1826,0,20,MAY26,1987,
48716693,Ripon Sarkar,IND,M,,,,1446,0,20,MAY26,1993,
48752452,Ripudaman Singh Brar,IND,M,,,,1763,0,40,MAY26,2009,
429008786,Rish Manoj Kambli,IND,M,,,,1549,0,40,MAY26,2012,i
429010110,Risha Kenon Patel,IND,F,,,,1606,0,40,MAY26,2016,w
558056386,Rishaan Arnav Sandeep,IND,M,,,,1647,9,40,MAY26,2016,
531069789,Rishaan Das,IND,M,,,,1537,0,40,MAY26,2015,
558059296,Rishaan Gopalakrishnan,IND,M,,,,1451,5,40,MAY26,2014,
33484058,Rishaan Jain,IND,M,,,,1847,0,40,MAY26,2014,
429090580,Rishaan Thirumalai,IND,M,,,,1447,0,40,MAY26,2012,i
33402892,Rishab Bindal,IND,M,,,,1492,0,40,MAY26,2012,
429070341,Rishab Gorai,IND,M,,,,1499,0,40,MAY26,2012,
88166384,Rishabh Adityan,IND,M,,,,1847,0,,MAY26,2010,
46678905,Rishabh Gulati,IND,M,,,,1605,0,20,MAY26,1999,i
547098252,Rishabh Gupta,IND,M,,,,1554,0,20,MAY26,1997,
25718770,Rishabh Jain,IND,M,,,,1803,0,20,MAY26,1975,i
25077961,Rishabh Kothary,IND,M,,,,1611,0,20,MAY26,1999,i
25977032,Rishabh Kumar,IND,M,,,,1686,0,40,MAY26,2012,i
547005050,Rishabh Kumar,IND,M,,,,1544,0,40,MAY26,2013,
558075798,Rishabh Kumar 23,IND,M,,,,1430,0,40,MAY26,2013,
88122107,Rishabh Kumar Srivastava,IND,M,,,,1462,0,20,MAY26,2001,
48708496,Rishabh Kumar(Dhanbad),IND,M,,,,1458,0,40,MAY26,2012,i
46652302,Rishabh Kumara,IND,M,,,,1729,0,,MAY26,2006,i
46648534,Rishabh Nishad,IND,M,,,,1939,0,20,MAY26,1996,i
33346860,Rishabh Pawar,IND,M,,,,1622,0,40,MAY26,2008,
33435871,Rishabh Pradhan,IND,M,,,,1659,8,40,MAY26,2009,
88105920,Rishabh Sagar,IND,M,,,,1421,0,40,MAY26,2009,
531068383,Rishabh Shankar,IND,M,,,,1428,0,40,MAY26,2015,
429003768,Rishabh Tantry,IND,M,,,,1495,0,40,MAY26,2009,i
25084178,Rishabh Tyagi,IND,M,,,,1722,0,20,MAY26,1999,i
429030714,Rishabh Vernekar,IND,M,,,,1467,0,40,MAY26,2011,i
25007262,"Rishabh, Jain",IND,M,,,,1543,0,20,MAY26,2000,i
547040696,Rishan Das,IND,M,,,,1630,0,40,MAY26,2011,
25771132,Rishan Debnath,IND,M,,,,1774,0,40,MAY26,2010,i
537021575,Rishan Jacob Ligin,IND,M,,,,1498,0,40,MAY26,2013,
547073519,Rishan Marik,IND,M,,,,1437,4,40,MAY26,2015,
537011081,Rishan Mazumdar,IND,M,,,,1613,0,,MAY26,2012,
33382662,Rishan Sai,IND,M,,,,1464,0,40,MAY26,2013,
558046895,Rishan Sil,IND,M,,,,1426,0,40,MAY26,2011,
547071079,Rishant Kumar Arora,IND,M,,,,1503,0,40,MAY26,2009,
558021884,Rishav Anand,IND,M,,,,1445,0,40,MAY26,2011,
547035293,Rishav Bardhan,IND,M,,,,1503,0,40,MAY26,2012,
33415870,Rishav Barman,IND,M,,,,1672,0,20,MAY26,1996,i
531098959,Rishav Kapur,IND,M,,,,1425,0,20,MAY26,1987,i
429070350,Rishav Mahali,IND,M,,,,1531,0,40,MAY26,2009,i
547006838,Rishav Raj,IND,M,,,,1544,0,40,MAY26,2011,
33492573,Rishen Jilowa,IND,M,,,,1775,0,40,MAY26,2014,
48799165,Rishi Bharadwaj,IND,M,,,,1674,0,20,MAY26,2002,
33402981,Rishi Charanyan Iyer,IND,M,,,,1447,0,,MAY26,2009,i
33318620,Rishi Chaturvedi,IND,M,,,,1419,0,40,MAY26,2015,
33487065,Rishi Desai,IND,M,,,,1431,0,,MAY26,2013,i
429068819,Rishi Dighe,IND,M,,,,1426,0,40,MAY26,2011,
88108414,Rishi Ganesharathinam,IND,M,,,,1442,0,,MAY26,2013,
46657797,Rishi Kumar Pandey,IND,M,,,,1635,0,20,MAY26,1995,i
33341052,Rishi M S,IND,M,,,,1404,0,40,MAY26,2011,
25942425,Rishi N,IND,M,,,,1838,0,,MAY26,2010,
48733962,Rishi Pallagani,IND,M,,,,1505,0,40,MAY26,2012,
45061521,Rishi R,IND,M,,"NI,NA",,1663,0,,MAY26,2001,
429009308,Rishi Raghavendran Kotikalakoti,IND,M,,,,1583,0,40,MAY26,2013,
33492212,Rishi Raj,IND,M,,,,1654,0,40,MAY26,2015,
25922980,Rishi Rukhiyana,IND,M,,,,1541,0,20,MAY26,2006,i
45063150,Rishi Sanotra,IND,M,,,,1926,0,20,MAY26,2004,
25145622,Rishi Sharma,IND,M,,,,1504,0,20,MAY26,1992,i
25026356,Rishi Sonker,IND,M,,NA,,1782,0,20,MAY26,1985,i
33406413,Rishi Sri Vaathsav,IND,M,,,,1417,0,40,MAY26,2010,i
304094783,"Rishi, Akshay",IND,M,,,,1557,0,,MAY26,2005,
5061911,"Rishi, Golyan",IND,M,,,,1562,0,20,MAY26,1992,
5030501,"Rishi, Thariani",IND,M,,,,2111,0,20,MAY26,1995,i
5004730,"Rishideep, Bordoloi",IND,M,,,,1899,0,20,MAY26,1997,i
46691090,Rishik Sood,IND,M,,,,1637,0,20,MAY26,2000,i
429010128,Rishika Janga,IND,F,,,,1409,0,40,MAY26,2017,w
429050871,Rishika Shree R,IND,F,,,,1415,0,40,MAY26,2013,w
547068795,Rishika Sinha,IND,F,,,,1541,0,40,MAY26,2013,w
33442720,Rishikesh Jayagopal,IND,M,,,,1514,0,40,MAY26,2011,
25911481,Rishikesh K M,IND,M,,,,1537,0,40,MAY26,2009,
558071385,Rishikesh Kumar,IND,M,,,,1588,0,20,MAY26,2006,
537055186,Rishikesh S,IND,M,,,,1452,0,40,MAY26,2015,
25629557,Rishikesh S A,IND,M,,,,1582,0,,MAY26,2009,i
25643860,Rishikesh S S,IND,M,,,,1585,0,20,MAY26,2007,i
33496145,Rishikesh Vinod,IND,M,,,,1565,0,20,MAY26,2006,i
48705349,Rishikumar S G,IND,M,,,,1734,0,40,MAY26,2009,i
48724696,Rishinandhan Sudarsan,IND,M,,,,1702,9,,MAY26,2012,
35026313,Rishiraj Baul,IND,M,,,,1651,0,20,MAY26,2001,i
25190474,Rishiraj Bhardwaj,IND,M,,,,1545,0,,MAY26,2003,
25606166,Rishiraj P,IND,M,,,,1698,0,20,MAY26,2007,
25101706,Rishiraj Rathod,IND,M,,,,1470,0,20,MAY26,2007,i
429054397,Rishit Anand,IND,M,,,,1502,0,,MAY26,2009,i
531070760,Rishit Daga,IND,M,,,,1489,1,40,MAY26,2011,
25604260,Rishit R Shetty,IND,M,,,,1412,0,20,MAY26,2006,
25119958,Rishit Sharma,IND,M,,,,1864,0,40,MAY26,2011,
35061860,Rishita Sinha,IND,F,,FA,,1575,0,20,MAY26,2005,wi
25991019,Rishith Devnarayan S,IND,M,,,,1688,17,,MAY26,2009,
25750283,Rishywanth K S M,IND,M,,,,1468,0,40,MAY26,2009,i
25715372,Ritabrata Chakraborty,IND,M,,,,1885,0,20,MAY26,2006,
35026321,Ritam Mukherjee,IND,M,,,,1607,0,20,MAY26,2002,i
25031864,Ritam Nag,IND,M,,,,1975,0,,MAY26,2003,i
537069888,Ritankar Deb,IND,M,,,,1542,6,40,MAY26,2010,
429034914,Ritesh Chandra,IND,M,,,,1624,0,20,MAY26,2004,
25069276,Ritesh Dharmatti,IND,M,,,,1816,7,20,MAY26,1989,
547042729,Ritesh Krishna Kuruva,IND,M,,,,1577,0,40,MAY26,2012,
33364052,Ritesh Maddukuri,IND,M,,,,1808,0,40,MAY26,2012,
48715930,Ritesh Shankar Kamdi,IND,M,,,,1481,0,20,MAY26,2006,i
25086332,Ritesh Urkude,IND,M,,,,1536,0,20,MAY26,1994,
25971581,Ritesh Yadav,IND,M,,NA,,1561,0,20,MAY26,1997,
531084427,Rithanya D,IND,F,,,,1460,4,40,MAY26,2016,w
25158988,Rithesh K,IND,M,,,,1723,0,40,MAY26,2012,
558059326,Rithesh Kumar,IND,M,,,,1504,0,20,MAY26,2003,
25671642,Rithik D,IND,M,,,,1422,0,20,MAY26,2004,i
33472548,Rithik Heman Odhrani,IND,M,,,,1759,0,40,MAY26,2010,
547003030,Rithik Jeyanth G,IND,M,,,,1431,0,40,MAY26,2012,i
25129538,Rithik Paramaguru,IND,M,,,,1465,0,40,MAY26,2011,i
45037205,Rithika M,IND,F,,,,1589,0,40,MAY26,2008,wi
33308616,Rithika Shri S,IND,F,,,,1401,0,40,MAY26,2009,wi
429084482,Rithikraja K,IND,M,,,,1546,17,40,MAY26,2012,
25175777,Rithis Vasan K,IND,M,,,,1479,0,40,MAY26,2008,i
33489106,Rithish S S,IND,M,,,,1483,0,40,MAY26,2011,i
46693505,Rithunandan R,IND,M,,,,1536,0,20,MAY26,2003,i
88117146,Rithvik Gandotra,IND,M,,,,1474,0,40,MAY26,2012,i
429033390,Rithvik J A,IND,M,,,,1422,13,40,MAY26,2015,
46623850,Rithvik N Swamy,IND,M,,,,1566,0,20,MAY26,1999,
35072684,Rithvik R,IND,M,,,,1474,0,20,MAY26,2001,i
25174827,Rithvik R S,IND,M,,,,1507,0,40,MAY26,2012,
88104338,Rithvik S,IND,M,,,,1548,0,,MAY26,2013,i
48760978,Rithvik Uppu,IND,M,,,,1454,0,40,MAY26,2016,i
25670093,Rithwik Gandikota,IND,M,,,,1535,0,,MAY26,2007,i
531013732,Rithwik Gandu,IND,M,,,,1501,0,40,MAY26,2011,
45056480,Rithwik Reddy Raghuram,IND,M,,,,1728,0,20,MAY26,2001,i
25109677,Rithwik Reddy Upparigudam,IND,M,,,,1745,0,40,MAY26,2009,
5057426,"Rithwik, Raaj Anand",IND,M,,,,1657,0,20,MAY26,2000,i
366196229,"Rithwin, Sureshkumar",IND,M,,,,1492,0,,MAY26,2009,i
537008153,Rithwinn M,IND,M,,,,1540,0,,MAY26,2016,
537035738,Ritik Tripathi,IND,M,,,,1726,0,20,MAY26,2000,i
531048404,Ritin Mahaparo,IND,M,,,,1467,0,40,MAY26,2008,
33386153,Ritisha Mayra Rajbongshi,IND,F,,,,1554,0,40,MAY26,2013,wi
46678050,Rito Kishore Sarbadhikari,IND,M,,,,1793,0,20,MAY26,1984,i
25612204,Rittik Chakraborty,IND,M,,,,1634,0,20,MAY26,1998,i
88199193,Ritul Saai Praveen Kumar,IND,M,,,,1544,0,40,MAY26,2011,
33495262,Rituparna V,IND,F,,,,1470,0,40,MAY26,2013,w
547003413,Rituraj Chaudhary,IND,M,,,,1505,9,40,MAY26,2009,
25130250,Rituraj Tamuli,IND,M,,,,1702,0,20,MAY26,1998,
25169130,Rituraj Venkalath Ragiv,IND,M,,,,1459,0,20,MAY26,2005,i
429098734,Riturajtewari,IND,M,,,,1639,7,40,MAY26,2010,
35078763,Ritvik A Singh,IND,M,,,,1627,0,20,MAY26,2001,i
45067775,Ritvik Gupta,IND,M,,,,1807,0,20,MAY26,2001,i
33402175,Ritvik Sairaj N,IND,M,,,,1639,0,,MAY26,2012,
25165135,Ritvik Srikanth,IND,M,,,,1512,0,20,MAY26,2007,i
531016774,Ritvik Sudarshan Aghav,IND,M,,,,1411,7,40,MAY26,2013,
564017990,Ritvik V,IND,M,,,,1411,6,40,MAY26,2015,
5073367,"Ritviz, Parab",IND,M,IM,,,2269,0,20,MAY26,1999,
46609067,Ritwick Pal,IND,M,,,,1662,0,20,MAY26,2004,i
25944126,Ritwik Datta Gupta,IND,M,,,,1521,0,40,MAY26,2008,i
429052980,Ritwik Ghosh,IND,M,,,,1423,0,20,MAY26,1995,i
537020161,Ritwik Khatua,IND,M,,,,1539,0,40,MAY26,2017,
88122557,Ritwik Maji,IND,M,,,,1570,7,40,MAY26,2015,
33394407,Ritwik Rout,IND,M,,,,1505,0,,MAY26,2013,
564033350,Rivaan Bhansali,IND,M,,,,1484,0,40,MAY26,2013,
88124703,Rivin Fritz Robert,IND,M,,,,1406,0,40,MAY26,2012,i
45022593,Riya Kaushal,IND,F,,IA,,1442,0,20,MAY26,1998,wi
429082900,Riya Nagesh Khanolkar,IND,F,,,,1479,0,40,MAY26,2010,w
48768200,Riya S,IND,F,,,,1404,0,40,MAY26,2014,wi
46656731,Riya Shannon S,IND,F,,,,1584,0,20,MAY26,2006,wi
25744739,Riyan Aggarwal,IND,M,,,,1628,0,20,MAY26,2007,
45054908,Riyan Amit Shah,IND,M,,,,1615,7,40,MAY26,2008,
531032974,Riyan Anadkat,IND,M,,,,1579,4,40,MAY26,2018,
531070108,Riyan Dk Borgohain,IND,M,,,,1465,0,40,MAY26,2012,
547004886,Riyan Singha,IND,M,,,,1533,4,40,MAY26,2015,
48767603,Riyansh Dwivedi,IND,M,,,,1651,6,40,MAY26,2014,
564016480,Riyansh Rushabh Bhatt,IND,M,,,,1554,8,40,MAY26,2015,
33455775,Riyola Vela Dsouza,IND,F,,,,1738,0,20,MAY26,1993,wi
88183173,Riyon Buragohain,IND,M,,,,1550,0,40,MAY26,2011,
33438269,Rizelle Alida Dsouza,IND,F,,,,1483,13,40,MAY26,2014,w
25662821,Rizwan Siddiqui,IND,M,,,,1530,0,20,MAY26,2000,i
45096597,Robert Runremmawia,IND,M,,,,1778,0,20,MAY26,1993,i
46606459,Robi Singh Jeron,IND,M,,,,1684,0,20,MAY26,1969,
35093843,Robin Chithambaranathan,IND,M,,,,1568,0,20,MAY26,1988,i
577020634,Robin Singh Rawat,IND,M,,,,1670,0,20,MAY26,2004,
45034966,Roby K Raju,IND,M,,,,1539,0,20,MAY26,1981,i
25963520,Rode Varad,IND,M,,,,1433,0,40,MAY26,2011,i
48765600,Rodrigues Shinel,IND,F,,,,1470,0,40,MAY26,2015,w
537069896,Roham Nandy,IND,M,,,,1411,0,40,MAY26,2010,
45074720,Rohan Anand,IND,M,,,,1610,0,20,MAY26,2003,i
25929283,Rohan Atul Singhvi,IND,M,,,,1577,0,40,MAY26,2008,i
5097134,Rohan Bharat Joshi,IND,M,,,,1896,0,20,MAY26,1993,i
33484066,Rohan Doss M,IND,M,,,,1431,9,40,MAY26,2012,
25749374,Rohan Ebi,IND,M,,,,1676,0,40,MAY26,2008,i
46613110,Rohan Gupta,IND,M,,,,1749,0,20,MAY26,1998,i
25646842,Rohan Gupta,IND,M,,,,1623,0,20,MAY26,2005,
531039588,Rohan Jindal,IND,M,,,,1447,0,40,MAY26,2013,
33363811,Rohan Karthik Velpula,IND,M,,,,1685,0,40,MAY26,2009,
25607243,Rohan Kumar,IND,M,,,,1614,0,20,MAY26,2002,i
33397635,Rohan Kumar Gourabathuni,IND,M,,,,1722,0,,MAY26,2011,i
46624538,Rohan M,IND,M,,,,1599,0,40,MAY26,2008,i
547058781,Rohan Mathew Arun,IND,M,,,,1531,0,40,MAY26,2013,
25088084,Rohan Nag Chowdhury,IND,M,,,,1791,0,20,MAY26,1989,i
46630600,Rohan Nayan Shah,IND,M,,,,1561,0,20,MAY26,2001,i
547005173,Rohan Patari,IND,M,,,,1497,0,40,MAY26,2014,
429090725,Rohan Santhana,IND,M,,,,1513,0,40,MAY26,2015,
33354243,Rohan Sarkar,IND,M,,,,1613,6,40,MAY26,2008,
48792527,Rohan Singh,IND,M,,,,1424,0,40,MAY26,2014,i
537091590,Rohan T L,IND,M,,,,1595,7,40,MAY26,2015,
5011515,Rohan Vijay Shandilya,IND,M,,,,1870,0,20,MAY26,1986,
5090598,"Rohan, Ahuja",IND,M,IM,,,2267,0,20,MAY26,1998,i
537006649,Rohi Sree Magham,IND,F,,,,1412,7,40,MAY26,2015,wi
33492239,Rohil Saha,IND,M,,,,1452,0,40,MAY26,2016,
25152327,Rohit,IND,M,,,,1591,0,20,MAY26,1996,i
531006469,Rohit Arora,IND,M,,,,1463,7,40,MAY26,1991,
25170929,Rohit Biswas,IND,M,,,,1497,0,20,MAY26,2006,
33470472,Rohit Chaturvedi,IND,M,,,,1722,0,20,MAY26,1994,
429008840,Rohit Dayanand Gharat,IND,M,,,,1419,0,20,MAY26,1980,i
25908103,Rohit Dhall,IND,M,,,,1665,0,20,MAY26,2005,
25646788,Rohit Jadhav,IND,M,,,,1497,0,20,MAY26,1992,i
25146360,Rohit Jayant Deshpande,IND,M,,,,1570,0,20,MAY26,2000,
547069155,Rohit Kadam,IND,M,,,,1786,0,20,MAY26,1986,
33386226,Rohit Koppolu,IND,M,,,,1661,0,20,MAY26,1995,
25063979,Rohit Kumar Yadav,IND,M,,FI,,1754,0,,MAY26,1984,i
33310483,Rohit Raghavan,IND,M,,,,1668,8,20,MAY26,2003,
45082413,Rohit Rahulkumar J,IND,M,,"NI,NA",,1710,7,20,MAY26,1999,
25012975,Rohit Ramanan T G,IND,M,,,,1903,9,20,MAY26,1997,
45017140,Rohit Roy Chaudhary,IND,M,,,,1676,0,20,MAY26,2000,i
46633847,Rohit S,IND,M,FM,,,2229,9,20,MAY26,2007,
35009788,Rohit S,IND,M,,,,1794,0,20,MAY26,1999,
33465061,Rohit S I,IND,M,,,,1426,0,40,MAY26,2013,i
537083600,Rohit Sain,IND,M,,,,1498,0,20,MAY26,1992,i
35030116,Rohit Sanjay G,IND,M,,,,1591,0,20,MAY26,2001,i
46691120,Rohit Sharma,IND,M,,,,1704,0,20,MAY26,1989,i
25639544,Rohit Singaraju,IND,M,,,,1563,0,20,MAY26,2001,i
48723240,Rohit Vijay,IND,M,,,,1707,9,40,MAY26,2013,
5035104,"Rohit, Bhattar",IND,M,,,,2023,0,20,MAY26,1983,i
25908146,Rohitashwa Dange,IND,M,,,,1471,3,20,MAY26,1985,
88127559,Rohitashwa Das,IND,M,,,,1504,0,40,MAY26,2010,
33323860,Rohith K Jayan,IND,M,,,,1426,0,40,MAY26,2010,i
35002660,Rohith K Pillai,IND,M,,,,1640,0,20,MAY26,2001,
46617051,Rohith Krishna S,IND,M,GM,,,2388,9,10,MAY26,2005,
558001050,Rohith M A,IND,M,,,,1417,0,40,MAY26,2014,
25957040,Rohith N,IND,M,,,,1716,0,20,MAY26,2004,
25160095,Rohith P,IND,M,,,,1742,0,40,MAY26,2011,
45075360,Rohith S,IND,M,FM,,,2053,0,40,MAY26,2008,
88150062,Rohith S,IND,M,,,,1765,9,40,MAY26,2010,
33474745,Rohith Thanveer,IND,M,,,,1466,0,40,MAY26,2010,
25756567,Rohith Vinay R,IND,M,,,,1550,0,40,MAY26,2008,i
46682724,Rohnit G Amin,IND,M,,,,1705,0,20,MAY26,2004,i
429094410,Rolly Bhuwania,IND,F,,,,1497,0,40,MAY26,2012,w
429062993,Rom Sharma,IND,M,,,,1522,0,20,MAY26,1994,i
5096286,Romawia B T,IND,M,,,,1757,0,20,MAY26,1962,i
33385610,Romir Basu,IND,M,,,,1418,0,20,MAY26,2007,
25031872,Romok Bhattacharjee,IND,M,,,,1534,0,20,MAY26,2002,i
429038561,Ronak Kore,IND,M,,,,1483,6,40,MAY26,2014,
25712365,Ronak nair,IND,M,,,,1571,0,40,MAY26,2010,i
558007920,Ronakbhai Rohitbhai Makvana,IND,M,,,,1542,0,40,MAY26,2014,
25097121,Roneet Das,IND,M,,,,1972,0,20,MAY26,2002,
25661515,Ronga Shubham,IND,M,,,,1567,0,20,MAY26,2003,i
531032591,Ronish Saha,IND,M,,,,1439,0,40,MAY26,2012,
531026630,Ronit Duseja,IND,M,,,,1623,0,,MAY26,2011,
33390894,Ronit Motwani,IND,M,,,,1534,0,40,MAY26,2010,i
45064164,Ronit Prasad,IND,M,,,,1596,0,20,MAY26,2006,i
88179001,Ronit Raj M,IND,M,,,,1506,7,40,MAY26,2014,
25650319,Rorelkima C,IND,M,,,,1785,0,20,MAY26,1985,i
33302928,Rose Sanju Thomas,IND,F,,,,1639,0,40,MAY26,2009,w
25789465,Rosh Jain,IND,M,FM,,,2274,17,40,MAY26,2011,
25787438,Roshaan S,IND,M,,,,1566,0,20,MAY26,2007,i
25173073,Roshan A,IND,M,,,,1424,0,40,MAY26,2010,
429012295,Roshan A,IND,M,,,,1429,0,,MAY26,2012,i
25752090,Roshan Adhithya,IND,M,,,,1676,0,20,MAY26,2005,i
25625209,Roshan Adiga,IND,M,,,,1535,0,20,MAY26,2005,i
35002007,Roshan Antony C,IND,M,,,,1665,0,20,MAY26,2002,i
537014080,Roshan Dulam,IND,M,,,,1477,0,,MAY26,2015,
45058822,Roshan Hari,IND,M,,,,1766,0,20,MAY26,2004,
537083457,Roshan Karthi T,IND,M,,,,1532,0,40,MAY26,2013,
25651820,Roshan Lal Kumbharani,IND,M,,,,1512,0,20,MAY26,1985,
547091460,Roshan R Naik,IND,M,,,,1530,8,40,MAY26,2011,
45006610,Roshan S,IND,M,,,,1828,0,20,MAY26,2007,i
33360154,Roshan S,IND,M,,,,1411,0,,MAY26,2007,i
25941518,Roshanraj Balamurugan,IND,M,,,,1536,0,20,MAY26,2007,i
429020166,Roshit Jude Mathew,IND,M,,,,1480,0,40,MAY26,2008,i
531048773,Roshitha Naidu Ravada,IND,M,,,,1413,0,40,MAY26,2013,i
33484228,Roshni Doss M,IND,F,,,,1535,1,40,MAY26,2013,w
48772844,Roshni Kumaran,IND,F,,,,1452,0,40,MAY26,2009,wi
25693735,Rounaiv Rana,IND,M,,,,1971,0,40,MAY26,2010,i
25768972,Rounak Guha Roy,IND,M,,,,1771,0,20,MAY26,2004,i
25109685,Rounak Jakhotiya,IND,M,,,,1421,0,,MAY26,2009,
25031899,Rounak Pathak,IND,M,,,,1785,0,20,MAY26,2001,i
25612212,Rounak Sarkar,IND,M,,,,1598,0,20,MAY26,1994,i
25950908,Rounaq Biswas,IND,M,,,,1806,0,20,MAY26,2002,
46604685,Rout Yashita,IND,F,,,,1871,0,40,MAY26,2008,w
25076523,Routh Utkarsh,IND,M,,,,1567,0,20,MAY26,2003,i
46623701,Routray Priyanka,IND,F,,,,1723,0,20,MAY26,2004,wi
46629254,Rowdrick Saha Talukdar,IND,M,,,,1523,0,20,MAY26,2005,i
577012690,"Roy Chowdhury, Avidipto",IND,M,,,,1408,0,40,MAY26,2015,
5002974,"Roy Chowdhury, Saptarshi",IND,M,GM,,,2222,0,10,MAY26,1982,
25768336,Roy Hridoy,IND,M,,,,1442,0,20,MAY26,2007,i
45081565,Roy Puspen,IND,M,,,,1521,0,20,MAY26,1965,
25747851,Roy R Sharthiha,IND,F,,,,1458,0,20,MAY26,2007,wi
564067424,"Roy, Aditya Dipankar",IND,M,,,,1494,0,40,MAY26,2011,
5033390,"Roy, Amritesh",IND,M,,,,2068,0,,MAY26,1990,
5035112,"Roy, Pallabi",IND,F,,FI,,1906,0,20,MAY26,1993,wi
5035120,"Roy, Prantik",IND,M,IM,,,2371,0,10,MAY26,1995,i
577039378,"Roy, Viraj",IND,M,,,,1416,5,40,MAY26,2017,
2038072,"Roychoudhury, Souvik",IND,M,,,,1740,0,20,MAY26,1974,i
25195123,Ruban Raj M,IND,M,,,,1440,0,20,MAY26,2000,i
25106139,Rubesh C,IND,M,,,,1578,0,20,MAY26,2007,i
33430128,Rubika A,IND,F,,,,1405,0,40,MAY26,2013,w
33382980,Ruchir Nadikatla,IND,M,,,,1733,0,40,MAY26,2011,i
33422117,Ruchit D Acharya,IND,M,,,,1631,0,40,MAY26,2010,i
48715956,Ruddra Singh Khanka,IND,M,,,,1454,0,40,MAY26,2015,i
48746525,Ruddraksh Raj Dutta,IND,M,,,,1525,0,40,MAY26,2014,
25942077,Rudra,IND,M,,,,1726,0,,MAY26,2010,
547059940,Rudra Amol Mulge,IND,M,,,,1478,5,40,MAY26,2012,
429086574,Rudra Avinash Ubale,IND,M,,,,1477,0,40,MAY26,2012,
33492255,Rudra Chintan Tiwary,IND,M,,,,1486,7,40,MAY26,2015,
537069160,Rudra Deb Roy,IND,M,,,,1525,0,40,MAY26,2011,
531000100,Rudra Desai,IND,M,,,,1592,0,40,MAY26,2010,
33390843,Rudra Jadhav,IND,M,,,,1502,0,40,MAY26,2010,i
25921290,Rudra Jaiswara,IND,M,,,,1555,0,40,MAY26,2010,i
25101676,Rudra Kandpal,IND,M,,,,1687,0,,MAY26,2011,
429061695,Rudra Kaushik,IND,M,,,,1598,0,40,MAY26,2009,i
33393982,Rudra Kavia,IND,M,,,,1806,9,40,MAY26,2013,
531025234,Rudra Khari,IND,M,,,,1683,0,40,MAY26,2009,
577021517,Rudra Kishore,IND,M,,,,1504,0,40,MAY26,2013,
33445257,Rudra Mahendra Dhole,IND,M,,,,1558,0,40,MAY26,2011,
48714356,Rudra Nath Bala,IND,M,,,,1602,0,40,MAY26,2012,
48707520,Rudra Nil Roy,IND,M,,,,1499,0,40,MAY26,2016,i
33399883,Rudra Nishit Suthar,IND,M,,,,1409,0,40,MAY26,2011,i
531032354,Rudra Nitin Ghadge,IND,M,,,,1423,0,40,MAY26,2012,
33359172,Rudra Pahva,IND,M,,,,1553,0,40,MAY26,2008,
33440964,Rudra Pratap Singhal,IND,M,,,,1522,0,40,MAY26,2014,
25979221,Rudra Rajeev,IND,F,,,,1792,10,40,MAY26,2011,w
88147347,Rudra Raviprakash Agrawal,IND,M,,,,1624,0,40,MAY26,2014,i
48742210,Rudra Sarvesh Gaonkar,IND,M,,,,1429,0,40,MAY26,2013,
33383502,Rudra Shakti Madan,IND,M,,,,1645,0,,MAY26,2011,
564014339,Rudra Soni,IND,M,,,,1581,9,40,MAY26,2011,
25785621,Rudradaman Mertia,IND,M,,,,1842,0,40,MAY26,2012,
33445729,Rudraditya Sharma,IND,M,,,,1455,0,40,MAY26,2010,
531001394,Rudraditya Singh Sisodiya,IND,M,,,,1589,4,40,MAY26,2012,
25770039,Rudraksh Bhandari,IND,M,,,,1410,0,20,MAY26,2006,i
48782890,Rudraksh Garg,IND,M,,,,1522,0,,MAY26,2011,
33411360,Rudranil Debnath,IND,M,,,,1580,0,40,MAY26,2013,i
25989740,Rudranil Gangopadhyay,IND,M,,,,1687,7,,MAY26,2011,
88185451,Rudransh Bhardwaj,IND,M,,,,1425,3,40,MAY26,2014,
547008563,Rudransh Dogra,IND,M,,,,1423,0,40,MAY26,2013,
88121011,Rudransh Kumar,IND,M,,,,1458,0,40,MAY26,2008,i
33435898,Rudransh Pandey,IND,M,,,,1515,0,40,MAY26,2009,
429027586,Rudransh Sharma,IND,M,,,,1603,8,20,MAY26,2007,
537036408,Rudransh Upadhyay,IND,M,,,,1485,0,40,MAY26,2012,
35036823,Rudresh G Naik,IND,M,,,,1642,0,20,MAY26,1993,i
33389128,Rugved Joshi,IND,M,,,,1468,0,40,MAY26,2012,i
33369712,Rugved Kiran Mahajan,IND,M,,,,1417,0,40,MAY26,2008,i
33309507,Rugved Mahesh Potdar,IND,M,,,,1484,0,40,MAY26,2013,
558097767,Ruhaan Choudhary,IND,M,,,,1447,3,40,MAY26,2017,
35032933,Ruhaan Mahindru,IND,M,,,,1789,0,20,MAY26,2005,i
25127896,Ruhaan Mathur,IND,M,,,,1552,0,,MAY26,2012,
33382972,Ruhika Nadikatla,IND,F,,,,1436,0,40,MAY26,2011,wi
25136461,Rujul Dabke,IND,M,,,,1580,0,20,MAY26,2006,i
45026483,Rupak M,IND,M,,,,1771,0,20,MAY26,2002,
45065896,Rupam Mukherjee,IND,M,,,,1889,11,20,MAY26,2002,
48759155,Rupan Shakthivel G,IND,M,,,,1410,0,40,MAY26,2008,i
429060974,Rupchandani Pratham,IND,M,,,,1425,0,40,MAY26,2012,i
46647465,Rupesh B Ramchandra,IND,M,,,,1828,0,20,MAY26,2004,
25000411,Rupesh Ravindra Bate,IND,M,,NA,,1648,0,20,MAY26,1988,i
25737775,Rupesh Reddy Y,IND,M,FM,,,2036,0,40,MAY26,2008,
25029657,Rupesh Sagar,IND,M,,,,1566,0,20,MAY26,1988,i
45015350,Rupesh Sai S,IND,M,,,,1552,0,40,MAY26,2009,i
35090283,"Rupesh, Gopla Krishnan",IND,M,,,,1505,0,20,MAY26,1998,
88126994,Rupraj Ghosh,IND,M,,,,1480,0,40,MAY26,2011,
25129899,Rupsha Mondal,IND,F,,,,1549,5,40,MAY26,2013,w
558008080,Rushikesh Mathapati,IND,M,,,,1468,8,40,MAY26,2011,
25185934,Rushikesh Srikant Guddi,IND,M,,,,1431,0,20,MAY26,1999,
25033778,Rushikumar N Bhatt,IND,M,,,,1464,0,20,MAY26,2002,i
45067651,Rushil Gupta,IND,M,,,,1808,0,20,MAY26,2001,i
88172368,Rushil Mathur,IND,M,,,,1508,0,20,MAY26,2006,
33390924,Rushil Shah,IND,M,,,,1522,0,40,MAY26,2008,i
531064256,Rushil Y,IND,M,,,,1408,0,40,MAY26,2013,
33344043,Rushill Sai B,IND,M,,,,1535,0,20,MAY26,2006,
25694979,Rushyendra Chowdary Kantipudi,IND,M,,,,1704,0,20,MAY26,2005,i
33415250,Rutam Yogesh Zanwar,IND,M,,,,1502,0,40,MAY26,2014,i
25625870,Rutherford S,IND,M,,,,1734,19,,MAY26,2003,
25761463,Ruthurag Mohan,IND,M,,,,1444,0,20,MAY26,2005,i
25136275,Ruthvik R,IND,M,,,,1873,18,,MAY26,2002,
46665153,Rutik Rohidas Gaude,IND,M,,,,1483,0,20,MAY26,2000,i
45000042,Rutik Shanbhag,IND,M,,,,1447,0,20,MAY26,2000,i
46643001,Ruturaj Yogesh Desai,IND,M,,,,1437,0,20,MAY26,2007,i
564015386,Rutvij Nikunj Trivedi,IND,M,,,,1426,6,40,MAY26,2017,
25961276,Rutvik Jiteshkumar Thakkar,IND,M,,,,1447,0,20,MAY26,1994,i
25612220,Rwitik Chakraborty,IND,M,,,,1566,0,40,MAY26,2008,i
25939815,Ryali Sreeshanth,IND,M,,,,1424,0,20,MAY26,2006,i
429080509,Ryan Bharadwaj Padhi,IND,M,,,,1510,0,40,MAY26,2015,
33479321,Ryan Dominic,IND,M,,,,1848,11,40,MAY26,2012,
366104610,Ryan Gelek,IND,M,,,,1825,0,,MAY26,2011,
33402884,Ryan Goel,IND,M,,,,1572,0,40,MAY26,2012,
88104362,Ryan S V,IND,M,,,,1553,0,40,MAY26,2011,
531074812,Ryan Sareen,IND,M,,,,1601,0,40,MAY26,2013,
429020930,Ryan Shah,IND,M,,,,1596,0,,MAY26,2015,
547070145,Ryan Thomas Manoj,IND,M,,,,1460,0,40,MAY26,2012,
25763890,S A Krishna Prakaash,IND,M,,,,1721,0,20,MAY26,2005,
88177050,S D Saikartik,IND,M,,,,1499,0,40,MAY26,2011,i
429074100,"S N, Sana Sri",IND,F,,,,1599,0,40,MAY26,2017,w
564060438,"S R, Kowshik",IND,M,,,,1558,18,40,MAY26,2013,
66612179,"S, Muneer",IND,M,,,,1537,0,,MAY26,2006,i
366107935,"S, SUCHENDRAN",IND,M,,,,1543,0,,MAY26,2008,i
366099029,"S, Swaminathan",IND,M,,,,1408,7,,MAY26,2011,
5076765,S. Jeevanandam,IND,M,,,,1629,0,20,MAY26,1984,i
5018340,"Sa, Kannan",IND,M,,,,1926,0,,MAY26,1990,
25985205,Saachi Kumar,IND,F,,,,1459,0,20,MAY26,2003,wi
35075748,Saahil Ahmed M,IND,M,,,,1611,0,20,MAY26,2004,i
25759604,Saai Aravindh R,IND,M,,,,1492,0,,MAY26,2005,
531039952,Saaket Bhalla,IND,M,,,,1499,0,,MAY26,2011,
33484074,Saaket Vinayak Harale,IND,M,,,,1492,7,40,MAY26,2013,i
537036262,Saaksh Chopra,IND,M,,,,1512,0,40,MAY26,2015,
429054524,Saanvi Narula,IND,F,,,,1430,7,40,MAY26,2012,w
558064575,Saanvika Sharma,IND,F,,,,1401,0,40,MAY26,2019,w
25050206,Saanya Mahesh,IND,F,,,,1534,0,20,MAY26,2002,wi
25697579,Saara Jain,IND,F,,,,1447,0,40,MAY26,2010,wi
429014166,Saarthak Chaudhary,IND,M,,,,1480,8,,MAY26,2011,
25111426,Saarthi Arora,IND,M,,,,1533,0,,MAY26,2006,
537061984,Saashwat M,IND,M,,,,1405,0,40,MAY26,2017,
48720097,Saathvik Chakravarthy Ramayanam,IND,M,,,,1525,0,40,MAY26,2016,
547095075,Saathvik Vinay,IND,M,,,,1409,0,40,MAY26,2014,
25159763,Saathvik Vishwanath,IND,M,,,,1461,0,40,MAY26,2012,i
48760463,Saatvik Modi,IND,M,,,,1446,0,40,MAY26,2015,
531036775,Saatvik Sachin Dhekane,IND,M,,,,1595,0,40,MAY26,2012,
577013069,Saatvik Sethi,IND,M,,,,1411,0,40,MAY26,2013,
537022920,Saatvik Sharma,IND,M,,,,1469,0,40,MAY26,2017,
25149474,Saatvika Kumanan,IND,F,,,,1445,0,40,MAY26,2010,wi
558029281,Saatwik Kalliyath,IND,M,,,,1607,0,40,MAY26,2014,
531072658,Saavi Gauri,IND,F,,,,1463,0,40,MAY26,2015,w
35008714,Sabareesh Venkatraman S,IND,M,,,,1662,0,20,MAY26,1997,i
88155854,Sabareeshwaran S,IND,M,,,,1654,0,40,MAY26,2009,
564029832,Sabarinath Biju,IND,M,,,,1556,0,40,MAY26,2014,
45002444,Sabarinatha Subbiah A S,IND,M,,,,1602,0,20,MAY26,2002,i
547057882,Sabarish G K,IND,M,,,,1431,8,40,MAY26,1983,
537089706,Sabarish V V,IND,M,,,,1403,0,40,MAY26,2012,
48717096,Sabarishree S,IND,F,,,,1660,0,40,MAY26,2009,wi
531005675,Sabbella Srimahi,IND,F,,,,1460,0,,MAY26,2012,w
547046546,Sabesh Moorthi M,IND,M,,,,1401,0,40,MAY26,2015,
25191799,Sabir Adnan,IND,M,,,,1583,0,20,MAY26,2000,
33400938,Sablye Ganesh,IND,M,,,,1435,0,40,MAY26,2008,i
25075845,Saboo Krishnam,IND,M,,,,1500,0,20,MAY26,2002,
48766232,Sachchit Dastidar,IND,M,,,,1608,0,40,MAY26,2013,
35016830,Sachet Garg,IND,M,,,,1634,0,20,MAY26,1999,i
48756660,Sachhidananda,IND,M,,,,1402,0,40,MAY26,2009,i
25974050,Sachi Jain,IND,F,WFM,WFM,,1978,9,40,MAY26,2009,w
25146173,Sachi Rahul Kulkarni,IND,F,,,,1461,0,40,MAY26,2010,wi
25160109,Sachiel Parthiban,IND,M,,,,1567,0,,MAY26,2011,i
35093746,sachika tomer,IND,F,,,,1421,0,20,MAY26,2006,wi
25980033,Sachin G,IND,M,,,,1797,13,20,MAY26,1996,
564037274,Sachin Kumar R,IND,M,,,,1693,0,40,MAY26,2010,
48740144,Sachin Mohapatra,IND,M,,,,1479,0,20,MAY26,1997,i
46643010,Sachin P Arolkar,IND,M,,,,1602,0,20,MAY26,1971,i
5029953,Sachin P S,IND,M,,NA,,1860,0,20,MAY26,1990,i
25919229,Sachin Pai,IND,M,,,,1681,0,20,MAY26,2007,
547012986,Sachin Pujeri,IND,M,,,,1621,0,40,MAY26,2012,
547097248,Sachin Ratan Jadhav,IND,M,,,,1570,0,20,MAY26,1992,
25037617,Sachin Salam,IND,M,,,,1654,0,20,MAY26,1982,
46655948,Sachin Saluja,IND,M,,,,1602,0,,MAY26,1991,i
25939491,Sachin Shankar,IND,M,,,,1445,0,40,MAY26,2010,i
25789112,Sachin Soni,IND,M,,,,1680,0,20,MAY26,1985,i
577028627,Sachin Subhash Tiwari,IND,M,,,,1476,7,40,MAY26,2004,
25986880,Sachin Sunil Deshmukh,IND,M,,,,1494,0,20,MAY26,1975,i
5045460,"Sachin T, Bansode",IND,M,,,,1949,0,20,MAY26,1978,i
531054706,Sachin Toppo,IND,M,,,,1712,0,20,MAY26,2001,i
5017807,"Sachin, Kamath",IND,M,,,,1973,0,20,MAY26,0,
35042785,Sachinder,IND,M,,,,1710,0,20,MAY26,1990,i
429069645,Sachit Bara,IND,M,,,,1437,13,,MAY26,2015,
33376654,Sachit Pai,IND,M,,,,1480,0,40,MAY26,2012,
88186938,Sachith Arun Harithsa,IND,M,,,,1514,0,40,MAY26,2014,
48724041,Sachith C M,IND,M,,,,1456,0,40,MAY26,2014,i
25633783,Sachith Katti,IND,M,,,,1603,0,40,MAY26,2009,i
366130530,"Sadafale, Aaditya",IND,M,,,,1425,0,20,MAY26,2005,i
25693743,Sadanand Kamat,IND,M,,,,1488,0,20,MAY26,1941,i
5090610,Sadanand M Rawal,IND,M,,,,1592,0,20,MAY26,1961,i
35057049,Sadashivam Akhil,IND,M,,,,1434,0,20,MAY26,2002,
45073619,Sadbhav Rautela,IND,M,,,,1805,0,40,MAY26,2010,
25688537,Sadhana S N,IND,F,,,,1575,0,40,MAY26,2011,w
35057057,Sadhu Bhagyesh,IND,M,,NA,,1705,0,20,MAY26,1992,i
25011960,Sadhu S Adithya,IND,M,,,,1932,0,20,MAY26,2002,i
25033212,Sadhu Vishal N,IND,M,,"FI,NA",,1795,0,20,MAY26,1987,i
531087825,Sadhvi Sharanappa Halli,IND,F,,,,1415,0,40,MAY26,2017,w
25682091,Sadhwani Prince Kailash,IND,M,,,,1480,0,40,MAY26,2011,i
35093487,"Sadhwani, Raunak",IND,M,GM,,,2648,0,10,MAY26,2005,
88180310,Sadurvetha K R,IND,F,,,,1529,0,40,MAY26,2016,w
88126480,Saee Kaustubh Deo,IND,F,,,,1448,4,40,MAY26,2011,w
25973126,Saeeja Gunesh Dessai,IND,F,,,,1534,0,40,MAY26,2011,w
33323879,Safal Fazil,IND,M,,,,1724,18,20,MAY26,2006,
33322856,Safal Maheshwari,IND,M,,,,1584,0,20,MAY26,1998,
45089230,Safar Hussain,IND,M,,,,1593,0,20,MAY26,1968,i
48745251,Safvan Subair Khan,IND,M,,SI,,1764,0,,MAY26,2003,
48739820,Sagar Baghel,IND,M,,,,1510,0,20,MAY26,1980,
429059550,Sagar Bhide,IND,M,,,,1643,0,20,MAY26,1985,
25134116,Sagar G Shenoy,IND,M,,,,1912,9,40,MAY26,2009,
558025626,Sagar Harishbhai Patel,IND,M,,,,1475,0,20,MAY26,1995,
33468923,Sagar Kumar,IND,M,,,,1573,0,20,MAY26,1999,
45064199,Sagar P,IND,M,,NA,,1581,0,20,MAY26,2001,i
46655972,Sagar Rastogi,IND,M,,,,1569,0,20,MAY26,1993,i
46655980,Sagar Singh,IND,M,,,,1570,0,20,MAY26,1999,i
25098160,Sagar Siya,IND,F,,,,1615,8,20,MAY26,2007,w
558031502,Sagar Sonawane,IND,M,,,,1591,0,20,MAY26,2000,
146242131,"Sagar, Praveen",IND,M,,,,1736,0,,MAY26,1991,
5022509,"Sagar, Shah",IND,M,IM,,,2307,0,20,MAY26,1990,i
25931008,Sagaya Anthoni Serock D,IND,M,,NA,,1469,0,,MAY26,1998,i
547083620,Sagnik Barua,IND,M,,,,1422,0,40,MAY26,2014,
33440425,Sagnik Chatterjee,IND,M,,,,1550,0,,MAY26,2012,
33478821,Sagnik Dutta,IND,M,,,,1876,0,40,MAY26,2013,i
25131419,Sagnik Halder,IND,M,,,,1853,0,40,MAY26,2011,
429028825,Sagnik Kandar,IND,M,,,,1521,0,40,MAY26,2013,
537047914,Sagnik Karmakar,IND,M,,,,1546,0,40,MAY26,2012,i
429065089,Sagnik Mukherjee,IND,M,,,,1456,5,20,MAY26,1996,
25600397,Sagnik Ray,IND,M,,,,1509,0,,MAY26,2006,i
564075621,"Saha, Kaushal",IND,M,,,,1480,0,40,MAY26,2015,
33422400,Sahaa Baranidharan,IND,M,,,,1516,0,40,MAY26,2013,i
33431264,Sahaj Gupta,IND,M,,,,1579,0,40,MAY26,2011,i
25960008,Sahana S,IND,F,,,,1495,0,40,MAY26,2011,w
33306729,Sahana Shainsha,IND,F,,,,1759,0,40,MAY26,2009,w
33454558,Sahane Krishna,IND,M,,,,1480,0,20,MAY26,1985,i
88186555,Sahare Ishika Pramod,IND,F,,,,1516,0,40,MAY26,2014,w
25708830,Sahare Roshan,IND,M,,,,1433,0,20,MAY26,1997,i
88179656,Sahasra Varma Penumastha,IND,F,,,,1490,0,40,MAY26,2016,w
48761877,Sahasrarchi Pandey,IND,M,,,,1536,0,40,MAY26,2012,
25781332,Sahejdeep Kaur,IND,F,,,,1575,0,40,MAY26,2010,w
25618342,Sahib Singh,IND,M,IM,,,2121,0,40,MAY26,2008,
429079497,Sahibnoor Singh,IND,M,,,,1538,0,40,MAY26,2017,
25744747,Sahil Bheron,IND,M,,,,1748,0,20,MAY26,2002,
35035690,Sahil Dayanand Desai,IND,M,,,,1560,0,20,MAY26,2005,i
531049192,Sahil Devnani,IND,M,,,,1572,0,20,MAY26,2002,
46680527,Sahil Garg,IND,M,,NA,,1682,0,,MAY26,1991,i
547096470,Sahil Khosla,IND,M,,,,1430,0,20,MAY26,1988,
547003944,Sahil Kujur,IND,M,,,,1565,0,20,MAY26,2006,i
25776525,Sahil Kumar,IND,M,,,,1453,6,20,MAY26,1999,
88182525,Sahil Mahajan,IND,M,,,,1579,0,40,MAY26,2011,
48772445,Sahil Prasad Naik,IND,M,,,,1431,0,40,MAY26,2009,i
33398798,Sahil Raghava Maskikar,IND,M,,,,1440,0,40,MAY26,2012,i
558061606,Sahil Rana,IND,M,,,,1550,0,20,MAY26,2005,
33393435,Sahil Sachin Shetty,IND,M,,,,1487,0,40,MAY26,2010,i
25161296,Sahil Saxena,IND,M,,,,1668,0,20,MAY26,2007,i
25914839,Sahil Shah,IND,M,,,,1571,7,20,MAY26,2004,
547057254,Sahil Suresh Fulzele,IND,M,,,,1675,0,20,MAY26,2007,
5019710,"Sahil, Tickoo",IND,M,CM,,,2116,0,20,MAY26,1992,i
45095248,Sahithi Varshini M,IND,F,FM,WIM,,2209,0,20,MAY26,2007,wi
46612564,Sahjahan Ali,IND,M,,,,1698,0,20,MAY26,1979,i
33313407,Sahl Ahyad Bari,IND,M,,,,1412,0,40,MAY26,2009,i
35047337,Sahoo Ankita,IND,F,,,,1705,0,20,MAY26,2004,wi
25763245,Sahoo Stitaprangya,IND,M,,,,1674,0,40,MAY26,2008,i
531063519,Sahoo Surjyaditya,IND,M,,,,1417,0,40,MAY26,2016,
537050826,Sahoo Trushna Pabak,IND,M,,,,1516,0,40,MAY26,2011,
5033403,"Sahoo, Devendra Kumar",IND,M,,,,1646,0,20,MAY26,1954,i
374097252,"Sahoo, Sanjeet Kumar",IND,M,,,,1458,0,40,MAY26,2013,
5034566,"Sahoo, Utkal Ranjan",IND,M,,,,2226,0,20,MAY26,1996,i
33316759,Sahrudh M P,IND,M,,,,1710,16,40,MAY26,2013,
25695215,Sahu Anirudha,IND,M,,,,1450,0,40,MAY26,2010,i
46610120,Sahu Bibek Kumar,IND,M,,,,1531,0,20,MAY26,2005,i
531049206,Sahu Kanishk,IND,M,,,,1707,0,40,MAY26,2008,i
45097658,Sahu Mitansh,IND,M,,,,1464,0,40,MAY26,2010,i
25707868,Sahu Raju Kumar,IND,M,,,,1545,0,20,MAY26,1994,i
25614029,Sahu Sankalp,IND,M,,,,1431,0,20,MAY26,2002,i
564047873,"Sahu, Priyanshu Pavan",IND,M,,,,1482,0,40,MAY26,2012,
5010560,"Sahu, Rajendra Kumar",IND,M,CM,,,1987,0,20,MAY26,1966,
5000157,"Sahu, Sekhar Chandra",IND,M,IM,,,1917,0,20,MAY26,1955,
5023653,"Sahu, Vikramaditya",IND,M,,,,2140,0,20,MAY26,1987,i
45064229,Sahukara Sandeep Kumar,IND,M,,,,1437,0,20,MAY26,2007,
564061019,"Sai Aadvik, N",IND,M,,,,1501,9,40,MAY26,2017,
33409293,Sai Abhinav Kuchibhotla,IND,M,,,,1932,29,40,MAY26,2012,
5070147,"Sai Agni Jeevitesh, J",IND,M,IM,,,2196,19,20,MAY26,1998,
33398801,Sai Akhilesh Arvapalli,IND,M,,,,1515,0,,MAY26,2008,i
88150739,Sai Anand Y A,IND,M,,,,1588,0,40,MAY26,2014,
35017527,Sai Anvith V,IND,M,,,,1551,0,20,MAY26,2000,i
25909983,Sai Aradhana R,IND,F,,,,1679,7,40,MAY26,2011,w
25728946,Sai Atchyut B,IND,M,,,,1699,0,20,MAY26,2004,i
531005713,Sai Bhaskara Alekhya J,IND,F,,,,1528,0,40,MAY26,2013,w
537034715,Sai Deepthi Sivakoti,IND,F,,,,1493,0,40,MAY26,2008,w
531094007,Sai Dev P,IND,M,,,,1497,5,40,MAY26,2018,
25066730,Sai Dinesh Garikipati,IND,M,,NA,,1713,0,,MAY26,1991,i
558057609,Sai Eswar K,IND,M,,,,1559,0,40,MAY26,2014,
35075101,Sai Ganesh S,IND,M,,,,1727,0,,MAY26,1967,i
33473854,Sai Hridhay S,IND,M,,,,1841,0,,MAY26,2010,
25654748,Sai Kalyan Raparu,IND,M,,,,1422,0,20,MAY26,2005,i
547035560,Sai Kamal Varshith Mantri,IND,M,,,,1421,0,40,MAY26,2012,
48728780,Sai Karthick S,IND,M,,,,1498,0,40,MAY26,2012,i
531019765,Sai Karthik M P,IND,M,,,,1568,0,40,MAY26,2015,
558045295,Sai Karthikeya Bharadwaja Gadepalli,IND,M,,,,1431,0,20,MAY26,2000,
88163644,Sai Karthikeya Kethapalle,IND,M,,,,1506,0,40,MAY26,2009,
33473862,Sai Keerthi Vasan R,IND,M,,,,1595,22,40,MAY26,2011,
25055860,Sai Kiran G V,IND,M,,,,1673,27,20,MAY26,1997,
25052993,Sai Kiran Y,IND,M,,,,2001,0,20,MAY26,1996,
25030086,Sai Krishna S,IND,M,,,,1690,0,20,MAY26,2003,i
25936638,Sai Krishna S,IND,M,,,,1419,0,20,MAY26,2005,i
46660844,Sai Krishna Suresh Kumar,IND,M,,,,1524,0,20,MAY26,2001,i
366108988,Sai Krishna V,IND,M,,,,1567,8,,MAY26,2009,
25647580,Sai Mahati Alapati,IND,F,WFM,WFM,,1685,0,20,MAY26,2007,wi
547052767,Sai Mithran K,IND,M,,,,1423,8,40,MAY26,2015,
531093680,Sai Mounish Reddy Chukka,IND,M,,,,1720,0,20,MAY26,2006,i
35051385,Sai Naga Samhitha G,IND,F,,,,1636,0,20,MAY26,2001,wi
35096141,Sai Nikhil Y,IND,M,,,,1611,0,20,MAY26,2006,i
33486930,Sai Phaneendra M,IND,M,,,,1532,0,20,MAY26,2004,
429055784,Sai Prabhakaran R,IND,M,,,,1582,15,40,MAY26,2011,
48759163,Sai Pradhan Viswanathan,IND,M,,,,1467,0,40,MAY26,2010,i
429011230,Sai Pradyun Barla,IND,M,,,,1491,0,40,MAY26,2014,
33384495,Sai Pranav P,IND,M,,,,1516,0,40,MAY26,2010,i
35083937,Sai Pranav Siddamshetty,IND,M,,,,1672,0,20,MAY26,2005,i
33466238,Sai Prasadh S,IND,M,,,,1507,2,40,MAY26,2010,
429085594,Sai Prasath Karthikeyan,IND,M,,,,1530,0,40,MAY26,2013,i
547052899,Sai Prithwin,IND,M,,,,1483,8,40,MAY26,2018,
35081420,Sai R. Arulmurugan,IND,M,,,,1570,0,20,MAY26,1974,i
33409650,Sai Raghav Vishvesh Margasahayam,IND,M,,,,1675,0,40,MAY26,2008,i
25956108,Sai Rahul Tarekar,IND,M,,,,1540,0,40,MAY26,2011,
35062310,Sai Raj Gopal K,IND,M,,,,1828,0,20,MAY26,2006,i
33380538,Sai Raksha,IND,F,,,,1425,0,40,MAY26,2015,w
25103458,Sai Ram Suhas M,IND,M,,,,1624,0,,MAY26,2008,i
88140830,Sai Ritvik Arvapalli,IND,M,,,,1723,0,40,MAY26,2011,
35081560,Sai Sabbari,IND,M,,,,1604,0,20,MAY26,1999,i
48724050,Sai Samarth S,IND,M,,,,1431,0,20,MAY26,2007,i
429016932,Sai Saranya Kolluri,IND,F,,,,1456,0,40,MAY26,2013,wi
25020374,Sai Saravanan K,IND,M,,,,1688,0,20,MAY26,1998,i
558033971,Sai Sarvesh Saravanababu,IND,M,,,,1460,0,40,MAY26,2014,
25053485,Sai Shravan R,IND,M,,,,1685,0,20,MAY26,2003,
88118029,Sai Shri Ramesh Prabhavathy,IND,F,,,,1570,5,,MAY26,2015,w
35036890,Sai Siddardha A,IND,M,,,,1664,0,20,MAY26,2003,i
46635963,Sai Siddharth U,IND,M,,,,1597,0,20,MAY26,2005,i
25739433,Sai Sivaraman B,IND,M,,,,1479,0,20,MAY26,2006,i
33473870,Sai Sri Harsha Kunchala,IND,M,,,,1474,0,20,MAY26,2003,
33419450,Sai Sri Saran P,IND,M,,,,1822,17,40,MAY26,2014,
33396132,Sai Srinivasa Asrith Makineedi,IND,M,,,,1582,0,40,MAY26,2011,i
531017452,Sai Srinivasan S,IND,M,,,,1534,0,,MAY26,2010,
25950010,Sai Srivardhan R,IND,M,,,,1539,0,40,MAY26,2009,i
531083730,Sai Sujan P U,IND,M,,,,1526,3,40,MAY26,2013,
45013624,Sai Sujan S,IND,M,,,,1639,0,20,MAY26,2005,i
25799126,Sai Sundar A,IND,M,,,,1409,0,20,MAY26,2007,i
537015079,Sai Suryanshu Mohanty,IND,M,,,,1578,0,40,MAY26,2013,i
48728799,Sai Swaroop Varaprasad,IND,M,,,,1472,0,,MAY26,2010,i
33434670,Sai Tanishka T,IND,F,,,,1816,0,,MAY26,2011,wi
537060848,Sai Tarakesh R S,IND,M,,,,1518,7,40,MAY26,2013,
33483388,Sai Teja Bandaru,IND,M,,,,1480,0,20,MAY26,2003,i
537013980,Sai Thaneesh Kandula,IND,M,,,,1416,0,40,MAY26,2013,i
88115046,Sai Vainavi M,IND,F,,,,1503,0,40,MAY26,2013,w
547092351,Sai Varun Krishna G,IND,M,,,,1451,0,40,MAY26,2012,
48744646,Sai Venkat Satwik S,IND,M,,,,1471,8,40,MAY26,2012,
33406952,Sai Venkatesh Tadi,IND,M,,,,1461,0,40,MAY26,2011,
25953273,Sai Vijaysinh Patil,IND,F,,,,1544,7,40,MAY26,2011,w
5081670,Sai Vishwesh.C,IND,M,,,,2134,0,20,MAY26,1999,i
5032520,"Sai, Prahlad K",IND,M,,,,1924,0,,MAY26,1993,i
48754021,Saiaansh Singhal,IND,M,,,,1440,0,40,MAY26,2016,i
429054672,Saiaastha Singh,IND,F,,,,1484,1,40,MAY26,2018,w
537020048,Saiansh Biswas,IND,M,,,,1431,0,40,MAY26,2014,i
531036791,Saiansh Shrinivas Desurkar,IND,M,,,,1429,0,40,MAY26,2016,
33392692,Saicharan Ganesh Kumar,IND,M,,,,1710,0,,MAY26,2013,i
33477590,Saicharan Srinivasan,IND,M,,,,1884,9,40,MAY26,2015,
429003792,Saichetan A L V,IND,M,,,,1611,0,40,MAY26,2012,i
25608924,Said Mahesh,IND,M,,,,1572,0,20,MAY26,1995,i
33449830,Saidarahas Somashetty,IND,M,,,,1484,0,,MAY26,2010,i
45068771,Saidas D Fotto,IND,M,,,,1453,0,20,MAY26,1975,i
25037625,Saideep Ganesh,IND,M,,,,1617,0,20,MAY26,2001,i
547003170,Saiisarwin Hariharan,IND,M,,,,1523,0,40,MAY26,2012,i
25031945,Saikat Bose,IND,M,,,,1722,0,20,MAY26,2002,i
46667180,Saikat Nath,IND,M,,,,1783,9,,MAY26,1994,
35027506,Saikat Saha,IND,M,,,,1619,0,20,MAY26,2000,i
5008832,"Saikat, Dutta",IND,M,,,,1860,0,20,MAY26,1995,i
531004008,Saikiran Manikandan,IND,M,,,,1487,0,40,MAY26,2012,
25993518,Saikiran S V,IND,M,,,,1465,0,20,MAY26,1999,i
564065022,"Saikiran, Shantagiri",IND,M,,,,1685,0,20,MAY26,1998,
48725544,Saikrithik G,IND,M,,,,1401,0,40,MAY26,2011,i
25799703,Saikumaran S M,IND,M,,,,1540,0,40,MAY26,2008,i
25131478,Sailaj Mukherjee,IND,M,,,,1448,0,40,MAY26,2008,
88115836,Saileash Raja Nagarajan,IND,M,,,,1467,0,40,MAY26,2013,
25931369,Sailendra Prasad,IND,M,,,,1545,0,20,MAY26,1980,
25759876,Sailesh R,IND,M,,,,2083,9,20,MAY26,2005,
537001132,Sainandana Kallaje,IND,M,,,,1494,0,,MAY26,2012,
33391386,Saingura Sailo,IND,M,,,,1763,0,20,MAY26,1988,i
45057249,Saini Kartik,IND,M,,,,1404,0,20,MAY26,1999,
531042732,Saini Manas,IND,M,,,,1707,0,40,MAY26,2015,
25798340,Saini Sandesh Naik,IND,F,,,,1446,0,20,MAY26,2006,wi
564050696,"Saini, Kanupriya",IND,F,,,,1421,0,40,MAY26,2016,w
46684603,Sainihar Krishna P,IND,M,,,,1438,0,20,MAY26,1996,
25778650,Sainimhalan  S P,IND,M,,,,1435,0,20,MAY26,2007,i
33393524,Saiprabhanjan Konduru,IND,M,,,,1444,0,40,MAY26,2008,i
429036135,Saipranav Arumugam,IND,M,,,,1560,0,,MAY26,2007,i
33481270,Saira Mahajan,IND,F,,,,1437,0,40,MAY26,2014,wi
46643079,Sairaj Dilip Vernekar,IND,M,,,,1677,0,40,MAY26,2008,i
25980874,Sairaj Narvenkar,IND,M,,,,1446,0,40,MAY26,2012,
88131823,Sairam Bala M,IND,M,,,,1711,8,40,MAY26,2014,
48728802,Sairam R M,IND,M,,,,1405,0,,MAY26,2014,i
547058099,Sairam S,IND,M,,,,1483,6,40,MAY26,2012,
33303010,Sairamakrishnan R B,IND,M,,,,1445,0,40,MAY26,2012,i
33396167,Saisamridh S,IND,M,,,,1481,7,40,MAY26,2013,
48763047,Saisaran N,IND,M,,,,1472,0,40,MAY26,2013,
25739530,Saisarvesh S,IND,M,,,,1936,9,40,MAY26,2010,
429050707,Saish Paresh Deshmukh,IND,M,,,,1678,0,,MAY26,2012,i
35035703,Saish Ulhas Fondekar,IND,M,,,,1632,0,20,MAY26,2000,
547092327,Saisivakumaran Pa,IND,M,,,,1456,7,40,MAY26,2002,
25685678,Saisriram S,IND,M,,,,1496,2,20,MAY26,2003,
537063669,Saiyam Kakar,IND,M,,,,1539,7,40,MAY26,2012,
429025052,Sajal Chandrakar,IND,M,,,,1437,0,40,MAY26,2013,
46691820,Sajal Saroj Lahkar,IND,M,,,,1418,0,20,MAY26,2007,i
429051495,Sajal Sharma,IND,M,,,,1555,0,20,MAY26,2004,
33472424,Sajan A,IND,M,,,,1521,0,40,MAY26,2013,
45009880,Sajan J,IND,M,,,,1638,0,20,MAY26,2005,i
88122301,Sajeesh Kumar P K,IND,M,,,,1408,0,20,MAY26,1982,
35029550,Sajid Khan,IND,M,,,,1659,0,,MAY26,1990,
46674861,Sajin Abdul Samad,IND,M,,,,1660,0,20,MAY26,1985,i
88128105,Sajin Dwijendralal,IND,M,,,,1517,0,,MAY26,1980,
547072202,Sajiv Sudhan A D,IND,M,,,,1605,8,40,MAY26,2012,
48759198,Sajiv Yathra,IND,M,,,,1414,0,40,MAY26,2014,
5013046,"Sakalle, Abhisar",IND,M,,,,1929,0,20,MAY26,1983,i
88130193,Sakarkar Swarit,IND,M,,,,1501,0,40,MAY26,2008,i
531057950,Saket Jha,IND,M,,,,1477,0,20,MAY26,2000,
429081068,Saket Kumar Maity,IND,M,,,,1509,4,40,MAY26,2015,
48737763,Saket Sharma,IND,M,,,,1671,0,,MAY26,2002,i
5018358,"Saket, Kumar",IND,M,,,,1635,0,20,MAY26,1981,
25068504,Saketh B,IND,M,,,,1745,0,20,MAY26,2003,i
33403279,Saketh Bandaru,IND,M,,,,1468,0,20,MAY26,2007,i
429099862,Saketh Jijesh,IND,M,,,,1501,15,40,MAY26,2015,
48768596,Saketh Kunnummalkattil,IND,M,,,,1621,10,,MAY26,2011,
547055456,Saketh Linu Chandran,IND,M,,,,1466,0,40,MAY26,2010,
5042178,"Saketh, Pedagandham",IND,M,CM,FI,,1853,0,20,MAY26,1992,
25753525,Sakhardande Harsh,IND,M,,,,1416,0,20,MAY26,2007,i
5096332,Sakhawat Hussain,IND,M,,NA,,1844,0,20,MAY26,1989,
25601660,Sakib Alam,IND,M,,,,1584,0,20,MAY26,2003,
25097334,Sakordekar Nandan Sagar,IND,M,,,,1562,0,20,MAY26,1999,i
531075754,Sakriya Kirtan Deepakbhai,IND,M,,,,1567,0,20,MAY26,2004,i
33331634,Saksham,IND,M,,,,1788,8,40,MAY26,2012,
33487006,Saksham Arora,IND,M,,,,1729,8,40,MAY26,2011,
531026087,Saksham Arora,IND,M,,,,1418,0,20,MAY26,2007,i
429008883,Saksham Bhardwaj,IND,M,,,,1475,0,,MAY26,2011,
33499985,Saksham Bhutani,IND,M,,,,1484,0,40,MAY26,2010,i
537082795,Saksham Biswas,IND,M,,,,1407,0,40,MAY26,2017,
88196305,Saksham Darshan,IND,M,,,,1687,7,40,MAY26,2014,
5078970,Saksham Dewan,IND,M,,,,1903,0,,MAY26,1997,i
33384142,Saksham Goel,IND,M,,,,1495,0,40,MAY26,2012,
33382220,Saksham Jain,IND,M,,,,1413,0,40,MAY26,2012,i
547008881,Saksham Khurana,IND,M,,,,1513,0,40,MAY26,2008,
429037689,Saksham Nawani,IND,M,,,,1595,0,40,MAY26,2011,
25985892,Saksham Omer,IND,M,,,,1623,0,20,MAY26,2000,i
429005191,Saksham Pandey,IND,M,,,,1516,0,40,MAY26,2016,
25993011,Saksham Paresh Natekar,IND,M,,,,1506,0,40,MAY26,2008,i
35046977,Saksham Rautela,IND,M,IM,,,2276,0,20,MAY26,2004,i
48787221,Saksham Saini,IND,M,,,,1664,0,40,MAY26,2011,
48714909,Saksham Sameer Kubde,IND,M,,,,1455,0,20,MAY26,2007,i
429017106,Saksham Sehgal,IND,M,,,,1515,0,40,MAY26,2014,
88122190,Saksham Upadhyay,IND,M,,,,2003,0,40,MAY26,2014,
25146378,Saksham Wadhwa,IND,M,,,,1989,0,40,MAY26,2008,
5067324,"Sakshath, U K",IND,M,,FA,,1666,0,20,MAY26,1996,i
33400016,Sakshi Kaushal,IND,F,,,,1427,0,40,MAY26,2017,wi
5096294,Sakshi Naik Gaonkar,IND,F,,,,1636,0,20,MAY26,2001,wi
25015176,Sakshi Pradyumn,IND,M,,,,1690,0,20,MAY26,2000,
531072151,Sakthi Guru Eswaran S,IND,M,,,,1457,0,40,MAY26,2012,i
537003569,Sakthi T S,IND,M,,,,1403,0,40,MAY26,2009,
25745166,Sakthi Vaishnavi A K,IND,F,,,,1455,0,20,MAY26,2006,wi
5089433,"Sakthinandhan, S",IND,M,,,,1718,0,20,MAY26,1988,
25644890,Sakthivel Heamish Kanha,IND,M,FM,,,1955,0,40,MAY26,2009,i
547017023,Salai Vinnavan B,IND,M,,,,1518,5,40,MAY26,2016,
46638253,"Saleem, Mohammed",IND,M,,,,2068,0,20,MAY26,1974,i
577031652,"Salekin, Merajus",IND,M,,,,1471,7,20,MAY26,1980,
5034019,"Salil, Kumar D.",IND,M,,,,1786,18,20,MAY26,1979,
25047485,Salim Hafezi,IND,M,,,,1733,0,20,MAY26,1964,i
33413509,Salim Krishna,IND,M,,NA,,1527,0,20,MAY26,1970,i
5034027,"Salim, Yoosuf",IND,M,,,,1566,0,20,MAY26,1973,
88166058,Salman Subair Khan,IND,M,,,,1541,0,20,MAY26,1999,
25013971,"Salonika, Saina",IND,F,WIM,WIM,,1993,0,20,MAY26,2003,wi
46658874,Salunke Shankar,IND,M,,,,1645,8,20,MAY26,1998,
33421277,Salunke Siddhant,IND,M,,,,1858,0,40,MAY26,2012,
121105400,"Salunke, Shlok Prashant",IND,M,,,,1628,0,,MAY26,2010,
547047615,Salunkhe Parth Rahul,IND,M,,,,1485,3,40,MAY26,2013,
46676350,Salvi Aarush,IND,M,,,,1490,0,,MAY26,2008,i
25198211,Salvi Rajendra Ravindranath,IND,M,,,,1431,0,20,MAY26,1971,i
366130147,"Salvi, Amit",IND,M,,,,1840,0,20,MAY26,1979,i
25624776,Sam Jebadurai,IND,M,,,,1638,0,20,MAY26,2000,i
33315019,Sam Jeffrey M,IND,M,,,,1443,0,40,MAY26,2011,i
558098496,Sam Jeyachandran V,IND,M,,,,1417,4,40,MAY26,2014,
88102726,Sam Pollayil Sabastian,IND,M,,,,1592,0,40,MAY26,2009,i
88152391,Sam Santhosh,IND,M,,,,1517,0,40,MAY26,2012,i
25932101,Sam Sudharshan,IND,M,,,,1555,0,20,MAY26,2005,i
558030247,Sam Thomas,IND,M,,,,1591,0,40,MAY26,2017,
531002307,Samadarshi Das,IND,M,,,,1428,0,40,MAY26,2015,
547076500,Samadarshi Mondal,IND,M,,,,1464,0,40,MAY26,2018,
25943677,Samahit Pradeep Kumar Goshetty,IND,M,,,,1555,0,,MAY26,2011,i
25182501,Samaira Taneja,IND,F,,,,1423,0,20,MAY26,2007,w
366127393,"Samaiya, Atharv",IND,M,,,,1603,0,20,MAY26,2006,i
33404437,Samaksh Ashok,IND,M,CM,,,1740,0,40,MAY26,2014,i
25023721,Samal Ansuman,IND,M,,,,1927,0,20,MAY26,2002,i
429065127,Samanaway Pal,IND,M,,,,1486,0,40,MAY26,2011,
35080580,Samant Aditya S,IND,M,GM,,,2392,0,10,MAY26,2006,i
547072512,Samanta Pragyan,IND,M,,,,1411,5,40,MAY26,2014,
33417555,Samanth Nataraj Naidu,IND,M,,,,1576,0,40,MAY26,2013,i
558085521,Samar Choudhary,IND,M,,,,1509,0,40,MAY26,2012,
429017637,Samar Goel,IND,M,,,,1586,7,40,MAY26,2010,
564007154,Samar Kore,IND,M,,,,1494,3,40,MAY26,2018,
88147410,Samar Rahul Pande,IND,M,,,,1514,0,40,MAY26,2015,
429027632,Samar Sabharwal,IND,M,,,,1517,0,40,MAY26,2014,
547062592,Samar Singh,IND,M,,,,1554,5,40,MAY26,2011,
25984276,Samarendra Sahoo,IND,M,,,,1482,0,20,MAY26,1992,
33432805,Samarth Arun Upadhyaya,IND,M,,,,1502,0,40,MAY26,2012,i
33490120,Samarth Baranidharan,IND,M,,,,1543,0,40,MAY26,2016,
88164896,Samarth Batra,IND,M,,,,1442,0,40,MAY26,2014,
33494452,Samarth Bhat,IND,M,,,,1465,0,,MAY26,2013,
547064013,Samarth Chougule,IND,M,,,,1644,17,20,MAY26,2007,
547094680,Samarth Das,IND,M,,,,1545,0,40,MAY26,2014,
577013247,Samarth Dhende,IND,M,,,,1596,0,20,MAY26,2006,
25630849,Samarth Gaba,IND,M,,,,1767,0,20,MAY26,2000,i
537098853,Samarth Ganesh Salgaonkar,IND,M,,,,1517,0,40,MAY26,2011,
531091997,Samarth Gowda .B,IND,M,,,,1602,0,40,MAY26,2013,
531058949,Samarth Gupta,IND,M,,,,1549,8,40,MAY26,2011,
531025269,Samarth Gupta,IND,M,,,,1404,0,40,MAY26,2013,
46652370,Samarth J Rao,IND,M,CM,,,1728,0,20,MAY26,1999,
33398992,Samarth Jain,IND,M,,,,1797,9,40,MAY26,2013,
33322791,Samarth Jain,IND,M,,,,1959,9,40,MAY26,2011,
33493154,Samarth Kapoor,IND,M,,,,1652,0,40,MAY26,2014,
33410410,Samarth Kaushalkumar Modha,IND,M,,,,1451,4,40,MAY26,2013,
45027188,Samarth M Bhat,IND,M,,,,1609,0,20,MAY26,2001,
33486573,Samarth Maheshprasad,IND,M,,,,1445,0,40,MAY26,2010,
46618619,Samarth Mittal,IND,M,,,,1788,0,20,MAY26,2003,i
48790656,Samarth Modi,IND,M,,,,1571,0,40,MAY26,2012,
25600370,Samarth Periwal,IND,M,,,,1522,0,20,MAY26,2006,i
33412030,Samarth Ranjan Sahu,IND,M,,,,1503,0,40,MAY26,2014,
25101013,Samarth Razdan,IND,M,,,,1645,0,40,MAY26,2009,
25701177,Samarth Seth,IND,M,,,,1690,0,20,MAY26,1995,i
33408564,Samarth Vikas Kokra,IND,M,,,,1495,0,40,MAY26,2010,
547092700,Samartha Mg,IND,M,,,,1513,8,20,MAY26,2005,
35015451,Sambarta Banerjee,IND,M,,,,1977,0,20,MAY26,2001,i
537013840,Sambasivarao Mettela,IND,M,,,,1495,0,20,MAY26,1998,i
33496560,Sambhav Bhatewara,IND,M,,,,1546,8,40,MAY26,2011,
25744755,Sambhav Setiya,IND,M,,,,1828,0,40,MAY26,2011,
429023106,Sambhav Singhal,IND,M,,,,1638,0,,MAY26,2008,
5027284,"Sambhav, Jain",IND,M,,,,1559,0,20,MAY26,1998,i
558018280,Sambit Kumar Tripathy,IND,M,,,,1522,0,40,MAY26,2014,
537088238,Sambuddha Pal,IND,M,,,,1572,0,20,MAY26,2005,
35067516,Samdani Sahil Sagar,IND,M,,,,1830,0,20,MAY26,2004,i
35078615,Sameer,IND,M,,,,1585,0,20,MAY26,2001,i
33349169,Sameer Asif,IND,M,,,,1509,0,20,MAY26,1980,i
25075110,Sameer C,IND,M,,NA,,1617,0,20,MAY26,1979,i
88155331,Sameer Choudhary,IND,M,,,,1892,9,20,MAY26,2005,
547093722,Sameer Deshwal,IND,M,,,,1444,0,20,MAY26,2006,
25977628,Sameer Kishore Kumar,IND,M,,,,1569,0,20,MAY26,1999,i
537046004,Sameer Kumar,IND,M,,,,1644,0,20,MAY26,2006,
35017535,Sameer Kumar Y,IND,M,,,,1818,0,20,MAY26,1974,i
45095930,Sameer M Shelar,IND,M,,,,1445,0,20,MAY26,1990,i
25901621,Sameer Mukherjee,IND,M,,,,1491,0,,MAY26,1972,
48752479,Sameer Singh Shergill,IND,M,,,,1784,9,40,MAY26,2012,
5062730,"Sameer, Ghotane",IND,M,,,,1961,0,20,MAY26,1988,i
25985000,Samhita Pungavanam,IND,F,,,,1802,0,40,MAY26,2014,w
429060311,Samhith Jossy Lobo,IND,M,,,,1496,0,40,MAY26,2014,
25945823,Samhith M,IND,M,,,,1436,0,40,MAY26,2011,i
33438277,Samhitha Shenoy,IND,F,,,,1513,0,40,MAY26,2010,w
25604317,Sami M A,IND,M,,,,1576,0,20,MAY26,1967,
537023136,Samik Santhosh,IND,M,,,,1520,0,40,MAY26,2012,
25061380,Samiksha Ashish Zaware,IND,F,,,,1752,0,20,MAY26,1992,wi
33440379,Samil Puri,IND,M,,,,1461,6,40,MAY26,2011,
25008030,Samir Dhar,IND,M,,,,1733,0,20,MAY26,1970,i
35045717,Samir Kumar Saha,IND,M,,,,1655,0,20,MAY26,1954,
25008048,Samir Sarkar,IND,M,,,,1653,0,20,MAY26,1965,i
5011388,"Samir, Vyas",IND,M,,SI,,2046,0,20,MAY26,1972,i
5073421,"Sammed Jaykumar, Shete",IND,M,IM,,,2147,22,20,MAY26,1999,
25936662,Sammeta Venkata Ram Teja,IND,M,,,,1426,0,20,MAY26,2007,i
35062328,Samneet Munde,IND,M,,NA,,1559,0,20,MAY26,2005,i
25941569,Sampat J M,IND,M,,,,1494,0,40,MAY26,2010,i
35031880,Sampath B,IND,M,,,,1715,0,20,MAY26,1982,i
33367051,Sampreet Sudheer,IND,M,,,,1744,0,,MAY26,2010,
35026470,Samprikta Biswas,IND,F,,,,1456,0,20,MAY26,2002,wi
25718797,Samradhh Singh Tomar,IND,M,,,,1454,0,,MAY26,2011,i
88177068,Samrat Borah,IND,M,,,,1624,0,40,MAY26,2012,i
33479968,Samrat Jindal,IND,M,,,,1458,0,40,MAY26,2016,i
33423164,Samrat Kamalkumar Nagrale,IND,M,,,,1462,0,40,MAY26,2009,i
531019110,Samrat Shelar,IND,M,,,,1500,0,20,MAY26,2006,i
88121585,Samrat Singh,IND,M,,,,1512,0,40,MAY26,2012,i
5033659,"Samrat, Ghorai",IND,M,,FI,,1999,0,20,MAY26,1995,
537039725,Samrath Santhosh Kumar,IND,M,,,,1452,3,40,MAY26,2014,
45081573,Samria Jai,IND,M,,,,1408,0,40,MAY26,2009,i
33409102,Samriddh Sandeep Nellore,IND,M,,,,1529,0,40,MAY26,2013,i
48788155,Samriddhi Bishnoi,IND,F,,,,1447,0,40,MAY26,2013,w
25187945,Samriddhi Tiwari,IND,F,,,,1479,0,40,MAY26,2010,wi
537007181,Samriddho Gupta,IND,M,,,,1548,8,40,MAY26,2015,
558016910,Samrit Maheshwari,IND,M,,,,1518,6,40,MAY26,2019,
45080151,Samrudh B S,IND,M,,,,1499,0,20,MAY26,2007,i
25750623,Samrutha M,IND,F,,,,1513,0,40,MAY26,2010,wi
537051164,Samskrut G Kamalapur,IND,M,,,,1468,0,40,MAY26,2011,
33328056,Samuel Ajit,IND,M,,,,1652,0,40,MAY26,2008,
45064202,Samuel Jayakumar,IND,M,,,,1520,0,20,MAY26,1960,i
33454043,Samuel Mathew,IND,M,,,,1692,0,40,MAY26,2009,i
25690639,Samuel Mendonca,IND,M,,,,1676,0,,MAY26,2007,i
25153820,Samuel Stephen Noble S,IND,M,CM,,,1914,0,40,MAY26,2012,
25194798,Samujjal Baruah,IND,M,,,,1613,0,40,MAY26,2011,
25714635,Samved Shaji,IND,M,,,,1609,0,20,MAY26,2005,i
25649825,Samveg Jain,IND,M,,,,1645,0,20,MAY26,2003,
547097205,Samvith Vinay,IND,M,,,,1497,0,40,MAY26,2018,
547054158,Samwridha Halder,IND,M,,,,1421,0,40,MAY26,2017,
88170829,Samyak Chourasia,IND,M,,,,1518,4,40,MAY26,2013,
547086580,Samyak Dey,IND,M,,,,1482,0,40,MAY26,2012,
25607103,Samyak Dharewa,IND,M,FM,,,1943,0,40,MAY26,2009,
46691332,Samyak Jain,IND,M,,,,1871,0,20,MAY26,1997,i
531068090,Samyak Jasani,IND,M,,,,1533,0,20,MAY26,2002,i
35062336,Samyak L,IND,M,,,,1692,0,20,MAY26,2006,i
33375291,Samyak Sharma,IND,M,,,,1432,0,40,MAY26,2015,i
88178102,Samyak Singh,IND,M,,,,1568,0,40,MAY26,2015,
547097728,Samyak Swapnil Uke,IND,M,,,,1461,0,40,MAY26,2016,
5008859,"Samyak, Baid",IND,M,,,,1920,0,20,MAY26,1998,i
531033822,Samyuktha A,IND,F,,,,1456,5,40,MAY26,2012,w
25180517,Sana G,IND,F,,,,1464,0,,MAY26,2013,w
537050966,Sanal Vaibhav,IND,M,,,,1478,0,40,MAY26,2016,
531042988,Sanamary John Paul,IND,F,,,,1476,0,40,MAY26,2016,w
25694022,Sananda R,IND,F,,,,1666,0,40,MAY26,2009,w
35025040,Sanapala Umapathi,IND,M,,,,1644,0,20,MAY26,1971,i
35035738,Sanat Borkar,IND,M,,,,1464,0,20,MAY26,2004,i
25683292,Sanat Singhal,IND,M,,,,1910,0,20,MAY26,2003,
537020340,Sanatan Bari,IND,M,,,,1514,0,20,MAY26,2006,i
25017667,Sanath K Jamadagni,IND,M,,,,1619,0,20,MAY26,1987,i
577002130,"Sanath, Jagannathan Prathiba",IND,M,,,,1408,0,40,MAY26,2015,
5073430,"Sanathanan,N.R.S.",IND,M,,,,1738,0,20,MAY26,2000,i
531075312,Sanchari Ghosh,IND,F,,,,1537,6,40,MAY26,2007,w
45081581,Sancheria Vishal,IND,M,,,,1644,0,20,MAY26,1997,i
33392170,Sanchi Kiran Sagare,IND,F,,,,1447,0,40,MAY26,2013,wi
33465967,Sanchit P Sugur,IND,M,,,,1471,0,40,MAY26,2010,i
35087860,"Sanchit,Anand",IND,M,,,,1913,9,20,MAY26,2000,
25154850,Sanchita Yadav,IND,F,,,,1616,0,20,MAY26,2006,w
25662031,Sanchith Sundararam K,IND,M,,,,1605,0,,MAY26,2009,i
547018399,Sandarsh Pandey,IND,M,,,,1620,7,40,MAY26,2015,
558003045,Sandeep Bhasin,IND,M,,,,1525,0,20,MAY26,1975,
25959832,Sandeep Madhuban M,IND,M,,,,1605,0,20,MAY26,2006,i
429063043,Sandeep Ranga,IND,M,,,,1563,0,20,MAY26,1983,
33357218,Sandeep Srivastava,IND,M,,,,1668,0,20,MAY26,1975,i
537068164,Sandeep Thakur,IND,M,,,,1568,0,20,MAY26,1993,
5018099,Sandeep Y,IND,M,,,,2140,0,20,MAY26,1992,i
5025320,"Sandeep, Chitkara",IND,M,,,,1916,0,,MAY26,1976,
46619119,"Sandeep, Santhosh",IND,M,,,,1683,0,20,MAY26,1997,
45083215,Sandeepta Kumar Dash,IND,M,,,,1586,0,20,MAY26,2003,
25624466,Sandesh Bhaskaran,IND,M,,,,1450,0,20,MAY26,1974,i
35057499,Sandesh Mhatre,IND,M,,,,1648,0,20,MAY26,1982,
25198521,Sandhana D,IND,F,,,,1510,0,,MAY26,2009,wi
48705110,Sandhik Sarkar,IND,M,,,,1472,0,40,MAY26,2010,i
5031923,Sandhya Goli,IND,F,WCM,WCM,FI,1956,0,20,MAY26,1987,wi
35050451,Sandhya S,IND,F,,,,1673,0,20,MAY26,2005,wi
25088114,Sandip Debnath,IND,M,,,,1597,0,20,MAY26,1983,i
25008056,Sandip Dey,IND,M,,,,1839,8,20,MAY26,1984,
45044120,Sandip Jana,IND,M,,,,1449,2,20,MAY26,1973,
25669460,Sandip Ram Sawant,IND,M,,,,1517,0,20,MAY26,1979,i
33381186,Sandip Salve,IND,M,,,,1451,0,20,MAY26,1992,
429073413,Sandip Sharma,IND,M,,,,1561,0,20,MAY26,1986,
5093392,Sandya M,IND,F,,,,1911,0,20,MAY26,1997,wi
48783323,Sane Ninad Rajan,IND,M,,,,1552,0,20,MAY26,1988,i
25753126,Sane Varuni,IND,F,,,,1451,0,20,MAY26,2006,wi
5024536,"Sane, Akshay",IND,M,,,,1866,0,20,MAY26,1988,
25017675,Saneel Shirish Tamhane,IND,M,,,,1828,0,20,MAY26,1982,i
25711563,Sangai Samruddha,IND,M,,,,1525,0,20,MAY26,2006,i
25140930,Sangamesh V Sugandhi,IND,M,,,,1663,0,,MAY26,2010,
46602305,Sangaokar Yogiraj,IND,M,,,,1524,0,20,MAY26,1999,i
25069306,Sangappa S Kuntoji,IND,M,,,,1489,0,20,MAY26,1986,
88180352,Sangareswaran M,IND,M,,,,1444,0,20,MAY26,2001,i
48705314,Sangbit Ghosh,IND,M,,,,1552,4,40,MAY26,2011,
25672606,Sangeet Tomar,IND,M,,,,1483,0,20,MAY26,2000,i
25708368,Sangeeth Krishnan R,IND,M,,,,1586,0,20,MAY26,2004,
25682741,Sangeth Nivaas S,IND,M,,,,1454,0,20,MAY26,2007,i
25048333,Sanghai Dhruv,IND,M,,,,1705,0,20,MAY26,2001,i
25641280,Sanghavi Manoj,IND,M,,,,1580,0,20,MAY26,1962,
25193295,Sanghavi Yug,IND,M,,,,1423,0,40,MAY26,2012,i
25060953,Sangita Saha,IND,F,,,,1530,0,20,MAY26,1991,w
5013615,"Sangma, Rahul",IND,M,IM,FT,,2132,19,20,MAY26,1989,
35097415,Sangoi Hriday,IND,M,,,,1643,0,20,MAY26,2005,i
35043390,Sangvikar Rahul,IND,M,,,,1639,0,20,MAY26,1996,i
46636501,Sani Deshpande,IND,F,,,,1630,0,40,MAY26,2009,wi
33480800,Sanidhya Dobhal,IND,M,,,,1435,0,20,MAY26,2002,
429067014,Sanidhya Gupta,IND,M,,,,1503,0,40,MAY26,2011,
531029400,Sanidhya Kaushal,IND,M,,,,1517,0,40,MAY26,2010,i
531042333,Sanidhya Khachane,IND,M,,,,1636,0,40,MAY26,2016,
547076259,Sanidhya Kumar,IND,M,,,,1508,0,40,MAY26,2015,
48756679,Sanika C Devadiga,IND,F,,,,1460,0,40,MAY26,2012,w
25032020,Sanika Sengupta,IND,F,,,,1555,0,20,MAY26,2003,wi
33384002,Sanikommu Jaideep Reddy,IND,M,,,,1527,0,40,MAY26,2014,i
25911198,Sanikommu Manasvi,IND,F,,,,1596,0,,MAY26,2009,wi
25008838,Sanil S,IND,M,,,,1567,0,20,MAY26,1969,i
25086340,Sanil Upasani,IND,M,,,,1647,0,20,MAY26,2002,i
88172376,Sanish Nimsadkar,IND,M,,,,1459,0,40,MAY26,2011,i
25912461,Saniya Rafique Tadavi,IND,F,,,,1679,0,20,MAY26,2005,w
25617800,Sanjai Karna R,IND,M,,,,1513,0,20,MAY26,2002,i
5011922,"Sanjai Kumar, S.",IND,M,,,,1921,0,20,MAY26,1977,i
537012916,Sanjai Ramasamy R,IND,M,,,,1526,0,20,MAY26,2004,i
45009309,Sanjana K N,IND,F,,NA,,1481,0,20,MAY26,2002,wi
46662502,Sanjana Raghunath,IND,F,,,,1776,0,20,MAY26,2005,wi
25171437,Sanjana Sawant,IND,F,,,,1473,0,20,MAY26,2006,wi
33398810,Sanjana Selvaraj,IND,F,,,,1471,0,40,MAY26,2012,wi
33345112,Sanjay Bhardwaj,IND,M,,,,1535,0,20,MAY26,2000,
25682873,Sanjay Ganesh Pandi,IND,M,,,,1709,0,20,MAY26,2005,
25637266,Sanjay Guha,IND,M,,,,1496,0,20,MAY26,1969,
48722715,Sanjay I,IND,M,,,,1404,0,40,MAY26,2016,i
33351333,Sanjay Kukreja,IND,M,,,,1820,0,20,MAY26,1977,i
537037390,Sanjay Kumar,IND,M,,,,1452,5,,MAY26,2002,
564004295,Sanjay Kumar Behera,IND,M,,,,1581,0,20,MAY26,1997,
531070540,Sanjay Kumar Das,IND,M,,,,1472,0,20,MAY26,1980,
537014200,Sanjay Kumar J,IND,M,,,,1423,0,40,MAY26,2010,
45050821,Sanjay Kumar S,IND,M,,,,1531,0,20,MAY26,1985,
25689860,Sanjay Kumar Sadhukhan,IND,M,,,,1548,0,20,MAY26,1986,i
25701746,Sanjay N,IND,M,,,,1441,0,,MAY26,2007,i
25154540,Sanjay Narayanan P S,IND,M,CM,,,1949,9,40,MAY26,2012,
547027100,Sanjay Pal,IND,M,,,,1583,7,40,MAY26,1994,
33368473,Sanjay Raj S,IND,M,,,,1510,0,40,MAY26,2010,i
25735551,Sanjay Ramkrishna Deo,IND,M,,,,1552,0,20,MAY26,1964,i
48795046,Sanjay S L,IND,M,,,,1484,23,40,MAY26,2016,
48714755,Sanjay Sain,IND,M,,,,1621,0,20,MAY26,1994,
35098977,Sanjay Santhanakumar,IND,M,,,,1441,0,20,MAY26,2004,i
25769669,Sanjay Senthilkumar,IND,M,,,,1447,0,40,MAY26,2010,i
33489300,Sanjay Shivaganesh,IND,M,,,,1455,0,40,MAY26,2009,i
5045479,"Sanjay Sindhia, MH",IND,M,,,,1803,0,20,MAY26,1986,
35094505,Sanjay Sreekandan,IND,M,,,,1707,0,20,MAY26,2002,i
46624562,Sanjay Srinivasan R,IND,M,,,,1664,0,20,MAY26,2006,
45072264,Sanjay Sriram,IND,M,,,,1638,0,20,MAY26,2006,i
25059963,Sanjay Thiruvengadam,IND,M,,,,1826,0,20,MAY26,2000,i
33365474,Sanjay V,IND,M,,,,1437,0,40,MAY26,2010,i
25038370,"Sanjay, Belurkar",IND,M,,,,1632,0,20,MAY26,1967,i
5027306,"Sanjay, Chhabra",IND,M,,,,1786,0,20,MAY26,1979,
5005906,"Sanjay, Gopalan",IND,M,,,,1694,0,20,MAY26,1996,i
5073448,"Sanjay, K",IND,M,,,,1745,0,20,MAY26,1999,i
5003075,"Sanjay, N.",IND,M,,,,2313,0,20,MAY26,1974,i
33354766,Sanjayguru P,IND,M,,,,1442,0,40,MAY26,2012,i
25723324,Sanjaykumar M,IND,M,,,,1479,0,20,MAY26,2005,i
35018329,Sanjeet Manohar,IND,M,,,,1863,0,20,MAY26,1998,i
25743147,Sanjeeth P,IND,M,,,,1628,0,40,MAY26,2008,i
46647244,Sanjeev G Hammannavar,IND,M,,,,1450,0,20,MAY26,1970,i
48759210,Sanjeev Ganesh S,IND,M,,,,1431,0,20,MAY26,1987,i
429012368,Sanjeev K,IND,M,,,,1599,0,40,MAY26,2016,
25674480,Sanjeev Kumar,IND,M,,,,1586,0,20,MAY26,1979,
33468460,Sanjeev Kumar Dumir,IND,M,,,,1488,0,20,MAY26,1974,i
25692020,Sanjeev Kumar Singh,IND,M,,,,1458,0,20,MAY26,1978,i
33438498,Sanjeev Kumaran Arun,IND,M,,,,1513,0,,MAY26,2014,
48795054,Sanjeev S L,IND,M,,,,1496,7,40,MAY26,2016,
5000360,"Sanjeev, Kumar",IND,M,,,,1984,0,20,MAY26,1969,i
5024323,"Sanjeev, Pitale",IND,M,,,,1830,0,20,MAY26,1961,i
531074243,Sanjeevan R,IND,M,,,,1521,6,40,MAY26,2012,
25008064,Sanjib Chatterjee,IND,M,,NI,,1503,0,20,MAY26,1971,
25610899,Sanjib Dhar,IND,M,,,,1569,0,20,MAY26,1984,
5062772,"Sanjib Kumar, Mohanta",IND,M,,FA,,1473,0,20,MAY26,1978,
46603930,Sanjib Mali,IND,M,,,,1738,7,20,MAY26,1993,
25679198,Sanjiban Goswami,IND,M,,,,1428,0,20,MAY26,1998,i
88176967,Sanjit Borah,IND,M,,,,1481,0,40,MAY26,2010,i
88105032,Sanjit M,IND,M,,,,1454,0,40,MAY26,2014,i
33375879,Sanjit Sathish,IND,M,,,,1524,0,40,MAY26,2011,i
5019672,"Sanjit, Dutta",IND,M,,,,1869,0,20,MAY26,1949,i
5013739,"Sanjit, Saha",IND,M,,,,1849,0,20,MAY26,1973,i
35021060,Sanjith S,IND,M,,,,1567,0,20,MAY26,1999,i
25175904,Sanjith Sumathidharan M,IND,M,,,,1447,0,40,MAY26,2009,i
429075106,Sanjiv Aswin M S,IND,M,,,,1435,0,40,MAY26,2011,i
5011620,Sanjiv Kumar,IND,M,,,,1824,0,20,MAY26,1966,i
577020715,Sanjiv Lalwani,IND,M,,,,1442,5,40,MAY26,1967,
33397910,Sanjiv S C,IND,M,,,,1474,0,40,MAY26,2014,i
558018859,Sanjiv Velmurugan,IND,M,,,,1470,9,40,MAY26,2011,
25982559,Sanjoy Das,IND,M,,FA,,1549,0,,MAY26,1998,i
25600362,Sankalan Shah,IND,M,CM,,,2118,0,40,MAY26,2008,i
48767387,Sankalecha Jinam,IND,M,,,,1731,0,40,MAY26,2011,
25008072,Sankalp Baliarsingh,IND,M,FM,,,1852,0,20,MAY26,2001,i
45086460,Sankalp Banodia,IND,M,,,,1566,0,20,MAY26,2000,i
5097010,Sankalp Gupta,IND,M,GM,,,2460,14,10,MAY26,2003,
33360936,Sankalp Karn,IND,M,,,,1452,0,20,MAY26,1999,i
88186946,Sankalp Kumar,IND,M,,,,1492,0,40,MAY26,2011,
33324433,Sankalp Tiwari,IND,M,,,,1473,0,20,MAY26,2000,
35087878,"Sankalp,Arora",IND,M,,FA,,1713,0,20,MAY26,2000,i
35005278,Sankar Bhattacharya,IND,M,,,,1484,0,,MAY26,1966,i
5004780,"Sankar, Sarma",IND,M,,,,1572,0,20,MAY26,1959,i
45003858,Sankaran Ponnada Krishnaswamy,IND,M,,,,1588,0,20,MAY26,1947,i
5063949,Sankaranarayanan.K,IND,M,,,,1890,0,20,MAY26,1972,i
88132722,Sanket Apte,IND,M,,,,1416,0,20,MAY26,1988,i
25032038,Sanket Chakravarty,IND,M,IM,,,2304,9,20,MAY26,2004,
25901613,Sanket Shamkuwar,IND,M,,,,1467,0,20,MAY26,1996,i
547045191,Sanketh,IND,M,,,,1604,0,40,MAY26,2011,
46677674,Sanketh Reddi K R K K,IND,M,,DI,,1479,0,20,MAY26,2007,i
429059852,Sankuri Rahul,IND,M,,,,1482,0,20,MAY26,1994,
547071060,Sannan Ali,IND,M,,,,1610,0,40,MAY26,2009,
531020020,Sannidhi Bhogal,IND,F,,,,1444,0,40,MAY26,2015,w
25066781,Sanoj Kumar Gali,IND,M,,,,1712,0,20,MAY26,1980,i
45008922,Sanoop P B,IND,M,,,,1732,0,20,MAY26,1985,i
25080385,Sanse Niraj,IND,M,,,,1699,0,20,MAY26,1998,i
531014585,Sanshray Sharma,IND,M,,,,1595,0,,MAY26,2011,
48727911,Sanskar Jagdish More,IND,M,,,,1465,0,40,MAY26,2010,i
547020458,Sanskar Jaiswal,IND,M,,,,1588,0,20,MAY26,2005,
25136003,Sanskar Kashyap,IND,M,,,,1685,0,20,MAY26,2004,
35009141,Sanskriti Goyal,IND,F,WFM,WFM,,1968,0,20,MAY26,2002,wi
33495785,Sanskriti Oza,IND,F,,,,1416,0,20,MAY26,1998,w
48744662,Sansridh S S,IND,M,,,,1442,5,,MAY26,2010,
35086073,Santanu Roy,IND,M,,,,1553,0,20,MAY26,1979,i
5023688,"Santanu, Borpatra Gohain",IND,M,,,,1917,0,20,MAY26,1981,i
25168770,Santhanalashmi M,IND,F,,,,1630,0,40,MAY26,2008,w
429001846,Santhos Raja M,IND,M,,,,1430,8,40,MAY26,2011,
429071917,Santhosh D,IND,M,,,,1563,9,40,MAY26,1988,
25665944,Santhosh K P,IND,M,,,,1591,0,20,MAY26,1988,i
25129678,Santhosh Kumar B S,IND,M,,,,1488,0,20,MAY26,1974,
564039455,Santhosh Kumar G,IND,M,,,,1523,0,20,MAY26,2005,
25127705,Santhosh Kumar S,IND,M,,,,1517,0,40,MAY26,2010,
33483400,Santhosh M,IND,M,,,,1524,7,40,MAY26,2010,
25907468,Santhosh M,IND,M,,,,1523,0,40,MAY26,2009,
35099256,Santhosh Manikantan,IND,M,,,,1552,0,20,MAY26,2005,i
45080348,Santhosh Padmanabhan,IND,M,,,,1489,0,20,MAY26,2001,i
45006644,Santhosh S,IND,M,,,,1521,0,20,MAY26,2006,i
88119025,Santhosh S K,IND,M,,,,1432,0,40,MAY26,2012,
35098985,Santhosh Santhanakumar,IND,M,,,,1510,0,20,MAY26,2001,i
48737640,Santhosh Sathishkumar,IND,M,,,,1450,0,40,MAY26,2010,i
88170730,Santhosh T,IND,M,,,,1640,8,20,MAY26,2004,
25698575,Santhosh V,IND,M,,NA,,1501,0,20,MAY26,1991,i
48721506,Santhosh V L,IND,M,,,,1648,0,40,MAY26,2010,
35053965,Santhosh V R,IND,M,,,,1688,0,20,MAY26,1980,i
25963228,Santhosh Varma S,IND,M,,,,1607,8,20,MAY26,2003,
25650211,Santhosh Vemkatesh,IND,M,,,,1696,0,20,MAY26,1983,i
5014042,"Santhosh, P",IND,M,,,,1964,0,20,MAY26,1991,i
35041096,"Santhosh, Purushothaman",IND,M,,,,1908,0,20,MAY26,1973,i
33417628,Santosh H S,IND,M,,,,1401,0,20,MAY26,1987,i
25187996,Santosh Hariharan,IND,M,,,,1856,0,40,MAY26,2012,
88143902,Santosh Kumar Srivastava,IND,M,,,,1476,0,20,MAY26,1959,
25694162,Santosh Mishra,IND,M,,,,1484,0,20,MAY26,1979,
5078032,Santosh Pal,IND,M,,,,1635,0,20,MAY26,1987,i
558087176,Santosh S Kubihal,IND,M,,,,1466,0,20,MAY26,2004,
35039881,"Santosh, Sanath",IND,M,,,,1733,0,20,MAY26,0,i
5045410,"Santoshkashyap, HG",IND,M,,,,1885,0,20,MAY26,1985,i
577012470,"Santra, Souharda",IND,M,,,,1515,0,40,MAY26,2013,
48785512,Sanu Das,IND,M,,NA,,1502,0,20,MAY26,1999,
33399514,Sanvi Dattatray Gore,IND,F,,,,1455,0,40,MAY26,2013,w
46602313,Sanvi Naik Gaonkar,IND,F,,,,1470,0,20,MAY26,2006,wi
33426244,Sanvitha A Shetty,IND,F,,,,1543,0,40,MAY26,2016,w
33416761,Sanyam Arya,IND,M,,,,1539,0,20,MAY26,2004,
558004297,Sanyam Jain,IND,M,,,,1409,0,20,MAY26,2006,
25981790,Sanyam Srivastava,IND,M,,,,1933,0,40,MAY26,2011,
5085527,Sapale Saloni,IND,F,WIM,WIM,,2047,0,20,MAY26,1999,wi
25192310,Sapan Kumar,IND,M,,,,1491,0,20,MAY26,1995,i
25716662,Saparia Jeel Bharat,IND,M,,,,1657,0,20,MAY26,2004,i
25771280,Saparya Ghosh,IND,F,WFM,WFM,,1820,0,40,MAY26,2010,w
48792837,Sapre Aadit,IND,M,,,,1527,0,40,MAY26,2011,i
531022103,Saptadip Debnath,IND,M,,,,1510,0,40,MAY26,2010,i
429096600,Saptak Panda,IND,M,,,,1534,5,,MAY26,2011,
25969080,Saptanshu Malakar,IND,M,,,,1554,7,40,MAY26,2009,
33314640,Saptarshee Sarcar,IND,M,,,,1508,0,40,MAY26,2009,i
88128423,Saptarshi Mondal,IND,M,,,,1484,0,40,MAY26,2012,
33342199,Saptarshi Roy,IND,M,,,,1460,0,,MAY26,2012,i
25919709,Saptarshi Talukdar,IND,M,,,,1619,4,40,MAY26,2010,
5008980,"Saptarshi, Roy",IND,M,GM,,,2296,0,10,MAY26,1986,i
5094429,Saptorshi Gupta,IND,M,,,,2011,0,20,MAY26,1999,
25629115,Saqib Siddique,IND,M,,,,1545,0,,MAY26,1995,i
25123467,Sara Mody,IND,F,,,,1498,0,40,MAY26,2008,wi
25921010,Sara Naik,IND,F,,,,1470,0,40,MAY26,2011,wi
531079873,Sara Susan Elias,IND,F,,,,1540,0,40,MAY26,2012,w
531045375,Saraag S N,IND,M,,,,1495,0,40,MAY26,2014,
48724440,Sarabesh Meyyappa,IND,M,,,,1419,0,20,MAY26,2007,i
48761524,Sarad Vedansh,IND,M,,,,1501,0,40,MAY26,2011,
537010905,Saradha Bhagya Kamini,IND,F,,,,1527,0,40,MAY26,2014,w
5089050,Saraf Ninad,IND,M,,,,1859,0,20,MAY26,1976,i
46643427,Sarah Gayle Fernandes,IND,F,,,,1538,0,20,MAY26,2005,wi
46668195,Saral Sonwane Durwesh,IND,M,,,,1771,0,20,MAY26,1993,
25975463,Saran Vikash Velumani,IND,M,,,,1678,0,20,MAY26,1993,i
45067716,Sarang B Kukarni,IND,M,,,,1605,0,20,MAY26,1992,i
25715399,Sarang Dutta,IND,M,,,,1497,0,40,MAY26,2008,i
35042513,Sarang Pravin,IND,M,,,,1782,0,20,MAY26,1986,i
374098572,Sarang Vishnu,IND,M,,,,1411,0,,MAY26,2016,
429055296,Sarangi Rakesh,IND,F,,,,1502,0,40,MAY26,2015,wi
25029061,Sarangi Sangram,IND,M,,,,1517,0,20,MAY26,1979,
46653740,Saranraj Chockalingam,IND,M,,,,1510,0,20,MAY26,1987,i
547042150,Saransh Aggarwal,IND,M,,,,1528,7,,MAY26,2013,
25799584,Saransh Dabas,IND,M,,,,1632,0,40,MAY26,2009,
564014266,Saransh Dixit,IND,M,,,,1514,0,20,MAY26,2005,
88163342,Saransh Dubey,IND,M,,,,1496,0,40,MAY26,2013,
48754056,Saransh Goel,IND,M,,,,1762,9,,MAY26,2015,
547051558,Saransh Shukla,IND,M,,,,1622,0,40,MAY26,2011,
33411905,Saranya Devi Narahari,IND,F,WFM,WFM,,1875,0,40,MAY26,2012,w
33310882,Saranya Sri G,IND,F,,,,1447,0,40,MAY26,2009,wi
5031931,"Saranya, J",IND,F,WFM,WFM,,2115,0,20,MAY26,1995,wi
5076048,"Saranya, Y",IND,F,,,,1913,0,20,MAY26,1997,wi
25147277,Saras Summer Powar,IND,M,,,,1652,0,40,MAY26,2013,
88176975,Sarasvat Deka,IND,M,,,,1454,0,40,MAY26,2015,i
25132610,Saraswat Raj Rythm,IND,M,,,,1564,0,20,MAY26,2007,i
25022288,Saraswat Tushar,IND,M,,"NI,NA",,1725,0,20,MAY26,1994,i
564051544,"Saraswat, Avyaan",IND,M,,,,1550,7,40,MAY26,2017,
429011620,Saraswati Pranam Jain,IND,F,,,,1414,0,40,MAY26,2016,w
46635912,Sarath Chandra K,IND,M,,,,1860,0,20,MAY26,2002,i
46670955,Sarath Kumar Murugesan,IND,M,,,,1640,0,20,MAY26,1995,i
25100114,Sarathi V,IND,M,,,,1512,0,20,MAY26,2007,i
33334544,Saravan Sudheesh,IND,M,,,,1656,0,40,MAY26,2009,
547002972,Saravana A,IND,M,,,,1457,0,20,MAY26,1992,i
25907484,Saravana Kumar,IND,M,,,,1515,0,20,MAY26,1999,
547049227,Saravana Kumar C S,IND,M,,,,1512,0,40,MAY26,2010,
46674152,Saravana Kumar Murugan,IND,M,,,,1553,0,20,MAY26,2001,i
25664360,Saravana Vel R,IND,M,,,,1614,0,20,MAY26,2006,i
5018382,"Saravana, Krishnan P.",IND,M,IM,,,2233,20,20,MAY26,1990,
46669426,Saravanakumar T S,IND,M,,,,1563,0,20,MAY26,1994,i
25901109,Saravanan,IND,M,,,,1648,0,20,MAY26,2006,i
35012614,Saravanan Arun Kumar B,IND,M,,,,1806,0,,MAY26,1987,
46635459,Saravanan Jayaraman,IND,M,,,,1528,0,20,MAY26,1988,i
45025622,Saravanan N,IND,M,,,,1521,0,20,MAY26,1982,i
558000739,Saravanan R,IND,M,,,,1491,0,20,MAY26,1973,
558018751,Saravanan R,IND,M,,,,1420,4,20,MAY26,1995,
537085743,Saravanan R,IND,M,,,,1411,7,20,MAY26,2005,
33361290,Saravanan Velusamy,IND,M,,,,1515,0,20,MAY26,1994,i
5053005,"Saravanan, G",IND,M,,,,1822,0,20,MAY26,1972,i
48737658,Saravanasudharsan S,IND,M,,,,1510,0,20,MAY26,2003,i
537092340,Sarbasree Dutta,IND,F,,,,1468,0,40,MAY26,2014,w
5094453,Sarbojit Paul,IND,M,,,,2045,0,20,MAY26,1999,i
25089404,Sardana Aanandi,IND,F,,,,1605,0,20,MAY26,2000,wi
46672001,Sardar Surendra,IND,M,,,,1489,0,20,MAY26,1945,
5000599,"Sareen, Vishal",IND,M,IM,,,2169,0,20,MAY26,1973,
25658921,Saren S,IND,M,,,,1454,0,,MAY26,1960,i
429032822,Sarfraz Khan,IND,M,,,,1628,8,40,MAY26,2011,
25999494,Sarfudeen Parapurayil,IND,M,,,,1466,0,20,MAY26,1976,
33343381,Sarish Rajesh Shetty,IND,M,,,,1718,0,40,MAY26,2011,
577043189,"Sarkar,Sudarshan",IND,M,,,,1541,9,40,MAY26,1969,
5085217,"Sarma, K.V.V.",IND,M,,,,1430,0,20,MAY26,1970,
25148567,Sarode Aarush,IND,M,,,,1484,0,,MAY26,2012,
88179443,Sarode Himanshu,IND,M,,,,1449,0,40,MAY26,2012,i
48767395,Sarode Kiran,IND,M,,,,1416,5,40,MAY26,1999,
45080682,Sarode Om,IND,M,,,,1651,0,20,MAY26,2007,
45080470,Sarode Shravani,IND,F,,,,1552,0,20,MAY26,2004,wi
88130843,Sarode Tilak,IND,M,,,,1461,0,40,MAY26,2011,i
564053962,"Sarpotdar, Rishiraj",IND,M,,,,1472,0,40,MAY26,2009,
429099021,Sartaj Mazumdar,IND,M,,,,1434,0,40,MAY26,2012,
46610880,Sartak Periwal,IND,M,,,,1450,0,20,MAY26,2000,i
25964348,Sartakit Saha,IND,M,,,,1408,0,40,MAY26,2011,i
33423172,Sarth Bhelkar,IND,M,,,,1485,0,40,MAY26,2009,i
25976150,Sarth Bujade,IND,M,,,,1576,0,40,MAY26,2011,i
25968220,Sarth Sachin Padghan,IND,M,,,,1465,0,40,MAY26,2008,i
25643010,Sarthak Anand Devadiga,IND,M,,,,1681,11,40,MAY26,2010,
25965310,Sarthak Anil Bhapkar,IND,M,,,,1612,0,40,MAY26,2011,i
5078997,Sarthak Bansal,IND,M,,,,1837,0,20,MAY26,1998,i
531020240,Sarthak Bansal,IND,M,,,,1467,0,40,MAY26,2014,
531054749,Sarthak Barnwal,IND,M,,,,1471,0,40,MAY26,2014,
35042807,Sarthak Bathla,IND,M,,,,1661,0,20,MAY26,1997,i
48742287,Sarthak G Naik,IND,M,,,,1471,0,40,MAY26,2016,i
531020429,Sarthak Gondole,IND,M,,,,1448,0,40,MAY26,2010,
547073063,Sarthak Guha Thakurta,IND,M,,,,1692,0,40,MAY26,2014,
5082668,Sarthak Kapoor,IND,M,,,,1795,0,20,MAY26,1993,
88163911,Sarthak Khambete,IND,M,,,,1417,0,40,MAY26,2014,
577021215,Sarthak Kumar Singla,IND,M,,,,1546,0,40,MAY26,2010,
5079004,Sarthak Mahajan,IND,M,,,,1873,0,20,MAY26,1997,i
33356998,Sarthak Maji,IND,M,,,,1547,7,40,MAY26,2010,
88172384,Sarthak Mangesh Wasekar,IND,M,,,,1536,0,40,MAY26,2012,i
531070418,Sarthak Mehndiratta,IND,M,,,,1692,0,20,MAY26,2004,i
531085270,Sarthak Mukherjee,IND,M,,,,1605,7,40,MAY26,2013,
577013026,Sarthak Pravin Pawar,IND,M,,,,1422,0,40,MAY26,2011,
25070070,Sarthak Rawat,IND,M,,,,1910,12,20,MAY26,2003,
48796476,Sarthak Santosh Prasad,IND,M,,,,1566,0,40,MAY26,2010,
537036734,Sarthak Sharma,IND,M,,,,1440,0,40,MAY26,2014,
366127526,"Sarthak Sharma,",IND,M,,,,1755,0,40,MAY26,2011,i
48778753,Sarthak Singh,IND,M,,,,1607,0,40,MAY26,2011,
429076005,Sarthak Singh Bisht,IND,M,,,,1438,0,40,MAY26,2010,
25146890,Sarthak Surendra Kavlekar,IND,M,,,,1490,0,40,MAY26,2010,
429026474,Sarthak Tandon,IND,M,,,,1418,0,20,MAY26,2006,i
48798363,Sarthak Ujjain,IND,M,,,,1412,0,40,MAY26,2012,
48716006,Sarthak Umale,IND,M,,,,1462,4,40,MAY26,2013,
25140264,Sarthak Walmik Shendge,IND,M,,,,1525,0,20,MAY26,2006,i
5008891,"Sarthak, Gupta",IND,M,,,,1794,0,20,MAY26,1997,i
5053021,"Sarthak, Patel",IND,M,,,,1921,0,20,MAY26,1995,i
25683306,Sarvad Shay Kumar,IND,M,,,,1639,0,,MAY26,2008,i
25661841,Sarvade Mihiir,IND,M,,,,1911,10,20,MAY26,2005,
46636579,Sarvadh Sathiaram,IND,M,CM,,,2099,0,20,MAY26,2006,i
88172392,Sarvadhnya Govindwar,IND,M,,,,1528,0,40,MAY26,2012,i
88155374,Sarvagya Bharadwaj,IND,M,,,,1513,0,40,MAY26,2008,i
45095205,Sarvaiya Harsh Manishbhai,IND,M,,,,1515,0,40,MAY26,2008,i
33301298,Sarvajith Muthukumar,IND,M,,,,1660,0,40,MAY26,2008,i
35057073,Sarvaliya Niraj,IND,M,,,,1691,0,20,MAY26,1972,i
35052560,Sarvam Sandesh Naik,IND,M,,,,1551,0,20,MAY26,2002,i
25640917,Sarvani Cheedella,IND,F,,,,1723,0,40,MAY26,2009,w
25071505,Sarvankar Girish,IND,M,,,,1638,0,20,MAY26,2003,i
45042330,Sarvath M,IND,M,,,,1533,0,20,MAY26,1993,i
33432155,Sarvendren M,IND,M,,,,1708,0,40,MAY26,2009,
33472556,Sarvesh Baranidharan,IND,M,,,,1446,0,40,MAY26,2015,i
537007980,Sarvesh Chakkravarthi S,IND,M,,,,1661,9,40,MAY26,2014,
33429294,Sarvesh E,IND,M,,,,1807,0,40,MAY26,2014,
25161199,Sarvesh G,IND,M,,,,1643,0,40,MAY26,2012,
33434832,Sarvesh K,IND,M,,,,1419,0,40,MAY26,2011,i
88130010,Sarvesh Kamlesh Pandhare,IND,M,,,,1501,0,40,MAY26,2012,
35019236,Sarvesh Kumar A,IND,M,,,,2015,0,20,MAY26,2004,i
547019778,Sarvesh Lilhare,IND,M,,,,1443,0,40,MAY26,2016,
33407592,Sarvesh Mahesh Sawant,IND,M,,,,1427,0,40,MAY26,2009,i
88148246,Sarvesh N R,IND,M,,,,1460,0,40,MAY26,2012,i
429088976,Sarvesh R,IND,M,,,,1443,0,40,MAY26,2015,i
48714607,Sarvesh Raveender,IND,M,,,,1720,0,40,MAY26,2012,
33333025,Sarvesh S,IND,M,,,,1441,0,20,MAY26,2007,i
25178563,Sarvesh Santosh Gangare,IND,M,,,,1558,0,40,MAY26,2010,i
33429766,Sarvesh Senthil,IND,M,,,,1479,0,40,MAY26,2012,i
25131893,Sarvesh Sridhar,IND,M,,,,1402,0,40,MAY26,2012,i
33488819,Sarvesh Vadivelan,IND,M,,,,1418,0,40,MAY26,2011,i
25797719,Sarveshwar B S,IND,M,,,,1427,0,40,MAY26,2008,i
429088984,Sarveshwaran K S,IND,M,,,,1401,0,40,MAY26,2013,i
25065831,Sarveshwaran P,IND,M,,,,1757,0,20,MAY26,2001,i
25699016,Sarveshwaran V,IND,M,CM,,,1882,0,20,MAY26,2007,
537096800,Sarveswaran Vignesh Raja,IND,M,,,,1461,5,,MAY26,2018,
46608770,Sarwade Ashok,IND,M,,,,1732,0,20,MAY26,1989,i
531075037,Sarwar Ali,IND,M,,,,1476,0,20,MAY26,2005,i
5081998,Sasane Ganesh,IND,M,,,,1510,0,20,MAY26,1983,i
46605428,Sasanka Shandilya,IND,M,,,,1703,0,20,MAY26,1994,i
46658181,Sasha Patil,IND,F,,,,1630,0,20,MAY26,2002,wi
25799967,Sashaankh B,IND,M,,,,1476,0,40,MAY26,2009,i
48714968,Sashneetha Raveender,IND,F,,,,1405,0,40,MAY26,2015,w
88179060,Sashwat Kanna R,IND,M,,,,1650,0,40,MAY26,2010,
33358559,Sasi Hasini Chintala,IND,F,,,,1443,0,40,MAY26,2012,wi
25083635,Sasidhar P,IND,M,,,,1582,0,20,MAY26,1989,
35053981,Sasikanth R,IND,M,,,,1644,0,20,MAY26,1999,i
531001610,Sasikanth Vaddadi,IND,M,,NA,,1538,0,20,MAY26,1988,
5004985,"Sasikiran, Krishnan",IND,M,GM,,,2501,0,10,MAY26,1981,
46670971,Sasikumar Subramani,IND,M,,,,1553,0,20,MAY26,1998,i
5095468,"Sasikumar, Anusweud",IND,M,,,,1872,0,20,MAY26,2000,i
88120279,Sasinas Alias Haritha Z A,IND,F,,,,1591,0,20,MAY26,1981,wi
25935968,Sasmita G,IND,F,,,,1415,0,20,MAY26,1977,wi
25168789,Sasmitha Sree B S,IND,F,,,,1453,0,40,MAY26,2009,wi
46605436,Sastry JM,IND,M,,,,1651,0,20,MAY26,1944,i
45010862,Sasvatha A,IND,F,WCM,WCM,,1765,28,20,MAY26,2005,w
531076181,Sata Nevaan Rakesh,IND,M,,,,1608,6,40,MAY26,2012,
564052621,"Satapathy, Krishiv",IND,M,,,,1480,0,40,MAY26,2013,
25963511,Satav Aaditya,IND,M,,,,1545,0,40,MAY26,2009,i
45097011,Satawase Abhay,IND,M,,,,1649,0,20,MAY26,2005,i
537084852,Satej Sanjay Patil,IND,M,,,,1484,8,40,MAY26,2010,
48798509,Satfale Soham,IND,M,,,,1519,0,40,MAY26,2008,i
25044907,Sathananthan I,IND,M,,,,1800,0,20,MAY26,1995,i
25643614,Satheesh Kumar G,IND,M,,,,1662,0,20,MAY26,1996,i
25694910,Sathi Akshaj Mayank,IND,M,,,,1509,0,20,MAY26,2006,i
429034132,Sathi Ruthwik Venkata Karthikeya Reddy,IND,M,,,,1488,0,,MAY26,2015,
25981080,Sathi Sahitya Lahari,IND,F,,,,1588,0,40,MAY26,2011,wi
25642367,Sathiraj S,IND,M,,NA,,1647,0,20,MAY26,1987,i
5073456,"Sathish Chandra,G",IND,M,,,,1732,0,20,MAY26,1998,
33378207,Sathish Kumar,IND,M,,NA,,1466,7,,MAY26,1983,
25788353,Sathish Kumar K,IND,M,,,,1585,0,20,MAY26,2002,i
25008471,Sathish Kumar V,IND,M,,,,1588,0,20,MAY26,1978,i
33466165,Sathish S,IND,M,,,,1543,0,20,MAY26,2001,i
33359962,Sathiyamithran V M,IND,M,,,,1403,0,40,MAY26,2014,i
25745700,Sathvik Adiga,IND,M,IM,,,2147,11,40,MAY26,2011,
25917455,Sathvik B Acharya,IND,M,,,,1595,0,20,MAY26,2007,
33486743,Sathvik Gulakaram,IND,M,,,,1792,19,40,MAY26,2014,
25144693,Sathvik Tummalapenta,IND,M,,,,1485,0,20,MAY26,2006,i
429085764,Sathvika Umashankar,IND,F,,,,1440,0,40,MAY26,2015,w
537039873,Sathwik B Bhat,IND,M,,,,1561,0,40,MAY26,2019,
25774697,Sathwik D S S U,IND,M,,,,1891,0,20,MAY26,2007,
25950550,Sathwik Palangi,IND,M,,,,1558,0,40,MAY26,2009,i
35076892,Sathwika N,IND,F,,,,1697,0,20,MAY26,2005,wi
5077133,Sathya Giri V,IND,M,,,,1822,0,20,MAY26,1999,i
35009818,Sathya Moorthy,IND,M,,,,1683,0,20,MAY26,1976,i
531006868,Sathya Narayanan R,IND,M,,,,1525,2,20,MAY26,1973,
33408530,Sathya Sridharan S,IND,M,,,,1426,0,40,MAY26,2009,i
25979566,Sathyachith E M,IND,M,,,,1622,0,40,MAY26,2011,
46677240,Sathyan P Muthukrishnan,IND,M,,,,1700,0,20,MAY26,2000,
25766473,Sathyanadh Adithyan,IND,M,,,,1478,0,40,MAY26,2009,i
537061666,Sathyanandan Shanmugam,IND,M,,,,1487,0,20,MAY26,1990,
5025370,"Sathyanarayanan, S.",IND,M,,,,1813,0,20,MAY26,1979,i
25954792,Sathye Satyajit,IND,M,,,,1461,0,20,MAY26,1984,i
33480117,Satinath Das,IND,M,,,,1512,0,,MAY26,1980,i
45030693,Satish Bele,IND,M,,,,1740,0,20,MAY26,1959,i
531029418,Satish Markam,IND,M,,,,1559,0,20,MAY26,2001,i
25010522,"Satkar, Chirag",IND,M,,,,1995,0,20,MAY26,1997,i
5043581,"Satra, Hardik",IND,M,,,,1966,0,20,MAY26,1996,i
25716670,Satre Yuvraj,IND,M,,,,1489,0,40,MAY26,2009,i
25691309,Sattiveti Venkatesh,IND,M,,,,1505,0,,MAY26,1992,i
48783250,Sattwik Nath,IND,M,,,,1447,0,40,MAY26,2013,
88108368,Sattwik Swain,IND,M,CM,,,1974,0,40,MAY26,2016,
48708127,Satvik B K,IND,M,,,,1547,11,40,MAY26,2010,
33392838,Satvik C V,IND,M,,,,1525,0,40,MAY26,2012,i
531071481,Satvik Dey,IND,M,,,,1500,0,40,MAY26,2015,
46618635,Satvik Kalra,IND,M,,,,1591,0,20,MAY26,2004,
531030793,Satvik Kanchan Karandikar,IND,M,,,,1512,0,40,MAY26,2013,
531094473,Satvik Manjesh,IND,M,,,,1528,0,40,MAY26,2012,i
46691170,Satvik Sharma,IND,M,,,,1824,0,20,MAY26,2003,i
48741515,Satvik Y D,IND,M,,,,1451,0,40,MAY26,2012,
88196879,Satvik Yalla,IND,M,,,,1437,0,40,MAY26,2016,
5030005,"Satvik, M.",IND,M,,,,1937,0,20,MAY26,1998,i
537031520,Satwek Sangram,IND,M,,,,1595,0,40,MAY26,2017,
429028841,Satwik Kandar,IND,M,,,,1471,0,40,MAY26,2013,
558003177,Satwik Narang,IND,M,,,,1470,0,20,MAY26,2003,
88136264,Satya Narayan Swain,IND,M,,,,1419,0,40,MAY26,2016,
558045864,Satya Pranav Vellanki,IND,M,,,,1403,0,40,MAY26,2017,
5094488,Satya Sekhar Mitra,IND,M,,NI,,1842,0,,MAY26,1994,i
88136272,Satya Swarup Tripathy,IND,M,,,,1640,7,40,MAY26,2015,
25669451,Satyabhan Soni,IND,M,,,,1516,0,20,MAY26,1978,i
48766240,Satyabrata S Bharata,IND,M,,,,1438,0,40,MAY26,2015,
33492611,Satyajeet Senapati,IND,M,,,,1432,0,40,MAY26,2014,
25039342,Satyajit Sarkar,IND,M,,,,1591,0,20,MAY26,1986,
5025656,"Satyajit, Kundu",IND,M,,,,2132,0,20,MAY26,1993,i
5006910,"Satyakam, Swayangsu",IND,M,,SI,,2033,0,20,MAY26,1978,i
429058120,Satyaki Malakar,IND,M,,,,1470,0,,MAY26,2012,
531026664,Satyam Dawra,IND,M,,,,1406,0,20,MAY26,2006,i
46691189,Satyam Prakash,IND,M,,,,1811,0,20,MAY26,1995,
33341087,Satyam Shekhar,IND,M,,,,1552,0,20,MAY26,1998,i
25121561,Satyam Singh Sengar,IND,M,,,,1474,0,20,MAY26,1997,i
48713031,Satyam Swarup Sahoo,IND,M,,,,1514,0,40,MAY26,2012,
25931229,Satyanarayana Rao V,IND,M,,,,1441,0,20,MAY26,1957,
5004306,"Satyapragyan, Swayangsu",IND,M,IM,,,2323,0,10,MAY26,1982,i
5069858,"Satyendra, K Srivastava",IND,M,,NA,,1795,0,20,MAY26,1970,i
5059356,"Saughanthika, AS",IND,F,,,,1780,0,20,MAY26,1999,wi
558013202,Sauhardya Ray,IND,M,,,,1628,0,20,MAY26,2000,
88159949,Saujas Srihari,IND,M,,,,1580,0,40,MAY26,2014,
35016849,Saumil Nair,IND,M,,,,1879,0,20,MAY26,1999,i
531058000,Saumya Aggarwal,IND,M,,,,1447,0,40,MAY26,2010,i
537078070,Saumyojit Paul,IND,M,,,,1454,0,40,MAY26,2012,
46678930,Saurabh Aggarwal,IND,M,,,,1539,0,20,MAY26,1981,i
5094496,Saurabh Anand,IND,M,FM,,,2158,0,20,MAY26,2002,i
25090771,Saurabh Biswas,IND,M,,,,1401,0,20,MAY26,1995,i
45054932,Saurabh Gupta,IND,M,,,,1448,5,20,MAY26,1985,
35021737,Saurabh Hans,IND,M,,,,1583,0,20,MAY26,1989,
25781650,Saurabh Kumar,IND,M,,,,1770,0,20,MAY26,2002,
5093171,Saurabh Mandal,IND,M,,,,1930,0,20,MAY26,1997,i
45025665,Saurabh Somvanshi,IND,M,,,,1629,0,20,MAY26,1987,
46647473,Saurav Agarwal,IND,M,,,,1804,0,,MAY26,2002,i
564041280,Saurav Kumar Das,IND,M,,,,1733,0,20,MAY26,2005,
25918893,Saurav Suman,IND,M,,,,1468,0,20,MAY26,1999,
5008646,"Sauravh, Khherdekar",IND,M,FM,,,2022,0,20,MAY26,1978,i
33334277,Saurish Kashelkar,IND,M,,,,1576,8,20,MAY26,2006,
547073373,Sauudh Adhikari,IND,M,,,,1481,5,40,MAY26,2015,
25099663,Savalkar Mayuri,IND,F,,,,1540,0,20,MAY26,2003,wi
5067359,"Savant, Riya",IND,F,WFM,WFM,,2015,0,20,MAY26,2000,wi
25749552,Savanth Krishnan R,IND,M,,,,1718,0,40,MAY26,2011,
35008943,Savarkar Narendra,IND,M,,,,1539,0,20,MAY26,1938,i
5019770,"Saveson, K",IND,M,,,,1863,0,20,MAY26,1983,i
25956086,Savinay Meshram,IND,M,,,,1479,0,40,MAY26,2008,i
35061887,Savitha Shri B,IND,F,IM,WGM,,2161,0,20,MAY26,2007,w
531034217,Saw Jinson Samuel,IND,M,,,,1611,0,,MAY26,2017,
25727699,Sawalakhe Jay,IND,M,,,,1776,0,40,MAY26,2010,i
531076475,Sawale Dhruv Pravin,IND,M,,,,1469,4,40,MAY26,2014,
558031529,Sawan Nandaniya,IND,M,,,,1487,0,20,MAY26,2002,
45064946,Sawant Ajit,IND,M,,,,1422,0,20,MAY26,1995,
25639404,Sawant Hardik,IND,M,,,,1428,0,20,MAY26,2004,i
45092737,Sawant Hirak Manohar,IND,M,,,,1491,0,20,MAY26,2006,i
558026550,Sawant Mayur Sachin,IND,M,,,,1466,0,40,MAY26,2012,
35086243,Sawant Ravi,IND,M,,,,1620,0,20,MAY26,1990,i
46650156,Sawant Sarvesh,IND,M,,,,1527,0,20,MAY26,2005,i
5085071,Sawant Tatvesh Ramdas,IND,M,,,,1795,0,20,MAY26,2000,i
35077171,Sawant Vignesh,IND,M,,,,1555,0,20,MAY26,2000,i
5011078,"Sawant, Akshay",IND,M,,,,1929,0,20,MAY26,1994,i
5004292,Sawyan Baran De,IND,M,,,,1849,0,20,MAY26,1977,i
25627406,Saxena Aniket,IND,M,,,,1494,0,20,MAY26,2002,i
5022711,"Saxena, Aditya",IND,M,,,,1932,0,,MAY26,1986,i
5086787,"Saxena, Anshul",IND,M,,,,1854,0,20,MAY26,1995,i
5006694,"Saxena, Arpit",IND,M,,,,1805,0,,MAY26,1978,
25105108,"Saxena, Shubh",IND,M,,,,1535,0,,MAY26,2004,i
5010659,"Saxena, Vaibhav",IND,M,,,,2080,0,20,MAY26,1986,i
25122517,Saxsena Simran,IND,F,,,,1461,0,20,MAY26,2004,wi
25078186,Sayak Banerjee,IND,M,,,,1515,0,20,MAY26,1998,i
25711571,Sayam Vishvesh,IND,M,,,,1554,0,20,MAY26,2002,i
35028260,Sayan Banik,IND,M,,,,1934,0,20,MAY26,2000,i
25183133,Sayan Barua,IND,M,,,,1810,0,40,MAY26,2013,
88125220,Sayan Bhattacharjee,IND,M,,,,1749,8,20,MAY26,2006,
25674056,Sayan Sarkar,IND,M,,,,1510,0,20,MAY26,2004,i
25078194,Sayan Sen,IND,M,,,,1879,0,20,MAY26,1997,i
5053129,"Sayan, Majumdar",IND,M,,,,1911,0,20,MAY26,1998,i
33492271,Sayansh Das,IND,M,,,,1529,0,40,MAY26,2016,
33394520,Sayansh Jindal,IND,M,,,,1459,0,40,MAY26,2013,
25771337,Sayantan Dey,IND,M,,,,1720,8,20,MAY26,2005,
5094534,Sayantan Kundu,IND,M,,,,1810,0,20,MAY26,1996,i
374098044,Sayantan Manna,IND,M,,,,1470,0,,MAY26,2013,
25078216,Sayantan Mukherjee,IND,M,,,,1905,0,20,MAY26,2003,i
48760021,Sayantan Sadhukhan,IND,M,,,,1538,0,20,MAY26,2001,
46609083,Sayantan Sanyal,IND,M,,,,1526,0,20,MAY26,1979,i
5057655,"Sayantan, Chandra",IND,M,,NI,,1805,0,20,MAY26,1999,i
25905074,Sayanth Krishna,IND,M,,,,1559,0,40,MAY26,2010,i
35091441,Sayanton Mazumder,IND,M,,,,1522,0,20,MAY26,2003,i
25659260,Sayas Payyappat,IND,M,,,,1690,0,40,MAY26,2011,
88171418,Sayee Atreyi Mohapatra,IND,F,,,,1558,0,40,MAY26,2013,w
558079530,Sayiprasad V Pulikkal,IND,M,,,,1740,7,40,MAY26,1979,
25687735,Sayooj S,IND,M,,,,1539,0,40,MAY26,2008,i
46625224,Saypuri Srithan,IND,M,CM,,,2072,0,20,MAY26,2005,i
531013791,Sayyadh Raudah,IND,F,,,,1561,5,40,MAY26,2017,w
146241448,"Seelavanth Math, Nidhish",IND,M,,,,1504,0,20,MAY26,2004,i
429027675,Seemant Gusain,IND,M,,,,1404,0,40,MAY26,2011,
374099032,"Seenuvasan, Kishor",IND,M,,,,1595,9,,MAY26,2013,
25914952,Seetasagar Konaparthi,IND,M,,,,1845,0,40,MAY26,2009,
33401020,Seethammagari Sai Jethin,IND,M,,,,1706,0,20,MAY26,2003,i
46613790,Seethamraju Venkata Sai Sathvik,IND,M,,,,1582,0,20,MAY26,2003,i
5099218,Sehajdeep Singh,IND,M,,,,1659,0,,MAY26,1996,i
48745324,Sejal Mahesh,IND,F,,,,1432,0,40,MAY26,2012,w
33480427,Sejpal Kavyan,IND,M,,,,1612,0,40,MAY26,2010,i
5043743,"Sekar, B",IND,M,FM,FT,,2258,0,20,MAY26,1991,i
325105010,"Sekar, Jeremiah Jairus",IND,M,,,,1487,0,,MAY26,2012,i
25034634,Selgaonkar Soham,IND,M,,,,1611,0,20,MAY26,1998,i
25002163,"Selvabharathy, T",IND,M,,,,1870,0,20,MAY26,1999,
46674179,Selvakumar Shanmugasamy,IND,M,,,,1484,0,20,MAY26,1990,i
25739123,Selvam V,IND,M,,,,1577,0,20,MAY26,1999,
46655239,Selvamurugan B,IND,M,,,,1914,0,20,MAY26,2000,i
25685694,Selvaraj Mahendran,IND,M,,,,1547,0,20,MAY26,2003,
46601210,Selvaraj S,IND,M,,,,1604,0,20,MAY26,1994,i
25760610,Selvasaravanan R,IND,M,,,,1413,0,20,MAY26,1992,i
33364494,Selwin Samuel S,IND,M,,,,1632,0,40,MAY26,2011,i
531021760,Sembiyan G,IND,M,,,,1577,7,,MAY26,2014,
25958100,Sen Diptam,IND,M,,,,1429,0,40,MAY26,2011,i
531048803,Sendan Samved Kondaveeti,IND,M,,,,1459,0,40,MAY26,2014,
25177745,Sendilnathan T,IND,M,,,,1553,7,40,MAY26,2011,
46603956,Sengupta Dipankar,IND,M,,,,1593,0,20,MAY26,1964,
5008352,"Sengupta, Deep",IND,M,GM,,,2351,0,10,MAY26,1988,
45009945,Senthamizh Kumaran S,IND,M,,,,1624,0,20,MAY26,2005,i
25060040,Senthamizh Yazhini S,IND,F,,,,1724,0,20,MAY26,2000,wi
558040617,Senthi Kumar S,IND,M,,,,1507,0,20,MAY26,2001,
45003874,Senthil Balakrishnan,IND,M,,,,1450,8,20,MAY26,1983,
25046381,Senthil Kumaran V,IND,M,,,,1429,0,20,MAY26,1994,i
25035681,Senthil Maran K,IND,M,IM,,,2181,8,20,MAY26,1998,
48768073,Senthil Naveen,IND,M,,,,1451,0,40,MAY26,2012,
429054168,Senthil Raja Sundaram,IND,M,,,,1443,0,20,MAY26,1986,
25006673,Senthil Vel M,IND,M,,,,1545,0,20,MAY26,1965,i
5030013,"Senthil, Kumaran T.H.",IND,M,,FI,,1739,0,,MAY26,1981,i
33343403,Seona Dipcia Veigas,IND,F,,,,1463,0,40,MAY26,2012,w
25792598,Sequeira Alex,IND,M,,,,1509,0,20,MAY26,2006,i
25792601,Sequeira Jennica,IND,F,,,,1482,0,40,MAY26,2011,wi
25958917,Serah Jo Sam,IND,F,,,,1466,0,40,MAY26,2009,wi
46653775,Seshathri Sivanandham,IND,M,,,,1461,0,20,MAY26,1983,i
33383588,Sesu Prabhaharan A,IND,M,,,,1538,0,20,MAY26,2000,
5078121,Seth Dev,IND,M,,,,1660,0,20,MAY26,2000,i
564073050,"Seth, Pratham",IND,M,,,,1526,0,40,MAY26,2015,
25049062,Sethu Madhav Upadhyayula,IND,M,,NA,,1699,0,,MAY26,1999,i
5021596,"Sethuraman, S.P.",IND,M,GM,,,2503,9,10,MAY26,1993,
45007551,Sethusivaram B,IND,M,,,,1467,0,20,MAY26,2002,i
25920669,Setumadhav Yellumahanthi,IND,M,FM,,,2125,0,20,MAY26,2006,i
429083443,Sevarkodiyon,IND,M,,,,1628,8,40,MAY26,2012,
35081071,Sevitha Viju M,IND,F,,,,1614,0,20,MAY26,2007,w
429099030,Shaan Mazumdar,IND,M,,,,1446,0,40,MAY26,2010,
88161099,Shaanan Ethan Fernandes,IND,M,,,,1566,11,,MAY26,2011,
25171453,Shaashvat Gupta,IND,M,,,,1731,0,40,MAY26,2012,
33419507,Shaashwath Karthik T M,IND,M,,,,1585,18,40,MAY26,2009,
33444510,Shabadjot Singh,IND,M,,,,1689,0,,MAY26,2009,i
531048994,Shabd Bansal,IND,M,,,,1414,0,40,MAY26,2013,
564007049,Shabeer Backer,IND,M,,,,1588,7,20,MAY26,1979,
558004858,Shabraj Atik Rahman,IND,M,,,,1559,0,40,MAY26,2012,
48737020,Shachin Dhandalvar A,IND,M,,,,1462,0,40,MAY26,2010,i
429095034,Shaddwal Verma,IND,M,,,,1428,0,40,MAY26,2011,
45024138,Shadhursshaan R,IND,M,CM,,,1869,9,20,MAY26,2007,
33435138,Shah Aarav,IND,M,,,,1446,0,,MAY26,2015,i
25974700,Shah Aarav Parin,IND,M,,,,1513,0,40,MAY26,2009,i
531075460,Shah Aarya Shamit,IND,F,,,,1582,0,,MAY26,2013,w
531081045,Shah Anish Jayantbhai,IND,M,,,,1504,0,20,MAY26,1985,i
46602739,Shah Anuj,IND,M,,,,1677,0,,MAY26,1993,
5091497,Shah Asif,IND,M,,,,1707,0,20,MAY26,1968,i
25711580,Shah Atharva,IND,M,,,,1459,0,20,MAY26,2006,i
25061410,Shah Bhaven Jay,IND,M,,,,1788,0,20,MAY26,2000,i
25937979,Shah Dev Mehul,IND,M,,,,1432,0,20,MAY26,2006,i
46672257,Shah Devansh,IND,M,,,,1734,0,20,MAY26,2003,i
46625240,Shah Devarsh,IND,M,,,,1541,0,20,MAY26,2000,
25692992,Shah Harsh Hetalkumar,IND,M,,,,1511,0,20,MAY26,2004,i
48770566,Shah Hrian,IND,M,,,,1456,0,40,MAY26,2015,i
45012954,Shah Jeet,IND,M,,,,2110,0,20,MAY26,2006,
25041568,Shah Jiya,IND,F,,,,1592,0,20,MAY26,2004,wi
25636405,Shah Kalp Abhijit,IND,M,,,,1492,0,20,MAY26,2004,i
48769525,Shah Kian,IND,M,,,,1421,0,,MAY26,2011,i
46611029,Shah Krish G,IND,M,,,,1648,0,20,MAY26,2006,i
88146901,Shah Krishil,IND,M,,,,1426,0,40,MAY26,2009,i
46616403,Shah Kritee,IND,F,,,,1648,0,20,MAY26,2006,wi
46608818,Shah Mann,IND,M,,,,1570,0,20,MAY26,2004,i
48769460,Shah Marmik,IND,M,,,,1643,0,40,MAY26,2013,
46628860,Shah Mayur,IND,M,,,,1525,0,20,MAY26,1972,i
46628878,Shah Mihir,IND,M,,,,2016,0,20,MAY26,2004,
45053588,Shah Moxit J,IND,M,,,,1786,8,20,MAY26,2006,
33499225,Shah Naitik,IND,M,,,,1489,0,40,MAY26,2010,
25744488,Shah Neel Prakash,IND,M,,,,1422,0,20,MAY26,2003,i
429091420,Shah Nihal,IND,M,,,,1443,0,40,MAY26,2009,
35046527,Shah Nimit,IND,M,,,,1719,0,20,MAY26,1999,i
25779591,Shah Param J,IND,M,,NA,,1531,0,20,MAY26,2003,i
531076173,Shah Parv Amit,IND,M,,,,1482,0,40,MAY26,2012,
88112985,Shah Prisha,IND,F,,,,1402,0,40,MAY26,2015,w
25727702,Shah Purvaan,IND,M,,,,1437,0,40,MAY26,2011,i
45040699,Shah Rhythm,IND,M,,,,1653,0,20,MAY26,2004,i
35033174,Shah Rishab,IND,M,CM,,,2131,0,20,MAY26,2003,
45060371,Shah Rohan,IND,M,,,,1629,0,20,MAY26,2000,i
25937987,Shah Ruchit,IND,M,,,,1514,0,20,MAY26,1992,i
35002970,Shah Rutvi,IND,F,,,,1705,0,20,MAY26,2002,wi
35057138,Shah Shivam D,IND,M,,,,1604,7,20,MAY26,1990,
5083575,Shah Shivam Neer,IND,M,,,,1632,0,20,MAY26,1997,i
25715275,Shah Soumil,IND,M,,,,1751,8,20,MAY26,2004,
46659145,Shah Vandan P,IND,M,,,,1644,0,,MAY26,1994,i
46659153,Shah Vansh V,IND,M,,,,1454,0,20,MAY26,2003,
33427526,Shah Vardhan,IND,M,,,,1541,0,40,MAY26,2009,i
25671081,Shah Veer Kunjan,IND,M,,,,2035,0,20,MAY26,2007,
88135632,Shah Vihaan,IND,M,,,,1541,0,40,MAY26,2016,
25046764,Shah Vrushti,IND,F,,"NI,NA",,1631,0,20,MAY26,2003,wi
25054015,Shah Yash B,IND,M,,,,1749,0,20,MAY26,1997,i
5026385,"Shah, Bhushan",IND,M,,,,1718,0,20,MAY26,1992,i
5013062,"Shah, Dhimant",IND,M,,,,1863,0,20,MAY26,1988,i
577050924,"Shah, Kaashvi",IND,F,,,,1460,7,40,MAY26,2014,w
374095187,"SHAH, RIDHAM",IND,M,,,,1518,0,,MAY26,2016,
5066166,"Shah, Simit",IND,M,,,,1780,0,20,MAY26,1984,i
25000594,"Shah, Vishwa",IND,F,WFM,WFM,,2028,0,20,MAY26,2000,wi
577051092,"Shah, Yash Ashok",IND,M,,,,1459,7,40,MAY26,2005,
35080687,"Shah,Yesha",IND,F,,,,1645,0,20,MAY26,2004,wi
33321248,Shahan Abu Sayeed,IND,M,,,,1847,0,,MAY26,2011,
48713910,Shahan Vohra,IND,M,,,,1837,9,,MAY26,2011,
35038630,Shahane Omkar,IND,M,,,,1463,0,20,MAY26,1997,i
547066156,Shahid Ansari,IND,M,,,,1650,8,20,MAY26,2000,
25191055,Shahid Husain,IND,M,,FA,,1565,0,20,MAY26,1999,
531029426,Shahid Noor,IND,M,,,,1618,0,20,MAY26,1992,
5017378,"Shahid, Ahmed S.K.",IND,M,,,,1894,0,,MAY26,1989,i
5002087,"Shahid, Azmat",IND,M,,,,1912,0,20,MAY26,1962,i
35062352,Shahil Dey,IND,M,IM,,,2174,17,20,MAY26,2007,
45067066,Shaik Abdul Nabi,IND,M,,FA,,1637,0,,MAY26,1994,
88159531,Shaik Abhishek,IND,M,,,,1537,0,,MAY26,2011,i
537014439,Shaik Afsheen,IND,F,,,,1405,0,40,MAY26,2016,w
88173577,Shaik Arfaath Ahamed,IND,M,,,,1415,0,40,MAY26,2009,
25647660,Shaik Arshadbaba,IND,M,,,,1492,0,40,MAY26,2010,i
46600647,Shaik Fayaz,IND,M,,,,1827,0,20,MAY26,1970,i
45037906,Shaik Julekha Bahaar,IND,F,,,,1483,0,40,MAY26,2008,w
48747220,Shaik Mohammed Irfan,IND,M,,,,1630,0,40,MAY26,2008,
45020000,Shaik Sumer Arsh,IND,M,FM,,,2358,0,20,MAY26,2008,i
5036631,"Shaik, Abdul Azeez",IND,M,,NA,,1910,0,20,MAY26,1994,i
46671889,Shaikh Amin,IND,M,,,,1816,0,20,MAY26,1976,i
531073450,Shaikh Ayan Kadir,IND,M,,,,1594,0,40,MAY26,2009,
35000110,Shaikh Mohamad,IND,M,,,,1880,0,20,MAY26,1973,i
558016481,Shaikh Mohammad Kaif,IND,M,,,,1655,0,20,MAY26,2003,
46697730,Shaikh Shakir,IND,M,,,,1640,0,20,MAY26,1979,i
33427534,Shaikh Sohail Shakir,IND,M,,,,1558,0,20,MAY26,1997,i
25918028,Shaikh Sohil,IND,M,,,,1929,0,20,MAY26,2000,
25916807,Shailendra Bodade,IND,M,,,,1473,0,20,MAY26,1980,i
25097164,Shailendra G Pohekar,IND,M,,,,1459,0,20,MAY26,1973,i
5014670,Shailendra K Bajpai,IND,M,CM,,,2242,0,20,MAY26,1981,i
33387362,Shailendra Kumar,IND,M,,,,1569,0,20,MAY26,1991,i
564064026,"Shailendra Kumar, Dharamveer",IND,M,,,,1618,0,40,MAY26,2015,
25685422,Shailesh B.L.,IND,M,,,,1445,0,20,MAY26,2007,i
5065950,Shailesh Bise,IND,M,,,,1797,0,20,MAY26,1989,i
558031383,Shailesh Kakkad,IND,M,,,,1613,0,20,MAY26,1969,
48746169,Shailesh Sivakumar,IND,M,,,,1462,0,40,MAY26,2009,
25017969,"Shailesh, Dravid",IND,M,FM,,,2186,0,20,MAY26,1998,i
577026667,"Shaishav, Krishnakant Shah",IND,M,,,,1530,9,40,MAY26,1994,
45006660,Shaji K S,IND,M,,,,1604,0,20,MAY26,1972,i
35016636,Shakthi Vishal J,IND,M,,,,1870,0,20,MAY26,2002,i
577023609,"Shakthi, N V",IND,M,,,,1443,0,20,MAY26,2005,
46642544,Shaktivel Selvaraj,IND,M,,,,1722,0,20,MAY26,2006,i
33420408,Shakya Singha Modak,IND,M,,,,1838,0,40,MAY26,2012,
88123855,Shaleen Mittal,IND,M,,,,1508,0,20,MAY26,2006,
35067800,Shalin Srivastava,IND,M,,,,1470,0,20,MAY26,2002,i
35054031,Shalini J,IND,F,,,,1547,0,,MAY26,2003,w
25070088,Shalini Rajasuba,IND,F,,,,1664,0,20,MAY26,1998,wi
48769215,Shalom Fernandes,IND,M,,,,1511,0,40,MAY26,2010,i
537088610,Shalu Santha Kumar,IND,M,,,,1563,0,20,MAY26,1993,i
33469563,Shalve Sachin Chaskarr,IND,F,,,,1420,0,40,MAY26,2015,w
25759884,Sham R,IND,M,,,,2077,20,20,MAY26,2003,
25943847,Shambhavi Haresh,IND,F,,,,1476,0,20,MAY26,2004,wi
25088130,Shambo Dutta,IND,M,,,,1772,0,20,MAY26,1980,i
25156640,Shamik Mahesh Joshi,IND,M,,,,1417,0,40,MAY26,2011,i
33382700,Shamik Sarangi,IND,M,,,,1492,0,40,MAY26,2009,i
25636820,Shamil Mohammed,IND,M,,,,1572,0,20,MAY26,2004,i
429022460,Shamith Shetty,IND,M,,,,1581,16,40,MAY26,2011,
547020504,Shamith Shishir kc,IND,M,,,,1486,0,40,MAY26,2012,i
25661434,Shamkumar Malayil,IND,M,,,,1539,0,20,MAY26,1975,i
5089077,Shamkuwar Y. M.,IND,M,,,,1562,0,20,MAY26,1952,i
547005335,Shamoil Kazi,IND,M,,,,1615,0,40,MAY26,2010,i
33472572,Shamyak Biswas,IND,M,,,,1605,0,40,MAY26,2011,i
35048066,"Shanbhag, Rohan",IND,M,,,,1890,0,20,MAY26,2001,i
429040876,Shandeep Nath,IND,M,,,,1492,0,40,MAY26,2011,
547047852,Shandiip Nalin L,IND,M,,,,1498,0,40,MAY26,2012,
25046403,SHANE ALVARIN BRAGANCA,IND,M,,NA,,1924,0,20,MAY26,2000,i
25662759,Shani Kumar Soni,IND,M,,NA,,1575,0,,MAY26,1995,i
88142582,Shanjay J H,IND,M,,,,1508,0,40,MAY26,2010,
33477612,Shanjeev Arun,IND,M,,,,1451,0,40,MAY26,2011,i
33468362,Shanjiv Bala T,IND,M,,,,1431,0,40,MAY26,2013,
25773550,Shanjula Senthil,IND,F,,,,1552,0,,MAY26,2010,wi
25610686,Shankar Krishnan,IND,M,,,,1516,0,20,MAY26,2006,i
564060691,"Shankar Moger, Karthik",IND,M,,,,1425,7,40,MAY26,2014,
46624090,Shankar Murthy,IND,M,,,,1519,0,20,MAY26,1963,i
46601643,Shankar Ramakrishnan,IND,M,,,,1754,0,20,MAY26,2001,
25064568,Shankar Raman M,IND,M,,,,1581,0,20,MAY26,1992,i
531016804,Shankar Swaraj,IND,M,,,,1729,8,40,MAY26,2013,
5004241,"Shankar, A.",IND,M,,,,2029,0,20,MAY26,1972,i
5095786,"Shankar, Kuldeep",IND,M,,,,1684,0,20,MAY26,1983,
537014773,Shankha Suvra Dam,IND,M,,,,1638,0,20,MAY26,2006,i
25771345,Shankhadeep Maity,IND,M,,,,2006,16,,MAY26,2006,
25600281,Shankhodip De,IND,M,,,,1863,0,40,MAY26,2009,
25966413,Shanmathi Sree S,IND,F,WCM,WCM,,1869,0,40,MAY26,2011,w
25925628,Shanmugam D,IND,M,,,,1533,0,,MAY26,2007,i
25082876,Shanmugasundaram,IND,M,,,,1671,0,20,MAY26,1973,i
45072361,Shanmugasundaram Viswanathan,IND,M,,,,1477,0,20,MAY26,1982,i
5058538,"Shanmugasundaram, G.",IND,M,,NI,,1628,0,20,MAY26,1984,i
564090450,"Shanmugavel, Shanthini",IND,F,,,,1463,5,40,MAY26,2013,w
537012940,Shanmukha Prabhav C V R,IND,M,,,,1505,0,20,MAY26,2006,i
35036963,Shanmukha Pulli,IND,M,,,,1699,0,20,MAY26,1999,
5053242,"Shantanil, Simlai",IND,M,,,,1904,0,20,MAY26,1993,i
25934996,Shantanu Sachin Kotekar,IND,M,,,,1438,0,20,MAY26,2006,i
35085310,Shanthosh R,IND,M,,NA,,1630,0,20,MAY26,2001,i
45014825,Shanvi S Ballal,IND,F,,,,1471,0,,MAY26,2007,w
531031137,Shanvith Yellamally,IND,M,,,,1482,0,40,MAY26,2017,
46656065,Shanya Mishra,IND,F,,,,1879,0,20,MAY26,2003,wi
429059690,Shanzay Hayat,IND,F,,,,1411,4,40,MAY26,2016,w
25008099,Shaon Chowdhury,IND,M,,,,2006,0,20,MAY26,1995,
25782266,Sharad Kumar,IND,M,,,,1433,0,20,MAY26,1990,i
25602250,Sharadhi Shastry,IND,F,,,,1519,0,40,MAY26,2008,wi
45020159,Sharan R S,IND,M,,,,1722,0,20,MAY26,2002,i
25005111,Sharan R Setty,IND,M,,,,1794,0,,MAY26,1997,i
33327351,Sharan Shetty,IND,M,,,,1426,0,20,MAY26,2000,i
5073464,"Sharan, Rao",IND,M,IM,,,2225,0,20,MAY26,2000,
25673912,Sharanya Ray,IND,F,,,,1517,0,20,MAY26,2004,wi
537017748,Sharanya Shailesh Meshram,IND,M,,,,1439,4,40,MAY26,2013,
35093495,"Sharanya,Vinayak Adane",IND,F,,,,1565,0,20,MAY26,2004,wi
25629123,Sharath Kumar H K,IND,M,,,,1640,0,,MAY26,2000,
25068539,Sharath Kumar T P,IND,M,,,,1650,0,20,MAY26,1988,i
35062360,Sharath R Shanbhag,IND,M,,,,1528,0,20,MAY26,2005,i
25180460,Sharath T S,IND,M,,,,1537,0,40,MAY26,2011,i
5035155,"Sharath, E.",IND,M,,NA,,1654,18,20,MAY26,1992,
25760300,Sharavathi M,IND,F,,,,1440,0,20,MAY26,2006,wi
558062823,Sharda Parikshit Hiren,IND,M,,,,1414,7,40,MAY26,2013,
33325073,Shardool Wagh,IND,M,,,,1518,0,40,MAY26,2010,i
33383294,Shardul Amar Shelke,IND,M,,,,1575,0,40,MAY26,2010,i
25911473,Shardul Khode,IND,M,,,,1434,0,20,MAY26,1997,
33396736,Shardul Manoj Mahajan,IND,M,,,,1541,0,40,MAY26,2008,i
25727591,Sharma Dishitha,IND,F,,,,1480,0,40,MAY26,2008,wi
35038656,Sharma Harsh,IND,M,,,,1449,0,20,MAY26,2004,i
46620630,Sharma Harsh Yogesh,IND,M,,,,1710,0,20,MAY26,1999,i
35006665,Sharma Isha,IND,F,WGM,WGM,FT,1974,0,20,MAY26,2000,w
46603972,Sharma Jagannath Prasad,IND,M,,,,1638,0,20,MAY26,1975,i
25198807,Sharma Krishiv,IND,M,,,,1642,0,,MAY26,2012,
46658947,Sharma Kunal,IND,M,,,,1580,0,20,MAY26,2002,i
88190943,Sharma Mahesh Kumar,IND,M,,,,1413,3,20,MAY26,1965,
33306842,Sharma Mohit,IND,M,,,,1587,5,20,MAY26,2006,
25080407,Sharma Pankaj,IND,M,CM,FA,,1849,0,20,MAY26,1990,
25029720,Sharma Pramod Kumar,IND,M,,,,1548,0,20,MAY26,1958,i
547047666,Sharma Raksh Rajat,IND,M,,,,1562,8,40,MAY26,2014,
25668021,Sharma Sachin,IND,M,,,,1601,0,20,MAY26,1986,i
25179039,Sharma Sai,IND,M,,,,1631,0,40,MAY26,2008,i
46641459,Sharma Sanjay,IND,M,,,,1604,0,20,MAY26,1979,i
537079751,Sharma Sudhanshu,IND,M,,,,1562,0,20,MAY26,1999,
46625917,Sharma Varun,IND,M,,,,1769,0,20,MAY26,1985,i
25075896,Sharma Vibhav,IND,M,,,,1840,0,,MAY26,2000,i
45046328,Sharma Vivek,IND,M,,,,1881,0,,MAY26,2002,i
429067740,"Sharma, Abhyudai",IND,M,,,,1462,0,40,MAY26,2015,
5020522,"Sharma, Amit",IND,M,,,,1992,0,20,MAY26,1981,i
5007968,"Sharma, Aribam M.",IND,M,,,,1959,0,20,MAY26,1969,
5053277,"Sharma, Avinash",IND,M,,,,1828,0,20,MAY26,0,
5004110,"Sharma, Dinesh K.",IND,M,IM,FT,,2188,9,20,MAY26,1976,
5003237,"Sharma, Hari O.M.",IND,M,CM,,,1886,0,20,MAY26,1965,
5006813,"Sharma, Harish",IND,M,,,,1937,8,20,MAY26,1978,
5025400,"Sharma, Keshav",IND,M,,,,1969,0,20,MAY26,1988,i
366194609,"Sharma, Nitin",IND,M,,,,1535,0,20,MAY26,1980,i
564057232,"Sharma, Palash",IND,M,,,,1719,0,20,MAY26,1995,
5009600,"Sharma, R. Preetham",IND,M,FM,,,2062,0,20,MAY26,1983,
5020387,"Sharma, Shashi Pal",IND,M,,NI,,1852,0,20,MAY26,1955,i
366195007,"Sharma, Taksh",IND,M,,,,1946,0,40,MAY26,2009,
33333246,"Sharma, Umesh",IND,M,,,,1523,0,20,MAY26,1962,i
577023684,"Sharma, Utkarsh",IND,M,,,,1611,0,20,MAY26,2007,
35074490,"Sharma, Vinod",IND,M,,NA,,1816,0,20,MAY26,1952,i
5084970,Sharmik Rawal,IND,M,,,,1703,0,20,MAY26,1999,i
25977776,Sharnarthi Shlok,IND,M,CM,,,2127,10,40,MAY26,2009,
25978055,Sharnarthi Viresh,IND,M,FM,,,2015,10,40,MAY26,2010,
547054212,Sharnav Roy,IND,M,,,,1428,0,40,MAY26,2017,
33476446,Sharon Rachel Aby,IND,F,,,,1534,0,40,MAY26,2009,w
366127310,"Sharon, Mathew",IND,M,,,,1630,0,20,MAY26,1974,i
74601571,"Sharon, Ryan",IND,M,,,,1591,0,20,MAY26,2004,i
537047345,Sharsh Reddy Koppala,IND,M,,,,1508,0,40,MAY26,2018,
46666044,Sharsha Backer,IND,M,,,,1934,0,20,MAY26,2002,i
531069428,Sharva Mahesh Deosthale,IND,M,,,,1504,0,40,MAY26,2014,
33419531,Sharvaanica A S,IND,F,WCM,WCM,,2017,20,40,MAY26,2015,w
33371709,Sharveel Chouridule,IND,M,,,,1714,0,40,MAY26,2009,
547003715,Sharvendra,IND,M,,,,1510,0,40,MAY26,2010,i
537010190,Sharvesh S P,IND,M,,,,1414,0,40,MAY26,2015,
48766844,Sharvi Rohit Karpe,IND,F,,,,1414,7,,MAY26,2013,w
33402043,Sharvil Jagdish Yedekar,IND,M,,,,1498,0,40,MAY26,2011,
25770454,Sharvil Prakash Biradar,IND,M,,,,1414,0,,MAY26,2010,
33343420,Sharvil Rajesh Shetty,IND,M,,,,1446,0,40,MAY26,2013,i
25157809,Sharvin Puneet Badave,IND,M,,,,1636,0,40,MAY26,2011,
429031630,Sharvvesh R,IND,M,,,,1509,9,40,MAY26,2014,
429068649,Sharwin J,IND,M,,,,1435,0,,MAY26,2015,i
88180360,Shasan N,IND,M,,,,1481,0,40,MAY26,2013,i
45044473,Shashank Bhat G S,IND,M,,,,1783,0,,MAY26,2002,i
88111016,Shashank Dixena,IND,M,,,,1605,0,20,MAY26,1993,i
25781367,Shashank K,IND,M,,,,1647,0,40,MAY26,2009,i
33322732,Shashank Kasherwal,IND,M,,,,1409,0,20,MAY26,2003,
33406502,Shashank Kotyada,IND,M,,,,1568,0,20,MAY26,2004,
531058027,Shashank Kumar,IND,M,,,,1422,0,40,MAY26,2009,
46698434,Shashank M S Gowda,IND,M,,,,1583,0,20,MAY26,2001,i
531059619,Shashank Mishra,IND,M,,,,1444,6,40,MAY26,2012,
429018978,Shashank Reddy,IND,M,,,,1534,0,40,MAY26,2013,i
35065530,Shashank S Mayya,IND,M,,,,1616,0,20,MAY26,1999,
25141970,Shashank Sachin Kulkarni,IND,M,,,,1506,0,40,MAY26,2010,i
25196774,Shashank Savanth M,IND,M,,,,1568,0,40,MAY26,2010,i
33399336,Shashank Seshan,IND,M,,,,1767,0,40,MAY26,2012,
25693182,Shashank V S,IND,M,,,,1537,0,40,MAY26,2010,i
5035678,"Shashank, Maheshwari",IND,M,,,,1579,0,20,MAY26,0,i
5067375,"Shashank, Udupa K R",IND,M,,"SI,NA",,1503,0,,MAY26,1994,i
35043447,Shashi Nand Kumar,IND,M,,NA,,1725,0,,MAY26,1996,i
46692207,Shashi Raj Saxena,IND,M,,,,1634,0,20,MAY26,1951,i
25723081,Shashidhara S J,IND,M,,,,1454,0,20,MAY26,1996,i
5027705,"Shashikant Salakhar, Pushkar",IND,M,,,,1912,0,20,MAY26,1987,i
5006520,"Shashikant, Kutwal",IND,M,IM,,,2321,0,20,MAY26,1979,i
45050406,Shashindhar Kumar R,IND,M,,,,1443,0,40,MAY26,2010,i
88163350,Shashindra Singh,IND,M,,,,1410,0,40,MAY26,2012,
25775472,Shashini Puvi,IND,F,,,,1682,0,40,MAY26,2013,w
48725579,Shashish Subbiah,IND,M,,,,2048,0,,MAY26,2011,
25081772,Shashwat Chakraborty,IND,M,,,,1832,0,20,MAY26,2001,i
25089439,Shashwat Goel,IND,M,,,,1591,0,20,MAY26,2001,i
25113305,Shashwat Khandelwal,IND,M,,,,1459,0,40,MAY26,2009,i
558018883,Shashwath Arivazhagan,IND,M,,,,1514,8,40,MAY26,2012,
25173308,Shasidharan K,IND,M,,,,1522,0,40,MAY26,2010,i
46626204,Shaswata Paul,IND,M,,,,1808,8,20,MAY26,2005,
537045679,Shatadru Das,IND,M,,,,1571,0,40,MAY26,2013,
33422540,Shatakshi Awasthi,IND,F,,,,1457,0,40,MAY26,2010,wi
33355541,Shatakshi Dey,IND,F,,,,1459,0,40,MAY26,2010,wi
25913581,Shaun Deon Sequeira,IND,M,,,,1797,0,40,MAY26,2009,i
25734458,Shaunak Deb,IND,M,,,,1456,0,20,MAY26,2005,
25673920,Shaunak Mallick,IND,M,,,,1528,0,20,MAY26,2007,i
33481440,Shaunak Paramanik,IND,M,,,,1488,0,,MAY26,2013,
25962442,Shaunak Poheker,IND,M,,,,1535,0,40,MAY26,2010,
547073918,Shaurea Ayush Choudhary,IND,M,,,,1467,0,40,MAY26,2014,
531007660,Shaurik Paramanik,IND,M,,,,1446,0,40,MAY26,2018,
88199495,Shaurya Aditya Muppaneni,IND,M,,,,1412,0,40,MAY26,2016,
531042945,Shaurya Ashish Modi,IND,M,,,,1480,0,40,MAY26,2011,
33466963,Shaurya Ashishkumar Shah,IND,M,,,,1790,0,20,MAY26,2006,
33446849,Shaurya Behal,IND,M,,,,1492,0,,MAY26,2011,
558016597,Shaurya Chaturvedi,IND,M,,,,1486,0,40,MAY26,2011,
88123570,Shaurya Chaudhary,IND,M,,,,2122,16,40,MAY26,2012,
537095145,Shaurya Deep Singh,IND,M,,,,1402,0,40,MAY26,2017,
25681320,Shaurya Dinesh Sawlani,IND,M,,,,1769,0,40,MAY26,2008,i
88152650,Shaurya Dipak Sonawane,IND,M,,,,1515,6,,MAY26,2017,
25942662,Shaurya Garg,IND,M,,,,1646,0,,MAY26,2008,i
48754072,Shaurya Gupta,IND,M,,,,1433,0,40,MAY26,2016,
558037322,Shaurya Gupta,IND,M,,,,1468,0,40,MAY26,2010,
33423180,Shaurya Harshal Dhawangale,IND,M,,,,1413,0,40,MAY26,2011,i
33406510,Shaurya Kondru,IND,M,,,,1483,0,40,MAY26,2015,
547009039,Shaurya Kundu,IND,M,,,,1443,0,40,MAY26,2011,i
547044322,Shaurya Manoj Vaswani,IND,M,,,,1427,0,40,MAY26,2011,
48763209,Shaurya N Prabhu Agrasani,IND,M,,,,1463,0,40,MAY26,2014,
33477833,Shaurya Ohlayan,IND,M,,,,1454,0,40,MAY26,2012,
547039647,Shaurya Pratap Rai,IND,M,,,,1661,0,20,MAY26,2007,
25994115,Shaurya Prathik Nagda,IND,M,,,,1546,0,40,MAY26,2009,i
48748137,Shaurya Rajesh Tichkule,IND,M,,,,1421,0,40,MAY26,2011,i
48799505,Shaurya Shah,IND,M,,,,1489,0,40,MAY26,2015,
537056425,Shaurya Shivkumar Mathapati,IND,M,,,,1562,8,40,MAY26,2016,
48744948,Shaurya Singh,IND,M,,,,1486,3,40,MAY26,2017,
25757490,Shaurya Sisodia,IND,M,,,,1455,0,40,MAY26,2010,
88149536,Shaurya Sourabh Patawri,IND,M,,,,1479,8,40,MAY26,2012,
547000040,Shaurya Suresh Yadav,IND,M,,,,1444,0,40,MAY26,2011,
45015937,Shaurya Wadhwa,IND,M,,,,1402,0,20,MAY26,2004,i
25707078,Shauryansh Singh,IND,M,,,,1492,0,20,MAY26,2005,
88133869,Shauryansh Singh Katharria,IND,M,,,,1473,0,40,MAY26,2013,
531016839,Shauryaraje Gunesh Bagade,IND,M,,,,1438,0,,MAY26,2015,
33397627,Shawn Jonathan Samuel,IND,M,,,,1640,0,40,MAY26,2012,
25771833,Shawn Pravin,IND,M,,,,1720,0,20,MAY26,2007,i
531056148,Shayaan Sofik,IND,M,,,,1569,0,40,MAY26,2012,
564046311,"Shayaan, Komali Aahil",IND,M,,,,1418,0,40,MAY26,2017,
25667181,Shayan Mukherjee,IND,M,,,,1584,0,,MAY26,2006,i
25630890,Shayanak Kundu,IND,M,,,,1583,0,,MAY26,2001,i
25926314,Shayna Nagvekar,IND,F,,,,1590,0,40,MAY26,2008,wi
46648992,Shefali A N,IND,F,WCM,WCM,,1539,0,40,MAY26,2009,wi
25011863,"Shegaonkar, Akshay",IND,M,,,,1871,0,20,MAY26,1994,i
25728083,Shegokar Anil Mahadeo,IND,M,,,,1562,0,20,MAY26,1992,i
33329818,Sheik Mohammed Irfan,IND,M,,,,1600,6,20,MAY26,2002,
46680624,Sheikh Jahan,IND,M,,,,1654,0,,MAY26,1991,i
33359296,Sheikh Jilani,IND,M,,,,1450,0,20,MAY26,2004,i
577050878,"Sheikh, Zafar",IND,M,,,,1660,9,40,MAY26,2001,
25605755,Shejal Sahil Sanjay,IND,M,,,,1877,0,,MAY26,2004,
88147843,Shejav Ishan,IND,M,,,,1418,0,40,MAY26,2012,i
48790826,Shejwal Tattva,IND,M,,,,1445,0,40,MAY26,2017,
88165744,Shekhar T K,IND,M,,,,1570,0,20,MAY26,2007,i
25071572,Shelke Gangadhar,IND,M,,,,1690,0,20,MAY26,1976,i
46697756,Shelke Omkar,IND,M,,,,1775,0,20,MAY26,2000,
25658689,Shelke Pratham Ashish,IND,M,,,,1474,0,20,MAY26,2003,i
25071580,Shelke Sankarsha,IND,M,,,,2033,0,20,MAY26,2003,i
5077575,"Shelke, Dnyanoba",IND,M,,,,1677,0,20,MAY26,1972,i
45055807,Shende Manthan,IND,M,,NA,,1462,0,20,MAY26,2003,i
531008232,Shende Rujul,IND,M,,,,1525,0,40,MAY26,2010,
46629998,Shendre Ajinkya S,IND,M,,,,1513,0,20,MAY26,1990,
45051240,Shenoy Siddharth,IND,M,,,,1700,5,20,MAY26,1996,
5011213,"Shenvi, Mohit",IND,M,,,,1943,0,,MAY26,1996,
5061270,"Shenvi, Pratik",IND,M,,,,1882,0,20,MAY26,1994,i
25789449,Sherali Pattnaik,IND,F,FM,WCM,,1829,12,40,MAY26,2010,w
531078060,Sherewala Keshav,IND,M,,,,1470,0,40,MAY26,2017,
88162630,Sherip S,IND,M,,,,1490,0,40,MAY26,2012,
25966987,Sherla Prathamesh,IND,M,CM,,,2002,0,40,MAY26,2011,
531046193,Sherwin H,IND,M,,,,1628,0,,MAY26,2014,
25913042,Sheshasayanam G,IND,M,,,,1426,0,20,MAY26,1961,
25035690,Sheshathri,IND,M,,,,1690,0,20,MAY26,1999,i
25015192,Shet Prajwal P,IND,M,,,,2157,0,20,MAY26,2001,
25066803,Shet Pranita P,IND,F,,,,1603,0,20,MAY26,1999,wi
25792156,Shete Soham,IND,M,,,,1438,0,40,MAY26,2010,i
45081638,Sheth Aayush,IND,M,,,,1501,0,20,MAY26,2003,i
35080709,"Sheth,Divyanshu",IND,M,,,,1638,0,20,MAY26,2000,i
45092770,Shetti Ameya,IND,M,,,,1517,0,20,MAY26,2007,i
25730762,Shetty Ankit,IND,M,,,,1435,0,20,MAY26,2007,i
46603611,Shetty Chinmay,IND,M,,,,1565,0,20,MAY26,1999,i
5000513,Shetty Rahul,IND,M,IM,,,2092,0,20,MAY26,1968,i
25730746,Shetty Sagar,IND,M,,,,1489,0,40,MAY26,2009,i
46672281,Shetty Shamit,IND,M,,,,1415,0,20,MAY26,1999,i
35097490,Shetty Vihaan,IND,M,,,,1579,0,20,MAY26,2004,i
5086531,"Shetty, Abhinav Harish",IND,M,,,,1695,0,,MAY26,1992,i
5006155,"Shetye, Shyam",IND,M,,,,1768,0,20,MAY26,1958,i
5038294,"Shetye, Siddhali",IND,F,,,,1848,0,20,MAY26,1992,wi
35027522,Shiba Prasad Chakraborty,IND,M,,,,1747,0,20,MAY26,1956,i
48709972,Shibantak Saha,IND,M,,,,1589,0,,MAY26,2013,
35040715,Shibin K Benny,IND,M,,,,1657,18,20,MAY26,1992,
35017845,Shijil K,IND,M,,,,1695,0,20,MAY26,1988,i
33470081,Shijo Cherian,IND,M,,,,1552,0,20,MAY26,1981,i
45047359,Shiju Abraham,IND,M,,,,1691,0,20,MAY26,1984,
25126229,Shikhar Karn,IND,M,,,,1466,0,40,MAY26,2009,i
25740903,Shikhar Mishra,IND,M,,,,1534,1,20,MAY26,2006,
33456615,Shilp Kumar Ghodeshwar,IND,M,,,,1618,0,40,MAY26,2014,
46697772,Shimpi Rushikesh,IND,M,,,,1656,0,20,MAY26,1999,i
25954709,Shinde Aniket,IND,M,,,,1557,0,40,MAY26,2009,i
46609512,Shinde Balaji,IND,M,,,,1593,0,20,MAY26,1979,i
45035350,Shinde Chetan,IND,M,,,,1448,0,20,MAY26,1992,i
547017082,Shinde Hardik,IND,M,,,,1479,0,40,MAY26,2012,i
46697780,Shinde Nitin,IND,M,,,,1565,0,20,MAY26,1976,i
45017794,Shinde Rujul,IND,M,,,,1645,0,20,MAY26,2006,i
25632256,Shinde Saumil,IND,M,,FA,,1563,0,20,MAY26,1996,i
531088490,Shinde Shivendrasinh Vallabh,IND,M,,,,1426,4,40,MAY26,2014,
46679782,Shinde Shreyash,IND,M,,,,1603,0,20,MAY26,2003,i
25010565,"Shinde, Kunal",IND,M,,,,1710,0,20,MAY26,1995,i
35080717,"Shinde, Sagar",IND,M,,,,1606,5,20,MAY26,1988,
25078259,Shinjini Sengupta,IND,F,,,,1804,0,20,MAY26,2000,wi
35097504,Shintre Neel,IND,M,,,,1878,0,20,MAY26,2004,i
5072549,"Shiny, Das",IND,F,,,,1876,0,20,MAY26,1999,wi
45097038,Shirbhate Mansi,IND,F,,,,1560,0,,MAY26,2002,w
25711601,Shirbhate Suryansh,IND,M,,,,1605,0,20,MAY26,2005,i
25999885,Shirin Bhattacharyya,IND,F,,,,1533,0,,MAY26,2008,wi
33426724,Shirish Chollamuthu,IND,M,,,,1570,0,40,MAY26,2010,i
25009346,Shirish Khodwe,IND,M,,,,1642,0,20,MAY26,1957,i
25139525,Shirish Patki,IND,M,,,,1539,0,20,MAY26,1959,i
25710214,Shirke Omkar,IND,M,,,,1449,0,20,MAY26,2006,i
46602330,Shirodkar Aayush,IND,M,,,,1777,0,20,MAY26,2005,i
48798045,Shirodker Arthav,IND,M,,,,1522,0,40,MAY26,2013,
25658700,Shirsat Nitin,IND,M,,,,1589,0,20,MAY26,1969,i
35016857,Shishir Lamba,IND,M,,,,1548,0,20,MAY26,2004,
33435936,Shitiz Prasad,IND,M,,,,1779,0,40,MAY26,2014,
547096616,Shiv Arora,IND,M,,,,1604,7,40,MAY26,2014,
33381283,Shiv Dipti Mahesh Vyas,IND,M,,,,1485,0,40,MAY26,2010,i
547041960,Shiv Grover,IND,M,,NA,,1602,0,,MAY26,1983,
48711667,Shiv Hari Shivasish,IND,M,,,,1521,5,40,MAY26,1980,
25767062,Shiv Jindal,IND,M,,,,1516,0,40,MAY26,2008,i
45030740,Shiv Priya Bhardwaj,IND,M,,NA,,1743,0,20,MAY26,1981,
48763071,Shiv Shankar,IND,M,,,,1551,0,20,MAY26,2006,
45089000,Shiva Chethan Halamane,IND,M,,,,1757,0,20,MAY26,2006,
25174304,Shiva Gautam,IND,M,,,,1692,7,20,MAY26,2004,
25020595,Shiva Iyer,IND,M,,IA,,1833,0,,MAY26,2002,i
88163571,Shiva Karthikeya M,IND,M,,,,1438,0,40,MAY26,2015,
25621599,Shiva Meena,IND,M,,,,1600,0,,MAY26,2002,i
35063537,Shiva Pavan Teja Sharma U,IND,M,,,,1972,0,20,MAY26,1992,
5091705,Shiva R V,IND,M,,,,1759,0,20,MAY26,1985,i
33476349,Shiva Rama Krishna Nishadam,IND,M,,,,1587,0,20,MAY26,1982,i
25724134,Shiva Sabhari Pg,IND,M,,,,1585,0,20,MAY26,2006,i
537001647,Shiva Shanmugam KN,IND,M,,,,1416,0,40,MAY26,2014,i
429066417,Shiva Smaran Madapathi,IND,M,,,,1430,0,40,MAY26,2009,i
5058791,"Shiva, Ravi Pillai",IND,M,,,,1966,0,20,MAY26,1995,i
5062845,"Shiva, S",IND,M,,,,1825,0,20,MAY26,1993,i
88124185,Shivaan Devendra Darda,IND,M,,,,1468,0,40,MAY26,2008,i
48788430,Shivaani Sadhan,IND,F,,,,1457,0,40,MAY26,2014,w
429027713,Shivaansh Tripathi,IND,M,,,,1447,0,40,MAY26,2014,i
88119238,Shivaay Bhalla,IND,M,,,,1580,0,40,MAY26,2015,i
547089857,Shivabrata Mandal,IND,M,,,,1415,0,40,MAY26,2016,
429054664,Shivad Abhyankar,IND,M,,,,1415,4,,MAY26,2015,
88125378,Shivad S,IND,M,,,,1401,0,40,MAY26,2014,i
46629319,Shivam Agarwal,IND,M,,,,1702,0,20,MAY26,2001,i
429020891,Shivam Arora,IND,M,,,,1566,0,,MAY26,2011,
25964011,Shivam Chaudhary,IND,M,,,,1631,6,20,MAY26,2003,
25982591,Shivam Datta,IND,M,,,,1541,0,20,MAY26,2004,
537020811,Shivam Gupta Mysore,IND,M,,,,1595,0,20,MAY26,2003,
33497966,Shivam Jitendra Pethkar,IND,M,,,,1619,6,40,MAY26,2010,
531080782,Shivam Kailashchand Rathi,IND,M,,,,1526,0,40,MAY26,2012,
531040071,Shivam Kamboj,IND,M,,,,1571,0,20,MAY26,2002,
33398860,Shivam Kheterpal,IND,M,,,,1613,0,,MAY26,2012,
25646184,Shivam Kumar,IND,M,,,,1563,0,20,MAY26,2003,i
25621629,Shivam Panchal,IND,M,,,,1605,0,20,MAY26,1996,i
429086086,Shivam Ritesh Shah,IND,M,,,,1416,0,40,MAY26,2013,
33390711,Shivam Sabat,IND,M,,,,1464,0,40,MAY26,2015,
547040386,Shivam Sabat,IND,M,,,,1600,0,20,MAY26,2007,
46693017,Shivam Shah,IND,M,,,,1551,0,20,MAY26,1995,
48792543,Shivam Thakur,IND,M,,,,1693,0,40,MAY26,2013,
558004270,Shivam Thakur,IND,M,,,,1434,0,,MAY26,2004,
33384959,Shivamshika G,IND,F,,,,1747,0,40,MAY26,2011,wi
33448884,Shivanagaraj Nagaraj Aiholli,IND,M,,,,1458,14,40,MAY26,2010,
5007038,"Shivananda, B.S.",IND,M,IM,,,2309,0,20,MAY26,1976,i
48748331,Shivanee Ladha,IND,F,,,,1420,0,40,MAY26,2009,wi
48785822,Shivang Sandeep Singh,IND,M,,,,1437,0,40,MAY26,2010,i
88184900,Shivangi Rathore,IND,F,,,,1547,0,40,MAY26,2013,w
25686976,Shivani Agarwal,IND,F,,,,1452,0,40,MAY26,2010,wi
25931750,Shivani Bai M H,IND,F,,,,1400,0,,MAY26,2014,w
35017543,Shivani Madhu,IND,F,,,,1652,0,20,MAY26,2004,wi
46626778,Shivani Senthilkumar,IND,F,,,,1644,0,40,MAY26,2008,wi
33378150,Shivank Jha,IND,M,,,,1527,0,40,MAY26,2013,i
33338515,Shivank Vinod Paradkar,IND,M,,,,1491,0,40,MAY26,2013,i
429039274,Shivansh Anand,IND,M,,,,1562,0,40,MAY26,2012,
537031546,Shivansh Baranwal,IND,M,,,,1625,0,40,MAY26,2014,
547081295,Shivansh Basu,IND,M,,,,1451,4,40,MAY26,2019,
25133810,Shivansh Dixit,IND,M,,,,1582,0,40,MAY26,2009,i
547070986,Shivansh Goel,IND,M,,,,1412,0,40,MAY26,2011,
537064541,Shivansh Gurtu,IND,M,,,,1432,0,40,MAY26,2018,
531068138,Shivansh Iyer,IND,M,,,,1425,0,,MAY26,2014,
537024779,Shivansh Joshi,IND,M,,,,1458,0,40,MAY26,2015,
25150197,Shivansh Keyur Desai,IND,M,,,,1414,0,20,MAY26,2007,
429032849,Shivansh Poddar,IND,M,,,,1487,0,40,MAY26,2017,
547007656,Shivansh Prabhat Giri,IND,M,,,,1426,0,,MAY26,2015,
429003822,Shivansh Pulimati,IND,M,,,,1477,0,,MAY26,2009,i
33396116,Shivansh Ronakbhai Bhatt,IND,M,,,,1555,4,40,MAY26,2012,
25100750,Shivansh Sharma,IND,M,,,,1621,0,40,MAY26,2009,
429048354,Shivansh Singla,IND,M,,,,1424,0,40,MAY26,2008,
537089471,Shivanshjit Sasmal,IND,M,,,,1409,0,40,MAY26,2018,
547017937,Shivanshu Singh,IND,M,,,,1420,0,40,MAY26,2008,
35074563,Shivanth M,IND,M,,,,1704,0,20,MAY26,2004,i
537010271,Shivanth S P,IND,M,,,,1433,0,40,MAY26,2018,
25743945,Shivaraj Galagali,IND,M,,,,1423,0,20,MAY26,1996,i
45044481,Shivaram Acharya,IND,M,,,,1461,0,20,MAY26,1998,
33422508,Shivarshi Chakrabarti,IND,M,,,,1559,8,40,MAY26,2014,
45085064,Shivasankar R,IND,M,,,,1491,0,20,MAY26,2000,i
46617094,Shivashankaran R,IND,M,,,,1642,0,20,MAY26,2000,
48719285,Shivay Singh,IND,M,,,,1789,0,40,MAY26,2017,
88183661,Shiven Kanakala,IND,M,,,,1474,0,40,MAY26,2015,
33423210,Shiven Sachin Tikekar,IND,M,,,,1488,0,40,MAY26,2009,
537047272,Shiven Swar Shah,IND,M,,,,1447,0,,MAY26,2015,
25942085,Shiven Vij,IND,M,,,,1660,8,40,MAY26,2012,
33496170,Shivendra Dwivedy,IND,M,,,,1590,0,20,MAY26,2005,i
25153935,Shivesh Sharma,IND,M,,,,1492,0,20,MAY26,2007,i
45015414,Shivika Rohilla,IND,F,WFM,WFM,,1888,0,20,MAY26,2007,wi
88150755,Shivin K,IND,M,,,,1702,23,40,MAY26,2016,
531074634,Shivit Jain,IND,M,,,,1414,0,40,MAY26,2016,
5006333,"Shivkumar, L.V.",IND,M,,,,2060,0,20,MAY26,1975,i
25132008,Shivmohan Dwivedi,IND,M,,,,1677,0,20,MAY26,2006,
48725587,Shivnandan S,IND,M,,,,1556,0,40,MAY26,2008,i
25985086,Shivnarayanan S,IND,M,,,,1598,15,40,MAY26,2011,
33349568,Shivoham Chatterjee,IND,M,,,,1558,0,,MAY26,2013,
25183150,Shivraj Mondal,IND,M,,,,1490,0,,MAY26,2012,
25194143,Shivram Ramakrishnan,IND,M,,,,1782,0,20,MAY26,1981,i
25946200,Shiyam Satyansh,IND,M,,,,1581,0,40,MAY26,2012,
33384541,Shiyonika J,IND,F,,,,1533,0,40,MAY26,2010,w
537080865,Shloak Saurav Mishra,IND,M,,,,1479,0,40,MAY26,2013,
429093228,Shlok Ayyangar,IND,M,,,,1415,0,40,MAY26,2014,
25183176,Shlok Bhar,IND,M,,,,1617,0,40,MAY26,2013,
45006032,Shlok Dhulapkar,IND,M,,,,1480,0,,MAY26,2007,i
531005470,Shlok Ganesh Bachhav,IND,M,,,,1449,0,40,MAY26,2016,
25714244,Shlok Garg,IND,M,,,,1573,0,,MAY26,2000,
537081578,Shlok Gopal Ganadas,IND,M,,,,1404,0,40,MAY26,2012,
88172406,Shlok Kuldeepsingh Mohadikar,IND,M,,,,1556,0,40,MAY26,2011,
531019226,Shlok Mandar Pahadi,IND,M,,,,1546,10,40,MAY26,2008,
531020330,Shlok Saraogi,IND,M,,,,1488,0,40,MAY26,2010,
537069217,Shlok Suklabaidya,IND,M,,,,1607,0,40,MAY26,2012,
33432864,Shlok Vinay Kulkarni,IND,M,,,,1603,0,40,MAY26,2012,
577019806,"Shlok, Prashantbhai Vyas",IND,M,,,,1579,9,40,MAY26,2015,
429010691,Shoaib Khan,IND,M,,,,1441,6,40,MAY26,2016,
33389667,Shobhit Agilarasan,IND,M,,,,1511,0,,MAY26,2012,
25757504,Shobhit B Tayal,IND,M,,,,1513,0,20,MAY26,1996,i
429083486,Shobi Gabriella M,IND,F,,,,1466,5,40,MAY26,2015,w
33421994,Shobith Agarwal,IND,M,,,,1473,0,,MAY26,2011,
88127338,Shoentan Anaspure,IND,M,,,,1677,10,40,MAY26,2011,
46608850,Shome Shiv,IND,M,,,,2137,0,20,MAY26,2006,i
25076582,Shorya Lakshayjeet,IND,M,,,,1573,0,20,MAY26,1995,i
531071210,Shorya Raj,IND,M,,,,1572,0,40,MAY26,2010,i
48740187,Shougata Chowdhury,IND,M,,,,1606,0,,MAY26,2005,
5075025,"Shoukath,A P",IND,M,,,,1707,0,20,MAY26,1983,i
5001102,"Shoumi, Mukerjee",IND,F,,,,1923,0,20,MAY26,1998,wi
33379548,Shounak Das,IND,M,,,,1590,6,40,MAY26,2012,
35042386,Shounak Ghatak,IND,M,,,,1753,0,20,MAY26,2001,i
45012644,Shounak Mazumder,IND,M,,,,1760,0,20,MAY26,2006,i
48766380,Shounok Sengupta,IND,M,,,,1521,0,40,MAY26,2013,
547008814,Shourjya Basu,IND,M,,,,1422,0,20,MAY26,2000,
48703737,Shourya Adhikary,IND,M,,,,1481,0,20,MAY26,2007,
88172422,Shourya Agrawal,IND,M,,,,1492,0,40,MAY26,2014,
88187128,Shourya Dash,IND,M,,,,1663,11,40,MAY26,2010,
48747270,Shourya Gupta,IND,M,,,,1513,0,,MAY26,2013,i
35012665,Shourya Jain,IND,M,,,,2018,0,20,MAY26,2003,i
531023576,Shourya Jaiswal,IND,M,,,,1570,0,,MAY26,2013,
33412758,Shourya Nalin Mokal,IND,M,,,,1531,0,40,MAY26,2012,
25155490,Shourya Paul,IND,M,,,,1909,0,40,MAY26,2008,
33470510,Shourya Paul,IND,M,,,,1421,4,,MAY26,2009,
25769081,Shourya Roy,IND,M,,,,1607,0,20,MAY26,2006,
429025885,Shourya Sudeep Chhajed,IND,M,,,,1468,0,40,MAY26,2010,i
25108140,Shourya Suraj Pednekar,IND,F,,,,1440,0,40,MAY26,2008,wi
25600265,Shouvik Dutta,IND,M,,,,1645,0,20,MAY26,1999,i
35026666,Shouvik Kar,IND,M,,,,1802,0,20,MAY26,2000,i
88130991,Shraddha S Nayak,IND,F,,,,1478,0,,MAY26,2011,w
35081063,Shraddha Somanath,IND,F,,,,1537,0,,MAY26,2008,wi
25977881,Shradha S Rai,IND,F,,,,1623,8,40,MAY26,2011,w
25786865,Shravan Ambaru,IND,M,,,,1468,0,40,MAY26,2012,i
33361410,Shravan Balram,IND,M,,,,1461,0,40,MAY26,2008,i
88168417,Shravan Deepu,IND,M,,,,1491,0,40,MAY26,2011,i
558060480,Shravan Hegde,IND,M,,,,1552,0,,MAY26,2009,
429012422,Shravan J,IND,M,,,,1539,7,40,MAY26,2011,
33468370,Shravan Karthik J,IND,M,,,,1506,0,40,MAY26,2010,
537083481,Shravan P,IND,M,,,,1411,0,40,MAY26,2016,
46624570,Shravan R,IND,M,,,,1803,14,,MAY26,2005,
5096359,Shravan S Barve,IND,M,,NA,,1887,0,20,MAY26,1988,i
531001718,Shravan Sivakumar,IND,M,,,,1482,0,40,MAY26,2012,i
33383472,Shravan Sriram,IND,M,,,,1808,0,40,MAY26,2011,
25618997,Shravan Swaminathan,IND,M,,,,1779,0,20,MAY26,2006,i
5016282,"Shravan, Nilkanth",IND,M,,NA,,1873,0,20,MAY26,1990,i
25914189,Shravani Sirpurwar,IND,F,,,,1447,0,20,MAY26,2005,wi
88176983,Shravast Sharma,IND,M,,,,1565,0,40,MAY26,2015,
25963236,Shree Hari Palaniappa S,IND,M,,,,1578,0,40,MAY26,2011,
88110133,Shree Hariharan P,IND,M,,,,1471,0,40,MAY26,2010,i
35048503,Shree Krishna Pranama,IND,M,,,,1710,0,20,MAY26,2005,i
25915967,Shreeda Kamath,IND,M,,,,1550,10,40,MAY26,2006,
33415919,Shreehan Sengupta,IND,M,,,,1447,5,40,MAY26,2012,
25928813,Shreeharsh Mohanty,IND,M,,,,1484,0,40,MAY26,2010,
46624864,Shreejit Sarkar,IND,M,,,,1464,0,20,MAY26,2002,i
25798723,Shreeka S Hegde,IND,F,,,,1447,0,20,MAY26,2007,w
45080178,Shreekanth N,IND,M,,,,1620,0,20,MAY26,1990,i
33494509,Shreekantha P,IND,M,,,,1489,5,20,MAY26,1986,
547066938,Shreepada,IND,M,,,,1413,14,40,MAY26,2013,
558080805,Shreesha P,IND,M,,,,1456,5,40,MAY26,2012,
25115146,Shreeshant Sharanappa Ganiger,IND,M,,,,1515,0,20,MAY26,2007,i
45094160,Shreetu Bhavikbhai Nandi,IND,F,,,,1708,0,20,MAY26,2004,wi
45043825,Shreevathsan B S,IND,M,,,,1620,0,20,MAY26,2002,i
33471215,Shreeya Vijay Joshi,IND,F,,,,1482,0,40,MAY26,2009,w
25600257,Shreeyash Kejriwal,IND,M,,,,1578,0,40,MAY26,2010,i
88172430,Shreeyash Raju Narad,IND,M,,,,1545,0,20,MAY26,2003,i
33493979,Shrejal Senapati,IND,F,,,,1422,0,40,MAY26,2014,w
25100050,Shrenik Mallick,IND,M,,,,1498,0,40,MAY26,2011,i
33445443,Shresht Nair,IND,M,,,,1603,9,40,MAY26,2014,
25916815,Shreshth Singh Tomar,IND,M,,NA,,1471,0,,MAY26,2006,i
25992350,Shreshtha Jain,IND,F,,,,1520,0,40,MAY26,2011,w
33494258,Shreshtha Shree,IND,F,,,,1547,0,40,MAY26,2008,w
25771361,Shreshtha Surai,IND,F,,,,1693,0,20,MAY26,2007,wi
547064820,Shresta Adiga,IND,M,,,,1457,8,40,MAY26,2012,
547062606,Shresth Ginwal,IND,M,,,,1403,0,40,MAY26,2011,
45033978,Shresth Mahapatra,IND,M,,,,1559,0,20,MAY26,2007,i
33438765,Shresth Suraj Ghonsekar,IND,M,,,,1518,0,40,MAY26,2015,
25773747,Shrestha Vijay D,IND,M,,,,1593,0,40,MAY26,2010,i
25767208,Shresthi Gupta,IND,F,,,,1479,0,40,MAY26,2010,wi
25946846,Shrey Dobhal,IND,M,,,,1511,0,20,MAY26,2006,
45060240,Shrey Nilkant,IND,M,,,,1553,0,20,MAY26,2006,i
25743953,Shreya G Hipparagi,IND,F,,,,1885,0,40,MAY26,2010,wi
33476365,Shreya Piplani,IND,F,,,,1684,7,40,MAY26,2011,w
25198750,Shreya Rajesh,IND,F,,,,1513,0,40,MAY26,2013,w
537038249,Shreya Salunke,IND,F,,,,1417,0,40,MAY26,2016,w
25969250,Shreya Saxena,IND,F,,,,1580,0,20,MAY26,2005,w
25600249,Shreya Shree Bansal,IND,F,,,,1566,0,20,MAY26,2006,wi
531014755,Shreya Y S,IND,F,,,,1435,0,40,MAY26,2009,w
25048597,Shreyam Mishra,IND,M,,,,1705,0,20,MAY26,2001,i
531051286,Shreyam Mudoi,IND,M,,,,1401,0,40,MAY26,2012,i
547073055,Shreyam Sinha,IND,M,,,,1408,0,40,MAY26,2014,
33368970,Shreyan Bag,IND,M,,,,1702,0,,MAY26,2012,
88123243,Shreyan Dey,IND,M,,,,1791,7,,MAY26,2014,
33494762,Shreyan Gupta Barman,IND,M,,,,1755,0,40,MAY26,2011,
25155083,Shreyan Mukherjee,IND,M,,,,1669,0,,MAY26,2013,
45032483,Shreyan Ray,IND,M,,,,1509,0,20,MAY26,2005,i
48797260,Shreyan Thipparthi,IND,M,,,,1919,9,,MAY26,2016,
5029139,Shreyansh Daklia,IND,M,,FI,,2144,0,20,MAY26,1991,
429041724,Shreyansh Das,IND,M,,,,1907,20,40,MAY26,2017,
33345635,Shreyansh Jain,IND,M,,,,1488,0,40,MAY26,2012,i
48711810,Shreyansh Jain (Punjab),IND,M,,,,1797,9,40,MAY26,2012,
531072763,Shreyansh Mishra,IND,M,,,,1468,0,40,MAY26,2011,
577012976,Shreyansh Pandey,IND,M,,,,1409,0,20,MAY26,2003,
537076850,Shreyansh Raj,IND,M,,,,1481,0,,MAY26,2014,
48781754,Shreyansh Sahu,IND,M,,,,1789,8,,MAY26,2011,
25100432,Shreyansh Sharma,IND,M,,,,1442,0,40,MAY26,2013,
25149814,Shreyansh Srivastava,IND,M,,,,1560,0,40,MAY26,2012,
88131882,Shreyansh Vudayagiri,IND,M,,,,1625,0,,MAY26,2017,
48738441,Shreyanshi jain,IND,F,,,,1602,6,40,MAY26,2018,w
48728098,Shreyas Ananada Kudale,IND,M,,,,1507,5,,MAY26,2015,
25606263,Shreyas Anand,IND,M,,,,1712,0,20,MAY26,2003,i
33367469,Shreyas Das,IND,M,,,,1982,8,20,MAY26,2007,
429017432,Shreyas Divekar,IND,M,,,,1498,3,40,MAY26,2011,
25794426,Shreyas G Kaushik,IND,M,,,,1803,0,40,MAY26,2011,
35062409,Shreyas Ghadi,IND,M,,,,1939,0,20,MAY26,2005,
88137384,Shreyas Iyengar,IND,M,,,,1545,5,40,MAY26,2010,
48722790,Shreyas Jayashree Shankar Anand,IND,M,,,,1404,0,40,MAY26,2008,i
25952196,Shreyas K Patil,IND,M,,,,1614,14,40,MAY26,2010,
577014073,Shreyas Lele,IND,M,,,,1503,0,20,MAY26,1996,
35068644,Shreyas M,IND,M,,,,1881,0,20,MAY26,2001,i
531038360,Shreyas M Shivaprasad,IND,M,,,,1560,0,20,MAY26,2007,
25976400,Shreyas Maheshwari,IND,M,,,,1537,0,20,MAY26,1998,i
33483426,Shreyas Mani,IND,M,,,,1710,0,,MAY26,2014,
88106020,Shreyas Mishra,IND,M,,,,1606,0,40,MAY26,2012,
35021150,Shreyas P,IND,M,,,,1639,0,20,MAY26,2002,i
46651896,Shreyas Pandeshwar,IND,M,,,,1605,0,20,MAY26,2002,i
48764094,Shreyas Parameswaran,IND,M,,,,1429,0,40,MAY26,2008,i
33331790,Shreyas Raj,IND,M,,,,1708,0,40,MAY26,2010,i
537038842,Shreyas Rajiv,IND,M,,,,1491,0,40,MAY26,2016,i
25789635,Shreyas Ravindra Patil,IND,M,,,,1676,8,40,MAY26,2010,
429068592,Shreyas Roshan Gosavi,IND,M,,,,1481,0,40,MAY26,2015,
5053412,"Shreyas S, Nikam",IND,M,,,,1887,0,20,MAY26,1992,i
48727954,Shreyas Sachin Kuthe,IND,M,,,,1440,0,40,MAY26,2010,i
25683900,Shreyas Seshadri Nallore,IND,M,FM,,,2070,0,40,MAY26,2008,
48738735,Shreyas Sunil Shet,IND,M,,,,1486,0,40,MAY26,2008,
46662626,Shreyas V,IND,M,,,,1465,0,20,MAY26,2006,i
25118471,Shreyas Vivek Nandurkar,IND,M,,,,1716,0,,MAY26,2006,
531002080,Shreyash Debnath,IND,M,,,,1510,0,40,MAY26,2015,
33331839,Shreyash Karkare,IND,M,,,,1604,0,20,MAY26,2004,
88136299,Shreyash Sahoo,IND,M,,,,1491,0,40,MAY26,2011,
35047272,Shreyash Shuvam Patnaik,IND,M,,,,2029,0,20,MAY26,2007,
33426058,Shreyash Singh,IND,M,,,,2040,9,40,MAY26,2010,
558076786,Shreyash Singh,IND,M,,,,1613,0,40,MAY26,2012,
25015699,"Shreyash, A Kulkarni",IND,M,,,,1768,0,20,MAY26,2002,i
531070930,Shreyashi Das,IND,F,,,,1492,0,40,MAY26,2016,w
25919563,Shreyasi Dhiren Dutiya,IND,M,,,,1462,0,20,MAY26,2004,i
33389896,Shreyaskar Tanti,IND,M,,,,1640,0,40,MAY26,2012,
48715352,Shrhi Harini Anandkannan,IND,F,,,,1473,0,40,MAY26,2014,wi
25030159,Shri Bharath B,IND,M,,,,1784,9,20,MAY26,1992,
88177874,Shri Hari,IND,M,,,,1469,0,40,MAY26,2017,
33413550,Shri Hari,IND,M,,,,1556,0,20,MAY26,1983,i
5037522,"Shri Humrudha, J",IND,F,,"LSI,FA",,1801,0,20,MAY26,1990,wi
33360766,Shri Nevetha G,IND,F,,,,1490,13,40,MAY26,2011,w
48747297,Shri Om Seth,IND,M,,NA,,1456,0,20,MAY26,1994,
429095921,Shri Shadhak S,IND,M,,,,1475,0,,MAY26,2013,
88128440,Shrihaan Barman,IND,M,,,,1658,0,,MAY26,2013,
33380350,Shrihaan Karmakar,IND,M,,,,1432,0,,MAY26,2014,i
25937944,Shrihan Sabat,IND,M,,,,1681,0,40,MAY26,2010,
537036017,Shrihan Verma,IND,M,,,,1419,0,40,MAY26,2011,
88103285,Shrihari T K,IND,M,,,,1617,0,40,MAY26,2009,
25994166,Shrihari Venkatesh Deshpande,IND,M,,,,1549,0,40,MAY26,2008,i
33371849,Shrii Skandhan Srijayasankar,IND,M,,,,1521,0,40,MAY26,2009,i
46626743,Shrija K M,IND,F,,,,1708,0,20,MAY26,2005,wi
564000273,Shrijay Gupta,IND,M,,,,1548,0,40,MAY26,2018,
88175570,Shrikant Krupasindhu Panigrahi,IND,M,,,,1624,0,20,MAY26,1986,
5020298,Shrikant Tyagi,IND,M,,,,1613,0,20,MAY26,1989,
25104080,Shrikant Vimalkumar Dave,IND,M,,,,1763,0,40,MAY26,2009,
547049855,Shrikar Anurag,IND,M,,,,1567,0,20,MAY26,2003,
35073036,Shriman K,IND,M,CM,,,1869,0,20,MAY26,2002,i
429019095,Shrina Nandy,IND,F,,,,1520,0,40,MAY26,2015,w
25180436,Shrinidhi B,IND,F,,,,1518,7,40,MAY26,2012,w
33409153,Shrinidhi G,IND,M,,,,1579,0,40,MAY26,2010,i
35044737,Shrinidhi N,IND,F,,,,1427,0,20,MAY26,2000,wi
25671715,Shrinimeshika K,IND,F,,,,1614,0,40,MAY26,2008,wi
547067934,Shrinivas Kulkarni,IND,M,,,,1411,0,20,MAY26,2005,
45006059,Shriom Revankar,IND,M,,,,1584,0,20,MAY26,2000,i
25049526,Shripad Gadre,IND,M,,,,1600,0,20,MAY26,1970,i
564014045,Shripad Kodam,IND,M,,,,1456,0,40,MAY26,2014,
48716030,Shripad Vijay Bhake,IND,M,,,,1511,0,40,MAY26,2014,i
25953176,Shriraj S,IND,M,,,,1437,0,20,MAY26,2004,i
45044538,Shriram,IND,M,,,,1654,10,20,MAY26,2001,
547003650,Shriram Balbhim Jadhav,IND,M,,,,1537,0,20,MAY26,2007,
429005353,Shriram C Hegde,IND,M,,,,1461,14,20,MAY26,2000,
33472890,Shriram Kailas Mhasane,IND,M,,,,1769,9,20,MAY26,2000,
88180379,Shriram Manivannan,IND,M,,,,1611,0,40,MAY26,2017,
33368961,Shriram Rameshbabu,IND,M,,,,1634,0,40,MAY26,2009,
33460264,Shriram S,IND,M,,,,1485,0,,MAY26,2009,i
429099900,Shriram S,IND,M,,,,1724,10,40,MAY26,2010,
25708856,Shrirame Praveen,IND,M,,,,1513,0,20,MAY26,2004,i
33433836,Shrishti Bhagwani,IND,F,,,,1637,0,20,MAY26,1998,wi
5030030,"Shristi, J. Shetty",IND,F,,,,1960,0,20,MAY26,1994,wi
48744697,Shritej Sarabesh S,IND,M,,,,1492,0,,MAY26,2015,
33397759,Shrivalli Sanjay Gandhi,IND,F,,,,1443,0,40,MAY26,2011,wi
46607650,Shrivastav Hritik,IND,M,,,,1790,0,20,MAY26,2001,i
35083457,Shrivastava Aditi,IND,F,,FA,,1604,0,20,MAY26,1999,wi
46607668,Shrivastava Chitransh,IND,M,,,,1655,0,20,MAY26,1996,
46607676,Shrivastava Kushagra,IND,M,,,,1664,0,20,MAY26,2005,i
46667890,Shrivastava Manish,IND,M,,,,1555,0,20,MAY26,1975,
35082914,Shrivastava Mohit Kumar,IND,M,,,,1641,0,20,MAY26,1988,i
48728888,Shrivatsan S,IND,M,,,,1429,0,40,MAY26,2012,i
5024447,"Shriwas, Bhushan",IND,M,,,,1898,0,20,MAY26,1989,i
48713775,Shriya Gautam,IND,F,,,,1553,0,40,MAY26,2010,w
35019376,Shriya M Jaju,IND,F,,,,1446,0,20,MAY26,2004,wi
25663682,Shriya Patil,IND,F,,,,1537,0,40,MAY26,2010,wi
25723103,Shriya R Revankar,IND,F,,,,1837,0,20,MAY26,2003,wi
429071275,Shriyan Ram Shivarathri,IND,M,,,,1459,0,40,MAY26,2016,
25690710,Shriyana S Mallya,IND,F,WCM,WCM,,1627,0,40,MAY26,2010,wi
88122352,Shriyanshi Guha,IND,F,,,,1481,2,40,MAY26,2012,w
33413118,"Shroff, Avyaay",IND,M,,,,1748,10,40,MAY26,2014,
45072400,Shrrivathsa M,IND,M,,,,1509,0,40,MAY26,2008,i
25032208,Shrutarshi Ray,IND,M,,,,1929,0,20,MAY26,2002,i
537069969,Shrutasom Panda,IND,M,,,,1574,6,40,MAY26,2014,
25728768,Shruthika Saypuri,IND,F,,,,1683,0,20,MAY26,2006,wi
531053556,Shruthika Sunil Kurup,IND,F,,,,1440,8,40,MAY26,2013,w
25065360,Shruti Arvind Rathi,IND,F,,,,1588,0,20,MAY26,2002,wi
25075900,Shruti Kakar,IND,F,,,,1518,0,20,MAY26,2002,wi
48761168,Shryansh Puri,IND,M,,,,1658,0,40,MAY26,2011,
25110349,Shuban Chandrakant Malkar,IND,M,,,,1581,0,40,MAY26,2010,i
5094658,Shuban Saha,IND,M,,,,1846,0,20,MAY26,2003,i
33397490,Shubh Atha,IND,M,,,,1985,9,40,MAY26,2013,
25634488,Shubh Bhola,IND,M,,"DI,NA",,1633,0,20,MAY26,2004,
48786861,Shubh Chandra,IND,M,,,,1516,0,40,MAY26,2009,
25158600,Shubh Chaudhary,IND,M,,,,1485,4,40,MAY26,2011,
558009051,Shubh Chauhan,IND,M,,,,1436,0,40,MAY26,2011,
531003265,Shubh Gupta,IND,M,,,,1404,0,40,MAY26,2012,i
25664034,Shubh Kalangutkar,IND,M,,,,1414,0,40,MAY26,2009,i
45050864,Shubh Kapur,IND,M,,,,1770,9,20,MAY26,2007,
429023149,Shubh Khatri,IND,M,,,,1561,0,40,MAY26,2013,i
547042109,Shubh Saxena,IND,M,,,,1435,0,,MAY26,2011,
25998420,Shubh Singh Saini,IND,M,,,,1588,0,40,MAY26,2009,
33449589,Shubh Srivastava,IND,M,,,,1489,0,40,MAY26,2011,
33341648,Shubh Vishnu Borkar,IND,M,,,,1674,0,40,MAY26,2013,
25034286,Shubham,IND,M,,,,1872,0,20,MAY26,1994,i
547094206,Shubham Arvind Mishra,IND,M,,,,1526,0,20,MAY26,1998,
45015449,Shubham Bari,IND,M,,,,1618,0,20,MAY26,2002,i
88164926,Shubham Bhardwaj,IND,M,,,,1511,0,20,MAY26,2003,
48760501,Shubham Bhattacharjee,IND,M,,,,1483,0,20,MAY26,1994,i
558099336,Shubham Goutam,IND,M,,,,1510,0,20,MAY26,1998,
531025277,Shubham Gupta,IND,M,,,,1509,0,40,MAY26,2009,
558019413,Shubham Kaushik,IND,M,,,,1419,0,,MAY26,2012,
25191934,Shubham Kumar,IND,M,,,,1776,0,20,MAY26,2004,
5071275,Shubham Kumar,IND,M,,NA,,1734,0,20,MAY26,1997,
558004521,Shubham Kumar Sahu,IND,M,,,,1461,0,40,MAY26,2011,
25751557,Shubham Pareta,IND,M,,FA,,1592,0,20,MAY26,2001,i
88120732,Shubham Purohit,IND,M,,,,1465,0,20,MAY26,2007,i
25121421,Shubham Rahul Kamble,IND,M,,,,1539,0,20,MAY26,1994,i
25717189,Shubham Raj,IND,M,,,,1469,0,20,MAY26,1996,i
48792217,Shubham Ravindrabhai Kanani,IND,M,,,,1448,0,40,MAY26,2012,
48768502,Shubham Savani,IND,M,,,,1461,0,20,MAY26,2000,i
25061623,Shubham Shukla,IND,M,,,,1926,11,,MAY26,1996,
547019395,Shubham Singh,IND,M,,,,1519,0,40,MAY26,2011,
33362270,Shubham Srivastava,IND,M,,,,1520,0,20,MAY26,1994,
5044618,"Shubham, Lakudkar",IND,M,,,,1959,0,20,MAY26,1995,i
48765171,Shubhan Vikas Devasthale,IND,M,,,,1671,0,40,MAY26,2008,
45069182,Shubhang Hudekar,IND,M,,,,1432,0,20,MAY26,2002,i
48754102,Shubhankar Anup Barve,IND,M,,,,1468,0,40,MAY26,2015,
25146947,Shubhankar Bamalia,IND,M,,,,1694,0,,MAY26,2008,
25032224,Shubhankar Biswas,IND,M,,,,1645,0,20,MAY26,1999,i
5020310,"Shubhankit, Banerjee",IND,M,,,,1714,0,20,MAY26,1999,i
48703230,Shubhayan Das,IND,M,,,,1563,0,40,MAY26,2016,
45027480,Shubhendu Muhury,IND,M,,,,1566,0,20,MAY26,2001,i
25195425,Shubhi Gupta,IND,F,WFM,WFM,,1893,0,40,MAY26,2010,w
537038265,Shubhi Sharma,IND,F,,,,1470,0,40,MAY26,2015,wi
48718459,Shubhrajit Chakraborty,IND,M,,,,1462,0,40,MAY26,2012,i
25939394,Shubhrato S Gour,IND,M,,,,1474,0,40,MAY26,2008,i
429043972,Shukla Dharav,IND,M,,,,1539,0,40,MAY26,2011,
5086060,"Shukla, Rahul",IND,M,,,,1874,0,20,MAY26,2001,i
35026720,Shuvam Roy,IND,M,,,,1806,0,20,MAY26,2003,i
25982605,Shuvang Pran Kashyap,IND,M,,,,1566,0,40,MAY26,2010,i
33310319,Shuvayu Datta,IND,M,,,,1599,8,40,MAY26,2013,
531058108,Shwaant Sharma,IND,M,,,,1432,0,,MAY26,2011,
5053447,Shweta,IND,F,,NA,,1571,0,20,MAY26,1987,w
46643192,Shweta Kamalaksh Sahakari,IND,F,,,,1471,0,20,MAY26,2005,wi
25016920,Shweta Priyadarshini,IND,F,,,,1783,0,20,MAY26,1999,wi
25725793,Shweta V S,IND,F,,,,1438,0,40,MAY26,2011,wi
5068487,"Shweta, Gole",IND,F,WCM,WCM,,1962,0,20,MAY26,1996,wi
46626484,Shwetha Y,IND,F,,,,1522,0,20,MAY26,2001,wi
35054074,Shyaam M,IND,M,,,,1680,0,20,MAY26,2004,i
33424802,Shyaam Nanthan,IND,M,,,,1428,0,40,MAY26,2008,i
5024218,Shyaam Nikhil P,IND,M,GM,,,2328,0,10,MAY26,1992,
33483787,Shyam Bash B,IND,M,,,,1408,0,40,MAY26,2011,i
48740209,Shyam Bhargav Goda,IND,M,,,,1583,0,40,MAY26,2013,
25646524,Shyam Ganesh R,IND,M,,,,1638,0,20,MAY26,2007,i
429038197,Shyam Gupta,IND,M,,,,1556,0,40,MAY26,2009,
46626654,Shyam Kumar M,IND,M,,,,1856,0,20,MAY26,2003,
577038827,"Shyam Sarvesh, T K",IND,M,,,,1472,9,40,MAY26,2012,
33488185,Shyam Sundar J A,IND,M,,,,1467,0,20,MAY26,2003,i
25033840,Shyam Sundar M,IND,M,,,,1709,0,20,MAY26,2002,
5053455,"Shyam Sundar, T.",IND,M,,,,1824,0,20,MAY26,1991,i
25962957,Shyam Sunder Singh Chauhan,IND,M,,,,1571,0,20,MAY26,1999,
5019141,"Shyam, Sundar M.",IND,M,GM,,,2475,0,10,MAY26,1992,i
5005027,"Shyamal, Sarkar",IND,M,,,,1571,0,20,MAY26,1967,
25138650,Shybi Binoj,IND,F,,,,1843,0,40,MAY26,2008,wi
5025770,"Shyjith, C",IND,M,,,,1862,0,20,MAY26,1981,i
88149960,Sibaani V S,IND,F,,,,1419,0,40,MAY26,2011,wi
33365504,Sibi M,IND,M,,,,1706,0,20,MAY26,2003,
45073643,Sibi Srinivas Einstein,IND,M,,,,1813,0,20,MAY26,2003,i
46685588,Sibi Visal R,IND,M,,,,2014,0,20,MAY26,2002,i
5068495,"Sibi, Joseph",IND,M,,,,1453,0,20,MAY26,1979,i
45085951,Sibin Paul,IND,M,,SI,,1470,6,20,MAY26,1998,
48721700,Sidarth Sudharshan,IND,M,,,,1513,0,,MAY26,2010,i
33479380,Siddarth Kotagiri,IND,M,,,,1462,0,40,MAY26,2009,i
25199870,Siddarth N,IND,M,,,,1412,0,40,MAY26,2009,i
33402035,Siddarth S J,IND,M,,,,1582,8,,MAY26,2012,
5008930,"Siddarth, M",IND,M,,,,2171,0,20,MAY26,1997,
547052651,Siddesh S.B,IND,M,,,,1491,7,40,MAY26,2015,
429060630,Siddh Garg,IND,M,,,,1488,0,20,MAY26,2007,i
531054811,Siddhant Akshit,IND,M,,,,1413,0,40,MAY26,2016,
33419949,Siddhant Arora,IND,M,,,,1400,0,40,MAY26,2013,
25109405,Siddhant Bharti,IND,M,,,,1538,0,40,MAY26,2012,i
25198602,Siddhant Chaturvedi,IND,M,,,,1808,0,40,MAY26,2010,
35062417,Siddhant Gunwant Deore,IND,M,,,,1661,0,20,MAY26,2005,i
429093643,Siddhant Gupta,IND,M,,,,1543,0,,MAY26,2011,
48714402,Siddhant Kapatia,IND,M,,,,1563,0,40,MAY26,2010,i
429054648,Siddhant Mandon,IND,M,,,,1476,0,40,MAY26,2010,
429027772,Siddhant Mishra,IND,M,,,,1615,8,40,MAY26,2014,
35062425,Siddhant Nath Jha,IND,M,,,,1721,0,20,MAY26,2005,
429059909,Siddhant Samir Kumar,IND,M,,,,1538,0,40,MAY26,2009,
429039479,Siddhant Sharma,IND,M,,,,1450,0,40,MAY26,2013,
531079083,Siddhant Sharma,IND,M,,,,1509,0,40,MAY26,2014,
33429030,Siddhant Shrivastava,IND,M,,,,1619,0,,MAY26,2006,
558004254,Siddhant Singh,IND,M,,,,1408,5,20,MAY26,2004,
48765180,Siddhant Thabaj,IND,M,,,,1519,14,40,MAY26,2014,
48740900,Siddhant Ubesh Narayanan,IND,M,,,,1566,6,40,MAY26,2013,
33441073,Siddhant Vishal Khetan,IND,M,,,,1662,0,40,MAY26,2012,i
33391084,Siddhanth K P Prabhu,IND,M,,,,1580,0,,MAY26,2010,
35019732,Siddhanth Lohia,IND,M,,,,1896,0,20,MAY26,2005,i
25909061,Siddhanth P Vashist,IND,M,,,,1489,0,20,MAY26,2005,i
25181823,Siddhanth Poonja,IND,M,,,,2052,9,40,MAY26,2012,
45089043,Siddhanth Prabhu M,IND,M,,,,1550,0,20,MAY26,2004,
35004506,Siddhanth S,IND,M,,,,1621,0,20,MAY26,1998,i
88170586,Siddharth Ambastha,IND,M,,,,1639,0,40,MAY26,2011,i
537002180,Siddharth Anuj,IND,M,,,,1666,8,40,MAY26,2017,
33445885,Siddharth Atreyapurapu,IND,M,,,,1488,0,40,MAY26,2011,i
33452253,Siddharth Chodisetti,IND,M,,,,1559,0,40,MAY26,2017,
429044367,Siddharth Dutta,IND,M,,,,1458,0,40,MAY26,2013,i
577021045,Siddharth Jain,IND,M,,,,1573,0,20,MAY26,2003,
25726935,Siddharth K S,IND,M,,,,1497,0,40,MAY26,2009,i
25140485,Siddharth M Joshi,IND,M,,,,1456,0,40,MAY26,2012,
33423245,Siddharth Madhur Bang,IND,M,,,,1522,0,40,MAY26,2013,i
25611330,Siddharth Manikandan,IND,M,,,,1901,0,40,MAY26,2009,i
25043145,Siddharth P Jayan,IND,M,,,,1654,0,20,MAY26,1999,i
88177394,Siddharth Pernati,IND,M,,,,1555,0,,MAY26,2013,
33309868,Siddharth R,IND,M,,,,1527,0,20,MAY26,2007,
429083494,Siddharth R,IND,M,,,,1410,0,40,MAY26,2018,
25912348,Siddharth Ramanand V V S,IND,M,,,,1455,0,20,MAY26,2005,
48744719,Siddharth S,IND,M,,,,1408,21,,MAY26,2014,
25937626,Siddharth S Rao,IND,M,,,,1530,8,40,MAY26,2011,
25068563,Siddharth Sabharishankar,IND,M,,,,2081,0,,MAY26,2003,i
88156516,Siddharth Samaddar,IND,M,,,,1711,0,40,MAY26,2013,
33361061,Siddharth Sanjoy,IND,M,,,,1820,0,40,MAY26,2012,
33487758,Siddharth Sathe,IND,M,,,,1511,0,,MAY26,2011,
48736660,Siddharth Shandilya,IND,M,,,,1462,0,40,MAY26,2016,
88162222,Siddharth Singh,IND,M,,,,1439,0,20,MAY26,2007,i
48726877,Siddharth Srijithesh,IND,M,,,,1413,0,40,MAY26,2012,i
429023157,Siddharth Suman,IND,M,,,,1557,0,40,MAY26,2008,
33419540,Siddharth T,IND,M,,,,1403,0,40,MAY26,2014,i
5020352,"Siddharth, G",IND,M,,,,1781,0,20,MAY26,1999,i
5036763,"Siddharth, Venkatesh",IND,M,,,,1886,0,20,MAY26,1991,i
25954270,Siddhartha B,IND,M,,,,1641,7,,MAY26,2009,
25641751,Siddhartha Bhattacharya,IND,M,,,,1505,0,20,MAY26,2000,
531022146,Siddhartha Debbarma,IND,M,,,,1503,0,40,MAY26,2015,
429058996,Siddhartha Karthik,IND,M,,,,1427,0,40,MAY26,2014,i
88136302,Siddhartha Mallick,IND,M,,,,1463,4,40,MAY26,2016,
48765465,Siddhartha Nanda,IND,M,,,,1448,0,,MAY26,1998,i
25769707,Siddharthan Anandan,IND,M,,,,1650,0,20,MAY26,2004,i
531019285,Siddhesh Annasaheb Gorane,IND,M,,,,1477,0,40,MAY26,2008,i
25955136,Siddhesh B U,IND,M,,,,1618,0,20,MAY26,2007,i
88171116,Siddhesh Balaji,IND,M,,,,1558,7,40,MAY26,2012,
46665307,Siddhesh Datta Pednekar,IND,M,,,,1527,0,20,MAY26,2001,i
46699198,Siddhesh Kamila,IND,M,,,,1762,0,20,MAY26,2004,
35010182,Siddhesh Kitkaru,IND,M,,,,1519,0,20,MAY26,2003,i
45000140,Siddhesh Milind Marathe,IND,M,,,,1609,0,20,MAY26,2002,i
577013115,Siddhesh Vijay Chaugule,IND,M,,,,1411,0,20,MAY26,1990,
25941275,Siddhi Rao,IND,F,WCM,WCM,,1757,0,40,MAY26,2012,w
558030794,Siddhiraj Jadhav,IND,M,,,,1499,0,20,MAY26,2005,
25700863,Siddik Akbar,IND,M,,,,1626,7,20,MAY26,1997,
25726943,Siddik Maliksha S,IND,M,,,,1422,0,20,MAY26,2004,i
33397597,Sidhant Rana,IND,M,,,,1456,0,40,MAY26,2015,i
5028698,"Sidhant, Mohapatra",IND,M,IM,,,2207,0,20,MAY26,1998,
46603620,Sidharth A Kumar,IND,M,,,,1681,0,20,MAY26,2004,i
531063543,Sidharth Arun,IND,M,,,,1421,0,40,MAY26,2011,
45002789,Sidharth Balaji Sridharan,IND,M,,,,1756,0,,MAY26,2005,i
25980866,Sidharth Bhargav,IND,M,,,,1510,0,40,MAY26,2013,
45066710,sidharth Hariharan,IND,M,,,,1544,0,20,MAY26,2003,i
33444846,Sidharth Harilal,IND,M,,,,1629,0,40,MAY26,2010,i
33379173,Sidharth Manakil,IND,M,,,,1711,0,,MAY26,2002,i
33352550,Sidharth Mohan,IND,M,,,,1914,27,40,MAY26,2008,
46635521,Sidharth P G,IND,M,,,,1759,0,20,MAY26,2005,i
33313423,Sidharth Rajmohan,IND,M,,,,1406,0,40,MAY26,2011,i
48731935,Sidharth Sharandev R K,IND,M,,,,1463,15,40,MAY26,2015,
25695835,Sidharth Sreekumar,IND,M,,,,1822,11,40,MAY26,2010,
46648577,Sidharth Upadhyay,IND,M,,,,1742,0,20,MAY26,1990,
25932152,Sidharthan R,IND,M,,,,1415,0,20,MAY26,2007,i
531046215,Sidharthan R,IND,M,,,,1435,0,40,MAY26,2011,i
35074504,"Sidhu, Anup",IND,M,,,,1461,0,20,MAY26,1962,i
46645772,Sigh Harbans,IND,M,,,,1813,0,20,MAY26,1979,i
25037102,Sikha Das Gupta,IND,F,,,,1465,0,20,MAY26,1957,w
25080431,Sikka Sumit,IND,M,,,,1755,0,,MAY26,1972,
33310491,Sikkam Sai Vishnu,IND,M,,,,1676,0,,MAY26,2006,
33454310,Silarapu Devi Dedipyasri,IND,F,,,,1553,0,40,MAY26,2011,wi
35054660,Silkam Sangma,IND,M,,,,1814,0,20,MAY26,1986,i
25000756,Simanta Gayan,IND,M,,,,1493,0,20,MAY26,1983,
5005043,"Simanta, Das",IND,M,,,,1756,0,20,MAY26,1970,
25007297,"Simarjiv, Singh",IND,M,,,,1515,0,20,MAY26,2001,i
45058105,Simhadri Sai Hrushikesh,IND,M,,,,1770,0,20,MAY26,2005,
25643622,Simon Samuel V,IND,M,,,,1533,0,20,MAY26,2006,i
48741582,Simra Nadaf,IND,F,,,,1630,0,40,MAY26,2012,w
35010760,Simran Arya,IND,F,,,,1509,0,20,MAY26,1999,wi
33391009,Sinan Shafeek,IND,M,,,,1798,5,,MAY26,2010,
33425671,Sinchan G Naik,IND,M,,,,1567,8,20,MAY26,2002,
48756466,Sinchana G Bhat,IND,F,,,,1407,0,40,MAY26,2009,w
46616411,Sindhusree K,IND,F,,,,1718,0,20,MAY26,2007,wi
45054398,Sindhwad Aarav,IND,M,,,,1642,0,20,MAY26,2004,i
537083163,Sinduja Appiya Subramanian,IND,F,,,,1406,0,20,MAY26,1995,wi
5064007,"Singaram, P.L.",IND,M,,,,1803,0,20,MAY26,1995,i
45183503,"Singaram, Sheyon",IND,M,,,,1625,0,40,MAY26,2010,i
33300437,Singaravelan Narayanan,IND,M,,,,1656,0,20,MAY26,1981,i
45017220,Singh Abhimanyu,IND,M,,,,1751,26,,MAY26,1998,
48719110,Singh Aditya Pratap,IND,M,,,,1644,0,40,MAY26,2010,
33428530,Singh Agrim,IND,M,,,,1456,0,,MAY26,2009,i
25661876,Singh Ankit,IND,M,,,,1738,0,20,MAY26,1995,i
46691235,Singh Ankit Kumar,IND,M,,,,1558,0,20,MAY26,1994,i
25774271,Singh Anshu,IND,M,,NA,,1633,0,,MAY26,2004,
25959174,Singh Arnav,IND,M,,,,1486,0,40,MAY26,2008,i
5038324,Singh Bhogen R K,IND,M,,,,1860,0,20,MAY26,1969,
25697935,Singh Dhanesh,IND,M,,,,1540,0,,MAY26,1990,i
46625941,Singh Gurmeet,IND,M,,,,1556,0,20,MAY26,1956,i
25089455,Singh Gurmeher,IND,M,,,,1778,0,20,MAY26,2005,i
35022172,Singh Gurneet,IND,M,,,,1590,0,20,MAY26,1997,i
35044044,Singh Guruba,IND,M,,,,1512,0,20,MAY26,1980,
25094645,Singh Jyotim,IND,M,,,,1623,0,20,MAY26,2004,i
48783340,Singh Lakshy Kumar,IND,M,,,,1514,0,40,MAY26,2009,i
25188623,Singh Myra,IND,F,,,,1677,0,40,MAY26,2010,wi
25094653,Singh Nishit,IND,M,,,,1930,0,20,MAY26,2001,i
25681958,Singh Ojasva,IND,M,FM,,,2164,0,20,MAY26,2005,
35074512,Singh Parikshit,IND,M,,,,1494,0,20,MAY26,1999,i
33441677,Singh Pradeep,IND,M,,,,1419,0,20,MAY26,1999,i
46604022,Singh Ranjeet,IND,M,,,,1646,0,20,MAY26,1968,i
88113477,Singh Rivaan,IND,M,,,,1553,8,40,MAY26,2016,
25627740,Singh Satendra,IND,M,,FA,,1748,0,20,MAY26,1998,i
35005731,Singh Shailender,IND,M,,,,1560,0,,MAY26,1979,i
25086618,Singh Shubham,IND,M,,,,1688,0,20,MAY26,1992,i
35022830,Singh Subham Kumar,IND,M,,,,1654,0,20,MAY26,2000,i
25751573,Singh Surypratap,IND,M,,,,1528,0,20,MAY26,1994,
25753169,Singh Tanmay,IND,M,,,,1587,0,20,MAY26,2003,i
45021821,Singh Vidya Bhushan,IND,M,,,,1527,0,20,MAY26,1984,
366098729,"Singh, Aadyant",IND,M,,,,1419,0,40,MAY26,2012,
564043797,"Singh, Aarush Sandy",IND,M,,,,1587,0,40,MAY26,2014,
366127544,"Singh, Abhyudit",IND,M,,,,1716,0,20,MAY26,2006,
5013240,"Singh, Arvinder Preet",IND,M,FM,,,2043,0,20,MAY26,1981,i
374099444,"Singh, Atharv",IND,M,,,,1431,6,,MAY26,2018,
564034666,"Singh, Bhanu Pratap",IND,M,,,,1665,0,,MAY26,2012,
5005400,"Singh, Chingkhei",IND,M,,,,1793,0,20,MAY26,1975,i
5007780,"Singh, D.P.",IND,M,IM,,,2239,0,20,MAY26,1976,i
577055004,"Singh, Gaurav Kumar",IND,M,,,,1604,10,40,MAY26,2004,
564071928,"Singh, Harpreet",IND,M,,,,1559,0,20,MAY26,1995,
35006371,"Singh, Ishaan",IND,M,,,,1595,0,20,MAY26,2003,i
366097875,"Singh, Mani",IND,M,,,,1492,0,,MAY26,1992,i
564044254,"Singh, Neeraj",IND,M,,,,1472,0,20,MAY26,1999,
5001218,"Singh, Pritam",IND,M,,,,1960,0,20,MAY26,1973,i
5004284,"Singh, Rishpal S",IND,M,FM,FT,,2117,0,20,MAY26,1982,i
5006090,"Singh, S. Vikramjit",IND,M,,,,2121,0,20,MAY26,1982,
5081319,"Singh, Sewa",IND,M,,,,1688,0,20,MAY26,1965,i
564063283,"Singh, Shivam",IND,M,,,,1427,6,20,MAY26,2000,
25001574,"Singh, Soram Rahul",IND,M,,,,1967,0,20,MAY26,1986,
564072070,"Singh, Sukhman",IND,M,,,,1678,0,40,MAY26,2012,
5012058,"Singh, Sukhpal",IND,M,,,,1934,0,20,MAY26,1977,i
5086086,"Singh, Suresh",IND,M,,,,1853,0,20,MAY26,1975,i
5006651,"Singh, Vikram",IND,M,,,,1964,0,20,MAY26,1972,i
577043243,"Singh, Vikram",IND,M,,,,1419,5,40,MAY26,2006,
577042425,"Singh, Vyomesh",IND,M,,,,1504,6,40,MAY26,2007,
5009723,"Singh, Y. Dhanabir",IND,M,,,,2075,0,20,MAY26,1984,
25616005,Singhal Archit,IND,M,,,,1549,0,20,MAY26,2002,i
48784427,Singhal Himanshu M,IND,M,,,,1410,0,20,MAY26,2002,i
25786750,Singla Aaryan,IND,M,,,,1807,0,40,MAY26,2009,i
146104500,"Sinha, Aakrit",IND,M,,,,1663,0,,MAY26,2014,
366108360,"Sinha, Keshav",IND,M,,,,1752,8,,MAY26,2012,
564072649,"Sinha, Ojash",IND,M,,,,1510,0,40,MAY26,2012,
5004918,"Sinha, Santosh Kumar",IND,M,,,,2028,8,20,MAY26,1970,
5010667,"Sinha, Sudhir Kumar",IND,M,,,,1970,0,20,MAY26,1983,
374100160,"Sinha, Sujeet",IND,M,,,,1485,0,,MAY26,1979,
5012015,"Sinha, Sushil Kumar",IND,M,,,,1750,0,20,MAY26,1962,
46627723,Sinthia Sarkar,IND,F,,,,1683,0,,MAY26,2007,wi
531082572,Sipani Nitesh,IND,M,,,,1564,0,20,MAY26,2006,
429018455,Sirazunnisa Shaik,IND,F,,,,1602,0,40,MAY26,2010,wi
366111203,"Sirdeshpande, Amey",IND,M,,,,1467,0,,MAY26,2007,i
5089115,Sirsat Shekhar V.,IND,M,,,,1861,0,20,MAY26,1984,i
48722138,Sisika Borelli,IND,F,,,,1476,0,40,MAY26,2011,wi
25086634,Sisodia Tejsingh,IND,M,,,,1816,0,20,MAY26,1962,i
577023404,"Sisodiya, Nakshvardhan",IND,M,,,,1450,5,40,MAY26,2015,
33385220,Sistla Siva Datta Subramanya Sharma,IND,M,,,,1699,0,20,MAY26,1997,i
25148044,Sisyawar Aastha,IND,F,,,,1461,0,40,MAY26,2009,wi
35070711,"Sithaardan, Manohoran",IND,M,,,,1573,0,20,MAY26,1999,i
25794329,Siva Adithyan S,IND,M,,,,1642,9,40,MAY26,2010,
25035754,Siva Anand C,IND,M,,,,1599,0,20,MAY26,1994,i
25725807,Siva Balan G,IND,M,,,,1620,0,40,MAY26,2009,
35016148,Siva Durga Rao P,IND,M,,NI,,1510,0,20,MAY26,1981,
45044902,Siva Krishna P,IND,M,,,,1486,0,,MAY26,1989,
35063545,Siva Kumar Badireddy,IND,M,,,,1673,0,20,MAY26,1999,
25043153,Siva Mahadevan,IND,M,IM,,,2412,0,10,MAY26,2001,
25963244,Siva Manikandan R,IND,M,,,,1449,0,20,MAY26,2005,i
33361282,Siva Sai Venktrama Karthik Amudalapalli,IND,M,,,,1478,0,40,MAY26,2010,i
35037609,Siva Vamsikrishna,IND,M,,NA,,1497,0,,MAY26,1993,i
5036887,"Siva, A C",IND,M,,,,1850,0,20,MAY26,1966,i
5030056,"Siva, Swamy V.",IND,M,,,,1583,0,20,MAY26,1951,
88132129,Sivabhargav Gorugantu Venkata,IND,M,,,,1444,0,40,MAY26,2008,i
88175537,Sivaezhilan Arul Selvam,IND,M,,,,1463,7,40,MAY26,2009,
45072434,Sivaganesh Jayaprakash,IND,M,,NA,,1509,0,20,MAY26,2002,
5035180,Sivakesavulu E,IND,M,,,,1929,0,20,MAY26,1972,
88194965,Sivakumar Palanisamy,IND,M,,,,1434,0,20,MAY26,1982,i
5043760,"Sivakumar, V S",IND,M,,NA,,1612,0,20,MAY26,1974,
25613677,Sivan S Roshan,IND,M,,,,1811,9,20,MAY26,2006,
46655298,Sivanandha V,IND,M,,,,1575,0,20,MAY26,2002,i
547003200,Sivanesan S R,IND,M,,,,1506,0,20,MAY26,2000,i
5033497,"Sivaraj, M.",IND,M,,,,1877,0,20,MAY26,1976,i
25945670,Sivaram Ambikasaran,IND,M,,,,1563,0,20,MAY26,1985,i
46642021,Sivaram J,IND,M,,,,1512,0,20,MAY26,1988,i
366102062,"Sivaraman, Vidyuth",IND,M,,,,1403,0,40,MAY26,2016,i
35055690,"Sivaranjani, S",IND,F,,"NI,SI,IA",,1423,0,20,MAY26,1996,wi
25063847,Sivasankar Sudha Sathyan,IND,M,,,,1720,0,20,MAY26,1980,i
45167974,"Sivasankaran, Sansita",IND,F,,,,1578,0,20,MAY26,2007,wi
25686577,Sivasubramanian Kumaravel,IND,M,,,,1569,0,20,MAY26,1966,
45003947,Sivasubramanian M,IND,M,,,,1485,5,20,MAY26,2000,
25166735,Siya Neeraj Kushwah,IND,F,,,,1570,0,40,MAY26,2009,w
25160508,Siya Rahul Muranjan,IND,F,,,,1471,0,40,MAY26,2011,wi
547080922,Sk Fahimuddin,IND,M,,,,1512,0,20,MAY26,2005,
25689878,Sk Riaz Uddin,IND,M,,,,1512,0,20,MAY26,1974,i
48775169,Skanda Aprameya N,IND,M,,,,1508,13,,MAY26,2012,
33494517,Skanda Kayaradka,IND,M,,,,1443,0,40,MAY26,2010,
48733822,Skanda Sundar Tumuluri,IND,M,,,,1422,0,40,MAY26,2011,i
33486042,Skyla Rodrigues,IND,F,,,,1519,0,40,MAY26,2014,w
33454329,Sloka Sujith,IND,F,,,,1457,4,,MAY26,2015,w
5072573,"Smaraki, Mohanty",IND,F,,,,1897,0,20,MAY26,1998,wi
531040110,Smile Bansal,IND,F,,,,1508,0,20,MAY26,2007,w
25045121,Sneha G P S,IND,F,,,,1734,0,20,MAY26,2001,wi
25693263,Sneha Halder,IND,F,WFM,WFM,,2094,8,40,MAY26,2009,w
35049445,Sneha Merin Shaji,IND,F,,,,1595,0,20,MAY26,1998,wi
25078348,Sneha Paul,IND,F,,,,1575,0,20,MAY26,2002,wi
25732200,Snehaal Roy,IND,M,,,,1736,0,40,MAY26,2009,
88191010,Snehal Chavan,IND,M,,,,1457,5,40,MAY26,1983,
5021995,"Snehal, Bhosale",IND,M,CM,,,2121,0,20,MAY26,1990,i
88114864,Snehan S,IND,M,,,,1547,0,40,MAY26,2016,
25603213,Snehangshu Sarkar,IND,M,,,,1569,0,20,MAY26,2004,
33321256,Snehapalan L,IND,M,,,,1557,0,20,MAY26,1979,i
25917579,Snehashree K P,IND,M,,,,1405,0,20,MAY26,2004,i
25601695,Snehasish Das,IND,M,,,,1546,0,20,MAY26,2001,
531092420,Snehasish Raut,IND,M,,,,1444,0,40,MAY26,2010,
429080622,Snehasmita Ram,IND,F,,,,1429,3,40,MAY26,2017,w
25600214,Snehil Raj Singh,IND,M,,,,1678,0,40,MAY26,2008,i
25132369,Snehin Syamal,IND,M,,,,1535,0,40,MAY26,2008,i
531070744,Snehit Raj Singh,IND,M,,,,1635,0,40,MAY26,2011,
48746533,Snigdha Priya Kashyap,IND,F,,,,1450,0,40,MAY26,2008,wi
33491631,Sofian Kishore Kumar,IND,M,,,,1537,0,40,MAY26,2010,i
429034302,Sohail Khan,IND,M,,,,1587,7,40,MAY26,2013,
531009417,Sohaliya Kishor,IND,M,,,,1485,0,20,MAY26,1988,i
35026755,Soham Basu,IND,M,,,,1503,0,20,MAY26,2002,i
46609091,Soham Bhattacharyya,IND,M,,,,1611,0,20,MAY26,2005,i
35076337,Soham Biswas(2001),IND,M,,,,1476,0,20,MAY26,2001,i
429045533,Soham Chandra Sharma,IND,M,,,,1441,0,20,MAY26,2005,i
35026763,Soham Das,IND,M,IM,,,2332,0,20,MAY26,2002,i
5097169,Soham Datar,IND,M,FM,,,2092,0,20,MAY26,1994,i
547010738,Soham Desai,IND,M,,,,1702,0,20,MAY26,1996,
88129683,Soham Deshmukh,IND,M,,,,1606,18,,MAY26,2012,
46678131,Soham Dey,IND,M,,,,1873,0,20,MAY26,2004,
46647490,Soham Kamotra,IND,M,IM,,,2184,0,20,MAY26,2004,
33399018,Soham Mittal,IND,M,,,,1571,0,40,MAY26,2014,
45033994,Soham Nag,IND,M,,,,1656,0,20,MAY26,2007,i
46643591,Soham Naik,IND,M,,,,1580,0,20,MAY26,2002,i
35091840,Soham Pal,IND,M,,,,1735,0,20,MAY26,2005,i
25600206,Soham Panji,IND,M,,,,1448,0,20,MAY26,2004,i
88132056,Soham Pankajkumar Tatar,IND,M,,,,1507,0,40,MAY26,2011,
88142086,Soham Rakshit,IND,M,,,,1535,0,40,MAY26,2012,
25183206,Soham Roy,IND,M,CM,,,2026,8,40,MAY26,2010,
35092200,Soham Saha,IND,M,,,,1717,0,,MAY26,2006,
35065556,Soham Sameer Palkar,IND,M,,,,1746,0,20,MAY26,2004,i
531015077,Soham Sameer Pokarna,IND,M,,,,1759,0,20,MAY26,2005,
88152561,Soham Shrinath Chikhalkar,IND,M,,,,1488,0,40,MAY26,2013,
33373396,Soham Sonavane,IND,M,,,,1579,0,40,MAY26,2011,
33404992,Soham Sudarshan Sahamate,IND,M,,,,1523,0,40,MAY26,2012,
25175440,Soham Thombre,IND,M,,,,1524,0,20,MAY26,2006,
531040128,Soham Tiwari,IND,M,,,,1497,0,40,MAY26,2014,
25994050,Soham Vilayatkar,IND,M,,,,1416,0,20,MAY26,2006,i
25184121,Sohan Harshad S A,IND,M,,,,1418,0,,MAY26,2008,i
25180398,Sohan Kumar Behera,IND,M,,,,1450,0,40,MAY26,2011,i
33313695,Sohan Kumar Hore,IND,M,,,,1514,0,40,MAY26,2010,
531097944,Sohith Krishnaa S,IND,M,,,,1480,0,,MAY26,2017,
46607730,Solanki Abhishek,IND,M,,,,1689,0,20,MAY26,1996,
46628932,Solanki Rutvik,IND,M,,,,1705,6,20,MAY26,1999,
88113493,Solanki Shreyansh,IND,M,,,,1400,6,40,MAY26,2015,
558027920,Solanki Sumit,IND,M,,,,1455,5,40,MAY26,2009,
25747991,Sole Swanandi Anil,IND,F,,,,1447,0,40,MAY26,2009,wi
25107585,Somagnik Chakraborty,IND,M,,,,1541,0,20,MAY26,2006,
25774310,Somaiya Shreyansh,IND,M,,,,1916,0,40,MAY26,2008,
35037005,Somakanta Singh Haobam,IND,M,,,,1802,0,20,MAY26,1988,
25068571,Soman C R,IND,M,,,,1613,0,20,MAY26,1962,i
46613463,Soman Saharsha,IND,M,,FA,,1606,0,20,MAY26,1973,i
45092249,Soman Sanvee,IND,F,,,,1462,0,40,MAY26,2009,wi
5001900,"Soman, Satchidanand",IND,M,FM,,,2140,0,20,MAY26,1974,i
33406553,Somanadh Kandregula,IND,M,,,,1426,0,40,MAY26,2013,i
25066404,"Somanath, Krishnarao",IND,M,,,,1746,0,,MAY26,1966,i
531044840,Somandula Nihal Karthikeyan,IND,M,,,,1471,0,40,MAY26,2012,i
25061445,Somani Shreyansh,IND,M,,,,1650,0,20,MAY26,1994,i
366095960,"Somani, Eshaan",IND,M,,,,1438,0,,MAY26,2010,
48741132,Somdatta Das Chakladar,IND,F,,,,1498,0,40,MAY26,2013,w
45079536,Somdeb Mazumder,IND,M,,,,1539,5,,MAY26,1993,
25612271,Somdev Sadhukhan,IND,M,,,,1488,0,20,MAY26,1983,i
547086599,Somdip Ghosh,IND,M,,,,1463,0,40,MAY26,2012,
5028175,"Somesh, V.",IND,M,,,,2182,0,20,MAY26,1991,i
25644319,Someswara Battu W,IND,M,,,,1548,0,20,MAY26,1999,i
33339112,Somiddho Rajbanshi,IND,M,,,,1782,0,40,MAY26,2013,
25936468,Somineni Ravi Teja,IND,M,,,,1509,0,20,MAY26,1995,i
25961390,Somnath Banerjee,IND,M,,,,1741,0,20,MAY26,2005,i
45044155,Somnath Dalapati,IND,M,,,,1704,5,,MAY26,1993,
25964356,Somnath Das,IND,M,,,,1564,0,40,MAY26,2010,
25175297,Somraj Saha,IND,M,,,,1689,0,40,MAY26,2010,
5028400,"Somwanshi, Nathu",IND,M,,FA,,1542,0,20,MAY26,1959,i
25651102,Sona Sudhakar,IND,F,,,,1438,0,20,MAY26,2006,wi
5079632,"Sonaa, R",IND,F,,,,1584,0,20,MAY26,1997,wi
88113507,Sonagara Meetyarth,IND,M,,,,1478,0,40,MAY26,2010,
88113515,Sonagara Tasmaiv,IND,M,,,,1528,0,40,MAY26,2013,
25938029,Sonaje Neerav,IND,M,,,,1451,0,20,MAY26,2003,
5084245,Sonal Mandhana,IND,F,,,,1737,0,20,MAY26,2000,wi
33389233,Sonali Srimani Karthika Kanna,IND,F,,,,1431,0,40,MAY26,2010,wi
25119397,Sonam Bhatt,IND,F,,,,1484,0,20,MAY26,1992,w
531077951,Sonani Aditya Prakashbhai,IND,M,,,,1514,0,40,MAY26,2015,i
45099235,Sonar Rushikesh,IND,M,,,,1576,0,20,MAY26,2002,i
48784435,Sonawane Motisagar Madhukar,IND,M,,,,1432,0,20,MAY26,1983,i
25605160,Sonawane Rajendra,IND,M,,,,1525,0,20,MAY26,1958,i
25958151,Sonawane Sankalp,IND,M,,,,1461,0,40,MAY26,2010,i
577054970,"Sonawane, Prajwal Janardhan",IND,M,,,,1579,10,40,MAY26,2000,
5053714,"Soneji, Janhavi",IND,F,,,,1817,0,20,MAY26,1997,wi
25123661,Soni Atharv,IND,M,,,,1765,0,40,MAY26,2011,
46676481,Soni Deepak R,IND,M,,,,1701,0,20,MAY26,2001,i
45053634,Soni Karan,IND,M,,,,1609,0,20,MAY26,2001,i
25613405,Soni Krishna,IND,M,,,,1491,0,20,MAY26,2005,i
46607790,Soni Sangharsh,IND,M,,,,1665,0,20,MAY26,1993,
25706187,Soni Sourabh,IND,M,,NA,,1535,0,20,MAY26,1999,i
33421293,Soni Vivan,IND,M,,,,1716,0,40,MAY26,2014,i
374093781,"Soni, Deepak",IND,M,,,,1628,0,,MAY26,1991,
5008395,"Soni, Krishan",IND,M,,,,1819,0,20,MAY26,1977,
25113070,Sonia Singhania,IND,F,,NA,,1457,0,20,MAY26,1986,w
35058320,Sonkalan Bharati,IND,M,,,,1965,0,20,MAY26,2000,i
25087657,Sonkamble Bharat,IND,M,,,,1774,0,20,MAY26,1981,i
88132820,Sonkusare Ojas,IND,M,,,,1443,0,40,MAY26,2012,
25176951,Sonu Bist,IND,M,,,,1433,0,20,MAY26,1987,
5076870,Sonu Kumar,IND,M,,NA,,1651,0,20,MAY26,1994,i
35004891,Sonu Kumar,IND,M,,,,1476,0,20,MAY26,1992,i
5077613,"Sonwane, Digvijay",IND,M,,,,1811,0,20,MAY26,1999,i
72900547,"Sood, Kunaal",IND,M,,,,1609,0,20,MAY26,2007,
35014730,Sooraj M R,IND,M,,FI,,2029,0,,MAY26,1998,
25035797,Sooraj S,IND,M,,,,1771,0,,MAY26,1999,i
45099740,Sooriya B Y,IND,M,,,,1660,0,20,MAY26,2007,i
25632264,Sotta Hem Bhavik,IND,M,,,,1450,0,20,MAY26,2007,i
547073195,Soubhagya Mishra,IND,M,,,,1502,0,40,MAY26,2015,
45065942,Sougata Halder,IND,M,,,,1669,0,20,MAY26,1999,i
35092910,Souhardo Basak,IND,M,IM,,,2300,0,20,MAY26,2007,i
25673947,Souhardyo Ray,IND,M,,,,1474,0,20,MAY26,2005,i
35069918,Soumajit Kundu,IND,M,,,,1544,0,20,MAY26,1986,i
25771442,Soumalya Mondol,IND,M,,,,1858,0,20,MAY26,2006,
48703796,Soumalya Sau,IND,M,,,,1441,0,40,MAY26,2012,i
547054107,Soumavo Dubey,IND,M,,,,1409,8,40,MAY26,2017,
35086111,Soumen Mondal,IND,M,,,,1638,0,20,MAY26,1993,i
25943260,Soumick Bandopadhyay,IND,M,,,,1805,0,40,MAY26,2010,
531078303,Soumik Biswas,IND,M,,,,1504,0,20,MAY26,2006,
429027810,Soumik Chattopadhyaya,IND,M,,,,1745,9,40,MAY26,2011,
5057876,"Soumik, Datta",IND,M,,,,1841,0,,MAY26,2000,i
531072712,Soumil Chandani,IND,M,,,,1487,0,40,MAY26,2011,
531017800,Soumit Kumar,IND,M,,,,1589,0,40,MAY26,2014,
88168247,Soumitra Swapnil Kelkar,IND,M,,,,1662,0,,MAY26,2011,
25611852,Soumiya Murugan,IND,F,,,,1512,0,20,MAY26,2007,wi
25078445,Soumma Chakraborty,IND,M,,,,1917,8,20,MAY26,2004,
429096669,Soumoyajit Achar,IND,M,,,,1469,7,40,MAY26,2013,
35026810,Soumya Das,IND,M,,,,1675,0,20,MAY26,1997,
25110896,Soumya Kothari,IND,F,,,,1440,0,40,MAY26,2008,wi
5016193,"Soumya, Swaminathan",IND,F,IM,WGM,,2026,0,20,MAY26,1989,wi
45066965,Soumyadeep Maity,IND,M,,,,1683,0,20,MAY26,1998,i
33472742,Soumyadeep Nath,IND,M,,,,1861,0,40,MAY26,2014,
25769111,Soumyadeep Raha,IND,M,,,,1844,0,40,MAY26,2008,
25081810,Soumyadip Deb,IND,M,,,,1690,0,,MAY26,1998,
558038434,Soumyadip Naru,IND,M,,,,1446,0,40,MAY26,2008,
35026852,Soumyajit Das,IND,M,,,,1756,0,20,MAY26,2002,
25183222,Soumyajit Das,IND,M,,,,1545,7,40,MAY26,2011,
45065969,Soumyajit Das (Jr),IND,M,,,,1750,0,20,MAY26,2004,i
537007130,Soumyajit Karmakar,IND,M,,,,1530,0,40,MAY26,2015,
5042283,"Soumyashree, C . Ail",IND,M,,,,1424,15,40,MAY26,0,
35026879,Sounak De (1),IND,M,,,,1827,0,20,MAY26,1999,i
46627766,Sounak Maitra,IND,M,,,,1584,0,20,MAY26,2001,i
88163938,Sounak Saha,IND,M,,,,1495,8,40,MAY26,2013,
25113933,Soundararajan K,IND,M,,,,1490,0,20,MAY26,2006,i
547054174,Souraansh Sarkar,IND,M,,,,1428,0,40,MAY26,2017,
33387079,Sourabh Devaru,IND,M,,NA,,1440,0,20,MAY26,1993,
25798170,Sourabh Joshi,IND,M,,,,1578,0,,MAY26,1998,
537005154,Sourabh Ramesh Chiploonkar,IND,M,,,,1523,3,20,MAY26,1980,
558027858,Sourabh Singh,IND,M,,,,1678,0,20,MAY26,2005,
88132358,Souradeep Das,IND,M,,,,1507,0,40,MAY26,2012,
547080124,Souradeep Das,IND,M,,,,1520,7,40,MAY26,2019,
35086022,Souradip Deb,IND,M,,,,1873,0,20,MAY26,2000,i
25971662,Souradipta Mukherjee,IND,M,,,,1482,0,20,MAY26,2003,
25629166,Souran Jain M J,IND,M,,,,1463,0,40,MAY26,2009,i
25969986,Sourasis Saha,IND,M,,,,1698,0,40,MAY26,2011,
35091484,Sourath Biswas,IND,M,IM,,,2187,0,20,MAY26,2005,
25679287,Sourav Kumar Roy,IND,M,,,,1522,0,,MAY26,1992,i
35009265,Sourav Mohapatra,IND,M,,,,1647,0,20,MAY26,2003,
25931032,Sourav S,IND,M,,,,1605,0,40,MAY26,2009,
46669604,Sourav Suresh,IND,M,,FA,,1713,0,20,MAY26,1999,
531025960,Souren Chauhan,IND,M,,,,1500,7,40,MAY26,2017,
547053763,Sourish Bera,IND,M,,,,1534,9,40,MAY26,2016,
429030161,Sourish Sikdar,IND,M,,,,1561,5,40,MAY26,2012,
48726613,Sourjomoy Bhattacharjee,IND,M,,,,1528,0,20,MAY26,1995,i
558073051,Sourobrata Ray,IND,M,,,,1495,0,40,MAY26,2012,
25964445,Souryadipta Sarkar,IND,M,,,,1750,0,40,MAY26,2010,i
25950991,Soutik Pal,IND,M,,,,1405,0,,MAY26,2010,i
547042192,Soutrik Basumallick,IND,M,,,,1424,0,40,MAY26,2014,
46627782,Soutrik Maitra,IND,M,,,,1666,0,20,MAY26,2005,i
33494770,Sovan Acharjee,IND,M,,,,1487,0,20,MAY26,1997,
5084253,Sovna Sonali Jena,IND,F,,,,1582,0,20,MAY26,2001,wi
25162578,Sowmiya Devi V,IND,F,,,,1575,0,40,MAY26,2010,wi
537091425,Sowrish Vijaay S,IND,M,,,,1578,0,20,MAY26,2003,i
366109804,"SOWRRIRAJAN, SENTHIL NATHAN",IND,M,,,,1666,0,,MAY26,1981,
25936034,Sowthish Kumar K,IND,M,,,,1782,0,40,MAY26,2009,
45050074,Soyam Laxmidatt D Sabat,IND,M,,,,1726,0,40,MAY26,2008,
537069934,Spandan Bej,IND,M,,,,1441,3,40,MAY26,2013,
48700665,Spandan Debnath,IND,M,,,,1723,0,40,MAY26,2014,
33423270,Spandan Nemichand Ramteke,IND,M,,,,1653,0,40,MAY26,2011,
25073443,Spandan P Seth,IND,M,,,,1669,0,20,MAY26,2004,i
35042416,Spandan Srivastava,IND,M,,,,1751,0,,MAY26,2001,
429091896,Sparsh B Vyas,IND,M,,,,1438,0,40,MAY26,2010,
25101404,Sparsh Batra,IND,M,,,,1682,0,40,MAY26,2011,
46616497,Sparsh Bisht,IND,M,,,,1667,0,40,MAY26,2009,i
547009110,Sparsh Chatterjee,IND,M,,,,1479,5,40,MAY26,2013,
88191990,Sparsh Kamble,IND,M,,,,1514,0,40,MAY26,2012,
35064312,Sparsh Khandelwal,IND,M,,,,2045,0,,MAY26,2001,
429012635,Sparsh Pandey,IND,M,,,,1496,0,40,MAY26,2012,
33322074,Sparsh Ruhal,IND,M,,,,1582,6,40,MAY26,2009,
33341141,Sparsh Venkappa Rao,IND,M,,,,1623,0,20,MAY26,2001,i
25742310,Sparsh Yadav,IND,M,,,,1822,0,20,MAY26,2001,i
5039649,"Spencer, Alexander G",IND,M,,,,1746,0,20,MAY26,1976,i
33410526,Sragvidha S,IND,M,,,,1778,0,40,MAY26,2015,
33481393,Srajan Kumar Soni,IND,M,,,,1434,0,20,MAY26,2005,i
429060354,Sravan Raj N V,IND,M,,,,1513,0,40,MAY26,2011,
33414220,Sravyasree Bheemarasetty,IND,F,WCM,WCM,,1796,0,40,MAY26,2012,w
33442371,Sree Hari R V,IND,M,,,,1482,0,40,MAY26,2012,i
25782398,Sree Prithvingraj A,IND,M,,,,1603,0,20,MAY26,2007,i
33326150,Sree Shaunak Chanda,IND,M,,,,1865,0,40,MAY26,2011,
33475938,Sree Vathsan B,IND,M,,,,1544,0,40,MAY26,2015,i
35008730,Sree Veeramani P,IND,M,,,,1795,0,20,MAY26,1996,i
33331995,Sreeha G,IND,F,,,,1657,0,40,MAY26,2010,w
88126838,Sreehan Kumar Hore,IND,M,,,,1517,0,40,MAY26,2017,
25040570,Sreehari G,IND,M,,,,1688,0,20,MAY26,2001,i
33478163,Sreehari P,IND,M,,,,1557,0,40,MAY26,2011,i
25924680,Sreehari S,IND,M,,,,1650,0,40,MAY26,2009,
25158295,Sreehari S Mecheril,IND,M,,,,1727,18,40,MAY26,2012,
25795368,Sreehith Reddy R,IND,M,,,,1891,0,20,MAY26,2007,i
25736353,Sreejan N G,IND,M,,,,1525,0,20,MAY26,1978,i
429096707,Sreejit Achar,IND,M,,,,1414,5,40,MAY26,2015,
537054449,Sreejit Samanta,IND,M,,,,1403,0,40,MAY26,2012,
35002686,Sreejith G,IND,M,,,,1814,0,20,MAY26,1985,
33497036,Sreejith P R,IND,M,,,,1485,0,40,MAY26,2014,
45058903,Sreejith Paramparambath,IND,M,,,,1462,0,20,MAY26,1995,i
25960512,Sreejith S,IND,M,,,,1552,0,20,MAY26,2005,i
537035126,Sreejith Sudhindra,IND,M,,,,1606,6,,MAY26,2013,
10503315,"Sreejith, Ashmit",IND,M,,,,1892,0,20,MAY26,2007,
5017386,"Sreejith, G.S.",IND,M,,,,2004,0,20,MAY26,1991,i
25675974,Sreekanth Thimmugari,IND,M,,,,1611,0,20,MAY26,1998,i
45015155,Sreekar J S S,IND,M,,,,1878,0,20,MAY26,2007,i
531033466,Sreekeshav Sudeep,IND,M,,,,1511,0,40,MAY26,2014,
35006282,"Sreekumar, Aswin",IND,M,,,,1746,0,20,MAY26,2001,i
25756168,Sreekuttan A V,IND,M,,,,1549,0,20,MAY26,1972,i
531062539,Sreenand Arun,IND,M,,,,1483,1,,MAY26,2017,
531097189,Sreenanda S,IND,F,,,,1556,0,40,MAY26,2013,w
429050910,Sreenath Thangaram,IND,M,,,,1441,0,40,MAY26,2016,i
531017525,Sreenithy Manivannan,IND,F,,,,1492,0,20,MAY26,2002,wi
33496749,Sreenivas S Krishnan,IND,M,,,,1579,0,40,MAY26,2009,
25966090,Sreerag Padman,IND,M,,,,1830,0,20,MAY26,2006,
25909452,Sreeram Maheswar,IND,M,,,,1574,0,,MAY26,1976,
48744980,Sreeram Pavan Nemani,IND,M,,,,1511,0,20,MAY26,1987,i
531009794,Sreeram Senthilkumar,IND,M,,,,1478,0,,MAY26,2011,i
33397813,Sreesha Kandi,IND,F,,,,1541,0,40,MAY26,2012,wi
46664521,Sreeshwan Maralakshikari,IND,M,IM,,,2308,0,20,MAY26,2006,i
48732478,Sreetej B,IND,M,,,,1696,0,40,MAY26,2010,i
25995227,Sreevas S,IND,M,,,,1698,0,20,MAY26,2006,i
25654063,Sreevathsan H,IND,M,,,,1522,0,20,MAY26,2005,i
46614630,Sreevijay Sunil,IND,M,,,,1629,0,20,MAY26,2006,i
25686992,Sreshtha Dutta,IND,F,,,,1539,0,20,MAY26,2005,w
531022170,Sreyan Dhar,IND,M,,,,1406,0,40,MAY26,2015,
429056217,Sreyansh Thumati,IND,M,,,,1578,0,40,MAY26,2018,
531095437,Sreyas Banerjee,IND,M,,,,1560,0,,MAY26,2013,
46674969,Sreyas Payyappat,IND,M,FM,,,2045,0,40,MAY26,2008,
531022189,Sreyash Dhar,IND,M,,,,1420,0,40,MAY26,2015,
25930087,Sri Akhil Prasad,IND,M,,,,1893,0,40,MAY26,2012,
25174657,Sri Charan Sandipagu,IND,M,,,,1790,0,40,MAY26,2009,
33474095,Sri Darshini T,IND,F,WCM,WCM,,1604,0,40,MAY26,2012,wi
25105310,Sri Deepa Devi,IND,F,,,,1515,7,40,MAY26,2008,w
33396019,Sri Hari A S,IND,M,,,,1701,0,40,MAY26,2011,
45061610,Sri Hari K,IND,M,,,,1481,0,20,MAY26,2000,i
46656812,Sri Hari S,IND,M,,,,1522,0,20,MAY26,2005,i
25745190,Sri Harinandan G,IND,M,,,,1642,20,40,MAY26,2011,
45093474,Sri Harsha N M S V,IND,M,,,,1569,0,20,MAY26,2002,i
558045910,Sri Harsha Pamidi,IND,M,,,,1607,0,20,MAY26,1993,
429090555,Sri Karthikeya Ganji,IND,M,,,,1417,0,40,MAY26,2016,
35028995,Sri Kausthubha H,IND,M,,,,1635,0,20,MAY26,2000,i
45044554,Sri Krishna H V,IND,M,,,,1558,0,20,MAY26,2001,i
33471061,Sri Krishna K,IND,M,,,,1511,0,20,MAY26,2006,
531060420,Sri Krishna Vivek Madabushi,IND,M,,,,1434,0,40,MAY26,2014,i
45003955,Sri Krishnan Balagopalan,IND,M,,,,1487,0,20,MAY26,2000,i
88177416,Sri Mithun U,IND,M,,,,1507,0,40,MAY26,2012,
88179907,Sri Nikesh Jammalamadaka,IND,M,,,,1545,0,40,MAY26,2013,
25199129,Sri Raj Siddhartha P,IND,M,,,,1463,0,40,MAY26,2010,i
33486840,Sri Ram Karthik Madineedi,IND,M,,,,1572,10,40,MAY26,2014,
48731196,Sri Ram S,IND,M,,,,1416,0,40,MAY26,2010,i
88118495,Sri Ramalakshmi R,IND,F,,,,1447,0,40,MAY26,2012,wi
531086489,Sri Saai Preetham Kankanala,IND,M,,,,1529,0,,MAY26,2014,
33338108,Sri Sabari Karthick T M,IND,M,,,,1453,0,20,MAY26,2007,i
25088793,Sri Sai Baswanth P,IND,M,,,,1955,0,20,MAY26,1998,
33392978,Sri Sai Vedaansh P,IND,M,,,,1624,0,40,MAY26,2013,
33493200,Sri Sai Vibhu Narkedimilli,IND,M,,,,1452,0,40,MAY26,2016,
88135330,Sri Saketh Ram Korumilli,IND,M,,,,1455,0,40,MAY26,2014,
5055636,"Sri Sakthivel Murugan, C",IND,M,,,,1818,0,20,MAY26,1985,i
25981552,Sri Sanjay Mukil G,IND,M,,,,1519,0,20,MAY26,2007,
33388610,Sri Santosh Sadanala,IND,M,,,,1464,0,40,MAY26,2011,
33368996,Sri Shiva Tejo Karthikeya K,IND,M,,,,1578,0,,MAY26,2014,
25724169,Sri Surya Bharathi S,IND,M,,,,1539,0,20,MAY26,2004,i
25740539,Sri Ujwal C V,IND,M,,,,1615,0,20,MAY26,2006,
88119050,Sri Vaibhavan M,IND,M,,,,1423,0,40,MAY26,2014,
45051453,Sri Venkatesan S,IND,M,,,,1504,0,20,MAY26,2002,i
25042653,Sri Vishnu Praba S,IND,F,,,,1613,0,20,MAY26,2000,wi
45030081,Sriansh Das,IND,M,FM,,,1900,0,40,MAY26,2009,
33377006,Sriansh Sinha,IND,M,,,,1790,0,20,MAY26,2007,
25925881,Sricharan Chandrasekhar,IND,M,,,,1435,0,20,MAY26,2005,i
46653856,Sridaar KS,IND,M,,,,1605,0,20,MAY26,2000,i
5000769,Sridhar C S,IND,M,,,,1768,18,20,MAY26,1963,
5006457,Sridhar J,IND,M,,,,1963,0,20,MAY26,1975,i
25939548,Sridhar M,IND,M,,,,1490,0,20,MAY26,1999,i
48744913,Sridhar Srinivasan,IND,M,,NA,,1423,0,20,MAY26,2005,i
5019168,Sridharan Ramanathan,IND,M,,,,1782,0,20,MAY26,1965,i
429069190,Sridipto Bhattacharya,IND,M,,,,1517,3,40,MAY26,2013,
558002987,Srihari Abhilash,IND,M,,,,1431,0,40,MAY26,2013,
45087288,Srihari K R,IND,M,,,,1733,9,20,MAY26,2005,
46642056,Srihari L,IND,M,IM,,,2321,0,20,MAY26,2004,
46617116,Srihari L R,IND,M,GM,,,2318,9,20,MAY26,2005,
429083508,Sriharikrishna S,IND,M,,,,1501,0,40,MAY26,2016,
25744011,Sriharini Anbazhagan,IND,F,,,,1468,0,40,MAY26,2010,wi
429000700,Sriharini Perungosh,IND,F,,,,1462,5,40,MAY26,2013,w
33378614,Sriharsh Shibu Nair,IND,M,,,,1543,0,,MAY26,2011,i
25787489,Sriharsha E M,IND,M,,,,1442,0,20,MAY26,1997,
5055903,"Srija, Seshadri",IND,F,WGM,WGM,,2034,0,20,MAY26,1997,w
25611356,Srijak Sengupta,IND,M,,,,1982,0,40,MAY26,2008,i
429030455,Srijan Basak,IND,M,,,,1519,0,40,MAY26,2012,i
35093118,Srijan Chatterjee,IND,M,,,,1737,8,40,MAY26,2009,
48745049,Srijan Dhanaraja,IND,M,,,,1568,0,40,MAY26,2011,
537070002,Srijan Mandal,IND,M,,,,1507,0,40,MAY26,2017,
429010187,Srijani Naskar,IND,F,,,,1455,0,40,MAY26,2016,w
429010705,Srijit Debnath,IND,M,,,,1486,0,,MAY26,2016,
5094798,Srijit Paul,IND,M,IM,,,2232,10,20,MAY26,2001,
48741302,Srijit Saha,IND,M,,,,1482,0,40,MAY26,2012,
25746650,Srijita Das,IND,F,,,,1467,0,,MAY26,2013,wi
25078488,Srijita Sarkar,IND,F,,,,1531,0,20,MAY26,2004,wi
33442215,Srijon Saha,IND,M,,,,1979,0,40,MAY26,2009,
25992988,Srijon Shankar Choudhury,IND,M,,,,1422,0,20,MAY26,2007,i
531016227,Srikaanth Srinivasan,IND,M,,,,1490,15,20,MAY26,1994,
45027234,Srikant Nayak A,IND,M,,,,1546,0,20,MAY26,2004,i
33399824,Srikanth Mohan,IND,M,,,,1404,0,20,MAY26,2002,i
35066285,Srikanth Myakala,IND,M,,,,1663,0,,MAY26,1997,
25018361,Srikanth S,IND,M,,,,1599,0,20,MAY26,1982,i
25774735,Srikanth T J V K,IND,M,,,,1585,0,20,MAY26,2005,i
558077545,Srikanth Thammisetty,IND,M,,,,1681,0,20,MAY26,1986,
25626736,Srikanth V,IND,M,,,,1586,0,20,MAY26,1965,i
33337730,Srikanth Yarramreddy,IND,M,,,,1621,0,20,MAY26,1996,i
5002001,"Srikanth, G.",IND,M,,,,1965,0,20,MAY26,1965,i
5033500,"Srikanth, K.",IND,M,,,,1939,0,20,MAY26,1988,i
429017564,Srikar G V B,IND,M,,,,1687,0,20,MAY26,2007,
558065741,Srikar Reddy Rachamreddy,IND,M,,,,1509,0,40,MAY26,2016,
25053060,Srikar Yerrabati,IND,M,,,,1651,0,20,MAY26,1993,i
25100599,Srikara Darbha,IND,M,,,,1814,19,20,MAY26,2007,
45011095,Srikrishnan P,IND,M,,,,1906,0,20,MAY26,2005,i
88102807,Srilasya Bonala,IND,F,,,,1406,0,40,MAY26,2012,wi
45046174,Srilaxmi Kamat,IND,F,,,,1525,0,,MAY26,2008,wi
45093091,Sriman Prabhu M K,IND,M,,,,1502,0,20,MAY26,2005,i
25912070,Sriman V,IND,M,,,,1589,6,40,MAY26,2010,
35073346,Srimannarayana K S S,IND,M,,,,1498,0,20,MAY26,1966,i
25065378,Srimathi R,IND,F,,,,1806,0,20,MAY26,2002,wi
45085510,Srinadh Madhavarapu,IND,M,,,,1581,0,20,MAY26,1992,i
33369674,Srinadh Panchumarthi,IND,M,,NA,,1449,0,20,MAY26,1984,i
25955152,Srinandhan A,IND,M,,,,1534,0,40,MAY26,2012,i
5028876,"Srinath, Rao S.V.",IND,M,IM,,,2304,0,20,MAY26,1997,
5081726,Srinath.V,IND,M,,,,1764,0,20,MAY26,1993,i
45064415,Srinidhi B S,IND,M,,,,1671,0,20,MAY26,1990,i
5053897,"Srinidhi, S",IND,F,,SI,,1791,0,,MAY26,1993,wi
33415943,Srinika Ghosh,IND,F,,,,1472,0,,MAY26,2011,w
25123521,Srinika S,IND,F,,,,1501,0,40,MAY26,2014,wi
48739901,Srinikhila Yadavilli,IND,F,,,,1519,0,40,MAY26,2017,w
25907522,Srinish Udhayan M,IND,M,,,,1706,0,40,MAY26,2008,
33494525,Srinith Shet,IND,M,,,,1418,6,40,MAY26,2017,
25912992,Srinithi S,IND,F,,,,1668,0,40,MAY26,2011,w
45007675,Srinivas Ganesan,IND,M,,,,1432,0,20,MAY26,2001,i
25748610,Srinivas Gopal Reddy K,IND,M,,,,1664,0,20,MAY26,2006,
46670653,Srinivas Goud Yenumula,IND,M,,,,1466,0,20,MAY26,1984,i
429071313,Srinivas Lokoju,IND,M,,,,1499,0,20,MAY26,1962,
45028290,Srinivas Nayak S,IND,M,,,,1468,0,20,MAY26,1994,
5012490,"Srinivas, G",IND,M,,,,1876,0,20,MAY26,1960,i
5021235,"Srinivas, Menon",IND,M,,,,1939,0,20,MAY26,1986,i
35063588,Srinivasa Rao Bayya,IND,M,,,,1693,0,20,MAY26,1969,
35073303,Srinivasa Rao S,IND,M,,,,1474,0,20,MAY26,1973,i
35016210,Srinivasa Rao Tummalapali,IND,M,,,,1740,0,20,MAY26,1985,i
5006449,"Srinivasa Rao, M.",IND,M,FM,,,2091,0,20,MAY26,1975,i
25067460,Srinivasa Reddy M,IND,M,,,,1676,0,20,MAY26,1975,i
5000602,"Srinivasa, Rao G.V.",IND,M,,,,2021,0,20,MAY26,1960,i
46671870,Srinivasan K A,IND,M,,,,1704,0,20,MAY26,1965,i
25925660,Srinivasan N,IND,M,,,,1504,0,20,MAY26,1985,
25619063,Srinivasan Subramaniam,IND,M,,,,1812,0,,MAY26,2007,
25688600,Srinivasan Vijayaraghavan,IND,M,,,,1597,0,20,MAY26,2004,i
46655336,Srinivasaraj S,IND,M,,,,1531,0,20,MAY26,2006,i
48727415,Srinjay Shrinivas Shankar,IND,M,,,,1626,0,,MAY26,2008,i
429017955,Srinjini Biswas,IND,F,,,,1429,3,40,MAY26,2015,w
48764175,Srinjoy Nag Majumdar,IND,M,,,,1613,8,40,MAY26,2012,
25993895,Sriparameshwaran Iyer,IND,M,,,,1555,0,20,MAY26,2002,
537070738,Sriparna Gure,IND,F,,,,1445,5,40,MAY26,2012,w
25723162,Sripathi Punchithaya K,IND,M,,,,1406,13,20,MAY26,1963,
33356181,Sripathi Surendar,IND,M,,,,1613,0,40,MAY26,2008,
25996053,Sriraam Raja Kumar,IND,M,,,,1614,0,20,MAY26,1989,i
88173950,Sriraj Manikandanilayam,IND,M,,,,1531,0,40,MAY26,2011,
33319782,Sriram Adarsh Uppala,IND,M,IM,,,2105,0,40,MAY26,2010,
25160907,Sriram Alwala,IND,M,,,,1562,0,40,MAY26,2011,i
35009850,Sriram B,IND,M,,,,1772,0,20,MAY26,2005,i
35076043,Sriram Badrinarayan,IND,M,,,,1528,0,20,MAY26,2004,
35072854,Sriram C,IND,M,,,,1561,0,20,MAY26,2001,i
429078342,Sriram D,IND,M,,,,1709,9,40,MAY26,2009,
35032011,Sriram G,IND,M,,,,1432,0,20,MAY26,1999,i
33429022,Sriram J,IND,M,,,,1522,0,40,MAY26,2009,i
88118045,Sriram Palaniappan,IND,M,,,,1545,0,40,MAY26,2013,
33384576,Sriram Pandi S P,IND,M,,,,1635,0,40,MAY26,2009,
33362467,Sriram Poola,IND,M,,,,1512,0,40,MAY26,2011,i
35055291,Sriram S,IND,M,,,,1620,8,20,MAY26,2004,
45026599,Sriram S,IND,M,,,,1470,0,20,MAY26,2001,i
25716751,Sriram S N,IND,M,,,,1480,0,20,MAY26,2006,i
88158322,Sriram Sai,IND,M,,,,1576,0,40,MAY26,2011,i
35037021,Sriram Srikrishnan,IND,M,,,,1587,0,20,MAY26,1991,i
88195155,Sriram Srinivasan,IND,M,,,,1469,0,20,MAY26,2001,
88110940,Sriram Srinivasan Shailaja,IND,M,,,,1479,9,40,MAY26,2013,
25698923,Sriram Sundar V,IND,M,,,,1549,0,40,MAY26,2009,
88194957,Sriram T S,IND,M,,"NI,NA",,1419,0,20,MAY26,2000,i
46650601,Sriram Udhayakumar,IND,M,,,,1812,0,,MAY26,2004,i
45026602,Sriram Venkatesan,IND,M,,,,1551,0,20,MAY26,2006,i
5001668,"Sriram, Jha",IND,M,GM,,,2192,0,10,MAY26,1976,
5053927,"Sriram, R",IND,M,,IA,,1803,0,20,MAY26,1993,i
5014018,"Sriram, Sarja",IND,M,,,,2175,0,20,MAY26,1988,i
35017675,Sriranjani N R,IND,F,,,,1543,0,20,MAY26,2001,wi
46651373,Srirup Saha,IND,M,,,,1590,0,20,MAY26,2006,i
25649760,Srishanthi G,IND,F,,,,1568,0,40,MAY26,2009,wi
25600133,Sritama Sen,IND,F,,,,1603,0,20,MAY26,2006,wi
48745081,Srivallabhan Sriram,IND,M,,,,1494,0,40,MAY26,2010,i
45072809,Srivardhan Reddy Devareddy,IND,M,,,,1636,9,20,MAY26,2002,
25776053,Srivarshan S,IND,M,,,,1445,0,40,MAY26,2008,i
547049375,Srivarshini P,IND,F,,,,1583,6,40,MAY26,2013,w
33400261,Srivarshini Tanmayi Tadinada,IND,F,,,,1552,0,,MAY26,2014,w
25021281,Srivastav Abhijeet,IND,M,,,,1656,0,20,MAY26,1992,i
35022199,Srivastav Harsh,IND,M,,,,1712,0,20,MAY26,1998,i
5027683,"Srivastav, J.p",IND,M,,,,1700,0,20,MAY26,1963,
25779702,Srivastava Arnav,IND,M,,,,1707,0,20,MAY26,2005,i
25076680,Srivastava Rajesh K.,IND,M,,,,1878,0,20,MAY26,1967,i
5013402,"Srivastava, Mithilesh Kumar",IND,M,,,,1859,0,20,MAY26,1976,i
25010590,"Srivastava, Pratyush",IND,M,,,,1908,0,20,MAY26,1998,i
5023734,"Srivastava, V.K.",IND,M,,,,1562,0,20,MAY26,1950,
25684248,Srivatsan Karthikeyan,IND,M,CM,,,1888,0,20,MAY26,2007,
33375992,Srivatsan S,IND,M,,,,1496,0,20,MAY26,2002,i
25738020,Srivishva Barath Ragavesh,IND,M,,,,1699,0,40,MAY26,2008,
537002023,Sriya Kumar,IND,F,,,,1473,9,40,MAY26,2015,w
45053359,Sriyansh Deota,IND,M,,,,1689,0,20,MAY26,2007,
537010670,Sriyanshi Behera,IND,F,,,,1494,0,40,MAY26,2010,w
35072846,Srudi Veena G,IND,F,,,,1420,0,20,MAY26,2001,wi
45037922,Srujan Keerthan Solletti,IND,M,,,,1913,0,20,MAY26,2005,
25049143,Srujan Kumar G,IND,M,,,,1741,0,20,MAY26,1991,
25187228,Srujanika Gupta,IND,F,,,,1570,0,40,MAY26,2009,wi
25100300,Srunjay Kolluru,IND,M,,FA,,1453,0,20,MAY26,1982,i
45072302,Ssathyan S R,IND,M,,,,1642,0,,MAY26,2003,i
33335648,Stalin K,IND,M,,,,1590,0,20,MAY26,2006,
531097278,Stalin Rodrigues,IND,M,,,,1511,0,40,MAY26,2009,i
45033340,Stanley Blessing J V,IND,M,,,,1825,0,20,MAY26,2007,
564040364,"Stanley Meethoiba, Lourembam",IND,M,,,,1543,0,40,MAY26,2014,
5016452,"Stanley, Samson P.",IND,M,,,,1903,0,20,MAY26,1983,i
5029104,"Stany, G.A.",IND,M,GM,,,2473,0,10,MAY26,1993,
46631372,Stavan Jain,IND,M,,,,1615,0,20,MAY26,2003,i
48722863,Stephen Andrews,IND,M,,,,1468,0,40,MAY26,2018,i
11202459,"Stephen, Ryan",IND,M,,,,1699,0,20,MAY26,2003,i
35068091,Stephin Joy,IND,M,,"NI,NA",,1476,0,20,MAY26,1989,i
531097359,Steve Rodrigues,IND,M,,,,1442,0,40,MAY26,2013,i
45074844,Steve Rohan S,IND,M,,,,1554,0,40,MAY26,2009,i
48700967,Stevie Abraham Wilfred,IND,M,,,,1548,0,40,MAY26,2008,i
48779954,Stuthi Nayak,IND,F,,,,1529,0,,MAY26,2013,wi
45015953,Stuti Aishwary,IND,F,,,,1569,0,40,MAY26,2008,wi
537006991,Stuti Bajaj,IND,F,,,,1454,3,,MAY26,2015,w
5084261,Stuti Dewan,IND,F,,,,1675,0,20,MAY26,2000,wi
33402159,Stuti Pradeep,IND,F,,,,1661,0,40,MAY26,2011,w
33351040,Suba Shree T,IND,F,,,,1483,0,40,MAY26,2008,wi
35017560,Subalakshmi M S,IND,F,,,,1671,0,20,MAY26,2001,wi
25128957,Subarna Sengupta,IND,F,,,,1433,0,40,MAY26,2011,w
45050899,Subash Anand,IND,M,,,,1614,0,20,MAY26,1994,
5099285,Subash Sanker D M,IND,M,,NA,,1776,0,20,MAY26,1997,i
46648178,Subashree Ranganathan,IND,F,,,,1482,0,20,MAY26,2006,wi
46653899,Subba Rao P Venkata,IND,M,,,,1670,0,20,MAY26,1976,
45009953,Subbhu Karthick S M,IND,M,,,,1788,0,20,MAY26,2003,i
45084467,Subbiah Vignesh Rm,IND,M,,,,1584,0,20,MAY26,2004,i
35086448,Subbulakshmi K,IND,F,,,,1469,0,20,MAY26,2004,wi
46629394,Subhabrata Roy,IND,M,,,,1888,0,,MAY26,2003,
35088610,Subhacharan M,IND,M,,,,1508,0,20,MAY26,2007,i
25962710,Subhadeep Maji,IND,M,,,,1508,6,40,MAY26,2006,
5098742,Subhajit Bhattacharyya,IND,M,,,,1977,0,20,MAY26,1980,i
5053951,Subhajit Dhar,IND,M,,,,1807,0,20,MAY26,1990,
5053960,"Subhajyoti, Saha",IND,M,,,,1661,0,20,MAY26,1993,
25971247,Subhakanta Nayak,IND,M,,,,1513,0,20,MAY26,2005,i
25923870,Subham Bhattacharjee,IND,M,,,,1644,0,20,MAY26,2007,
88166554,Subham Dahiya,IND,M,,,,1483,0,40,MAY26,2010,
25982117,Subham Kumar Prasad,IND,M,,,,1572,0,,MAY26,2003,
429036348,Subham Rakshit,IND,M,,,,1415,0,20,MAY26,1994,
25081837,Subham Saha,IND,M,,,,1755,0,20,MAY26,1992,i
33459703,Subham Sahu,IND,M,,,,1426,4,40,MAY26,2014,
25929402,Subhang Agrawal,IND,M,,,,1469,0,,MAY26,2012,
25039466,Subhas Roy,IND,M,,,,1686,0,20,MAY26,1989,i
45000662,Subhash K V,IND,M,,,,1849,0,20,MAY26,2001,i
531048382,Subhash Pawar,IND,M,,,,1433,0,40,MAY26,2014,
564041255,Subhash Singha,IND,M,,,,1421,0,20,MAY26,1972,
5014611,"Subhashi, Vipal",IND,M,,,,2083,0,20,MAY26,1988,
5076897,Subhashis Ray Chowdhury,IND,M,,,,1662,0,20,MAY26,1961,i
25008153,Subhasis Barik,IND,M,,,,1873,0,20,MAY26,2002,i
33327149,Subhasmita Priyadarshini,IND,F,,,,1482,0,40,MAY26,2013,w
5094801,Subhayan Kundu,IND,M,IM,,,2220,0,20,MAY26,2001,
33493324,Subhdeep Priyadarshan,IND,M,,,,1530,0,40,MAY26,2011,
5098750,Subhendu Guha,IND,M,,,,1466,0,20,MAY26,1983,
25176200,Subhobrata Paul,IND,M,,,,1420,0,40,MAY26,2009,i
5036704,"Subhra, Banerjee",IND,M,,,,1872,0,20,MAY26,1976,i
48726621,Subhradeep Roy,IND,M,,,,1726,0,40,MAY26,2011,
25945238,Subhrajit Dey,IND,M,,,,1855,0,20,MAY26,2007,i
537002716,Subiksha G,IND,F,,,,1416,0,40,MAY26,2016,w
25766538,Subin Kurian Thomas,IND,M,,,,1608,0,20,MAY26,1989,i
25942182,Subin Thomas John,IND,M,,,,1454,0,20,MAY26,1983,i
5058945,Subin.t,IND,M,,,,1639,0,20,MAY26,1991,i
46651381,Subir Kumar Dey,IND,M,,,,1535,7,40,MAY26,1960,
35028367,Subir Roy,IND,M,,,,1699,0,20,MAY26,1963,i
46618147,Subramaniam S,IND,M,,,,1446,0,20,MAY26,2002,i
35079735,Subramanian A,IND,M,,NA,,1598,0,,MAY26,1997,i
25012177,Subramanian PL,IND,M,,,,1851,0,20,MAY26,1998,i
25085743,Subramanian R P,IND,M,,,,1811,0,20,MAY26,1998,i
88134768,Subramanian S,IND,M,,,,1487,0,40,MAY26,2013,i
5096812,"Subramanian, R M",IND,M,,,,1776,0,20,MAY26,1996,
5002036,"Subramanian, S.C.",IND,M,CM,,,2040,0,20,MAY26,1967,i
5041198,"Subramanian, T.V.",IND,M,,,,1621,0,20,MAY26,1934,
5001471,"Subramanian, V",IND,M,,,,1808,0,20,MAY26,1955,i
531081673,Subramanyam K H,IND,M,,,,1536,0,40,MAY26,2009,i
25023594,Subrata Chakraborty,IND,M,,,,1726,0,20,MAY26,1966,
45022461,Subrata Nandy Roy,IND,M,,,,1612,0,20,MAY26,1968,
5080959,"Subuddhi,Ramesh Kumar",IND,M,,,,1831,0,20,MAY26,1979,i
537007602,Suchandra Majumdar,IND,F,,,,1482,0,,MAY26,2015,w
33418063,Suchir Krishna N S,IND,M,,,,1467,0,,MAY26,2009,i
88162141,Suchit Mandal,IND,M,,,,1554,0,40,MAY26,2014,i
25978519,Sudarsan L P,IND,M,,,,1735,0,40,MAY26,2010,i
45002533,Sudarsan P,IND,M,,,,1575,0,20,MAY26,2002,
45026629,Sudarshan B,IND,M,,,,1528,0,20,MAY26,2003,i
33455953,Sudarshan Balaji,IND,M,,,,1404,0,40,MAY26,2012,i
35070843,Sudarshan Bhat,IND,M,CM,,,1928,0,20,MAY26,2000,
25025317,Sudarshan Gopal,IND,M,,,,1772,0,20,MAY26,1998,i
25008161,Sudarshan Mitra,IND,M,,,,1876,0,20,MAY26,2000,i
48764183,Sudarshan Vajjhala,IND,M,,,,1571,0,20,MAY26,2007,i
5028736,"Sudarshan, Malga",IND,M,,,,1871,9,20,MAY26,1998,
33489149,Sudarshana A Y,IND,F,,,,1480,0,,MAY26,2014,wi
33332428,Sudattha S Rao K,IND,M,,,,1568,0,20,MAY26,2000,i
45050090,Sudeep S,IND,M,,,,1582,0,20,MAY26,1993,i
5083842,Sudeepan K S,IND,M,,,,1615,0,20,MAY26,1988,i
531071201,Sudhakanto Das,IND,M,,,,1415,0,40,MAY26,2010,i
25016083,Sudhakar,IND,M,,NA,,1663,0,,MAY26,1973,
25717146,Sudhakar H,IND,M,,NI,,1403,0,,MAY26,1973,i
35035762,Sudhakar Patgar,IND,M,,NA,,1646,0,,MAY26,1984,i
35054139,Sudhakar T,IND,M,,,,1581,0,20,MAY26,1989,i
88139298,Sudhan Deo,IND,M,,,,1575,0,,MAY26,1979,
537035711,Sudhanshu Maurya,IND,M,,,,1544,0,20,MAY26,1995,
429094046,Sudhanshu Muluka,IND,M,,,,1700,0,40,MAY26,2010,i
45073228,Sudhanshu Ranjan,IND,M,,,,2071,0,20,MAY26,2000,
48798673,Sudhanva D S,IND,M,,,,1656,0,40,MAY26,2011,i
537019341,Sudhanva R Hunagund,IND,M,,,,1632,0,40,MAY26,2012,
46614753,Sudharsan Gurukrishnan,IND,M,,,,1785,0,20,MAY26,2001,i
429002397,Sudharsan R,IND,M,,,,1421,6,40,MAY26,2012,
33463522,Sudharshan R,IND,M,,,,1407,0,40,MAY26,2008,i
25060287,Sudharshan T R,IND,M,,,,1533,0,20,MAY26,1999,i
25701983,Sudharshan Varadarajan,IND,M,,,,1558,0,40,MAY26,2008,i
25002953,Sudharsun V,IND,M,,,,1572,0,20,MAY26,1997,i
45016852,Sudheer Kumar S V,IND,M,,,,1538,0,20,MAY26,1991,
46686720,Sudheer M K,IND,M,,,,1603,0,20,MAY26,1972,
46696474,Sudheera Satyanarayana,IND,M,,,,1627,0,20,MAY26,1981,i
25172778,Sudhesh Mayan K,IND,M,,,,1716,17,40,MAY26,2012,
25014048,"Sudhir Kumar, Behera",IND,M,,,,1785,0,,MAY26,1965,
5023750,"Sudhir, S.",IND,M,,,,2055,0,20,MAY26,1981,i
25923021,Sudipta Chowdhury,IND,M,,,,1452,1,20,MAY26,1981,
25734466,Sudipto Dam,IND,M,,,,1634,0,20,MAY26,2003,
48783269,Sudipto Paul,IND,M,,,,1512,0,40,MAY26,2016,
564045820,"Sufa, Shayal",IND,M,,,,1551,0,40,MAY26,2015,
46626522,Suganthan S,IND,M,,,,1868,0,20,MAY26,2004,i
33489416,Suganthavaneshvaran G K,IND,M,,,,1545,0,40,MAY26,2014,
537026224,Sugith G,IND,M,,,,1600,0,40,MAY26,2013,
547065834,Sugreev Kumar,IND,M,,,,1571,0,20,MAY26,1994,
5030641,"Sugunesh, Babu",IND,M,,,,1573,0,20,MAY26,1963,
531020437,Suhaan Mustak Pathan,IND,M,,,,1587,0,,MAY26,2011,
88119190,Suhaan Pande,IND,M,,,,1579,0,40,MAY26,2012,
33396310,Suhaan Sukumar,IND,M,,,,1415,0,40,MAY26,2011,
45015961,Suhaani Lohia,IND,F,WCM,WCM,,1623,0,40,MAY26,2009,w
25697374,Suhaas A,IND,M,,,,1687,0,40,MAY26,2010,i
48747343,Suhaas Maddi,IND,M,,,,1435,0,,MAY26,2013,
25026615,Suhaib Ahmad,IND,M,,,,1540,0,20,MAY26,1995,
48716740,Suhan Pati,IND,M,,,,1721,0,40,MAY26,2010,i
25136682,Suhas G S,IND,M,,,,1415,0,20,MAY26,2004,i
46650610,Suhas M,IND,M,,,,1661,0,20,MAY26,1991,i
33385645,Suhas Mrinal,IND,M,,,,1513,0,40,MAY26,2008,i
531049745,Suhas Suresh Shetiya,IND,M,,,,1486,0,20,MAY26,1986,
5020166,"Suhas, B. Asnodkar",IND,M,,,,1814,0,20,MAY26,1960,i
33341150,Suheb Khan N,IND,M,,,,1549,0,20,MAY26,1997,i
45080747,Suhrud Sudheer Acharya K,IND,M,,,,1806,8,20,MAY26,2004,
531004695,Sujal Sharma,IND,M,,,,1504,0,,MAY26,2005,
25156551,Sujan D,IND,M,,,,1459,0,40,MAY26,2012,i
45014949,Sujan Maddipati,IND,M,,,,1538,0,20,MAY26,2003,i
25186850,Sujan Sahu,IND,M,,,,1472,0,20,MAY26,1999,
45018782,Sujan Sami,IND,M,,,,1443,0,20,MAY26,1979,i
25704460,Sujay B M,IND,M,,,,1751,0,20,MAY26,1999,i
547090774,Sujay Bobbili,IND,M,,,,1409,2,40,MAY26,2012,
25693492,Sujay Jain,IND,M,,,,1546,0,20,MAY26,2007,i
5039274,"Sujay Kumar, Dam",IND,M,,,,1694,0,20,MAY26,1964,
33393664,Sujay Sunil Bayalan,IND,M,,,,1433,0,40,MAY26,2011,i
547048395,Sujay V K,IND,M,,,,1456,0,20,MAY26,1985,
33406588,Sujay Yelamarthi,IND,M,,,,1461,0,40,MAY26,2014,
45047804,Sujeet Kumar Chaudhari,IND,M,,,,1678,0,20,MAY26,1999,i
35095331,Sujit kumar Dhar,IND,M,,,,1482,0,20,MAY26,1949,
429057507,Sujit Kumar Roy,IND,M,,,,1479,0,20,MAY26,1970,i
25001370,Sujit Prathameesh R,IND,M,,,,1578,0,20,MAY26,2001,i
45009376,Sujit Varghese,IND,M,,,,1530,0,,MAY26,1974,i
25156519,Sujith George,IND,M,,,,1428,0,20,MAY26,1994,i
5064040,Sujith K J,IND,M,,,,1621,0,20,MAY26,1992,i
35070665,"Sujith Kumar,A",IND,M,,,,1510,0,20,MAY26,1998,i
45080208,Sujith S,IND,M,,,,1412,0,20,MAY26,1979,
558088369,Sujoy Suresh,IND,M,,,,1415,0,40,MAY26,2012,
45056420,Suka Murmu,IND,M,,,,1548,0,40,MAY26,2008,
88142655,Sukant B A,IND,M,,,,1656,0,40,MAY26,2014,
25039172,Sukanta Dutta,IND,M,,,,1825,0,20,MAY26,1975,i
531028543,Sukeerth B M,IND,M,,,,1503,0,40,MAY26,2010,i
25624814,Sukesh R K,IND,M,,,,1446,0,40,MAY26,2008,i
25902768,Sukhhraj Singh Chhabra,IND,M,,,,1499,0,40,MAY26,2008,i
547073489,Sukreet Majumder,IND,M,,,,1459,5,40,MAY26,2015,
429045436,Sukrit Chandra Sharma,IND,M,,,,1433,0,20,MAY26,2007,i
25711911,Sukrit Ranjith Nelliyadan,IND,M,,,,1620,0,,MAY26,2008,i
537029240,Sukrith Krishna Sai Sadhu,IND,M,,,,1457,0,40,MAY26,2015,
429030846,Sukriti Basak,IND,F,,,,1427,0,40,MAY26,2011,w
537023063,Sukrut Mandar Nyayate,IND,M,,,,1503,0,20,MAY26,2007,i
35072366,Sulaiman T.A,IND,M,,,,1534,0,20,MAY26,1966,i
25732269,Sulekha Das,IND,F,,FA,,1494,0,20,MAY26,1981,w
46650628,Sulfikar Ali Bhooto,IND,M,,,,1717,0,20,MAY26,1969,i
88192075,Sultania Parth,IND,M,,,,1403,0,,MAY26,2014,
35027042,Suman Deb,IND,M,,,,1487,0,20,MAY26,2002,
46653910,Suman Yaddanapudi,IND,M,,FA,,1663,0,20,MAY26,1977,
366193030,"Suman, Saideep",IND,M,,,,1613,0,40,MAY26,2013,i
25694740,Sumaneesh Alluru,IND,M,,,,1617,0,20,MAY26,1996,
25911910,Sumanta Madhab Boruah,IND,M,,,,1618,0,20,MAY26,1983,i
45096147,Sumanth Mamidala,IND,M,,,,1560,0,20,MAY26,2000,
88162150,Sumay Mandal,IND,M,,,,1423,0,40,MAY26,2014,i
25038079,Sumay Mishra,IND,M,,,,1824,0,,MAY26,2001,i
429056420,Sumedha Roy,IND,F,,,,1519,0,40,MAY26,2011,w
46632069,Sumeet Chorghade,IND,M,,,,1679,0,20,MAY26,1991,i
25024914,Sumesh Kabeer,IND,M,,,,1628,0,20,MAY26,1977,
45002088,Sumesh P S,IND,M,,,,1544,0,20,MAY26,1978,i
33392560,Sumesh Suresh,IND,M,,,,1604,0,40,MAY26,2014,i
5033543,Sumit Balan Pancha,IND,M,,,,1907,0,20,MAY26,1975,i
46631941,Sumit Barua,IND,M,,,,1681,0,20,MAY26,1991,i
25641816,Sumit De,IND,M,,,,1501,0,20,MAY26,2004,i
537018388,Sumit Dhar,IND,M,,,,1580,0,20,MAY26,1982,i
25700790,Sumit Kumar,IND,M,,,,1634,0,20,MAY26,1998,
33355258,Sumit Kumar,IND,M,,,,1455,0,20,MAY26,1992,
45059055,Sumit Naskar,IND,M,,,,1578,0,20,MAY26,1986,i
564011313,Sumit Rajendra Kanade,IND,M,,,,1574,0,20,MAY26,2003,
35017586,Sumit Samantray,IND,M,,,,1692,0,20,MAY26,2000,i
5020409,"Sumit, Grover",IND,M,,,,1971,0,20,MAY26,1987,i
5054010,"Sumit, Kumar",IND,M,,,,2097,0,20,MAY26,1997,i
5009073,"Sumit, Roy",IND,M,,FI,,1822,0,20,MAY26,1995,
35068105,Sumith K S,IND,M,,,,1779,11,,MAY26,1980,
33318395,Sumukha Shetty,IND,M,,,,1522,0,40,MAY26,2011,
88100375,Sunbhi Ghosh,IND,F,,,,1408,0,40,MAY26,2012,w
25073478,Sundar Chokkalingam,IND,M,,,,1658,0,20,MAY26,2003,i
33400741,Sundar Divij P,IND,M,,,,1817,0,40,MAY26,2012,
45043876,Sundar R J,IND,M,,"NI,FA",,1558,0,20,MAY26,2002,i
5096820,"Sundar Rajan, M",IND,M,,,,1716,0,20,MAY26,1967,i
366096813,"Sundar, Guhan",IND,M,,,,1663,8,,MAY26,2011,
537089986,Sundararajan Gopalan,IND,M,,,,1511,0,20,MAY26,1953,
429059240,Sundararajan S,IND,M,,,,1588,0,40,MAY26,2011,
5005370,"Sundararajan, Kidambi",IND,M,GM,,,2409,0,10,MAY26,1982,i
46658033,Sundaresh Sundaragopal,IND,M,,,,1494,0,20,MAY26,2003,i
88190226,Sundareshwar N V,IND,M,,,,1518,0,40,MAY26,2010,
531005870,Sundhareswar Jangam,IND,M,,,,1476,0,40,MAY26,2010,i
25137344,Sundram Kumar,IND,M,,,,1962,9,,MAY26,2008,
33316198,Sunetra Dey,IND,F,,,,1755,0,40,MAY26,2011,w
35093690,Sunidhi Goyal,IND,F,,,,1408,0,20,MAY26,2002,wi
25629328,Sunidhi S Katti,IND,F,,,,1401,0,20,MAY26,2005,wi
46653929,Sunil Ebenezer Samuel,IND,M,,,,1611,0,20,MAY26,1979,i
25133314,Sunil James,IND,M,,,,1414,0,20,MAY26,1975,i
35016229,Sunil K,IND,M,,,,1539,0,20,MAY26,1990,i
46680691,Sunil Kumar Jain,IND,M,,,,1430,0,20,MAY26,1957,
35020099,Sunil Kumar Singh,IND,M,,NI,,1478,0,20,MAY26,1977,i
45043140,Sunil Kumar V T,IND,M,,,,1519,0,20,MAY26,1972,i
25786903,Sunil Panwar,IND,M,,IA,,1456,0,20,MAY26,1979,
25610090,Sunil Raina,IND,M,,,,1546,0,20,MAY26,1978,
33344426,Sunil Singh Raichurkar,IND,M,,,,1468,0,20,MAY26,1976,i
146241789,"Sunil, Jeff John",IND,M,,,,1455,0,,MAY26,2008,i
5027063,"Sunil, Vaidya",IND,M,,,,1842,0,20,MAY26,1966,i
558061878,Sunit Behl,IND,M,,,,1449,0,40,MAY26,2012,
25978527,Sunjay Ram C,IND,M,,,,1402,0,20,MAY26,2005,i
5083613,Sunny Bedi,IND,M,,,,1903,0,20,MAY26,1991,
5026687,"Sunny, Renju",IND,M,,,,1950,0,20,MAY26,1988,i
5066565,"Sunyasakta, Satpathy",IND,F,,,,1939,0,20,MAY26,1998,wi
5092710,Sunyuktha C M N,IND,F,WFM,WFM,,2175,0,20,MAY26,2000,w
46610626,Supraja M,IND,F,,,,1517,0,20,MAY26,2001,wi
537047922,Supratik Mandal,IND,M,,,,1599,6,,MAY26,2014,
25989871,Supratim Bhadra,IND,M,,,,1624,0,40,MAY26,2010,
25941771,Supratim Ghosh,IND,M,,,,1930,0,20,MAY26,2004,
33365130,Supreet C B,IND,M,,,,1649,0,20,MAY26,1991,
25723308,Supreeth Manjunath,IND,M,,,,1557,0,20,MAY26,1998,
33487294,Supriya Gupta,IND,F,,,,1468,0,20,MAY26,1997,wi
88120767,Supriyo Das,IND,M,,,,1780,0,20,MAY26,2003,
25771558,Supriyo Kundu,IND,M,,,,1768,0,20,MAY26,1989,
25165178,Surada Yashaswi Satya Gangadhar,IND,M,,,,1815,0,40,MAY26,2010,
46697195,Suraj Dahiya,IND,M,,FA,,1849,14,,MAY26,1994,
25691864,Suraj Kale,IND,M,,,,1524,0,20,MAY26,1997,i
25185420,Suraj Kumar Moharana,IND,M,,FA,,1629,0,20,MAY26,1990,
429090288,Suraj Neil,IND,M,,,,1465,0,40,MAY26,2011,
25676970,Suraj R,IND,M,,,,1537,0,40,MAY26,2008,i
558026967,Suraj S,IND,M,,,,1627,0,20,MAY26,2001,
537035193,Suraj Sadasivuni,IND,M,,,,1471,0,,MAY26,2003,
35004921,Suraj Saxena,IND,M,,,,1668,0,20,MAY26,1993,i
5045487,"Suraj, Choudhary",IND,M,,,,1826,0,20,MAY26,1992,
5031729,"Suraj, Jaiswal",IND,M,,,,1782,0,20,MAY26,1985,i
25732285,Surajit Das,IND,M,,,,1725,0,20,MAY26,1980,i
46624937,Surajit Mondal,IND,M,,,,1661,0,20,MAY26,1961,i
25065386,Surana Khushi Shailendra,IND,F,,,,1698,0,20,MAY26,2001,wi
25956574,Suravi Bhattacharya,IND,F,,,,1780,0,40,MAY26,2008,w
45083380,Sure Jayesh,IND,M,,,,1465,0,40,MAY26,2009,i
25726960,Surej Lal T J S,IND,M,,,,1465,0,20,MAY26,2006,i
25755684,Suren S,IND,M,,,,1529,6,20,MAY26,2001,
45059713,Surendiraa A Sathish,IND,M,,,,1689,0,20,MAY26,2002,
35085689,Surendra Gupta,IND,M,,NA,,1421,0,20,MAY26,1992,i
25025341,Surendra Sharma,IND,M,,,,1448,4,20,MAY26,1966,
5021243,Surendran N,IND,M,,,,2122,0,20,MAY26,1992,i
25060317,Suresh Agarwal,IND,M,,,,1565,0,,MAY26,1986,
5060303,"Suresh Babu, C",IND,M,,,,1657,0,,MAY26,1967,i
25168363,Suresh C,IND,M,,,,1405,0,20,MAY26,1975,i
5071658,Suresh Duvvala,IND,M,,,,1781,0,20,MAY26,1988,
45087547,Suresh Garg,IND,M,,,,1694,0,20,MAY26,2003,i
33427585,Suresh Gaurish,IND,M,,,,1516,0,40,MAY26,2012,i
46678174,Suresh Hazra,IND,M,,,,1571,1,20,MAY26,1977,
45043175,Suresh K K,IND,M,,,,1668,0,20,MAY26,1976,
25023284,Suresh Kolavapalli,IND,M,,,,1756,0,20,MAY26,1983,
35065939,Suresh Krishna S,IND,M,,,,1403,0,20,MAY26,2002,i
35095080,Suresh Kumar Ashok,IND,M,,,,1620,0,20,MAY26,2001,i
5003016,Suresh Kumar T J,IND,M,,,,1981,0,20,MAY26,1973,
5036895,"Suresh Kumar, G",IND,M,,,,1866,0,20,MAY26,1984,i
5015391,Suresh P K,IND,M,,,,1664,0,20,MAY26,1968,
25045695,"Suresh, M",IND,M,,,,1714,0,20,MAY26,1965,i
35020242,"Suresh, Vishnupriya",IND,F,,,,1837,0,20,MAY26,1999,wi
5073553,"Suresh,Krishna S",IND,M,,,,1847,0,20,MAY26,1998,i
74602420,"Sureshbabu, Divyasree",IND,F,,,,1401,0,,MAY26,2004,wi
74602438,"Sureshbabu, Harishri",IND,F,,,,1423,0,,MAY26,2007,wi
5054087,"Sureshlal, J",IND,M,,,,1838,0,20,MAY26,1968,i
531011918,Suriya Deev S M,IND,M,,,,1545,6,40,MAY26,2015,
33315361,Suriya P,IND,M,,,,1413,0,20,MAY26,2001,
25015206,Suriya Prakash J S,IND,M,,,,1590,0,20,MAY26,2000,i
46681604,Suriya S V,IND,M,,NA,,1736,0,,MAY26,2002,i
33349657,Suriyaa N M,IND,M,,,,1583,0,40,MAY26,2011,i
564061140,"Suriyaa, V",IND,M,,,,1405,7,40,MAY26,2011,
547017864,Surjeet Singh,IND,M,,,,1519,0,20,MAY26,1995,
5039665,"Surjeet, D V",IND,M,,,,1898,0,20,MAY26,1992,i
25184342,Suronoy Das,IND,M,,,,1612,0,40,MAY26,2014,i
33428549,Surve Arav Milind,IND,M,,,,1540,0,40,MAY26,2010,i
33436916,Surve Stuti,IND,F,,,,1474,0,40,MAY26,2012,wi
429001099,Survesh Ram A,IND,M,,,,1482,0,40,MAY26,2016,
25167359,Surya,IND,M,,,,1761,0,40,MAY26,2012,i
25912208,Surya Alakanti,IND,M,,,,1738,0,20,MAY26,2004,
35067192,"Surya Dhanush, G",IND,M,,,,1823,0,20,MAY26,2003,i
45030170,Surya Mitra Sen,IND,M,,,,1465,0,20,MAY26,1993,
25625322,Surya Mohandas Naik,IND,M,,,,1489,0,20,MAY26,2007,i
547043326,Surya Murugan,IND,M,,,,1421,0,40,MAY26,2010,
48759961,Surya Narayanan Arun,IND,M,,,,1578,0,40,MAY26,2008,i
25181610,Surya Prakash M,IND,M,,,,1455,0,20,MAY26,2004,i
46676813,Surya Prakash Murugesan,IND,M,,,,1594,0,20,MAY26,2000,i
33329109,Surya R,IND,M,,,,1675,7,40,MAY26,2009,
537049976,Surya Raghav D S,IND,M,,,,1487,9,40,MAY26,2010,
25682920,Surya Sathiaguru,IND,M,,,,1570,0,20,MAY26,2007,i
429068665,Surya Soma Rishi Karumuri,IND,M,,,,1471,0,40,MAY26,2008,
88143007,Surya Suresh,IND,M,,,,1716,9,40,MAY26,2009,
25163388,Surya Tribedy,IND,M,,,,1541,5,20,MAY26,1997,
11202920,"Surya, Jaya",IND,M,,,,1750,0,20,MAY26,2003,i
33373370,Suryaansh Suryawanshi,IND,M,,,,1567,0,40,MAY26,2012,
25743198,Suryadev M,IND,M,,,,1629,0,40,MAY26,2008,i
531031765,Suryadita Dutta,IND,F,,,,1424,1,40,MAY26,2014,w
25773062,Suryananda M D,IND,M,,NA,,1464,0,20,MAY26,2005,i
429097835,Suryanarayan Suresh Seshadri,IND,M,,,,1490,0,40,MAY26,2008,
429032954,Suryansh Sharma,IND,M,,,,1539,0,40,MAY26,2011,
429070449,Suryanshu Pal,IND,M,,,,1486,0,,MAY26,2010,i
46637028,Suryapranjal Indrajeet S P,IND,M,,,,1687,0,20,MAY26,2004,
33320829,Suryaputhiran P,IND,M,,,,1448,0,40,MAY26,2012,
25647474,Suryasaahas Reddi K V V R,IND,M,,,,1432,0,40,MAY26,2008,i
25702718,Suryasumedh Behera,IND,M,,,,1420,0,20,MAY26,2004,
429006775,Suryawanshi Vihan,IND,M,,,,1598,0,40,MAY26,2014,
429081130,Suryendu Prakash Sahu,IND,M,,,,1515,0,40,MAY26,2009,
25684434,Susanta Sarma H S V S K S H,IND,M,,,,1588,0,40,MAY26,2011,i
547000872,Sushant Bansal,IND,M,,,,1545,0,40,MAY26,2011,
25717324,Sushant Pandey,IND,M,,,,1454,0,20,MAY26,1999,
25700731,Sushant Tiwari,IND,M,,NA,,1619,8,20,MAY26,1997,
537018396,Sushanta Chakma,IND,M,,,,1695,0,20,MAY26,1984,i
25137506,Sushanth Vaman Shetty,IND,M,,,,1835,0,,MAY26,2010,i
33438056,Susheel B,IND,M,,,,1404,0,40,MAY26,2009,i
33411425,Sushil Chakraborty,IND,M,,,,1487,0,20,MAY26,1986,
35042874,Sushil Kumar Sinhgal,IND,M,,,,1549,0,20,MAY26,1952,i
33357960,Sushrut Mandar Nanal,IND,M,,,,1616,0,40,MAY26,2010,
5039100,"Sushrutha, Reddy",IND,M,,,,1845,6,,MAY26,1981,
88167747,Sushwanth Vattikalla,IND,M,,,,1450,0,40,MAY26,2011,i
25939831,Susil Kumar K N,IND,M,,,,1671,0,20,MAY26,1989,i
48700991,Susishveer Boyana,IND,M,,,,1503,0,20,MAY26,1999,i
25610902,Susmita Bhowmick,IND,F,,,,1526,0,20,MAY26,2005,wi
25718169,Sutar Vinay,IND,M,,,,1415,0,20,MAY26,2005,i
46618163,Suthakar Raj M,IND,M,,,,1442,0,20,MAY26,1978,i
558056637,Suthan Naresh SS,IND,M,,,,1436,7,40,MAY26,2016,
88179532,Suthanthiran Subash Uma,IND,M,,,,1678,0,40,MAY26,2009,
429090296,Suthar Piyush Mahendrabhai,IND,M,,,,1622,7,40,MAY26,2010,
25632272,Suthar Pradip,IND,M,,,,1668,0,20,MAY26,1995,
45024200,Suthershun A,IND,M,,,,1790,0,20,MAY26,2003,
48738760,Suvan S Shenoy,IND,M,,,,1678,17,40,MAY26,2012,
25008188,Suvankar Maity,IND,M,,,,1949,0,20,MAY26,1996,
25008196,Suvankar Nag,IND,M,,,,1623,0,20,MAY26,1983,i
35089560,suvibhu sharma,IND,M,,,,1567,0,20,MAY26,2004,i
531065171,Suvid Vatsa,IND,M,,,,1520,0,40,MAY26,2016,i
25673971,Suvojeet Dey,IND,M,,,,1573,0,20,MAY26,2005,
88160025,Suvom Maji,IND,M,,,,1437,4,,MAY26,2013,
5058031,"Suvradeepta, Das",IND,M,FM,FI,,1973,0,20,MAY26,1999,i
5002532,"Suvrajit, Saha",IND,M,IM,,,2254,0,20,MAY26,1976,
48726516,Suvranil Chowdhury,IND,M,,,,1573,4,,MAY26,2015,
25692135,Suvrat Acharya,IND,M,,,,1433,0,20,MAY26,2005,i
25032860,Suyan Belurkar,IND,M,,,,1768,0,20,MAY26,1997,i
45004285,Suyash Patel,IND,M,,NA,,1539,0,20,MAY26,2002,i
33393672,Suyash Sunil Bayalan,IND,M,,,,1481,0,40,MAY26,2011,
25982621,Suzein Ahmed,IND,F,,,,1534,0,40,MAY26,2014,wi
304094630,"SV, Raksha",IND,F,,,,1478,0,,MAY26,2012,w
88153126,Svar Srivastava,IND,M,,,,1512,0,40,MAY26,2015,
25981404,Swadha Sunil Datir,IND,F,,,,1485,0,40,MAY26,2012,wi
33423296,Swadheen Mishra,IND,M,,,,1414,0,40,MAY26,2012,i
531066100,Swagata Mandal,IND,M,,,,1460,0,20,MAY26,2000,
531019323,Swaham Sanjay Waghmare,IND,M,,,,1467,0,40,MAY26,2012,
25092022,Swain Ashirwad,IND,M,CM,,,2062,0,20,MAY26,2000,
25023888,Swain Diptanshu Ranjan,IND,M,,,,1843,0,20,MAY26,2001,i
25014064,"Swain, Narayan",IND,M,,,,1592,0,20,MAY26,1957,
88130860,Swami Mayuresh,IND,M,,,,1412,0,,MAY26,2012,
25068628,Swaminathan A,IND,M,,,,1692,0,20,MAY26,1947,i
25053728,Swaminathan S,IND,M,,,,1638,0,20,MAY26,1995,i
429086132,Swanand Mahendra Ingole,IND,M,,,,1579,0,40,MAY26,2013,
5012627,"Swapan Kr, Das Iol",IND,M,,,,1591,0,20,MAY26,1952,i
5082013,Swapan Kumar Das,IND,M,,,,1701,0,20,MAY26,1945,i
45050449,Swapna C N,IND,F,,,,1638,0,20,MAY26,2005,wi
33481210,Swapnabha Neogi,IND,M,,,,1875,8,,MAY26,2011,
547060999,Swapnaneel Choudhury,IND,M,,,,1604,0,40,MAY26,2015,
46612599,Swapnaneel Dowerah,IND,M,,,,1720,0,20,MAY26,1999,i
531029485,Swapnesh Dinesh Tembe,IND,M,,,,1700,0,40,MAY26,2009,i
531004717,Swapnil Dubey,IND,M,,,,1551,6,40,MAY26,2011,
48713147,Swapnil Kar,IND,M,,,,1562,0,40,MAY26,2012,
33390908,Swapnil Pote,IND,M,,,,1483,0,20,MAY26,2003,i
25620762,Swapnil Priyadarshi,IND,M,,,,1819,0,20,MAY26,2005,i
547020717,Swapnil Pyne,IND,M,,,,1461,0,40,MAY26,2009,
46627839,Swapnil Sen,IND,M,,,,1624,0,20,MAY26,2004,i
5043484,Swapnil Shah,IND,M,,NI,,1706,0,20,MAY26,1972,
5069904,"Swapnil, Raj",IND,M,,FA,,1768,0,20,MAY26,1994,i
5019184,"Swapnil, S. Dhopade",IND,M,GM,,,2424,0,10,MAY26,1990,i
547013559,Swar Patel,IND,M,,,,1466,6,40,MAY26,2015,
25629239,Swara Lakshmi S Nair,IND,F,WFM,WFM,,1824,20,20,MAY26,2006,w
33387907,Swara Rahul Gandhi,IND,F,,,,1641,7,,MAY26,2015,w
547008687,Swaraj,IND,M,,,,1629,8,40,MAY26,2016,
25697382,Swaraj Jyoti Neog,IND,M,,,,1496,0,40,MAY26,2011,i
33482640,Swaraj Kale,IND,M,,,,1551,9,40,MAY26,2010,
33423300,Swaraj Mishra,IND,M,,,,1798,0,,MAY26,2016,
5014590,Swaraj Palit,IND,M,CM,,,1951,0,20,MAY26,1984,i
429025079,Swarit Rathore,IND,M,,,,1549,0,40,MAY26,2009,
25683640,Swarna Nihal,IND,M,FM,,,2185,0,40,MAY26,2009,
429038847,Swarnadip Bhattacharyya,IND,M,,,,1523,0,,MAY26,2011,
88121712,Swarnajit Nath,IND,M,,,,1754,5,,MAY26,2014,
35032089,Swarnamala B,IND,F,,,,1674,0,20,MAY26,1999,wi
33418217,Swarnava Bhattacharya,IND,M,,,,1466,2,40,MAY26,2014,
35091670,Swarnava Biswas,IND,M,,,,1794,0,20,MAY26,2003,i
537011057,Swarnava Pal,IND,M,,,,1404,5,40,MAY26,2011,
558084622,Swarup Manmaheshwar Hinge,IND,M,,,,1487,5,40,MAY26,2011,
429077966,Swarup Patra,IND,M,,,,1656,0,20,MAY26,1988,i
33387877,Swasinath Sudhanthira Selvan,IND,M,,,,1438,0,40,MAY26,2009,i
429025095,Swasti Chauhan,IND,F,,,,1428,0,,MAY26,2016,w
25974785,Swastik Banerjee,IND,M,,,,1587,0,40,MAY26,2011,i
429077974,Swastik Behera,IND,M,,,,1405,0,,MAY26,2011,
531022197,Swastik Majumder,IND,M,,,,1580,0,40,MAY26,2010,
547002107,Swastik Manik,IND,M,,,,1405,0,40,MAY26,2011,
88133931,Swastik Mathur,IND,M,,,,1562,0,40,MAY26,2011,i
547085142,Swastik Parai,IND,M,,,,1413,0,40,MAY26,2013,
547014261,Swastik Ranjan Kalita,IND,M,,,,1524,0,40,MAY26,2013,
547048271,Swastik Saha,IND,M,,,,1620,0,20,MAY26,2007,
429070457,Swastik Singh,IND,M,,,,1548,0,40,MAY26,2013,
25917641,Swastik Singhal,IND,M,,,,1766,0,40,MAY26,2009,
25925946,Swastik Suvam Patnaik,IND,M,,,,1892,0,40,MAY26,2012,
537043544,Swastik Tripathy,IND,M,,,,1468,0,40,MAY26,2012,
25152505,Swastika Ravinder,IND,F,,,,1420,0,40,MAY26,2012,wi
25720538,Swathi A,IND,F,,,,1590,0,40,MAY26,2009,wi
25014749,Swathi Bhat,IND,F,,,,1657,0,20,MAY26,2001,wi
48783684,Swati Banjare,IND,F,,,,1403,0,20,MAY26,2002,w
5003474,Swati Ghate,IND,F,WGM,WGM,,1983,0,20,MAY26,1980,w
25608126,Swati M,IND,F,,,,1633,0,20,MAY26,2006,wi
48744760,Swatish Subramanian,IND,M,,,,1404,0,20,MAY26,2005,i
33385939,Swayam Agarwal,IND,M,,,,1431,0,20,MAY26,2006,
88132609,Swayam Balakrishna Bhosale,IND,M,,,,1473,0,20,MAY26,2007,
33469229,Swayam Chhabra,IND,M,,,,1596,0,,MAY26,2013,
35042432,Swayam Gupta,IND,M,,,,1676,0,20,MAY26,2006,i
45006083,Swayam Naik,IND,M,,,,1628,0,20,MAY26,2005,i
537091735,Swayam Prakash Mishra,IND,M,,,,1526,8,,MAY26,2012,
33485313,Swayam Pramod Ubale,IND,M,,,,1411,0,20,MAY26,2007,i
531026109,Swayam Salot,IND,M,,,,1452,0,40,MAY26,2009,i
25115340,Swayam Sandesh Naik,IND,M,,,,1445,0,40,MAY26,2011,
88187608,Swayam Tejas Joshi,IND,M,,,,1456,0,40,MAY26,2013,
46615938,Swayam Uttam Aalewad,IND,M,,,,1720,0,20,MAY26,2002,i
5027780,"Swayam, Bhatia",IND,M,,,,1711,0,20,MAY26,2000,i
5028183,"Swayams, Mishra",IND,M,GM,,,2392,0,10,MAY26,1992,
25611402,Swayham P Das,IND,M,CM,,,1990,0,40,MAY26,2008,
25046497,Swera Ana Braganca,IND,F,WCM,WCM,,1777,0,20,MAY26,2003,wi
531066364,Swet Kamal Shukla,IND,M,,,,1699,0,20,MAY26,1970,
537010565,Swetalina Subudhi Ch.,IND,F,,,,1491,0,20,MAY26,2004,w
33406774,Swetha Kalidindi,IND,F,WCM,WCM,FA,1605,0,20,MAY26,1991,wi
46636242,Swetha S,IND,F,,,,1617,0,40,MAY26,2008,wi
5083834,Syam Peter,IND,M,,,,1651,0,20,MAY26,1999,i
25039482,Syamal Datta,IND,M,,,,1800,7,20,MAY26,1969,
35091581,Syamantak Porel,IND,M,,,,1486,0,20,MAY26,2004,i
33399263,Syed Abdul Khader,IND,M,,,,2279,0,,MAY26,2012,
33495750,Syed Abdul Mannan,IND,M,,,,1436,0,20,MAY26,2006,i
5007046,"Syed Anwar, Shazuli",IND,M,FM,,,2144,0,20,MAY26,1978,
33412537,Syed Arsh Imran Mushtaq,IND,M,,,,1527,0,40,MAY26,2015,i
577038940,"Syed Emaad, S",IND,M,,,,1604,9,40,MAY26,2017,
48780120,Syed Ibraheem,IND,M,,,,1424,0,40,MAY26,2016,
25041665,Syed Irshad,IND,M,,,,1474,0,20,MAY26,1985,i
45070849,Syed Jahan Hussain,IND,M,,,,1617,0,20,MAY26,1979,
48780138,Syed Mehdi,IND,M,,,,1469,0,40,MAY26,2016,
46685600,Syed Mohammed Ashik,IND,M,,,,1451,0,20,MAY26,1992,i
25081918,Syed Omar Zoran,IND,M,,,,1754,0,20,MAY26,2001,i
25173871,Syed Sajid K,IND,M,,,,1547,0,20,MAY26,2007,i
48713155,Syed Shabaz Farhan,IND,M,,,,1589,0,40,MAY26,2013,i
88163784,Syed Shafeez,IND,M,,,,1477,5,,MAY26,2009,
429059771,Syed Tanveer Hussain,IND,M,,,,1445,0,20,MAY26,1979,i
564068463,"Syedabdulrahman, Hamza Fayiz",IND,M,,,,1564,0,40,MAY26,2016,
88165752,Syndhav Nair,IND,M,,,,1450,0,40,MAY26,2011,i
374097717,"T, Shreesh",IND,M,,,,1407,7,,MAY26,2012,
33407878,Taanish Malhotra,IND,M,,,,1449,6,40,MAY26,2014,
33342440,Taapasya Govind Bhat,IND,M,,,,1490,0,40,MAY26,2012,
25655973,Tadavi Riyaj Ayyub,IND,M,,,,1653,0,20,MAY26,1995,i
46676503,Tahilianey Dhruv,IND,M,,,,1710,0,20,MAY26,2001,
5019400,"Tahmankar, Mandar",IND,M,,,,2129,0,20,MAY26,1978,
35038753,Taide Siddhant,IND,M,,,,1620,0,20,MAY26,1998,i
35051881,Tajane Ganesh,IND,M,,,,1795,0,20,MAY26,1994,i
33392536,Takkshanth Anand,IND,M,,,,1710,0,40,MAY26,2017,
537085174,Taksh Rai,IND,M,,,,1468,0,40,MAY26,2015,
48717347,Taksh Rakh,IND,M,,,,1452,0,40,MAY26,2010,
558070222,Taksh Vyas,IND,M,,,,1470,3,40,MAY26,2011,
25132440,Taksheel Dupare,IND,M,,,,1494,0,20,MAY26,2006,i
33457786,Talal Ahmed Moosa,IND,M,,,,1447,0,40,MAY26,2011,
547017074,Talala Suhrut,IND,M,,,,1462,0,40,MAY26,2009,i
35080750,"Talekar,Aditya",IND,M,,,,1701,0,20,MAY26,1999,i
48779750,Talikote Akash,IND,M,,,,1524,0,20,MAY26,1999,
33412235,Talin Nimpu,IND,M,,,,1678,0,20,MAY26,1998,
25647636,Talla Nischal,IND,M,,,,1670,0,40,MAY26,2010,
366130183,"Talwalkar, Pushkar",IND,M,,,,1579,0,20,MAY26,2000,i
35034375,Tamang Thendup,IND,M,,,,2014,0,20,MAY26,1997,i
33384614,Tamanna R,IND,F,,,,1441,0,40,MAY26,2010,wi
46603174,Tamar Nilling,IND,M,,NI,,1795,0,20,MAY26,1994,
45092796,Tambe Shardul,IND,M,,,,1573,0,40,MAY26,2008,i
25037196,Tamchi Kache,IND,M,,,,1592,0,20,MAY26,1977,
25978560,Tameem Rosaun N,IND,M,,,,1545,0,40,MAY26,2012,i
33435189,Tamhane Tejas,IND,M,,,,1488,0,20,MAY26,2004,
5078512,"Tamhankar, Siddhant",IND,M,,,,1853,0,20,MAY26,1993,
5086094,"Tamhankar, Viraj",IND,M,,,,2000,0,20,MAY26,1997,i
531018530,Tamilamuthan Kadambavanam,IND,M,,,,1438,0,40,MAY26,2012,i
537083490,Tamilkumaran S,IND,M,,,,1422,0,40,MAY26,2016,
25747223,Tamilselvan Nedunchezhian,IND,M,,,,1484,0,20,MAY26,1984,i
577013891,"Tamilselvan, R",IND,M,,,,1615,0,20,MAY26,1996,
25088190,Tamit Halder,IND,M,,,,1563,0,20,MAY26,1990,
48737356,Tamizh Amudhan S,IND,M,CM,,,1986,11,40,MAY26,2017,
46651900,Tamizh Selvan Ganesan,IND,M,,,,1765,0,20,MAY26,2006,
46688714,Tamizhanban N,IND,M,,FA,,1733,0,20,MAY26,2000,i
25121472,Tamizharasan S,IND,M,,,,1439,7,20,MAY26,1992,
33492336,Tamoghna Suhas Alavala,IND,M,,,,1436,0,40,MAY26,2015,
35035789,Tanad Anil Bandodkar,IND,M,,,,1745,0,20,MAY26,1999,
25947516,Tanaiah Da Silva,IND,F,,,,1426,0,40,MAY26,2011,wi
88179567,Tanav Jain,IND,M,,,,1558,0,40,MAY26,2016,
25119281,Tanav Kalyan V,IND,M,,,,1456,5,40,MAY26,2010,
33315337,Tanav Sahani,IND,M,,,,1543,7,40,MAY26,2014,
46601619,Tanav Sudarshan,IND,M,,,,1561,0,20,MAY26,2006,i
429059674,Tanay Joshi,IND,M,,,,1524,0,40,MAY26,2010,
531030610,Tanay Kapil Gupta,IND,M,,,,1463,0,40,MAY26,2013,i
429038855,Tanay Karmakar,IND,M,,,,1635,0,40,MAY26,2011,
558017232,Tanay Umesh Lumbhani,IND,M,,,,1603,6,20,MAY26,2005,
25693069,Tandel Mit Rajesh,IND,M,,,,1502,0,20,MAY26,2004,i
25706209,Tandon Dhruv,IND,M,,,,1531,0,20,MAY26,2004,i
45094462,Tandon Kabir Arjun,IND,M,,,,1418,0,40,MAY26,2009,
48700851,Taneesh Choppa,IND,M,,,,1558,0,40,MAY26,2011,
25952889,Taneesha Drolia,IND,F,,,,1614,0,40,MAY26,2010,w
537010026,Taneshkumar S,IND,M,,,,1463,0,40,MAY26,2012,
5038839,Tangsale Pranav Vijay,IND,M,,,,1824,0,20,MAY26,1983,i
547070560,Tania Arki,IND,M,,,,1504,0,20,MAY26,1992,
5007844,"Tania, Sachdev",IND,F,IM,WGM,,2319,0,10,MAY26,1986,wi
577013930,"Tanish Adithyha, D A",IND,M,,,,1545,0,40,MAY26,2014,
88189759,Tanish Amol Khanna,IND,M,,,,1451,0,40,MAY26,2011,
88124657,Tanish Bothra,IND,M,,,,1432,0,40,MAY26,2013,
531063594,Tanish Kumar,IND,M,,,,1420,0,40,MAY26,2013,
33381585,Tanish M,IND,M,,,,1411,0,,MAY26,2012,i
33354650,Tanish Ragavan S,IND,M,,,,1957,19,40,MAY26,2012,
429095964,Tanish Venkatasubramanian,IND,M,,,,1478,0,40,MAY26,2012,
45001600,Tanisha A R Som,IND,F,,,,1739,0,20,MAY26,2005,wi
35028464,Tanisha Chatterjee,IND,F,,,,1546,0,20,MAY26,2007,wi
33315051,Tanisha Narayanan,IND,F,,,,1465,0,40,MAY26,2012,w
25147285,Tanisha Uday Naik Dessai,IND,F,,,,1501,0,40,MAY26,2012,w
33415471,Tanishk Kumar,IND,M,,,,1803,0,40,MAY26,2009,
88113760,Tanishka,IND,F,,,,1501,0,40,MAY26,2017,w
33301115,Tanishka Borthakur,IND,F,,,,1410,0,40,MAY26,2008,wi
33447152,Tanishka Harish Kumar,IND,F,,,,1423,0,40,MAY26,2011,wi
25604759,Tanishka Jain,IND,F,,,,1508,0,40,MAY26,2011,w
25005600,Tanishka Kotia,IND,F,WFM,WFM,,1812,0,20,MAY26,2003,wi
33477906,Tanishka Ramasubramanian,IND,F,,,,1612,0,40,MAY26,2013,w
33426082,Tanishka Shailendra Bhardwaj,IND,F,,,,1409,0,40,MAY26,2011,w
33481091,Tanishq Amit Maheshwari,IND,M,,,,1567,0,40,MAY26,2010,
547095210,Tanishq Anand,IND,M,,,,1465,0,20,MAY26,2007,
531059708,Tanishq Bindal,IND,M,,,,1525,0,40,MAY26,2013,
25662562,Tanishq Gupta,IND,M,,,,2070,0,20,MAY26,2005,i
33399085,Tanishq Ritesh Nagda,IND,M,,,,1536,3,,MAY26,2015,
33498008,Tanishq Soni,IND,M,,,,1621,0,20,MAY26,2003,
429094496,Tanishq Thakuria,IND,M,,,,1548,0,40,MAY26,2012,
547070749,Taniyang Tapang,IND,M,,,,1530,0,40,MAY26,2017,
547018488,Tanmay,IND,M,,,,1546,0,40,MAY26,2015,
33471592,Tanmay Chaudhry,IND,M,,,,1438,0,20,MAY26,1991,i
25630946,Tanmay Chopra,IND,M,FM,,,2304,0,20,MAY26,2004,
577013050,Tanmay Deepak Nemlekar,IND,M,,,,1495,0,40,MAY26,2012,
25041673,Tanmay Garg,IND,M,,,,1702,0,20,MAY26,1999,i
46662871,Tanmay Garg,IND,M,,,,1545,0,,MAY26,2004,i
45015481,Tanmay Jain,IND,M,CM,,,2032,0,20,MAY26,2007,i
48739138,Tanmay Jamwal,IND,M,,,,1466,0,40,MAY26,2010,i
25637320,Tanmay K Sahare,IND,M,,,,1464,0,20,MAY26,2004,i
33423334,Tanmay Karkar,IND,M,,,,1423,0,40,MAY26,2011,
33376930,Tanmay R,IND,M,,,,1613,0,,MAY26,2014,
33325090,Tanmay Rajbongshi,IND,M,,,,1923,0,40,MAY26,2011,
25105884,Tanmay Raswant,IND,M,,,,1522,0,20,MAY26,2005,
537023713,Tanmay Srivastava,IND,M,,,,1457,0,40,MAY26,2011,
25932764,Tanmay Talin Behera,IND,M,,,,1600,0,40,MAY26,2011,
33308101,Tanmay Tiwari,IND,M,,,,1535,7,20,MAY26,2004,
547016043,Tanmay Umesh,IND,M,,,,1401,0,40,MAY26,2016,
48735124,Tanmoy Chakraborty,IND,M,,,,1447,0,20,MAY26,2007,i
25717839,Tanmoy Misra,IND,M,,,,1417,0,20,MAY26,2007,i
531044158,Tanmoy Sut,IND,M,,,,1441,0,40,MAY26,2009,i
33305099,Tanna Krish Alpeshbhai,IND,M,,,,1931,8,40,MAY26,2009,
558019332,Tannay Chakravorty,IND,M,,,,1548,0,40,MAY26,2011,
531004784,Tannay Gondkar,IND,M,,,,1591,0,40,MAY26,2008,i
33472521,Tannish Mahesh,IND,M,,,,1663,0,,MAY26,2006,
531058159,Tanoj Kumar Davala,IND,M,,,,1548,0,20,MAY26,1996,
39958469,"Tanpure, Arnav Mahesh",IND,M,,,,1475,0,40,MAY26,2013,
25132938,Tanuj Biswas,IND,M,,,,1423,3,40,MAY26,2010,
25614991,Tanuj Chechi,IND,M,,,,1604,0,20,MAY26,2005,
88185540,Tanuj Solanki,IND,M,,,,1500,0,,MAY26,2008,
531086187,Tanush Bujam,IND,M,,,,1402,0,40,MAY26,2013,
25185314,Tanush Jain,IND,M,,,,1425,0,20,MAY26,2007,
547080426,Tanush Jakhodia,IND,M,,,,1467,0,40,MAY26,2013,
88185559,Tanush Mandowara,IND,M,,,,1552,0,40,MAY26,2013,
33480893,Tanush Reddy S,IND,M,,,,1404,0,40,MAY26,2008,i
33435308,Tanush Vivek Chainani,IND,M,,,,1481,0,40,MAY26,2008,i
25772350,Tanveer Ahmed,IND,M,,,,1669,0,40,MAY26,2008,i
25611755,Tanvi Chandak,IND,F,,,,1474,0,40,MAY26,2009,wi
46643613,Tanvi Vasudev Hadkonkar,IND,F,,,,1768,0,20,MAY26,2005,wi
25721712,Tanvir Singh,IND,M,,,,1603,0,20,MAY26,2001,
33418209,Tanvish Reddy Tiruvalluru,IND,M,,,,1829,11,40,MAY26,2012,
537029525,Tanya Bhat,IND,F,,,,1422,0,40,MAY26,2014,w
35010204,Tanya Pandey,IND,F,,,,1727,0,20,MAY26,2002,wi
33398712,Tanya Singh,IND,F,,,,1427,0,40,MAY26,2011,w
46646442,Taori Yash,IND,M,,,,1525,0,20,MAY26,2004,i
25114514,Tapadiya Earth,IND,M,,,,1524,0,40,MAY26,2009,
35028375,Tapas Chakraborty,IND,M,,,,1804,0,20,MAY26,1985,i
88193241,Tapesnu Soumendra Bain,IND,M,,,,1500,0,20,MAY26,2004,
46683240,Tapu Kaji,IND,M,,,,1670,0,20,MAY26,1982,
537036165,Taraksh Ahuja,IND,M,,,,1456,0,40,MAY26,2013,
537057537,Taran A,IND,M,,,,1412,0,40,MAY26,2012,
33498016,Tarang Raj Gupta,IND,M,,,,1539,3,20,MAY26,2006,
25773070,Taraswin Tejaswaroop,IND,M,,,,1406,0,40,MAY26,2011,i
45053189,Tarini Bengani,IND,F,,,,1476,0,20,MAY26,2005,wi
5082749,Tarini Goyal,IND,F,WIM,WIM,,2127,0,20,MAY26,2001,wi
33422575,Tarini Takdeer Ramteke,IND,F,,,,1559,0,40,MAY26,2013,w
33491100,Tarun Andana,IND,M,,,,1479,0,,MAY26,2013,i
88170128,Tarun B,IND,M,,,,1661,0,40,MAY26,2014,
429068363,Tarun Gautam,IND,M,,,,1608,7,20,MAY26,2000,
531011942,Tarun K,IND,M,,,,1500,0,40,MAY26,2010,
25925229,Tarun K C,IND,M,,,,1652,0,40,MAY26,2009,i
558022759,Tarun Kaushik,IND,M,,,,1471,0,20,MAY26,1990,
25623508,Tarun Krishna S,IND,M,,,,1489,0,40,MAY26,2008,i
25132040,Tarun Kumar Aggarwal,IND,M,,,,1530,0,20,MAY26,1993,i
25017756,Tarun R,IND,M,,,,1777,0,20,MAY26,1990,
25187180,Tarun Rajendra Mittal,IND,M,,,,1574,0,20,MAY26,1997,i
88113981,Tarun Ramcharan V,IND,M,,,,1578,0,40,MAY26,2013,
48747360,Tarun Sai Thota,IND,M,,,,1440,0,,MAY26,2012,
25678256,Tarun Sitaraman,IND,M,,,,1569,0,20,MAY26,2006,i
45042497,Tarun Thiyagarajan,IND,M,,,,1611,0,,MAY26,1991,
25793616,Tarun Vishal G R,IND,M,,,,1477,0,20,MAY26,2007,i
33398720,Tarunikaa,IND,F,,,,1477,0,40,MAY26,2009,wi
25965085,Taseen Rafique Tadavi,IND,M,,,,1630,0,40,MAY26,2012,
429022541,Tashvi S Salian,IND,F,,,,1478,2,40,MAY26,2016,w
429014433,Tashvi Vartak,IND,F,,,,1447,7,40,MAY26,2010,w
33494827,Tasneem Alikosar,IND,F,,,,1405,0,20,MAY26,1996,wi
46683275,Tasso Tai,IND,M,,,,1690,0,20,MAY26,1967,
5011485,"Tata Rao, P",IND,M,,,,1864,0,20,MAY26,1966,i
5015413,"Tata, Keerthi Rana",IND,M,,,,1899,0,20,MAY26,1986,
25065173,Tathagat Pal,IND,M,,,,1702,0,20,MAY26,2001,i
33432910,Tathagata Manjunath Nayak,IND,M,,,,1628,0,40,MAY26,2010,
33456011,Tathagata Roy,IND,M,,,,1437,5,40,MAY26,2013,
5089131,Tatiya Neeti,IND,F,,,,1692,0,20,MAY26,2001,wi
48787345,Tavish Bansal,IND,M,,,,1546,7,40,MAY26,2015,
33479550,Tavish Berlia,IND,M,,,,1564,0,40,MAY26,2013,
547047259,Tavish Chahar,IND,M,,,,1445,2,40,MAY26,2018,
33401187,Tavish Singh,IND,M,,,,1425,0,40,MAY26,2013,i
25632299,Tawade Arnav,IND,M,,,,1594,0,20,MAY26,2007,i
25609114,Tawade Shridhar,IND,M,,,,1576,0,20,MAY26,1996,
25706217,Tawar Abhirajsingh,IND,M,,,,1587,0,20,MAY26,2004,i
88135659,Tawate Varad,IND,M,,,,1405,10,40,MAY26,2010,
577050932,"Tawre, Kunal Dilip",IND,M,,,,1434,5,40,MAY26,2010,
25969722,Tawri Atharv,IND,M,,,,1504,0,40,MAY26,2008,i
25784200,Tayade Kabir,IND,M,,,,1445,0,40,MAY26,2010,
25019660,"Tayade, Harshika",IND,F,,,,1503,0,20,MAY26,2003,wi
35028898,Teerth Rao,IND,M,,,,1590,0,20,MAY26,2003,i
429010233,Teesha Byadwal,IND,F,,,,1555,3,40,MAY26,2017,w
429037727,Tegfateh Singh,IND,M,,,,1420,0,40,MAY26,2013,
25994204,Tej Singh Uday,IND,M,,,,1508,0,20,MAY26,2004,i
48752630,Teja Anusha Thanneeru,IND,F,,,,1529,0,40,MAY26,2011,w
25049160,Teja Suresh Merugu,IND,M,,,,1866,0,20,MAY26,1999,i
48797294,Teja Vajraksh Revu,IND,M,,,,1516,0,,MAY26,2014,i
25749684,Tejaas S R,IND,M,,,,1421,0,20,MAY26,2007,i
33412693,Tejas Apte,IND,M,,,,1457,0,,MAY26,2009,
577012887,Tejas Arvind Patil,IND,M,,,,1484,0,20,MAY26,1995,
35044826,Tejas Cavale,IND,M,,,,1602,0,20,MAY26,2004,i
558082662,Tejas Dinesh Kumar,IND,M,,,,1446,3,,MAY26,2015,
531059635,Tejas Kedia,IND,M,,,,1670,0,40,MAY26,2013,
429047854,Tejas Kharkwal,IND,M,,,,1471,0,40,MAY26,2015,i
33493677,Tejas Lohani,IND,M,,,,1672,0,20,MAY26,2007,
531066402,Tejas Mishra,IND,M,,,,1470,0,40,MAY26,2010,i
558028269,Tejas Mishra,IND,M,,,,1405,0,40,MAY26,2018,
547020440,Tejas N Gowda,IND,M,,,,1474,0,20,MAY26,2001,i
25715585,Tejas N Kajale,IND,M,,,,1467,0,20,MAY26,2004,
33475415,Tejas Pai T,IND,M,,,,1575,0,40,MAY26,2010,i
45078211,Tejas Pessi,IND,M,,,,1549,0,40,MAY26,2008,i
46635629,Tejas Pradeep,IND,M,,,,1734,0,20,MAY26,2001,i
25941020,Tejas R Shet Verenkar,IND,M,,,,1506,0,20,MAY26,2007,i
537068431,Tejas Rai Aggarwal,IND,M,,,,1513,0,40,MAY26,2012,
537014544,Tejas Raj,IND,M,,,,1420,0,40,MAY26,2011,i
33478988,Tejas Shandilya,IND,M,,,,1729,0,,MAY26,2011,
25941267,Tejas Sharma,IND,M,,,,1487,7,40,MAY26,2010,
547003545,Tejas Singh,IND,M,,,,1522,0,40,MAY26,2013,
25005618,Tejas Soni,IND,M,,,,1622,0,20,MAY26,1997,
33447110,Tejas Tiwari,IND,M,,,,1566,0,40,MAY26,2017,
531040209,Tejasavpreet Singh,IND,M,,,,1659,0,40,MAY26,2010,
33492689,Tejash Chakraborty,IND,M,,,,1509,0,40,MAY26,2014,
25600079,Tejash Jain,IND,M,,,,1724,0,20,MAY26,2003,i
537012231,Tejaskumar Somnath Reddy,IND,M,,,,1454,0,40,MAY26,2011,i
25724720,Tejasvee Naresh Singh,IND,F,,,,1560,0,40,MAY26,2008,wi
25012290,Tejasvi M,IND,F,,,,1764,0,20,MAY26,2002,wi
25787535,Tejasvi Suresh,IND,F,,,,1422,0,40,MAY26,2008,wi
558004157,Tejaswi Narasimha Nori,IND,M,,,,1627,0,20,MAY26,1982,
45009988,Tejaswi R,IND,F,,,,1652,0,20,MAY26,2007,wi
25749978,Tejaswini G,IND,F,WIM,WIM,,1884,0,20,MAY26,2007,w
5054290,"Tejaswini, Sagar",IND,F,WIM,WIM,,1823,9,20,MAY26,2000,w
33381836,Tejom Patel,IND,M,,,,1465,0,40,MAY26,2010,i
48752037,Tejpal Singh,IND,M,,,,1636,0,40,MAY26,2010,
558075429,Tejveer Singh Sandhu,IND,M,,,,1628,0,,MAY26,2011,
537015850,Tejveer Singh Shaktawat,IND,M,,,,1401,0,40,MAY26,2012,
25095420,Telang Mrinal,IND,M,,,,1711,0,20,MAY26,1998,i
35079328,Telang Yashwant,IND,M,,,,1657,8,20,MAY26,2001,
5004543,"Teli, Rajendra",IND,M,,,,1986,0,20,MAY26,1965,i
48770663,Tembhare Digvijay,IND,M,,,,1636,0,20,MAY26,1997,
564041530,Tenjiku Medhi,IND,M,,,,1418,0,40,MAY26,2011,
25159410,Terse Asmi Amit,IND,F,,,,1516,0,40,MAY26,2013,w
366100999,"Tewari, Dhaani",IND,M,,,,1574,0,,MAY26,2015,
129105193,"Tewari, Siddhant",IND,M,,,,1447,0,,MAY26,2012,i
5035228,Thaarak Charen Saravankumar,IND,M,,,,1862,0,,MAY26,1991,
46635637,Thaga Sheriff M,IND,M,,,,1958,0,20,MAY26,2002,i
35039091,Thakare Seeya,IND,F,,,,1721,0,20,MAY26,2003,wi
25065181,Thaker Kautilya P,IND,M,,,,1729,0,20,MAY26,2002,i
45023336,Thaker Yashshvi,IND,M,,,,1494,0,20,MAY26,2001,i
45054436,Thakkar Bhargav,IND,M,,,,1570,0,20,MAY26,1989,i
531076653,Thakkar Dharv Nikeshkumar,IND,M,,,,1508,7,40,MAY26,2018,
46620656,Thakkar Dipen,IND,M,,,,1640,0,20,MAY26,1996,i
25070851,Thakkar Jatin,IND,M,,,,1825,0,20,MAY26,1999,i
35041819,Thakkar Kartik,IND,M,,,,1563,0,20,MAY26,2001,i
547044675,Thakkar Preet Chintankumar,IND,M,,,,1415,4,40,MAY26,2017,
537054201,Thakkar Vishal,IND,M,,,,1546,0,40,MAY26,2013,
531076009,Thakkar Yaksh,IND,M,,,,1473,0,40,MAY26,2011,
35080776,"Thakkar,Malay",IND,M,,,,1665,0,20,MAY26,2001,i
25727729,Thakur Aarit,IND,M,,,,1726,0,40,MAY26,2011,
88186490,Thakur Ameya Vilas,IND,M,,,,1427,0,40,MAY26,2009,i
25080458,Thakur Ankur Singh,IND,M,,FA,,1624,0,,MAY26,1989,
46679839,Thakur Ashutosh,IND,M,,,,1673,0,20,MAY26,1999,i
25774352,Thakur Bhavesh Pravin,IND,M,,,,1422,0,20,MAY26,2004,i
564029000,Thakur Daulat Singh,IND,M,,,,1468,0,40,MAY26,2013,
45060428,Thakur Dhananjay,IND,M,,,,1497,0,20,MAY26,2004,i
48770671,Thakur Krish,IND,M,,,,1587,0,,MAY26,2010,i
25072137,Thakur Ram,IND,M,,,,1598,0,,MAY26,1994,
5089310,Thakur Shivam,IND,M,,,,1624,0,20,MAY26,2000,i
577028503,Thakur Shivansh,IND,M,,,,1549,7,40,MAY26,2013,
537086260,Thakur Shreepati Kamlesh,IND,M,,,,1574,0,20,MAY26,2003,i
33472157,Thakur Shubham Singh,IND,M,,,,1551,0,20,MAY26,2000,i
25182153,"Thakur, Abhishek",IND,M,,,,1506,0,20,MAY26,1994,i
5008514,"Thakur, Akash",IND,M,FM,FT,,2185,0,20,MAY26,1982,i
5026431,"Thakur, Ameya",IND,M,,,,1783,0,20,MAY26,1980,i
564071995,"Thakur, Satyam",IND,M,,,,1510,0,20,MAY26,2007,
558020721,Thakurdas Shyam Gandhi,IND,M,,,,1766,0,40,MAY26,2008,
25002970,"ThamaraiSelvi, P",IND,F,,,,1774,0,20,MAY26,1998,wi
33448841,Thamilarasan B,IND,M,,,,1433,0,40,MAY26,2013,i
48731692,Thamizh Amudhan Y,IND,M,,,,1656,0,40,MAY26,2014,
88162575,Thamizh Thalavam R,IND,F,,,,1504,0,40,MAY26,2010,wi
429021138,Thamizhini S,IND,F,,,,1470,0,40,MAY26,2013,w
48739553,Thanav Gopalakrishnan,IND,M,,,,1455,0,40,MAY26,2010,
35006215,Thanga Kumar S,IND,M,,,,1537,0,20,MAY26,2000,i
25704168,Thangapandian M,IND,M,,,,1578,0,20,MAY26,1976,i
25773321,Thanigai Selvan S,IND,M,,,,1591,8,40,MAY26,2009,
25180240,Thanish S A,IND,M,,,,1806,10,,MAY26,2010,
5024927,"Thanki, Hemal Karsanji",IND,M,,FI,,2059,0,20,MAY26,1985,i
33437726,Thanshika G,IND,F,,,,1449,0,40,MAY26,2011,w
48728330,Thanushika P,IND,F,,,,1400,6,40,MAY26,2011,w
5086108,"Thapa, I B",IND,M,,,,1817,0,20,MAY26,1969,i
35009370,Tharan Adithya M,IND,M,,,,1413,0,20,MAY26,2005,i
25065904,Tharanitharr P,IND,M,,,,1735,0,20,MAY26,1998,i
48731315,Tharshaan B K,IND,M,,,,1658,0,40,MAY26,2011,
547010592,Tharun Aadhithiya T A,IND,M,,,,1461,5,,MAY26,2017,
429081645,Tharun Ashok Kumar,IND,M,,,,1557,0,40,MAY26,2010,i
45064555,Tharun B S,IND,M,,,,1478,0,20,MAY26,2004,i
537035070,Tharun Kumar Viyyapu,IND,M,,,,1555,0,20,MAY26,1994,
531064060,Tharun L,IND,M,,,,1534,0,40,MAY26,2009,i
48744786,Tharun Rajasekar,IND,M,,,,1699,9,40,MAY26,2015,
33338701,Tharun Reddi,IND,M,,,,1434,0,20,MAY26,1997,i
25163795,Tharunika G,IND,F,,,,1720,0,40,MAY26,2011,w
25739239,Tharunkumar S,IND,M,,,,1495,0,20,MAY26,2005,i
558023755,Tharunkumar V,IND,M,,,,1463,6,,MAY26,2013,
25667483,Tharunraj N,IND,M,,,,1516,0,40,MAY26,2008,i
33468389,Tharunsaai M K,IND,M,,,,1639,0,40,MAY26,2013,
33397902,Thashvi M,IND,F,,,,1744,9,40,MAY26,2013,w
25694634,Thatavarthy Siva Suhas,IND,M,,,,1545,0,20,MAY26,2005,i
5009049,Thatte Ashish P,IND,M,,,,1806,0,20,MAY26,1980,
48766879,Thattil Jaden,IND,M,,,,1498,8,20,MAY26,2005,
33438080,Thavish S,IND,M,,,,1780,20,,MAY26,2015,
25975277,Thavvanesh H,IND,M,,,,1711,8,40,MAY26,2011,
25926268,Theephigaa K P,IND,F,,,,1690,0,,MAY26,2010,w
547065680,Theeraj Kumar,IND,M,,,,1483,0,40,MAY26,2013,
33436061,Theertha Pillai,IND,F,,,,1420,0,40,MAY26,2011,wi
25948059,Thejas K,IND,M,,,,1684,0,20,MAY26,2007,
25699547,Thejas M U,IND,M,,,,1555,0,20,MAY26,2003,i
45042543,Thejasvi N,IND,M,,,,1580,0,20,MAY26,1997,
5009154,"Thejkumar, M. S.",IND,M,GM,,,2303,0,10,MAY26,1981,i
25001752,Theksidha P S,IND,F,,,,1737,0,20,MAY26,1998,wi
25790790,Thenamudhan B J,IND,M,,,,1557,0,20,MAY26,2005,i
25628160,Thennarasu K,IND,M,,,,1478,0,20,MAY26,1972,i
88162508,Thevsri Venkatesh,IND,F,,,,1544,0,40,MAY26,2015,w
35061127,Thiagarajan V N,IND,M,,,,1576,0,20,MAY26,1988,i
45075980,Thik Swapnil,IND,M,,,,1465,0,20,MAY26,1989,i
5001013,"Thipsay, Bagyashree Sathe",IND,F,WIM,WIM,,2031,0,20,MAY26,1961,wi
5000033,"Thipsay, Praveen M",IND,M,GM,FST,,2276,0,10,MAY26,1959,i
429059429,Thirumurugan K,IND,M,,,,1519,0,40,MAY26,2011,i
5054320,"Thirunaga Sundaram, S",IND,M,,,,1573,0,20,MAY26,1963,
25066935,Thirunarayanan Sampath Kumar,IND,M,,,,1753,0,20,MAY26,1984,i
25718258,Thirupugazh,IND,M,,,,1418,0,20,MAY26,2007,i
46688773,Thiruvalagan S,IND,M,,,,1621,0,20,MAY26,2000,i
5054338,"Thiruvengadam, T",IND,M,,,,1713,0,20,MAY26,1986,i
537003267,Thivash P,IND,M,,,,1428,0,40,MAY26,2016,
25788426,Thiyagarajan T,IND,M,,NA,,1509,0,,MAY26,1999,i
45043906,Thiyagarajan Tamilselvi,IND,M,,,,1794,0,20,MAY26,2004,
547000287,Thiyasika Kobiga,IND,F,,,,1408,0,40,MAY26,2017,w
547075619,Thokchom Autumn Meitei,IND,M,,,,1703,0,20,MAY26,1988,
429003342,Tholkappiyan J S,IND,M,,,,1597,0,40,MAY26,2012,
25601270,Tholkappiyan S,IND,M,,,,1485,0,20,MAY26,2002,i
25043986,Thomas M J,IND,M,,,,1690,0,20,MAY26,1961,i
25024949,Thomas Nidhin V V,IND,M,,,,1776,0,20,MAY26,1982,i
25142445,Thomas Remsangzuala,IND,M,,,,1575,0,40,MAY26,2008,i
25172743,Thomas Sebastian,IND,M,,,,1403,0,,MAY26,2009,i
45047847,Thomas Valiyaprambil,IND,M,,,,1635,0,20,MAY26,1969,i
5054346,"Thombre, Mandar",IND,M,,,,1704,0,20,MAY26,0,i
33325103,Thong Teron,IND,M,,,,1649,0,20,MAY26,1983,i
25003186,Thorat Aishwarya,IND,F,,,,1788,0,20,MAY26,2000,wi
25765647,Thorat Atharv,IND,M,,,,1452,0,20,MAY26,2004,i
25087690,Thorat Sanjay,IND,M,,,,1648,0,20,MAY26,2004,i
25041762,Thorwe Pratik,IND,M,,,,1857,6,20,MAY26,1997,
25789651,Thota Jovenkataraman,IND,M,,,,1622,0,,MAY26,2010,
45084491,Thoufeeq S,IND,M,,,,1665,0,20,MAY26,2003,i
5033276,Thounaojam Gobin Luwang,IND,M,,,,1915,0,20,MAY26,1991,i
537095935,Thozhamaiselvan S,IND,M,,,,1444,5,,MAY26,2017,
25072242,Thrinadh S,IND,M,,,,1503,0,20,MAY26,1968,
46626433,Thrish Karthik,IND,M,,,,2088,0,20,MAY26,2007,i
33327904,Thrishanth,IND,M,,,,1606,0,20,MAY26,2007,i
35086936,"Thube, Nimish",IND,M,,,,1701,0,20,MAY26,0,i
88103072,Thurka Raju,IND,M,,,,1617,0,,MAY26,1994,
25749471,Thushar Varma D,IND,M,,,,1486,0,20,MAY26,2004,i
88119793,Tiana Zandrea Tino,IND,F,,,,1481,0,40,MAY26,2015,wi
33401195,Tijil Singh,IND,M,,,,1823,0,40,MAY26,2008,
25657810,Tikam Aradhya,IND,M,,,,1580,7,40,MAY26,2008,
577043294,"Tikoo, Divij",IND,M,,,,1576,5,40,MAY26,2011,
25667025,Tikotkar Raghav,IND,M,,,,1483,0,20,MAY26,2002,i
429066506,Tikshan Kommuri,IND,M,,,,1515,0,40,MAY26,2016,
45064989,Tilak Aditya,IND,M,,,,1490,0,20,MAY26,2004,
5000165,"Tilak, Sharad S",IND,M,IM,,,2237,0,20,MAY26,1962,i
33330786,Tilekar Mansi,IND,F,,,,1555,9,20,MAY26,2007,w
25657836,Tillu Saurabh,IND,M,,,,1537,0,20,MAY26,2003,i
25068660,Timi Thomas Mulavana,IND,M,,,,1656,0,,MAY26,1977,i
88140989,Timmaraju Venkata Sathvik,IND,M,,,,1607,7,,MAY26,2016,
46617159,Tina C,IND,F,,,,1664,0,20,MAY26,2005,wi
33406626,Tinesh Bhargav,IND,M,,,,1550,0,20,MAY26,2002,i
429092353,Tishanth Satish,IND,M,,,,1478,0,40,MAY26,2011,
547022060,Tishika Bodal,IND,F,,,,1412,0,40,MAY26,2016,w
547086033,Tisyaa Apurva Patt,IND,F,,,,1523,0,40,MAY26,2014,w
25981218,Titash Ghosh,IND,F,,,,1492,0,,MAY26,2007,wi
33362963,Titus J,IND,M,,,,1536,0,20,MAY26,1973,i
33442525,Tiwari Ajay Shankar,IND,M,,,,1676,0,20,MAY26,1978,i
25615831,Tiwari Shivansh,IND,M,,,,1879,0,20,MAY26,2002,i
46625976,Tiwari Uddhav,IND,M,,,,1674,0,20,MAY26,1999,i
46634614,Tiwari Vivek,IND,M,,,,1714,0,20,MAY26,1970,i
5011337,"Tiwari, Arjun",IND,M,,,,2126,0,20,MAY26,1985,
5006961,"Tiwari, Ashwani",IND,M,FM,,,1974,0,20,MAY26,1976,i
25028146,"Tiwari, O P",IND,M,,,,1479,3,20,MAY26,1960,
564072673,"Tiwari, Prakhar",IND,M,,,,1567,0,20,MAY26,2006,
25018574,"Tiwari, Rade Shyam",IND,M,,,,1625,0,20,MAY26,1945,i
88122794,Tiyash Kumar Das,IND,M,,,,1492,0,40,MAY26,2012,
25757598,Tizya Kumar,IND,F,,,,1437,8,,MAY26,2007,w
48728128,Tom Mathew,IND,M,,,,1917,0,,MAY26,2011,
429092000,"Tomar, Akhand Singh",IND,M,,,,1618,0,40,MAY26,2012,
547000074,Tomy Benjamin,IND,M,,,,1509,7,20,MAY26,1986,
45042560,Tomy Mulackal Joseph,IND,M,,,,1662,0,20,MAY26,1968,
46607854,Tongia Vihaan,IND,M,,,,1465,0,20,MAY26,2006,i
25793330,Tootika Purna Sai Kumar,IND,M,,,,1452,0,20,MAY26,1994,
46671927,Toprani Hasit,IND,M,,,,1610,0,20,MAY26,1995,i
25635964,"Toraskar, Archita",IND,F,,,,1561,0,20,MAY26,2002,w
5072611,"Toshali, V",IND,F,WFM,WFM,,2013,0,20,MAY26,2001,wi
547008199,Toshar Rasstogi,IND,M,,,,1514,0,20,MAY26,1984,i
33475636,Toshi Janoti,IND,F,,,,1542,0,40,MAY26,2014,w
547056568,Toshit KR,IND,M,,,,1486,0,40,MAY26,2011,
429085365,Tosshaan Thapar,IND,M,,,,1589,0,20,MAY26,1997,i
5020190,"Trailokya, Nanda",IND,M,,,,1935,0,20,MAY26,1989,
537054503,Trambak Mondal,IND,M,,,,1436,4,40,MAY26,2014,
429091500,Treasa Binu,IND,F,,,,1564,0,40,MAY26,2012,w
25194909,Trideep Bora,IND,M,,,,1513,0,20,MAY26,1986,i
35015591,Tridev Buragohain,IND,M,,,,1659,0,20,MAY26,1998,i
25676121,Tridev Reddy K,IND,M,,,,1546,0,20,MAY26,2004,i
429044405,Tridib Sarma,IND,M,,,,1469,0,20,MAY26,1980,i
88197875,Trilaksha S,IND,F,,,,1520,14,40,MAY26,2013,w
429094526,Trinabh Pathak,IND,M,,,,1508,0,40,MAY26,2014,
5042313,"Trinadh, Virothi",IND,M,,,,1747,0,20,MAY26,1982,
531044859,Tripada U,IND,F,,,,1403,0,40,MAY26,2012,w
46680748,Tripathi D P,IND,M,,,,1694,0,20,MAY26,1983,
45076006,Tripathi Lokpati,IND,M,,,,1651,0,,MAY26,1993,i
48770710,Tripathi Rudram,IND,M,,,,1457,0,40,MAY26,2010,i
564046303,"Tripathi, Prabal",IND,M,,,,1406,0,40,MAY26,2013,
46694420,Tripathy Bijay Ketan,IND,M,,,,1627,0,20,MAY26,1994,
25677683,Tripathy Tanmaya,IND,M,,,,1733,0,20,MAY26,2006,
374099480,"Tripathy, Tejas",IND,M,,,,1448,7,,MAY26,2012,
25168800,Tripurambika V,IND,F,,,,1749,0,,MAY26,2012,w
564045609,"Triratne, Ulhas",IND,M,,,,1501,0,20,MAY26,1983,
25701843,Trisha B,IND,F,,,,1632,0,20,MAY26,2005,w
45073465,Trisha Jagtap,IND,F,,,,1508,0,40,MAY26,2010,wi
429014301,Trishan Moorkoth,IND,M,,,,1502,0,40,MAY26,2014,
88157393,Trishika R Marballi,IND,F,,,,1613,0,40,MAY26,2015,w
531032400,Trishit Pandya,IND,M,,,,1504,0,20,MAY26,2003,i
531076106,Trivedi Dhwanit Darshan,IND,M,,,,1710,7,40,MAY26,2011,
25670565,Trivedi Gaurav V,IND,M,,,,1708,0,20,MAY26,1987,
547017848,Trivendra Kumar Sharma,IND,M,,,,1469,0,20,MAY26,1988,
33324727,Trivikram J,IND,M,,,,1438,0,40,MAY26,2010,
429030749,Trivikram Narvekar,IND,M,,,,1543,6,40,MAY26,2010,
547042168,Triyum Suri,IND,M,,,,1479,7,40,MAY26,2013,
558019340,Tuhin Chakravorty,IND,M,,,,1517,0,40,MAY26,2011,
35015605,Tuhin Dutta,IND,M,,,,1750,0,20,MAY26,1992,i
46612637,Tuhin Kashyap,IND,M,,,,1756,0,20,MAY26,2002,i
25613510,Tulshan Aahan,IND,M,,,,1624,0,20,MAY26,1998,i
25071653,Tungar Prasanna,IND,F,,,,1722,0,20,MAY26,1999,wi
547017384,Turubilli Vinay,IND,M,,,,1539,0,20,MAY26,1995,i
88100936,Tushant Srinivasa Raghavan,IND,M,,,,1590,9,40,MAY26,2015,
33473129,Tushar Agarwalla,IND,M,,,,1771,17,,MAY26,2013,
5079128,Tushar Anand,IND,M,,,,1953,0,,MAY26,1996,i
537040855,Tushar Attri,IND,M,,,,1513,0,,MAY26,2008,
35067818,Tushar Banerjee,IND,M,,,,1654,0,20,MAY26,1978,
25644092,Tushar Barua,IND,M,,,,1649,0,20,MAY26,2003,i
25066943,Tushar G Thomas,IND,M,,,,1814,0,20,MAY26,1988,
531053823,Tushar Gupta,IND,M,,,,1598,0,20,MAY26,2001,
25792946,Tushar Gupta,IND,M,,,,1504,0,20,MAY26,2002,
45027960,Tushar Kapoor,IND,M,,,,1781,0,,MAY26,1998,
88199088,Tushar Malik,IND,M,,,,1508,0,40,MAY26,2010,i
35063154,Tushar Tiwari,IND,M,,,,1608,0,20,MAY26,1997,i
25728644,Tushita Chopra,IND,F,,,,1501,0,20,MAY26,2006,wi
25732315,Tuton Datta,IND,M,,,,1478,0,20,MAY26,1974,
531078222,Tuvijat Bhattacharyya,IND,M,,,,1409,0,40,MAY26,2014,
25790862,Tuvya Sharma,IND,M,,,,1422,0,40,MAY26,2011,i
33389705,Tvesha Ashish Jain,IND,F,,,,1520,3,40,MAY26,2015,w
48744930,Tvesha Singh,IND,F,,,,1509,9,40,MAY26,2016,w
46636595,Tvisha Mangesh Shah,IND,F,,,,1536,0,40,MAY26,2009,wi
48754412,Tvisha Vallabha Dessai,IND,F,,,,1462,0,40,MAY26,2015,w
531071180,Twinkle Daulaguphu,IND,M,,,,1712,0,20,MAY26,1987,i
25611763,Twinkle Riju,IND,F,,,,1463,0,40,MAY26,2008,wi
25791800,"Tyaggi, Anika",IND,F,,,,1476,0,40,MAY26,2011,w
25661914,Tyagi Raghubar Dayal,IND,M,,,,1671,0,20,MAY26,1952,i
577040139,"Tyagi, Adhiraj",IND,M,,,,1648,9,40,MAY26,2016,
564047300,"Tyagi, Brijmohan",IND,M,,,,1471,0,40,MAY26,2009,
48765520,Ubaiese Valiyara,IND,M,,,,1494,0,20,MAY26,1963,i
48712639,Ubale Yashwant,IND,M,,,,1451,0,40,MAY26,2008,
25998447,Udaiveer Singh,IND,M,,,,1555,0,,MAY26,2010,i
25765469,Uday Chakraborty,IND,M,,,,1502,0,20,MAY26,2004,
48713104,Uday Kanta Nayak,IND,M,,,,1610,0,40,MAY26,2011,
5011566,Uday Karandikar,IND,M,,,,1892,8,20,MAY26,1957,
45034818,Uday Kumar Tummagunta,IND,M,,,,1525,0,20,MAY26,1984,
537033018,Uday Maheshwari,IND,M,,,,1583,0,40,MAY26,2018,
33380015,Uday Mishra,IND,M,,,,1734,0,40,MAY26,2013,
429041830,Uday Sagar,IND,M,,,,1462,0,20,MAY26,1989,i
429077702,Uday Sethi,IND,M,,,,1589,0,40,MAY26,2009,
537083090,Uday Shankar Roy,IND,M,,,,1566,0,40,MAY26,2012,
46691553,Uday Singh,IND,M,,,,1720,0,20,MAY26,1974,i
46619356,"Udaya Bhaskara Rao ,Anala",IND,M,,,,1561,0,20,MAY26,1961,i
366193020,"Udayashanker, Rajani Prasath",IND,M,,,,1664,13,20,MAY26,1988,
537063782,Udbhav Saluja,IND,M,,,,1410,7,40,MAY26,2013,
25771612,Uddalak Chattopadhyay,IND,M,,,,1522,0,20,MAY26,1984,i
25958976,Uddhav Ajay Shenoy,IND,M,,,,1488,0,20,MAY26,2007,i
429017114,Uddhav Lakshman Kurumeti,IND,M,,,,1470,0,,MAY26,2012,
25131850,Uddhav Phukan,IND,M,,,,1528,0,40,MAY26,2013,i
35042882,Uddinabh Mahanta,IND,M,,,,1672,0,20,MAY26,2000,
25706403,Uddipan Roy,IND,M,,,,1678,0,40,MAY26,2008,i
46619739,Uddipta Gogoi,IND,M,,,,1800,0,20,MAY26,1999,i
531088538,Udhagiri Darsh,IND,M,,,,1577,0,40,MAY26,2015,
33388903,Udiavar Pradeep Pai,IND,M,,,,1488,0,20,MAY26,1982,
33418284,Udiavar Pragun Pai,IND,M,,,,1704,6,40,MAY26,2013,
33491852,Udiavar Prayan Pai,IND,M,,,,1472,0,40,MAY26,2016,
33358010,Udit Bhaskar Sarmah,IND,M,,,,1459,0,40,MAY26,2010,i
33413630,Udit Dubey,IND,M,,,,1431,0,20,MAY26,2002,
25662538,Udit Gupta,IND,M,,NI,,1606,0,,MAY26,2003,
25926357,Udit Kaushik,IND,M,,,,1569,0,20,MAY26,1993,i
531025331,Udit Mishra,IND,M,,,,1413,0,40,MAY26,2008,
25618431,Udit Sanghi,IND,M,,,,1576,0,20,MAY26,2003,i
25190210,Udupi Avani Acharya,IND,F,,NA,,1595,0,20,MAY26,2005,w
25148079,Uikey Satish,IND,M,,,,1450,0,20,MAY26,1994,
25771620,Ujaan Bhattacharya,IND,M,,,,1747,6,20,MAY26,2005,
48768146,Ujaan G Sanyal,IND,M,,,,1446,0,40,MAY26,2013,
33445192,Ujan Mandal,IND,M,,,,1434,0,40,MAY26,2013,i
25918591,Ujjawal Bansal,IND,M,,,,1793,0,20,MAY26,2005,
429017394,Ujjawal Gupta,IND,M,,,,1452,0,40,MAY26,2011,
25901710,Ujjawal Mishra,IND,M,,,,1468,0,20,MAY26,2006,i
25953672,Ujjwal Chauhan,IND,M,,FA,,1532,0,20,MAY26,2005,i
48738450,Ujjwal Mandal,IND,M,,,,1498,0,20,MAY26,2005,i
33405344,Ujjwal Singh,IND,M,,,,1573,0,20,MAY26,1994,
46635653,Ujvala Pradeep,IND,F,,,,1575,0,20,MAY26,2003,wi
48797308,Ujwal Mekala,IND,M,,,,1414,5,40,MAY26,2012,
25098560,Ulaganathan G,IND,M,,NA,,1642,0,20,MAY26,1998,i
25138871,Ulhas Puthran,IND,M,,,,1663,0,20,MAY26,1967,i
25711660,Ulhe Vedant,IND,M,,,,1499,0,20,MAY26,2004,i
88161161,Ullas P J,IND,M,,,,1601,11,20,MAY26,1990,
429012759,Uma Eswari Meenakshinathan,IND,F,,,,1554,0,40,MAY26,2011,w
5075050,"Uma Maheswaran, P",IND,M,,"FI,IA",,1923,0,20,MAY26,1993,i
429051347,Umang Kumar,IND,M,,,,1474,0,20,MAY26,2004,
5041244,"Umang, Kaisary",IND,M,,,,1884,0,20,MAY26,1994,i
33419604,Umayal Ramanathan,IND,F,,,,1509,0,40,MAY26,2011,w
88160254,Umbarkar Chinmay,IND,M,,,,1516,0,40,MAY26,2012,
25691376,Umer Muhthar P S,IND,M,,NI,,1659,0,,MAY26,1997,
5013500,Umesh M. Kulkarni,IND,M,,,,1916,0,20,MAY26,1974,i
25793357,Umesh N,IND,M,,,,1535,0,20,MAY26,1985,
35074067,Umesh P,IND,M,,,,1669,0,20,MAY26,1980,i
531089739,Ummed Singh Shekhawat,IND,M,,,,1555,0,,MAY26,1983,
5009170,"Unas, K.A.",IND,M,,,,1796,0,20,MAY26,1966,i
25748440,Undale Shravni,IND,F,,,,1632,8,40,MAY26,2009,w
537098330,Unmesha Krishna Manurkar,IND,F,,,,1489,0,40,MAY26,2012,w
35071599,Unni Krishnan PG,IND,M,,NA,,1651,0,20,MAY26,1972,i
25027980,Unnikrishnan M A,IND,M,,FA,,1771,0,20,MAY26,1993,
537078305,Upadhriti Bhattacharya,IND,F,,,,1550,0,40,MAY26,2016,w
46607862,Upadhyay Ayush,IND,M,,,,1536,0,20,MAY26,1997,i
25198831,Upadhyay Garima,IND,F,,,,1453,0,40,MAY26,2012,wi
46634622,Upadhyay Prashant,IND,M,,,,1491,0,20,MAY26,1984,i
25632868,Upadhyay Prince,IND,M,,,,1782,0,20,MAY26,2004,i
5001773,Upadhyay R,IND,M,,,,1928,0,20,MAY26,1970,i
577050886,"Upadhyay, Aditya",IND,M,,,,1565,7,40,MAY26,1985,
577051076,"Upadhyay, Tirth Hirenkumar",IND,M,,,,1646,9,40,MAY26,2011,
25769782,Upadhyayula Vamsidhar,IND,M,,,,1545,0,20,MAY26,1997,i
35023390,Upasani Kshitij,IND,M,,,,1659,0,20,MAY26,1998,
25686097,Upasani Sahil Sachin,IND,M,,,,1415,0,20,MAY26,2007,i
5037360,"Upasani, Onkar",IND,M,,,,1814,0,20,MAY26,1979,i
25602071,Upendra Punnana,IND,M,,,,1574,0,20,MAY26,1991,i
25902687,Upendra T V R,IND,M,,,,1616,0,20,MAY26,1990,i
5054370,"Upendra, K",IND,M,,,,1697,0,20,MAY26,1961,i
45099251,Uplenchwar Anay,IND,M,,,,1511,0,40,MAY26,2009,i
429073570,Uppalapati Dasu,IND,M,,,,1458,0,20,MAY26,1987,
25612298,Urja Goyal,IND,F,,,,1547,0,20,MAY26,2006,wi
25708910,Urkude Sunil,IND,M,,,,1614,0,20,MAY26,1987,i
48703109,Urmi Saha,IND,F,,,,1610,0,40,MAY26,2011,w
429027870,Urveesh Singhal,IND,M,,,,1499,0,40,MAY26,2009,i
429047641,Urvil Maurya,IND,M,,,,1595,7,40,MAY26,2016,
45000204,Ushank Prashant Naik,IND,M,,,,1411,0,20,MAY26,2004,i
558090347,Usharani S,IND,F,,,,1450,8,20,MAY26,1993,w
33427607,Utekar Granth,IND,M,,,,1418,0,40,MAY26,2010,i
5022940,"Uthra, P.",IND,F,WFM,WFM,,1854,0,20,MAY26,1991,w
88180433,Uthshan G,IND,M,,,,1470,0,40,MAY26,2016,i
547020962,Utikanti Karthikeyan,IND,M,,,,1458,0,40,MAY26,2015,
25019163,Utkal Dash,IND,M,,,,1835,0,20,MAY26,1990,i
531031692,Utkarsh,IND,M,,,,1537,0,40,MAY26,2017,
25718584,Utkarsh Agrawal,IND,M,,FA,,1733,0,20,MAY26,2001,i
537017730,Utkarsh Akash Kothare,IND,M,,,,1550,0,40,MAY26,2012,
25714422,Utkarsh Bhatnagar,IND,M,,,,1748,0,20,MAY26,2006,i
88189767,Utkarsh Chaudhary,IND,M,,,,1502,0,20,MAY26,2005,i
531097669,Utkarsh Dubey,IND,M,,,,1595,8,20,MAY26,1999,
25176994,Utkarsh Jain,IND,M,,,,1423,0,20,MAY26,2007,
429091900,Utkarsh Jayendrabhai Acharya,IND,M,,,,1642,6,20,MAY26,2001,
558019251,Utkarsh Kumar,IND,M,,,,1582,0,40,MAY26,2010,
547007583,Utkarsh Rahul Narayan,IND,M,,,,1438,0,40,MAY26,2012,i
33332150,Utkarsh Randive,IND,M,,,,1416,0,20,MAY26,2006,i
33373981,Utkarsh Ujjwal Jha,IND,M,,,,1572,0,40,MAY26,2011,i
429059950,Utkarsh Vinod Sonawane,IND,M,,,,1564,0,20,MAY26,2007,i
25105566,Utkarsh Yadav,IND,M,,,,1508,0,40,MAY26,2009,
564025357,Utkarsh Yadav,IND,M,,,,1528,0,,MAY26,2011,
33407649,Utkrisht Singh,IND,M,,,,1561,0,40,MAY26,2013,i
25693506,Utkrisht Tuli,IND,M,,,,2140,0,40,MAY26,2009,
5009669,Utpal Baruah,IND,M,,,,1970,0,20,MAY26,1972,i
33364800,Utpal Borah,IND,M,,,,1434,0,20,MAY26,1984,i
46609148,Utsab Chatterjee,IND,M,IM,,,2128,8,20,MAY26,2003,
25769979,Utsav Dutta,IND,M,,,,1499,0,40,MAY26,2008,i
25742841,Utsavi Dave,IND,F,,,,1546,0,40,MAY26,2008,wi
25133152,Uttam Baratam,IND,M,,,,1575,0,40,MAY26,2009,
547068922,Uttam Deb Nath,IND,M,,,,1419,0,20,MAY26,1985,
48734039,Uttam Kumar Biswas,IND,M,,,,1511,0,20,MAY26,1985,i
33401209,Uttam Surya Sai Naidu Burada,IND,M,,,,1401,0,40,MAY26,2015,i
5027799,"Uttkarsh, Khaneja",IND,M,,,,1734,0,20,MAY26,1998,i
88153720,Uzayr Shahid,IND,M,,,,1422,0,40,MAY26,2014,i
25012185,V Varun Kanth,IND,M,,,,1897,0,20,MAY26,2002,i
5009448,"V, Janu",IND,F,,,,1730,8,20,MAY26,1995,w
564044130,"V, Niranjan Kritik",IND,M,,,,1554,8,40,MAY26,2013,
531009654,V. Abhinav Subramanian,IND,M,,,,1512,5,40,MAY26,2012,
537086022,"V.S., Shaathvik",IND,M,,,,1402,7,,MAY26,2017,
46675574,Vaarin Gada,IND,M,,NA,,1581,0,20,MAY26,2005,i
48757861,Vaaswar Basak,IND,M,,,,1521,0,40,MAY26,2015,
88186571,Vadisherla Navina Bharat,IND,F,,,,1458,0,20,MAY26,2004,w
25099361,Vadoya Hitesh R,IND,M,,NI,,1606,7,20,MAY26,1972,
531077714,Vagadiya Om Kirit,IND,M,,,,1564,0,,MAY26,2011,
537057464,Vageesh S Kumar,IND,M,,,,1551,0,40,MAY26,2011,
25976958,Vageesh Swaminathan,IND,M,,,,1511,0,40,MAY26,2011,i
35000209,Vaghani Jeet,IND,M,,,,1730,0,20,MAY26,1994,i
46629025,Vaghela Nikunj,IND,M,,NA,,1664,0,20,MAY26,1993,i
33401829,Vaibav S G,IND,M,,,,1424,0,40,MAY26,2011,
35027212,Vaibhav Agarwal,IND,M,,,,1452,0,20,MAY26,2002,i
25075950,Vaibhav Aggarwal,IND,M,,,,2025,0,,MAY26,1996,i
48793060,Vaibhav Anand,IND,M,,,,1701,8,40,MAY26,2014,
5060931,Vaibhav Bhat,IND,M,,,,2068,0,20,MAY26,1997,i
547008610,Vaibhav Chahar,IND,M,,,,1617,0,40,MAY26,2014,
48785873,Vaibhav Chopra,IND,M,,,,1629,0,20,MAY26,1997,
88146294,Vaibhav Dwedi,IND,M,,,,1702,0,40,MAY26,2012,
25714449,Vaibhav Gautam,IND,M,,,,1661,9,20,MAY26,2000,
558077430,Vaibhav Girish,IND,M,,,,1440,6,40,MAY26,2014,
547092564,Vaibhav Gupta,IND,M,,,,1505,0,20,MAY26,2002,
5089034,Vaibhav Jayant Raut,IND,M,FM,,,2179,10,20,MAY26,2002,
33368813,Vaibhav Joshi,IND,M,,,,1546,0,20,MAY26,1997,i
25666231,Vaibhav Kalpaka,IND,M,FM,,,1943,0,40,MAY26,2009,
33405263,Vaibhav Krishnan K P,IND,M,,,,1957,0,40,MAY26,2008,
429050260,Vaibhav Kumar Mishra,IND,M,,,,1504,0,40,MAY26,2010,
25664182,Vaibhav M N Gaunekar,IND,M,,,,1470,0,20,MAY26,2005,i
25700537,Vaibhav Mondal,IND,M,,,,1467,0,20,MAY26,2003,
25064762,Vaibhav Naresh Tarkar Pednekar,IND,M,,,,1547,0,20,MAY26,2001,i
25103369,Vaibhav Nema,IND,M,,,,1917,0,40,MAY26,2008,
33348677,Vaibhav Pande,IND,M,,,,1440,0,20,MAY26,2007,
25989405,Vaibhav Parihar,IND,M,,,,1724,0,20,MAY26,2005,
88121640,Vaibhav Sah,IND,M,,,,1542,0,40,MAY26,2011,i
429090385,Vaibhav Santosh Shukla,IND,M,,,,1596,0,40,MAY26,2010,
25037536,Vaibhav Singh Verma,IND,M,,,,1663,0,,MAY26,1986,
558024441,Vaibhav Sumod,IND,M,,,,1485,0,40,MAY26,2016,
25745859,Vaibhav T R,IND,M,,,,1466,0,20,MAY26,2007,i
25615025,Vaibhav Tomar,IND,M,,,,1792,0,20,MAY26,2002,
429012660,Vaibhav Vishaan Nandakumar,IND,M,,,,1647,0,40,MAY26,2015,
48787370,Vaibhav Yadav,IND,M,,,,1568,0,40,MAY26,2015,
25018000,"Vaibhav, Barahate",IND,M,,,,1756,0,20,MAY26,1989,i
5020670,"Vaibhav, Khanna",IND,M,,,,1951,0,20,MAY26,1995,i
5045185,"Vaibhav, Suri",IND,M,GM,,,2484,0,10,MAY26,1997,i
33482870,Vaibhavi M M,IND,F,,,,1511,0,40,MAY26,2010,wi
537052667,Vaidik Singh Dev,IND,M,,,,1600,0,40,MAY26,2013,
25603027,Vaidya Dattatraya,IND,M,,,,1500,0,20,MAY26,1964,i
25094688,Vaidya Devendra,IND,M,,,,1700,0,20,MAY26,1989,
35079263,Vaidya Kaiwalya,IND,M,,,,1774,0,20,MAY26,1999,i
25064380,Vaidya Mihir,IND,M,,,,1656,0,20,MAY26,1998,i
35033263,Vaidya Omatharv,IND,M,,,,1641,0,20,MAY26,2000,i
46641602,Vaidya Prasanna,IND,M,,,,1655,0,20,MAY26,1993,i
25099370,Vaidya Vishal,IND,M,,,,1833,0,20,MAY26,1997,i
5009111,"Vaikund, Sudharsan",IND,M,,,,1613,0,20,MAY26,1996,i
25648110,Vairagade Anish,IND,M,,,,1457,0,20,MAY26,2004,i
33398950,Vairaj Sogerwal,IND,M,,,,1784,9,40,MAY26,2014,
35000330,Vaisakh R P,IND,M,,,,1710,0,20,MAY26,1992,
25927418,Vaisakh S,IND,M,,,,1605,0,20,MAY26,1989,i
5091756,"Vaishali, Rameshbabu",IND,F,GM,WGM,,2371,0,10,MAY26,2001,w
88104397,Vaishnav Nair,IND,M,,,,1408,0,40,MAY26,2012,i
88143015,Vaishnav Reshab S H,IND,M,,,,1562,0,40,MAY26,2011,
33363153,Vaishnav S,IND,M,,,,1679,0,40,MAY26,2011,
537045407,Vaishnav Sujith,IND,M,,,,1613,14,,MAY26,2013,
33403511,Vaishnav Sumesh,IND,M,,,,1481,0,40,MAY26,2011,
558024328,Vaishnav Tito,IND,M,,,,1490,6,40,MAY26,2013,
33494533,Vaishnav V K,IND,M,,,,1677,0,20,MAY26,2007,i
33422044,Vaishnavi Anand,IND,F,,,,1562,0,40,MAY26,2014,w
48785601,Vaishnavi Iyer,IND,F,,,,1450,0,40,MAY26,2010,wi
25750607,Vaishnavi M,IND,F,,,,1412,0,40,MAY26,2008,wi
33388237,Vaishnavi Radhakrishnan,IND,F,,,,1543,0,,MAY26,2010,wi
25106368,Vaishnavi S K,IND,F,,,,1638,0,40,MAY26,2010,wi
25971344,Vaishnavi Vijay Parab,IND,F,,,,1590,0,40,MAY26,2011,w
537063863,Vaishvyk Chauhan,IND,M,,,,1475,0,40,MAY26,2014,
25002317,"Vaisnav, A",IND,M,,,,1795,0,20,MAY26,2000,i
25002325,"Vaisnav, M",IND,M,,NA,,1982,0,20,MAY26,1999,i
5037174,"Vajandar, Amogh",IND,M,,,,1604,0,20,MAY26,1991,i
537062921,Vajendra Joshi,IND,M,,,,1469,0,20,MAY26,1975,
25670875,Vajid K,IND,M,,,,1413,0,20,MAY26,1991,i
33330530,Vakada Sriram Jayin,IND,M,,,,1802,0,40,MAY26,2012,
45041873,Vakcheri Mohitha,IND,F,,,,1723,0,20,MAY26,2007,w
45002711,Vakeesh S,IND,M,,,,1720,0,,MAY26,2006,
5013089,Vakil Akhtar,IND,M,,,,1921,0,20,MAY26,1974,i
25082477,Vale Prasadh J J,IND,M,,,,1858,0,20,MAY26,1991,i
35007548,Vallabh Kavi,IND,M,,,,1657,0,20,MAY26,2006,i
25005782,"Vallabhacharyulu, D.",IND,M,,,,1442,0,20,MAY26,1957,
25017152,Valliammai Saravanan,IND,F,,SI,,1619,0,20,MAY26,1991,wi
25111078,Vallon Fernandes,IND,M,,,,1448,0,,MAY26,1974,i
25097261,Valsan Kanavath,IND,M,,,,1731,0,20,MAY26,1962,i
25619500,Valsaraju V,IND,M,,,,1486,0,20,MAY26,1954,i
88179915,Vaman Datta Sai Sunkara,IND,M,,,,1433,0,40,MAY26,2014,i
35016253,Vamsi Krishna R,IND,M,,,,1536,0,20,MAY26,1999,i
25617516,Vamsi Krishna Suram,IND,M,,NA,,1521,0,,MAY26,1989,i
25006355,"Vamsi Krishna, R",IND,M,,NI,,1705,0,20,MAY26,1988,
366109869,"Vanam, Vihaan",IND,M,,,,1429,0,,MAY26,2011,i
25973096,Vandan Alankar Sawai,IND,M,CM,,,2048,9,40,MAY26,2011,
25101226,Vanedh Khatwa,IND,M,,,,1537,0,40,MAY26,2011,
35037129,Vangala Prashanth,IND,M,,,,1619,0,20,MAY26,1991,
429095077,Vanij Jain,IND,M,,,,1455,0,40,MAY26,2015,
46625291,Vanjale Prasad Prakash,IND,M,,,,1614,0,20,MAY26,1999,
537004956,Vankadaru Sai Pranish,IND,M,,,,1446,0,40,MAY26,2010,
537004964,Vankadaru Sai Sourish,IND,M,,,,1476,0,40,MAY26,2010,
429092566,Vanlalnghaka F,IND,M,,,,1704,0,20,MAY26,1973,i
25934945,Vanlalruatpuia,IND,M,,,,1625,0,20,MAY26,2007,i
531008844,Vansh Chugh,IND,M,,,,1571,0,40,MAY26,2009,
547000627,Vansh Dhande,IND,M,,,,1477,0,,MAY26,2015,
48715450,Vansh Govind Bhutada,IND,M,,,,1463,0,40,MAY26,2013,i
25112333,Vansh Jajoo,IND,M,,,,1889,0,40,MAY26,2013,
558013547,Vansh Kumar,IND,M,,,,1524,0,40,MAY26,2010,
33392587,Vansh R Pandya,IND,M,,,,1499,0,20,MAY26,2004,
33498032,Vansh Sharma,IND,M,,,,1490,0,40,MAY26,2012,
88107140,Vanshika K G D,IND,F,,,,1410,0,40,MAY26,2012,w
48717169,Vanshika M,IND,F,,,,1428,0,40,MAY26,2012,w
48754420,Vanshika Rawat,IND,F,,,,1655,0,40,MAY26,2015,w
531008852,Vanshika Yadav,IND,F,,,,1471,0,40,MAY26,2010,w
25050389,Vantika Agrawal,IND,F,IM,WGM,,2330,0,20,MAY26,2002,w
45040826,Vanzara Ayush,IND,M,,,,1417,0,20,MAY26,2001,i
46643265,Varad Devari,IND,M,,,,1480,0,20,MAY26,2000,i
531022537,Varad Dinesh Gaikwad,IND,M,,,,1503,4,40,MAY26,2010,
531019390,Varad Gajanan Bokhare,IND,M,,,,1490,0,40,MAY26,2011,
25108719,Varad Naresh Shirodkar,IND,M,,,,1427,0,20,MAY26,2006,i
537061461,Varad Nilam Nandurkar,IND,M,,,,1444,0,,MAY26,2017,
25193600,Varad Vilas Sail,IND,M,,,,1519,0,20,MAY26,2006,
35061437,Varadharajan S,IND,M,,,,1509,6,,MAY26,1980,
146243317,"Varadharajan, Aishwaryaa",IND,F,,,,1457,0,,MAY26,2009,wi
45076790,Varadkar Neel,IND,M,,,,1452,0,,MAY26,2007,i
5029414,"Varahalu, S.",IND,M,,,,1807,0,20,MAY26,1964,i
33496366,Varam Puli,IND,M,,,,1575,0,40,MAY26,2009,
33404542,Varchas Krishna Jayaraman,IND,M,,,,1686,7,40,MAY26,2015,
33396264,Vardaan Bahl,IND,M,,,,1462,0,40,MAY26,2015,
429027900,Vardaan Kumar,IND,M,,,,1600,8,40,MAY26,2014,
429009081,Vardam Abhishek Sudhakar,IND,M,,,,1460,0,20,MAY26,1996,i
429095328,Vardan Gill,IND,M,,,,1559,0,40,MAY26,2017,
531062385,Vardan Singh,IND,M,,,,1577,7,,MAY26,2013,
25983008,Vardha Raghuvir Dessai,IND,F,,,,1447,0,40,MAY26,2008,wi
547071036,Vardhan Gupta,IND,M,,,,1580,0,40,MAY26,2014,
429051231,Varenium Patel,IND,M,,,,1657,0,40,MAY26,2015,i
33467056,Varenya Lakshmi Vaka,IND,F,,,,1484,6,40,MAY26,2014,w
383266908,"Varghese, Joice",IND,M,,,,1676,0,20,MAY26,1984,i
48756520,Varhaan Shetty,IND,M,,,,1466,0,40,MAY26,2014,
537050257,Varish Muthuraman,IND,M,,,,1420,0,40,MAY26,2017,
25018590,"Varkey, M O",IND,M,,,,1457,0,20,MAY26,1949,
46679855,Varma Jitendra,IND,M,,,,1686,0,20,MAY26,1992,i
25632892,Varma Jitendra,IND,M,,,,1615,0,20,MAY26,1997,i
5067430,"Varma, Shabdhik",IND,M,,,,1881,0,,MAY26,1998,i
5072174,"Varma, Vikrant",IND,M,,,,1776,0,20,MAY26,1972,i
33313610,Varniga R,IND,F,,,,1450,0,40,MAY26,2013,wi
33491330,Varnika Tvisha Gandham,IND,F,,,,1473,0,40,MAY26,2014,w
5078571,Varsha C R,IND,F,,,,1823,0,20,MAY26,1999,wi
45010900,Varsha Ramesh,IND,F,,,,1882,0,20,MAY26,2005,wi
5072638,"Varsha,C K",IND,F,,,,1782,0,20,MAY26,1998,wi
25755463,Varshan G D,IND,M,,,,1446,0,40,MAY26,2009,i
45034575,Varshini M,IND,F,,,,1495,0,20,MAY26,2007,wi
5091241,"Varshini, V",IND,F,WGM,WGM,,2048,0,20,MAY26,1998,wi
25681907,Varshita Jain,IND,F,,,,1639,0,20,MAY26,2005,w
88116000,Varshith Narayanan S,IND,M,,,,1471,17,40,MAY26,2012,
46600710,Varshitha V,IND,F,,,,1534,0,20,MAY26,2004,wi
25961233,Varssha,IND,F,,,,1474,0,20,MAY26,2007,wi
33439230,Varun,IND,M,,,,1645,0,40,MAY26,2012,
46631437,Varun Agrawal,IND,M,,,,1820,7,,MAY26,2002,
35073966,Varun B S,IND,M,,,,1531,0,20,MAY26,1987,
5054516,Varun Bhatt,IND,M,,,,1940,0,20,MAY26,1988,i
33489440,Varun J,IND,M,,,,1414,0,20,MAY26,2003,i
48738786,Varun K Kamath,IND,M,,,,1463,0,,MAY26,2011,
25756176,Varun Prabhakaran K S,IND,M,,,,1645,0,40,MAY26,2010,i
25068717,Varun Raj Kaipalath,IND,M,,,,1940,0,20,MAY26,1994,
25739280,Varun Sasikumar,IND,M,,,,1543,0,20,MAY26,2004,i
547074426,Varun T,IND,M,,,,1432,14,40,MAY26,2013,
537011596,Varun Tolani,IND,M,,,,1441,0,,MAY26,2001,
48765236,Varun Vallinathan V l,IND,M,,,,1469,0,,MAY26,2014,i
5039681,"Varun, V",IND,M,CM,,,2159,0,20,MAY26,1997,i
558040684,Varunraj Rati,IND,M,,,,1405,0,40,MAY26,2011,
45035962,Vas Bryan,IND,M,,,,1471,0,20,MAY26,2003,i
45006113,Vasant Shivanand Borker,IND,M,,,,1450,0,20,MAY26,2003,i
429053226,Vasant Vijay Kolhatkar,IND,M,,,,1548,0,20,MAY26,1983,i
5033551,Vasant Vishnu Naik,IND,M,,NI,,1759,0,,MAY26,1973,
25634011,Vasanth C,IND,M,,,,1418,0,,MAY26,2009,i
5074690,"Vasantha Kumar,M",IND,M,,NA,,1525,0,20,MAY26,1998,
5037590,"Vasantha Ruba, Varman",IND,M,,,,2057,0,20,MAY26,1997,i
46617167,Vasanthakumar N,IND,M,,,,1611,0,,MAY26,1972,i
88197140,Vasi Sarika,IND,F,,,,1458,0,40,MAY26,2011,wi
429026563,Vasikaran G,IND,M,,,,1666,9,40,MAY26,2012,
25927302,Vasireddy Arjun,IND,M,,,,1707,0,40,MAY26,2013,
45085390,Vasistha Ramana Rao K V,IND,M,,,,1604,0,,MAY26,2004,i
33471070,Vasu Dev Chawla,IND,M,,,,1460,0,20,MAY26,1993,i
564039366,Vasu T,IND,M,,,,1528,0,20,MAY26,1965,
25134175,Vasudev,IND,M,,,,1450,0,40,MAY26,2008,i
558018514,Vasudev Krishan Gaur,IND,M,,,,1586,0,20,MAY26,2001,
48724475,Vasudev S,IND,M,,,,1689,7,40,MAY26,2010,
558065075,Vasudev Vishnu,IND,M,,,,1418,2,40,MAY26,2019,
25788434,Vasudevan K,IND,M,,,,1586,0,20,MAY26,1984,
35099426,Vasudevan K E,IND,M,,,,1581,0,20,MAY26,1970,i
5006260,"Vasudevan, R.R.",IND,M,,,,1874,0,20,MAY26,1964,i
558060553,Vasudhama B S,IND,M,,,,1401,0,40,MAY26,2013,
5090784,Vasuki G Krishna,IND,M,,,,1656,0,20,MAY26,1988,i
25740946,Vatsal Chokhra,IND,M,,,,1589,5,40,MAY26,2010,
25649345,Vatsal Makol,IND,M,,,,1767,9,20,MAY26,2000,
25674048,Vatsal Sadani,IND,M,,,,1505,0,20,MAY26,2006,i
25033972,Vatsal Singhania,IND,M,FM,,,2098,0,20,MAY26,2002,i
25951459,Vatsal Singla,IND,M,,,,1926,9,40,MAY26,2010,
558029125,Vatsal Tailor,IND,M,,,,1411,0,40,MAY26,2009,
531008984,Vaz Franshella Janelly,IND,F,,,,1508,0,40,MAY26,2015,w
25939920,"Vaz, Edrick",IND,M,,,,1810,0,,MAY26,2009,i
25940783,"Vaz, Ethan",IND,M,IM,,,2369,0,20,MAY26,2011,
46669795,Vebudesh S S,IND,M,,,,1546,0,20,MAY26,2004,i
48718467,Ved Agarwal,IND,M,,,,1420,0,40,MAY26,2013,
537014510,Ved Ahuja,IND,M,,,,1465,0,40,MAY26,2017,
429084334,Ved Gopinath,IND,M,,,,1472,0,40,MAY26,2013,i
88175553,Ved Gupte,IND,M,,,,1423,0,40,MAY26,2009,i
48792551,Ved Nair,IND,M,,,,1437,0,40,MAY26,2016,i
25602578,Ved Narvekar,IND,M,,,,1567,0,20,MAY26,2007,i
48728012,Ved Neeraj Phaur,IND,M,,,,1434,0,40,MAY26,2014,i
45013055,Ved Shubham,IND,M,,,,1778,0,20,MAY26,2004,i
537057960,Ved Singh,IND,M,,,,1403,0,40,MAY26,2016,
88166821,Vedaang Dave,IND,M,,,,1453,0,40,MAY26,2011,
25922696,Vedaant Anand Atreya,IND,M,,,,1531,0,,MAY26,2009,i
429036690,Vedaant Karthik,IND,M,,,,1606,0,40,MAY26,2010,i
25636456,Vedak Ishant,IND,M,,,,1754,0,40,MAY26,2008,
531016944,Vedang Amit Asnikar,IND,M,,,,1501,5,40,MAY26,2012,
558063579,Vedang Pandey,IND,M,,,,1553,0,20,MAY26,2005,
537037030,Vedank Bhaireli,IND,M,,,,1463,0,40,MAY26,2011,
429059917,Vedansh Bansal,IND,M,,,,1533,7,40,MAY26,2016,
537020544,Vedansh Jha,IND,M,,,,1629,7,40,MAY26,2012,
558003703,Vedansh Kumar Tomar,IND,M,,,,1495,0,40,MAY26,2019,
429076994,Vedanshi Gupta,IND,F,,,,1447,0,40,MAY26,2011,w
25102460,Vedant A Agarwal,IND,M,,,,1663,17,40,MAY26,2012,
25951130,Vedant Bhaiya,IND,M,,,,1453,8,20,MAY26,1999,
25133497,Vedant Bhardwaj,IND,M,,,,1763,0,20,MAY26,2001,
33413649,Vedant Bhargava,IND,M,,,,1480,0,40,MAY26,2010,i
537057030,Vedant Dey,IND,M,,,,1450,0,,MAY26,2015,
33499969,Vedant Dikshit,IND,M,,,,1585,0,40,MAY26,2011,
33422362,Vedant Garg,IND,M,,,,2016,0,40,MAY26,2010,i
531003842,Vedant Jaiswal,IND,M,,,,1601,0,40,MAY26,2009,
531019404,Vedant Kalpesh Thacker,IND,M,,,,1405,0,40,MAY26,2008,i
48765244,Vedant Kiran Thabaj,IND,M,,,,1547,13,40,MAY26,2014,
25986562,Vedant Kulkarni,IND,M,,,,1527,0,40,MAY26,2009,i
48779601,Vedant Kulkarni,IND,M,,,,1619,0,40,MAY26,2011,
45059730,Vedant Kumar Saravana,IND,M,,,,1866,0,20,MAY26,2007,
25193465,Vedant Maldikar,IND,M,,,,1426,0,40,MAY26,2009,i
429097266,Vedant Mishra,IND,M,,,,1677,0,40,MAY26,2010,
25733559,Vedant Mistry,IND,M,,,,1732,0,40,MAY26,2009,
25110080,Vedant Nege,IND,M,,,,1450,0,20,MAY26,2007,i
531030769,Vedant Nitin Pujara,IND,M,,,,1532,0,40,MAY26,2016,
45073449,Vedant Nitin vekhande,IND,M,CM,,,2065,0,40,MAY26,2008,i
25156527,Vedant Rupeshbhai Varasada,IND,M,CM,,,1810,8,40,MAY26,2010,
537025341,Vedant Saxena,IND,M,,,,1513,0,40,MAY26,2011,
88132617,Vedant Sharanbasappa Saddu,IND,M,,,,1538,14,40,MAY26,2010,
429039460,Vedant Sharma,IND,M,,,,1455,0,40,MAY26,2010,
48719234,Vedant Shukla,IND,M,,,,1405,0,40,MAY26,2009,
531047335,Vedant Singh,IND,M,,,,1532,0,,MAY26,2016,
429038669,Vedant Tushar Joshi,IND,M,,,,1431,0,40,MAY26,2009,i
25152866,Vedant Yogesh Kale,IND,M,,,,1734,0,40,MAY26,2013,
35091948,Vedanta Hazra,IND,M,,,,1561,0,20,MAY26,2004,i
88132226,Vedanth Agarwal,IND,M,,,,1450,0,40,MAY26,2011,
25938584,Vedanth G R K,IND,M,,,,1511,0,40,MAY26,2011,i
33403406,Vedanth M,IND,M,,,,1533,0,,MAY26,2009,i
33393460,Vedanth Malladi,IND,M,,,,1539,0,,MAY26,2011,
33302855,Vedanth S,IND,M,,,,1499,1,40,MAY26,2008,
25180134,Vedanth S,IND,M,,,,1645,16,40,MAY26,2010,
33355266,Vedanth Sajish,IND,M,,,,1548,0,40,MAY26,2010,i
531029604,Vedayaazhini Sathiyavelan,IND,F,,,,1474,0,40,MAY26,2014,w
25970267,Vedesh Parthasarathy,IND,M,,,,1522,0,40,MAY26,2008,i
429000629,Vedhik Viswanath,IND,M,,,,1693,9,40,MAY26,2016,
33485380,Vedhika Vipin,IND,F,,,,1548,0,40,MAY26,2013,w
25644106,Vedika Agarwal,IND,F,,,,1549,0,20,MAY26,2006,wi
88161137,Vedika Gowda T R,IND,F,,,,1417,10,40,MAY26,2013,w
429074487,Veer Inder Singh,IND,M,,,,1509,0,40,MAY26,2012,
33410364,Veer Rakeshkumar Patel,IND,M,,,,1682,7,40,MAY26,2014,
429030072,Veer Sogarwal,IND,M,,,,1493,0,40,MAY26,2013,
33462305,Veer Vipul Somaiya,IND,M,,,,1456,0,,MAY26,2014,i
25653121,Veera Phani Sai Teja K,IND,M,,,,1626,0,20,MAY26,2003,
429073618,Veera Vara Prasad Vudatha,IND,M,,,,1508,0,20,MAY26,1984,
45050945,Veerabhadri K,IND,M,,,,1597,0,,MAY26,1987,
25132318,Veeraditya Parakh,IND,M,,,,1482,0,20,MAY26,2005,i
33419639,Veeraj Kishore,IND,M,,,,1571,7,40,MAY26,2009,
33486182,Veeraj Siddesh Kattimani,IND,M,,,,1638,0,40,MAY26,2016,
35068792,Veerakumar M,IND,M,,,,1545,0,20,MAY26,1995,i
25680935,Veeravelli Shree Padma,IND,F,,,,1403,0,20,MAY26,2007,w
33403627,Veerlapally Yogesh,IND,M,,,,1569,0,40,MAY26,2013,
88154890,Veerraju Sanchana,IND,M,,,,1527,0,20,MAY26,1979,
33364435,Veersen Jain,IND,M,,,,1804,0,40,MAY26,2015,
25793888,Vegi Bhavishnu Sai Sivaji,IND,M,,,,1622,0,40,MAY26,2009,i
25053124,Vegolapu Anush Kumar,IND,M,,,,1773,0,20,MAY26,1990,i
25953389,Veiom Guptaa,IND,M,,,,1650,0,40,MAY26,2008,i
46646477,Vekhande Shivam,IND,M,,,,1493,0,20,MAY26,2002,i
33391416,Vekukho Akho Soho,IND,M,,FA,,1412,0,,MAY26,1977,i
46655395,Vel Murugan B,IND,M,,NA,,1710,0,20,MAY26,2004,i
25038818,Vel Vishwanathan G M,IND,M,,,,1784,0,20,MAY26,2003,i
25075330,Velamuri Deepak,IND,M,,,,1688,0,20,MAY26,1981,i
46638105,Velani Apurva,IND,M,,,,1679,0,20,MAY26,1977,i
25738011,Velavaa Ragavesh,IND,M,CM,,,2211,0,40,MAY26,2009,
25090216,Velayutham S S,IND,M,,,,1486,0,20,MAY26,1959,i
35005928,Veldandi Shivaji,IND,M,,,,1479,0,20,MAY26,1985,i
366098157,"VELMURUGAN PRIYASUDHARSANA, ISHAAN HAENEETH",IND,M,,,,1608,0,,MAY26,2010,
5065569,"Velmurugan, N.",IND,M,,,,1819,0,20,MAY26,1983,i
45075204,Velpula Sarayu,IND,F,WIM,WIM,,1993,0,20,MAY26,2006,w
33488916,Velsukirthan P,IND,M,,,,1640,0,40,MAY26,2015,
33413657,Velugoti Yathin Reddy,IND,M,,,,1748,0,,MAY26,2012,
25095447,Vempati Shriram,IND,M,,,,1663,0,20,MAY26,1996,i
537081144,Vemula Lavin,IND,M,,,,1531,0,40,MAY26,2012,i
25739921,Vemuri Arunkumar,IND,M,,,,1537,0,20,MAY26,1971,i
304095726,"Vemuri, Kalyan Kumar",IND,M,,,,1712,0,,MAY26,1986,
45050457,Vengatesh Krishnan C,IND,M,,,,1783,9,20,MAY26,2007,
45004080,Venkadesh K Chinnathambi,IND,M,,,,1566,0,20,MAY26,1988,
46623213,Venkadesh T,IND,M,,,,1515,0,20,MAY26,1985,
48794031,Venkat Parthasarathy,IND,M,,,,1424,0,20,MAY26,1990,i
25731246,Venkat Ramana R,IND,M,,,,1675,0,20,MAY26,2003,
25040626,Venkat Shyam V,IND,M,,,,1665,0,20,MAY26,1996,
5015995,"Venkat, Sundaram",IND,M,CM,,,2067,0,20,MAY26,1986,i
25103741,Venkata Hari Lakshmana Kumar T,IND,M,,,,1450,0,,MAY26,1995,i
25625632,Venkata Krishna Komanduri,IND,M,,,,1480,0,20,MAY26,2006,i
33379246,Venkata Naga Karthik Malladi,IND,M,,,,1738,9,,MAY26,2014,
5001528,"Venkata Ramana, J",IND,M,,,,2078,0,20,MAY26,1974,i
48739863,Venkata Sourya Chiruvolu,IND,M,,,,1413,0,40,MAY26,2008,i
558045104,Venkata Sri Rama Manohar Khandavilli,IND,M,,,,1589,0,20,MAY26,2003,
25653130,Venkata Subbarao M,IND,M,,,,1593,0,20,MAY26,1993,
35086812,"Venkata, Eswaran",IND,M,,,,1515,0,20,MAY26,0,i
5029430,"Venkata, Krishna Karthik K",IND,M,FM,,,1869,0,20,MAY26,1986,
25012193,Venkatakrishnan R,IND,M,,,,1794,0,20,MAY26,1994,i
25989049,Venkatakrishnan Sreenathan,IND,M,,,,1497,5,40,MAY26,2010,
5001579,"Venkataramanan, T.S.",IND,M,FM,,,2114,0,20,MAY26,1973,
35049011,Venkatasubramani K,IND,M,,,,1596,0,20,MAY26,1996,i
25760386,Venkatesan J,IND,M,,,,1462,0,20,MAY26,1981,
88191737,Venkatesan Pachamuthu,IND,M,,,,1409,0,20,MAY26,1983,i
35075934,Venkatesh B,IND,M,,,,1504,0,20,MAY26,1999,i
25642502,Venkatesh Babu N,IND,M,,,,1665,0,20,MAY26,2001,i
5075068,Venkatesh Babu Sundaresan,IND,M,,,,1737,0,20,MAY26,1974,i
25943316,Venkatesh Das,IND,M,,,,1818,0,,MAY26,2011,
25195360,Venkatesh Elumalai,IND,M,,,,1523,16,,MAY26,1994,
88183742,Venkatesh Mailapilli,IND,M,,,,1444,0,20,MAY26,2004,i
25106805,Venkatesh Matta,IND,M,,,,1513,0,,MAY26,1989,
25974858,Venkatesh S,IND,M,,,,1501,5,20,MAY26,2004,
5005779,"Venkatesh, M.R.",IND,M,GM,,,2401,0,10,MAY26,1985,
46639454,Venkateswara Rao Ramaraju,IND,M,,,,1430,0,20,MAY26,1965,i
25920731,Venkateswara Rao T,IND,M,,,,1584,0,20,MAY26,1957,i
88135195,Venkateswara Rao Vemparala,IND,M,,,,1596,0,40,MAY26,2010,
25702130,Venkatraman Satyamurthy,IND,M,,,,1570,0,20,MAY26,1991,i
5089182,Venkatswami Venampalli,IND,M,,,,1474,0,20,MAY26,1964,i
46648216,Venu Madhav P L,IND,M,,,,1696,0,20,MAY26,2004,i
429085772,Venu Somaiah Konga,IND,M,,,,1669,0,20,MAY26,1981,i
304095332,"Venugopal, Sasikumar",IND,M,,,,1616,6,,MAY26,1983,
5083214,"Venugopalan, Amayur Pisharam",IND,M,,,,1639,0,20,MAY26,1960,i
39915760,"Venugopalan, Suresh Balaji",IND,M,,FA,,1657,0,20,MAY26,1982,i
531041370,Venus Jha,IND,M,,,,1581,0,20,MAY26,2000,
45060460,Verma Abhijeet,IND,M,,,,1456,0,20,MAY26,2004,i
46692797,Verma Balkrishn,IND,M,,NA,,1569,0,20,MAY26,2005,
25748637,Verma Vivaan,IND,M,,,,1444,0,,MAY26,2011,i
564057380,"Verma, Anant",IND,M,,,,1519,0,40,MAY26,2010,
5007992,"Verma, H.S.",IND,M,,,,1582,0,20,MAY26,1951,
5055016,"Verma, Rahul",IND,M,,,,1932,10,20,MAY26,1986,
5009820,"Verma, Sanjay",IND,M,,,,1836,0,20,MAY26,1977,i
366108235,"Verma, Shaurya",IND,M,,,,1488,0,,MAY26,2014,
25730894,Vernekar Shubham,IND,M,,,,1440,0,20,MAY26,2004,i
429052025,Vesho Doulo,IND,M,,,,1423,0,40,MAY26,2013,i
25699822,Vetri Selvi C,IND,F,,,,1483,0,20,MAY26,2006,wi
577002032,"Vetri, S",IND,M,,,,1596,0,40,MAY26,2012,
25173367,Vetrivel M,IND,M,,,,1601,0,40,MAY26,2011,i
33336857,Veyashini P,IND,F,,,,1605,8,40,MAY26,2014,wi
537068016,Viaan Agarwal,IND,M,,,,1576,0,40,MAY26,2016,
33387117,Viaan Jai Singh,IND,M,,,,1714,8,40,MAY26,2013,
25170449,Viaan Mehendiratta,IND,M,,,,1451,0,40,MAY26,2012,
33463247,Viaan Samir Makhani,IND,M,,,,1676,8,40,MAY26,2014,
537015966,Vian Yadav,IND,M,,,,1534,0,40,MAY26,2013,
5027330,Viani Antonio Dcunha,IND,M,IM,,,2327,9,20,MAY26,1995,
25649310,Vibhash Kumar Sinha,IND,M,,,,1689,0,20,MAY26,1995,i
88168336,Vibhav Gupta,IND,M,,,,1622,10,40,MAY26,2013,
88144585,Vibhav Kerkar,IND,M,,,,1518,0,40,MAY26,2010,i
25116096,Vibhor Bhatt,IND,M,,,,1614,0,20,MAY26,2004,
48751693,Vibhor Chopra,IND,M,,,,1608,0,40,MAY26,2014,
33468818,Vibhor Mundhada,IND,M,,,,1404,0,20,MAY26,1983,
366109528,"Vibin, Amaey",IND,M,,,,1530,0,,MAY26,2014,
25195239,Vibishesh Jothi S,IND,M,,,,1429,0,20,MAY26,2003,i
25691937,Vicente Fernandes,IND,M,,,,1425,0,40,MAY26,2008,i
88114910,Vickash S,IND,M,,,,1587,0,40,MAY26,2015,
25183869,Victor Noah V,IND,M,,,,1518,0,20,MAY26,2006,i
25004000,"Victor Siddharthan, J",IND,M,,,,1450,0,20,MAY26,2000,i
33445303,Viddesh Gharpure,IND,M,,,,1541,0,20,MAY26,1997,
33339368,Vidhi Angelina,IND,F,,,,1597,0,40,MAY26,2013,wi
46647341,Vidhi Bhartiya,IND,F,,,,1467,0,20,MAY26,2006,wi
558012133,Vidhun Kumaresan,IND,M,,,,1472,0,40,MAY26,2012,
35057510,Vidit Dhawan,IND,M,,,,1638,0,20,MAY26,1997,i
45015503,Vidit Jain,IND,M,,,,1579,0,40,MAY26,2008,i
558027912,Vidit Paras Jain,IND,M,,,,1606,0,40,MAY26,2009,
531032427,Vidit Pradhan,IND,M,,,,1464,0,20,MAY26,2000,i
429045568,Vidit Saurabh Shah,IND,M,,,,1516,0,20,MAY26,2007,
33407886,Vidit Sethi,IND,M,,,,1959,0,40,MAY26,2012,
46686800,Vidit Snehalkumar Shah,IND,M,,,,1652,0,20,MAY26,2000,i
5029465,"Vidit, Santosh Gujrathi",IND,M,GM,,,2688,0,10,MAY26,1994,
25694111,Vidula Anbuselvan,IND,F,,,,1546,0,40,MAY26,2010,wi
35064835,Vidula V K,IND,F,,,,1480,0,20,MAY26,2004,wi
33497079,Vidur Ahuja,IND,M,,,,1479,0,40,MAY26,2009,i
33393613,Vidur Rajagopal,IND,M,,,,1990,0,40,MAY26,2010,
547043164,Vidush Nandan Sriramula,IND,M,,,,1479,0,40,MAY26,2017,
33486662,Vidya Jain,IND,F,,,,1469,0,40,MAY26,2013,w
531015638,Vidyesh M,IND,M,,,,1589,0,40,MAY26,2014,
531020585,Vidyut Viswanathan,IND,M,,,,1528,0,,MAY26,2014,
25146483,Vidyuth Bharadwaj V,IND,M,,,,1543,0,40,MAY26,2012,i
33483442,Vidyuth M,IND,M,,,,1526,6,,MAY26,2014,
88197905,Vidyuth V,IND,M,,,,1611,8,,MAY26,2015,
547055030,Viegas Dwennon Jake,IND,M,,,,1467,7,40,MAY26,2018,
35003240,Viekash V.K.,IND,M,,,,1681,0,20,MAY26,2001,i
25027654,"Vigna Shree, T",IND,F,,,,1627,0,20,MAY26,1998,wi
33391092,Vignaesh D,IND,M,,,,1483,0,40,MAY26,2009,i
25792059,Vignesh Advaith Vemula,IND,M,IM,,,2036,0,40,MAY26,2009,
35051555,Vignesh B,IND,M,,,,2126,20,,MAY26,2004,
25640895,Vignesh G,IND,M,,FA,,1670,0,20,MAY26,2001,
88160904,Vignesh G,IND,M,,,,1565,0,20,MAY26,1992,
33483469,Vignesh K R,IND,M,,,,1456,0,40,MAY26,2010,i
25755471,Vignesh Kannan P,IND,M,,,,2211,0,40,MAY26,2010,
35061151,Vignesh Kasi P L,IND,M,,,,1885,0,20,MAY26,2003,i
25659308,Vignesh Murugan,IND,M,,,,1606,0,20,MAY26,1998,i
46618180,Vignesh N,IND,M,,,,1920,9,,MAY26,2005,
25012215,Vignesh N R,IND,M,GM,,,2453,0,10,MAY26,1998,
33353921,Vignesh Prasanna Shankar,IND,M,,,,1414,0,,MAY26,1982,i
35084763,Vignesh R,IND,M,,NA,,1512,0,20,MAY26,1992,i
25172026,Vignesh S,IND,M,,NA,,1551,0,,MAY26,1993,i
25724215,Vignesh S l,IND,M,,,,1476,0,20,MAY26,2005,i
25194003,Vignesh Sekar,IND,M,,,,1543,0,20,MAY26,1994,
5073600,"Vignesh, B",IND,M,,,,2282,0,20,MAY26,1999,i
45072647,Vigneshkumar S N,IND,M,,DI,,1578,0,20,MAY26,1992,i
25042734,Vigneshwar D P,IND,M,,,,1620,0,20,MAY26,2003,i
33469873,Vigneshwar Sekar,IND,M,,,,1477,0,40,MAY26,2010,i
45024260,Vigneshwaran K,IND,M,,NA,,1757,8,20,MAY26,2002,
25043188,Vigneshwaran S,IND,M,,,,1825,0,20,MAY26,1999,i
5025567,"Vigneshwaran, N.",IND,M,,,,2015,0,20,MAY26,1984,i
5035252,"Vigneshwaran, S",IND,M,,NA,,1807,12,20,MAY26,1991,
33420351,Vigneswaran P,IND,M,,,,1471,0,40,MAY26,2009,i
5039711,"Vigram, M",IND,M,,,,1959,0,20,MAY26,1996,
33410810,Viha Hiren Shah,IND,F,,,,1593,0,40,MAY26,2011,w
25197118,Vihaan Aadarsh Lobo,IND,M,,,,1813,10,40,MAY26,2013,
48740861,Vihaan Agarwal,IND,M,,,,1492,0,40,MAY26,2012,i
531003443,Vihaan Amit Dubey,IND,M,,,,1470,0,40,MAY26,2012,i
33308780,Vihaan Anupam Agrawal,IND,M,,,,1632,0,40,MAY26,2014,
48789127,Vihaan Arav,IND,M,,,,1509,11,40,MAY26,2016,
537023829,Vihaan Bhatt,IND,M,,,,1454,0,40,MAY26,2014,
48733881,Vihaan Datta Katakam,IND,M,,,,1493,0,40,MAY26,2015,
429027942,Vihaan Dhankar,IND,M,,,,1463,0,40,MAY26,2014,
25901010,Vihaan Dumir,IND,M,CM,,,1965,0,40,MAY26,2010,
547099941,Vihaan Dwivedi,IND,M,,,,1472,0,40,MAY26,2014,
48729124,Vihaan Garg,IND,M,,,,1562,0,40,MAY26,2014,
547043644,Vihaan Grover,IND,M,,,,1433,0,,MAY26,2012,
429027969,Vihaan Jerath,IND,M,,,,1501,0,,MAY26,2013,
547018364,Vihaan Joshi,IND,M,,,,1533,8,40,MAY26,2014,
25950673,Vihaan Karthikeya N,IND,M,CM,,,2216,0,40,MAY26,2010,
558072837,Vihaan Kashikar,IND,M,,,,1440,2,40,MAY26,2015,
25199633,Vihaan Kathuria,IND,M,,,,1542,0,40,MAY26,2010,i
429036615,Vihaan M Gupta,IND,M,,,,1455,8,,MAY26,2015,
88139395,Vihaan Manish Deo,IND,M,,,,1588,0,40,MAY26,2015,i
537094157,Vihaan Matharu,IND,M,,,,1451,0,40,MAY26,2013,i
33402604,Vihaan Mathur,IND,M,,,,1796,0,40,MAY26,2010,
88158411,Vihaan Mathur,IND,M,,,,1431,0,40,MAY26,2008,i
33419965,Vihaan Mehra,IND,M,,,,1738,0,40,MAY26,2010,
429010756,Vihaan Mittal,IND,M,,,,1429,0,40,MAY26,2016,
429013305,Vihaan Nikhil Pathak,IND,M,,,,1498,0,40,MAY26,2011,
429009154,Vihaan Pranav Shah,IND,M,,,,1417,0,,MAY26,2013,
537030752,Vihaan Praveen,IND,M,,,,1501,0,40,MAY26,2016,
547034939,Vihaan Rajiv Sahakari,IND,M,,,,1495,0,40,MAY26,2017,
33470871,Vihaan Ravi Rao,IND,M,,,,1775,0,40,MAY26,2014,
33494541,Vihaan Shetty,IND,M,,,,1806,19,40,MAY26,2013,
33435960,Vihaan Singh,IND,M,,,,1619,0,40,MAY26,2014,
48719315,Vihaan Sinha,IND,M,,,,1491,0,40,MAY26,2015,
429005558,Vihaan Sinha,IND,M,,,,1434,0,40,MAY26,2016,
48708950,Vihaan Tari,IND,M,,,,1643,10,40,MAY26,2015,
48765821,Vihaan Tonk,IND,M,,,,1504,0,,MAY26,2012,
33496226,Vihaan Upadhyay,IND,M,,,,1788,0,,MAY26,2010,i
33468397,Vihaan V,IND,M,,,,1424,0,40,MAY26,2015,
33423377,Vihaan Vaibhav Deshmukh,IND,M,,,,1427,0,40,MAY26,2013,
88160912,Vihaan Vasudev Bhat,IND,M,,,,1538,0,40,MAY26,2013,
537051423,Vihaan Vasudeva,IND,M,,,,1452,2,40,MAY26,2010,
25909100,Vihaan Venu Gopal,IND,M,,,,1460,0,,MAY26,2011,i
33438528,Vihaan Viraj,IND,M,,,,1416,5,40,MAY26,2012,
33363900,Vihaan Vishwanath Kulkarni,IND,M,,,,1498,0,40,MAY26,2010,i
531086462,Vihaas Chowdary Penneti,IND,M,,,,1518,0,,MAY26,2013,
531019439,Vihan Dinesh Kongari,IND,M,,,,1421,0,40,MAY26,2015,i
429097282,Vihan Kumawat,IND,M,,,,1478,0,40,MAY26,2010,
25926047,Vihan Ninad Parikh,IND,M,,,,1698,7,40,MAY26,2012,
33498059,Vihan Sushilkumar Deshmukh,IND,M,,,,1549,0,40,MAY26,2013,
48754439,Vihana Kothari,IND,F,,,,1543,0,40,MAY26,2015,w
429088526,Vihang Dadasaheb Kumbhar,IND,M,,,,1497,2,40,MAY26,2012,
35068814,Vihrteshwar T R,IND,M,,,,1486,0,20,MAY26,2003,i
25942816,Vij Aarush,IND,M,,,,1420,0,40,MAY26,2011,i
558098631,Vijay Antony V,IND,M,,,,1418,5,40,MAY26,2016,
25654969,Vijay Chandran Bala,IND,M,,,,1582,0,20,MAY26,1988,i
48728020,Vijay Deorao Deodhagale,IND,M,,,,1497,0,20,MAY26,1982,i
537006606,Vijay Gopinath Goudar,IND,M,,,,1462,0,40,MAY26,2008,i
45008710,Vijay Gupta,IND,M,,,,1507,3,20,MAY26,1985,
25160214,Vijay K,IND,M,,,,1587,0,20,MAY26,2006,i
45042624,Vijay Kakarparthi,IND,M,,,,1457,0,20,MAY26,1975,i
33419671,Vijay Karthick S,IND,M,,,,1416,0,40,MAY26,2012,i
547017392,Vijay Karunanidhi,IND,M,,,,1593,0,20,MAY26,1995,
577018311,"Vijay Krishna, Praveena",IND,M,,,,1567,0,20,MAY26,2006,
45022640,Vijay Kumar,IND,M,,,,1437,0,20,MAY26,1955,
45019479,Vijay Kumar Mishra,IND,M,,,,1567,0,20,MAY26,1994,
25726480,Vijay Kumar Singh,IND,M,,,,1432,0,20,MAY26,1955,
5039126,"Vijay M, Dhale",IND,M,,NA,,1667,0,20,MAY26,1969,
25725858,Vijay Sai G,IND,M,,,,1562,0,20,MAY26,2007,i
35009974,Vijay Shreeram P,IND,M,,,,1856,0,20,MAY26,2003,
429001080,Vijay Singh,IND,M,,,,1551,0,20,MAY26,1991,
35021915,Vijay Sivakumar,IND,M,,,,1531,0,20,MAY26,1998,i
46648224,Vijay Sridharan,IND,M,,,,1578,0,20,MAY26,1985,i
537023535,Vijay Verma,IND,M,,,,1493,0,20,MAY26,1978,
577038738,"Vijay Vigneshwar, G",IND,M,,,,1423,7,40,MAY26,1998,
5018927,"Vijay, Anand M.",IND,M,,,,1878,0,20,MAY26,1979,
5068614,"Vijay, Jhanwar",IND,M,,,,1690,0,20,MAY26,1968,i
5014450,"Vijay, Keerthi K.",IND,M,,,,2218,0,20,MAY26,1990,i
5066441,"Vijay, Kumar",IND,M,,,,1925,0,,MAY26,1992,
5089514,"Vijay, M P",IND,M,,,,1764,0,20,MAY26,1991,i
5068967,"Vijay, M.",IND,M,,,,1820,0,20,MAY26,1980,i
5068622,"Vijay, Thakur",IND,M,,,,1695,0,20,MAY26,1946,i
74602047,"Vijay, Vishruth",IND,M,,,,1424,0,40,MAY26,2011,i
25024957,Vijaya Kumar V,IND,M,,,,1636,0,20,MAY26,1951,i
35054333,Vijaya Prathap,IND,M,,,,1489,0,20,MAY26,1996,i
45078955,Vijaya Siva B,IND,M,,,,1401,0,20,MAY26,2006,i
5015421,"Vijaya, Kumar A.V.S.",IND,M,,,,1735,0,20,MAY26,1977,
577002016,"Vijayagiri, I",IND,M,,,,1488,0,40,MAY26,2012,
35019210,Vijayakumar E,IND,M,,,,1414,0,20,MAY26,1981,i
25610805,Vijayakumar V Nambiar,IND,M,,,,1522,0,20,MAY26,1967,i
366105378,"Vijayakumar, Vidvath Bharadwaj",IND,M,,,,1459,0,40,MAY26,2014,i
5065577,Vijayakumar.N.,IND,M,,,,1746,0,20,MAY26,1983,i
5004098,"Vijayalakshmi, Subbaraman",IND,F,IM,WGM,,2252,0,20,MAY26,1979,wi
88142671,Vijayanandh G,IND,M,,,,1603,0,20,MAY26,1979,i
25021257,Vijayaragavan A R,IND,M,,,,1790,0,20,MAY26,1979,i
5025630,"Vijayaraj, R.",IND,M,,,,1741,0,20,MAY26,1986,i
45075182,Vijayasubhasri S,IND,F,,,,1721,0,20,MAY26,2005,wi
5013208,Vijayeendra Y G,IND,M,,,,2123,0,20,MAY26,1982,i
46662960,Vijaykumar R P,IND,M,,NA,,1557,0,20,MAY26,1995,i
5002338,Vijeet Deliwala,IND,M,,,,1873,0,20,MAY26,1988,i
45030790,Vijendra Kumar,IND,M,,,,1654,0,20,MAY26,1998,
25105175,Vijesh L,IND,M,,,,1494,0,40,MAY26,2008,i
33387400,Vijet Mallappa Ingaleshwar,IND,M,,,,1480,9,40,MAY26,1998,
25028006,Vijin Babu S,IND,M,,,,1687,0,20,MAY26,1987,i
531037801,Vijith A,IND,M,,,,1555,17,40,MAY26,2014,
88148815,Vijji Hemanth Kumar,IND,M,,,,1627,0,40,MAY26,2012,
25053620,Vikas Bhagat,IND,M,,,,1641,0,20,MAY26,1987,i
25610163,Vikas Bhatia,IND,M,,,,1598,0,20,MAY26,1994,
33358079,Vikas Chandrakant Rane,IND,M,,,,1413,0,20,MAY26,1977,i
35045458,Vikas Kumar Janardan,IND,M,,,,1536,0,20,MAY26,1992,
25137050,Vikas Maheshwari,IND,M,,,,1410,0,20,MAY26,1982,i
25009389,Vikas R Sharma,IND,M,,,,1980,0,20,MAY26,1978,i
5005990,Vikas Sharma,IND,M,,NA,,2053,0,20,MAY26,1981,i
25728598,Vikas Sharma,IND,M,,,,1512,0,20,MAY26,1985,i
35082680,Vikas Shitole,IND,M,,,,1515,0,20,MAY26,1974,
25742655,Vikas Vyas,IND,M,,,,1606,0,20,MAY26,1999,
531074987,Vikash Dev,IND,M,,,,1586,0,20,MAY26,2000,
45061696,Vikash K S,IND,M,,,,1651,0,20,MAY26,2006,i
48746550,Vikash Kumar,IND,M,,,,1591,0,20,MAY26,1997,i
25032577,Vikash Kumar Dwivedi,IND,M,,,,1822,0,20,MAY26,1995,i
25700456,Vikash Kumar Satnami,IND,M,,,,1572,0,20,MAY26,1998,
25063170,Vikash Nishad,IND,M,,NA,,1799,0,20,MAY26,1997,
33488940,Vikash S A,IND,M,,,,1440,0,40,MAY26,2010,i
5031796,"Vikee, Vishal",IND,M,,,,1943,0,20,MAY26,1982,
429036100,Vikhyaat Jaiswal,IND,M,,,,1470,0,40,MAY26,2013,i
45074925,Viknesh Babu E,IND,M,,,,1647,0,,MAY26,2009,i
25717162,Vikraanth S,IND,M,,,,1475,0,20,MAY26,2007,i
46648240,Vikram E,IND,M,,,,1434,0,20,MAY26,2000,i
33333823,Vikram G,IND,M,,,,1489,0,,MAY26,2009,i
45034826,Vikram K,IND,M,,,,1746,0,20,MAY26,1993,i
46652671,Vikram Mishra,IND,M,,,,1625,0,,MAY26,1989,i
25639560,Vikram Singaraju,IND,M,,,,1436,0,20,MAY26,2005,i
531016219,Vikram Singh,IND,M,,,,1633,0,20,MAY26,1994,i
5038383,"Vikram, Mavlankar",IND,M,,,,1836,0,20,MAY26,1982,i
25183575,Vikramaditya Abhijit Chavan,IND,M,,,,1667,0,40,MAY26,2011,
25025384,Vikramaditya Mukhija,IND,M,,,,1791,0,20,MAY26,1989,i
531069371,Vikrant Chandan Halde,IND,M,,,,1489,0,40,MAY26,2012,i
35087983,Vikrant Jaglan,IND,M,,,,1752,0,20,MAY26,2001,i
33405450,Vikrant Krishnakumar,IND,M,,,,1633,0,40,MAY26,2012,
45055084,Vikrant Patange,IND,M,,,,1524,0,20,MAY26,1987,i
33482667,Vikrant Ravindra Supekar,IND,M,,,,1512,0,40,MAY26,2011,i
25776355,Vikrant Singh,IND,M,,,,1615,0,20,MAY26,1998,
48734438,Vikrant Suganthan,IND,M,,,,1462,0,,MAY26,2011,
531064108,Vikunth Krishna S,IND,M,,,,1566,7,40,MAY26,2016,
33419680,Vikunth S R,IND,M,,,,1482,0,40,MAY26,2009,i
25075977,Vilakshan Mehta,IND,M,,,,1647,0,20,MAY26,2002,i
25910191,Vilas Andrade,IND,M,,,,1604,0,,MAY26,2010,i
25049224,Vilok V Gadwal,IND,M,,,,1469,0,20,MAY26,2005,i
429059119,Vimarsha C Arjun,IND,F,,,,1494,0,40,MAY26,2012,w
25034588,Vinay Kamath,IND,M,,,,1561,0,20,MAY26,2003,i
25086383,Vinay Khobragade,IND,M,,,,1638,0,20,MAY26,1998,i
25681265,Vinay Kumar Goud Chenna,IND,M,,,,1472,0,20,MAY26,1992,i
33326509,Vinay Kumar N,IND,M,,,,1600,0,20,MAY26,1998,i
25662481,Vinay Mishra,IND,M,,,,1580,0,20,MAY26,1992,i
33417610,Vinay N S,IND,M,,,,1578,0,20,MAY26,1979,i
45007640,Vinay R Jumani,IND,M,,,,1920,0,20,MAY26,2006,i
48769509,Vinay Saarengan S K,IND,M,,,,1488,6,40,MAY26,2013,
25024965,Vinay Thomas Abraham,IND,M,,,,2071,0,,MAY26,2001,i
429003962,Vinay Venkateswaran,IND,M,,,,1561,0,20,MAY26,1978,
25030620,Vinay Vijaykumar,IND,M,,,,1819,0,20,MAY26,1994,i
5026253,"Vinay, Raj Bhatt",IND,M,,,,2025,0,20,MAY26,1983,i
5067464,"Vinaya Prakash, Ashirwad",IND,M,,,,1501,5,20,MAY26,1953,
48784788,Vinayak Bharadwaj,IND,M,,,,1411,0,40,MAY26,2008,i
35042467,Vinayak Mittal,IND,M,,,,1605,0,20,MAY26,2002,i
25714511,Vinayak Parashar,IND,M,,,,1451,0,20,MAY26,2004,
537023780,Vinayak Sharma,IND,M,,,,1647,0,,MAY26,2013,
25154990,Vinayak Singh Yadav,IND,M,,,,1920,0,40,MAY26,2010,
25634569,Vinayak Tripathy,IND,M,,,,1652,8,20,MAY26,2003,
25015796,"Vinayak, B Hariwal",IND,M,,,,1679,0,20,MAY26,1997,i
5095506,"Vinayak, Hariharan",IND,M,,,,1765,0,20,MAY26,1997,i
46654470,Vinayan M P,IND,M,,,,1507,0,20,MAY26,1982,
35014765,Vincent Dave,IND,M,,,,1676,0,20,MAY26,1966,i
25629271,Vindya Sridhar,IND,F,,,,1445,0,40,MAY26,2008,wi
35021338,Vineesh P S,IND,M,,,,1629,0,20,MAY26,1973,i
88185575,Vineet Kage,IND,M,,,,1449,0,40,MAY26,2012,
33492700,Vineet Nayak,IND,M,,,,1756,0,,MAY26,2013,
531066909,Vineet Raj Tiwari,IND,M,,,,1552,0,20,MAY26,1973,
33356408,Vineet V C,IND,M,,,,1507,8,40,MAY26,2006,
25661981,Vinesh Doultani,IND,M,,,,1524,0,20,MAY26,1997,i
429021715,Vini Gandhi,IND,F,,,,1593,6,,MAY26,2013,w
33319022,Vinishaa A,IND,F,,,,1448,0,40,MAY26,2011,wi
25044184,Vinit Dhande,IND,M,,,,1769,0,20,MAY26,1995,i
45004145,Vinith Kumar Ramesh Kumar,IND,M,,,,1530,0,20,MAY26,1994,i
25011006,"Vinith Kumar, I.",IND,M,,,,1797,0,20,MAY26,1996,i
5042321,Vinni Prabhu R,IND,M,,,,1610,0,20,MAY26,1976,i
25972650,Vinod Chaturvedi,IND,M,,,,1555,0,20,MAY26,1965,
5004560,Vinod G,IND,M,,,,2005,0,20,MAY26,1979,i
45064636,Vinod Kumar Boya,IND,M,,,,1552,0,20,MAY26,1993,
5013518,Vinod Kumar Sharma,IND,M,CM,NA,,2154,0,20,MAY26,1981,i
25027891,Vinod S,IND,M,,,,1736,0,20,MAY26,1975,i
33485321,Vinod Yashwant Salve,IND,M,,NI,,1430,0,20,MAY26,1981,
25081381,Vinodan V P,IND,M,,,,1488,0,20,MAY26,1966,i
45091153,Vinodh Madhusudhanan M P,IND,M,,,,1482,0,20,MAY26,1986,i
25940430,Vinodh R,IND,M,,,,1413,0,20,MAY26,1978,i
48759317,Vinoo Varshan N,IND,M,,,,1681,7,40,MAY26,2009,
45072671,Vinoth Kumar C,IND,M,,,,1705,0,20,MAY26,1995,i
429012570,Vinoth Kumar C N,IND,M,,,,1500,0,20,MAY26,1985,i
5011574,"Vinoth Kumar, M.",IND,M,FM,FI,,2042,0,20,MAY26,1980,i
45004161,Vinoth Tamizhmani,IND,M,,,,1610,0,20,MAY26,1991,i
5060850,"Vinoth, M",IND,M,,,,1714,0,20,MAY26,1988,i
5036917,"Vinothkumar, T",IND,M,,,,1866,0,,MAY26,1988,i
25616757,Vinston Scott Fernandes,IND,M,,,,1485,0,20,MAY26,2002,i
35021346,Vinu P M,IND,M,,,,1513,0,20,MAY26,1980,i
35004255,"Vipan, Kumar",IND,M,,,,1674,0,20,MAY26,1991,i
33390819,Vipin Choube,IND,M,,,,1724,0,20,MAY26,1982,i
35042475,Vipin Singh,IND,M,,NA,,1595,0,20,MAY26,2003,
45006792,Vipin Vijayan,IND,M,,"NI,FA",,1529,0,20,MAY26,1984,i
48716090,Vipul Tamatkar,IND,M,,,,1408,0,20,MAY26,1996,
33472530,Vir Dhawan,IND,M,,,,1702,0,,MAY26,2012,
25192779,Vir Kapur,IND,M,,,,1743,0,,MAY26,2010,
25790633,Vir Nagpal,IND,F,,,,1551,6,40,MAY26,2010,w
88171752,Viraat Jalan,IND,M,,,,1597,8,40,MAY26,2012,
48796620,Viraat Pachisia,IND,M,,,,1589,0,40,MAY26,2014,
48756571,Viraj Bengre,IND,M,,,,1470,2,20,MAY26,1980,
45092575,Viraj Gogte,IND,M,,,,1542,0,20,MAY26,2007,i
531006043,Viraj Karthik G,IND,M,,,,1499,0,40,MAY26,2015,
429095611,Viraj Khetawat,IND,M,,,,1538,12,40,MAY26,2017,
429076048,Viraj Mathur,IND,M,,,,1518,8,,MAY26,2013,
25140221,Viraj Prabhakar Shetti,IND,M,,,,1644,0,20,MAY26,2000,i
558007105,Viraj Sachdeva,IND,M,,,,1729,0,40,MAY26,2010,
33474346,Viraj Sarawgi,IND,M,,,,1402,0,,MAY26,2014,i
33496234,Viraj Upadhyay,IND,M,,,,1773,0,,MAY26,2012,i
33341907,Viraj Vishwakarma,IND,M,,,,1529,0,40,MAY26,2013,
33477795,Viransh Parag Shah,IND,M,,,,1414,0,40,MAY26,2015,
33420998,Virat J S,IND,M,,,,1479,0,40,MAY26,2013,
48759929,Virat Singh,IND,M,,,,1598,0,40,MAY26,2011,
5020743,"Virendra, Singh",IND,M,,NA,,1671,0,,MAY26,1986,i
45076804,Virle Kimaya,IND,F,,,,1648,0,20,MAY26,2005,wi
25118781,Virochna Saxena,IND,F,,,,1425,0,20,MAY26,2004,wi
25727001,Visahan B,IND,M,,,,1432,0,20,MAY26,1980,i
537004484,Visakanraj K,IND,M,,,,1566,0,40,MAY26,2017,
25012223,Visakh N R,IND,M,GM,,,2460,36,10,MAY26,1999,
25954555,Visaria Devansh P,IND,M,,,,1432,0,20,MAY26,2004,i
46608940,Visaria Manav,IND,M,,,,1504,0,20,MAY26,2001,i
25129864,Vishakh Acharya K,IND,M,,,,1531,15,40,MAY26,2012,
25623273,Vishakh Matti Rao,IND,M,,,,1525,0,20,MAY26,1999,
577013158,Vishal Chandar Chaudhari,IND,M,,,,1450,0,20,MAY26,1997,
46660852,Vishal Choudary B,IND,M,,,,1862,5,,MAY26,2006,
25955756,Vishal Govind Kale,IND,M,,,,1434,0,20,MAY26,1992,
33447446,Vishal Gupta,IND,M,,,,1578,0,20,MAY26,1994,i
558031480,Vishal H Hasrajani,IND,M,,,,1661,0,20,MAY26,1996,
25130056,Vishal Krishnan,IND,M,,,,1450,0,20,MAY26,1998,i
48781509,Vishal Krishnan Muralikrishnan,IND,M,,,,1503,0,40,MAY26,2009,i
547008296,Vishal Kumar,IND,M,,,,1445,0,20,MAY26,1999,i
33385670,Vishal Mehta,IND,M,,,,1409,0,40,MAY26,2009,i
25609238,Vishal Natha Gawade,IND,M,,"NI,NA",,1482,0,20,MAY26,1994,i
5085640,Vishal P Desai,IND,M,,,,1430,0,,MAY26,1996,
25779230,Vishal Pabari,IND,M,,,,1758,0,20,MAY26,2001,i
537068121,Vishal Panchaal,IND,M,,,,1617,0,20,MAY26,1992,
25770489,Vishal Raghavendra Nayak,IND,M,,,,1420,0,20,MAY26,2006,i
25110608,Vishal Sai Kumar T,IND,M,,,,1442,0,20,MAY26,1997,
45011125,Vishal Sharma,IND,M,,,,1683,0,20,MAY26,2006,i
25741853,Vishal Singh,IND,M,,,,1504,0,20,MAY26,1997,
577020600,Vishal Taneja,IND,M,,,,1538,0,20,MAY26,2006,
25944797,Vishal Taro K,IND,M,,,,1633,0,20,MAY26,2005,i
88171060,Vishalini C M,IND,F,,,,1457,0,40,MAY26,2015,w
46671820,Vishanth V,IND,M,,,,1712,0,20,MAY26,1988,i
25141147,Vishawajit P L,IND,M,,,,1441,0,,MAY26,2000,
25050400,Vishesh Agrawal,IND,M,,,,1707,0,20,MAY26,2000,i
25064029,Vishesh Doshi,IND,M,,,,1860,0,20,MAY26,1996,i
88163423,Vishesh Rathia,IND,M,,,,1509,0,40,MAY26,2010,
48761915,Vishesh Srikant,IND,M,,,,1680,0,40,MAY26,2012,
25052667,Vishnu Bharani S,IND,M,,,,1610,0,20,MAY26,1992,
25011014,Vishnu Bipin,IND,M,,,,1690,0,20,MAY26,1999,i
25736442,Vishnu C G,IND,M,,,,1618,0,20,MAY26,2006,i
33474052,Vishnu Chezhain A S,IND,M,,,,1465,0,,MAY26,2015,
429020786,Vishnu Karthick G,IND,M,,,,1543,0,40,MAY26,2009,
25626760,Vishnu Komanduri,IND,M,,,,1460,0,20,MAY26,2007,i
33363781,Vishnu M R,IND,M,,,,1618,0,20,MAY26,1992,i
25619691,Vishnu Menon,IND,M,,,,1764,0,20,MAY26,2006,i
537001035,Vishnu Prasad,IND,M,,,,1645,0,20,MAY26,2006,
88154122,Vishnu Prasad Srinivasan,IND,M,,,,1778,0,20,MAY26,2005,i
5030692,Vishnu Prasanna. V,IND,M,GM,,,2477,0,10,MAY26,1989,i
5087082,"Vishnu Priya, T",IND,F,,FA,,1812,0,20,MAY26,1989,wi
531015212,Vishnu R K,IND,M,,,,1468,0,,MAY26,2014,
35057340,Vishnu Ram M,IND,M,,,,1687,0,20,MAY26,1998,i
33300038,Vishnu S D,IND,M,,,,1460,0,20,MAY26,2007,i
45041610,Vishnu Sharma,IND,M,,NA,,1510,0,20,MAY26,1992,i
5040965,Vishnu Surendran,IND,M,,NA,,1963,0,20,MAY26,1993,i
547095202,Vishnu V.,IND,M,,,,1441,0,20,MAY26,2006,
48793299,Vishnu Varthan T J,IND,M,,,,1417,0,20,MAY26,2007,i
25743201,Vishnu Vijay,IND,M,,,,1659,0,20,MAY26,2007,
45073260,Vishnudev,IND,M,,,,1501,0,20,MAY26,1996,
25135341,Vishnudev T P,IND,M,,,,1615,0,40,MAY26,2008,i
25113208,Vishnuprasad R,IND,M,,NI,,1467,0,,MAY26,1996,i
48724483,Vishnuram Kishore,IND,M,,,,1492,0,40,MAY26,2010,i
35084542,Vishnuram S,IND,M,,,,1627,7,20,MAY26,2000,
531015646,Vishnuvel P,IND,M,,,,1513,0,40,MAY26,2012,
33392528,Vishprajesh Anand,IND,M,,,,1640,0,40,MAY26,2015,
25050419,Vishrut Jain,IND,M,,,,1623,0,20,MAY26,2000,i
33363277,Vishruth Ajay Krishnan,IND,M,,,,1480,0,40,MAY26,2012,i
33347433,Vishruth B,IND,M,,,,1856,0,,MAY26,2013,i
25017772,Vishruth Sham,IND,M,,,,1662,0,20,MAY26,1999,
429060435,Vishruth Shivaprasad,IND,M,,,,1408,4,40,MAY26,2013,
33390550,Vishruth Srinivas,IND,M,,,,1494,0,40,MAY26,2011,i
25157418,Vishu Saini,IND,M,,NA,,1615,0,20,MAY26,2000,
88179249,Vishvadhar V,IND,M,,,,1487,0,40,MAY26,2011,
547065435,Vishvam Upadhyay,IND,M,,,,1538,0,40,MAY26,2013,
429014271,Vishvanath,IND,M,,,,1482,0,40,MAY26,2013,
45066698,Vishwa Bala Kumaran M,IND,M,,,,1788,0,20,MAY26,2005,i
25147579,Vishwa Balaji Ravichandran,IND,M,,,,1489,0,40,MAY26,2008,i
25666266,Vishwa Dheep D N,IND,M,,,,1549,0,20,MAY26,2005,i
88142922,Vishwa E,IND,M,,,,1625,8,40,MAY26,2013,
25075373,Vishwa R,IND,M,,,,1621,0,20,MAY26,2001,i
88198960,Vishwa R,IND,M,,,,1506,0,40,MAY26,2012,i
46658467,Vishwa Vasnawala,IND,F,WIM,WIM,,2075,0,20,MAY26,2006,w
33423415,Vishwaditya Awasthi,IND,M,,,,1675,0,40,MAY26,2012,
45016038,Vishwajit S,IND,M,,,,1723,0,,MAY26,2009,
25989073,Vishwajith A S,IND,M,,,,1410,0,40,MAY26,2008,i
88191664,Vishwajith G,IND,M,,,,1487,7,,MAY26,2014,
25173634,Vishwajith S,IND,M,,,,1553,6,20,MAY26,2006,
33436860,Vishwakarma Yashraj,IND,M,,,,1634,0,20,MAY26,2005,
33469970,Vishwaksena Gubba,IND,M,,,,1554,0,40,MAY26,2011,i
88120830,Vishwam Anand,IND,M,,,,1617,0,40,MAY26,2009,
537085565,Vishwambhar Dayal,IND,M,,,,1552,0,40,MAY26,2013,
429021723,Vishwanabh Deora,IND,M,,,,1441,0,40,MAY26,2013,
5009294,Vishwanath Jeyaraman,IND,M,,,,1762,0,20,MAY26,1996,i
5030170,"Vishwanath, Prasad",IND,M,,,,1831,0,20,MAY26,1995,i
25108387,Vishwanathan H,IND,M,,,,1462,0,20,MAY26,1998,
33438544,Vishwas Antony Pinto,IND,M,,,,1570,0,40,MAY26,2008,
429077753,Vishwas Joshi,IND,M,,,,1541,0,,MAY26,2010,
537091220,Vishwesh Gawas,IND,M,,,,1611,0,40,MAY26,2014,
33379610,Vishwesh Sivanantham,IND,M,,,,1557,0,40,MAY26,2010,i
531026761,Vishwesh Verma,IND,M,,,,1418,0,40,MAY26,2009,
25604503,Vishweshwarayya Gurumath,IND,M,,,,1463,0,20,MAY26,1982,
25175815,Vishweswaran N,IND,M,,,,1607,0,40,MAY26,2009,
531013872,Visishta Saisri Saraswathi,IND,F,,,,1534,0,40,MAY26,2013,w
33354537,Vismay A,IND,M,,,,1413,0,20,MAY26,2007,i
33390088,Vismay Sachar,IND,M,,,,1940,0,,MAY26,2009,i
46625313,Vispute Mayur,IND,M,,,,1609,0,20,MAY26,1994,
5073642,"Visveshwar, A",IND,M,,,,1925,0,20,MAY26,1999,i
45038023,Viswa Sudhakar Repalle,IND,M,,,,1533,0,,MAY26,1980,
45058946,Viswajith P,IND,M,,,,1498,0,20,MAY26,2004,i
25653148,Viswajith Sai B,IND,M,,,,1725,0,40,MAY26,2009,i
25626698,Viswak Sen M,IND,M,,,,1651,0,40,MAY26,2008,i
45097119,Viswanath Raghu Rohan,IND,M,,,,1562,0,,MAY26,2003,i
5026733,"Viswanath, Sandilya B.",IND,M,,,,1876,0,20,MAY26,1985,i
25019180,Viswanath. R,IND,M,,,,1609,0,20,MAY26,2002,i
25788485,Viswanathan B S,IND,M,,,,1491,0,40,MAY26,2008,i
35072510,Viswanathan T,IND,M,,,,1507,0,20,MAY26,1971,i
5001625,"Viswanathan, V N",IND,M,,,,1874,0,20,MAY26,1962,i
429089093,Viswapathi Saravanan,IND,M,,,,1425,0,40,MAY26,2013,
531031226,Viswas Davuluri,IND,M,,,,1463,0,40,MAY26,2012,
5005353,"Visweswaran, K.",IND,M,FM,,,2100,0,20,MAY26,1974,i
33484279,Vitasta Koul,IND,F,,,,1712,8,40,MAY26,2012,w
88138615,Vittal Narayanan,IND,M,,,,1693,9,40,MAY26,2016,
25694430,Vittanala Shanmuk Saish,IND,M,,,,1482,0,,MAY26,2011,i
25141155,Vitthal Tukaram Khillare,IND,M,,,,1635,0,20,MAY26,1987,i
48713430,Vivaan Aariz Thakuria,IND,M,,,,1455,0,40,MAY26,2012,i
531058264,Vivaan Ahuja,IND,M,,,,1517,0,40,MAY26,2009,
25953303,Vivaan Amarnani,IND,M,,,,1581,0,20,MAY26,2005,i
547008970,Vivaan Ashesh Agrawal,IND,M,,,,1512,0,40,MAY26,2010,
429033080,Vivaan Bhardwaj,IND,M,,,,1595,0,40,MAY26,2014,
48754137,Vivaan Chawla,IND,M,,,,1607,8,,MAY26,2015,
25672800,Vivaan Chawla,IND,M,,,,1550,0,20,MAY26,2006,i
531019447,Vivaan Chitnis Rajendra,IND,M,,,,1494,4,,MAY26,2015,
547000775,Vivaan Choudhary,IND,M,,,,1450,0,40,MAY26,2015,
25199102,Vivaan Gagroo Jain,IND,M,,,,1480,0,40,MAY26,2010,
88141470,Vivaan Garg,IND,M,,,,1447,0,40,MAY26,2013,i
547071613,Vivaan Garg ( UP ),IND,M,,,,1487,0,40,MAY26,2013,
558007806,Vivaan Jagnani,IND,M,,,,1452,7,40,MAY26,2014,
25166913,Vivaan Jain,IND,M,,,,1495,0,40,MAY26,2010,i
429013321,Vivaan Jain,IND,M,,,,1530,0,40,MAY26,2015,
48768570,Vivaan Jha,IND,M,,,,1773,0,40,MAY26,2010,
33423423,Vivaan Malu,IND,M,,,,1497,0,40,MAY26,2015,i
33405255,Vivaan Manan Choksi,IND,M,,,,1497,0,40,MAY26,2011,
33398976,Vivaan Mittal,IND,M,,,,1700,0,40,MAY26,2013,
48724165,Vivaan Pandey,IND,M,,,,1498,0,,MAY26,2015,i
25737902,Vivaan Parangodath,IND,M,,,,1420,0,40,MAY26,2011,i
88136833,Vivaan Patel,IND,M,,,,1496,0,,MAY26,2013,
537036084,Vivaan Puri,IND,M,,,,1495,0,40,MAY26,2012,i
48700215,Vivaan Rana,IND,M,,,,2155,0,,MAY26,2009,
25952501,Vivaan Roy,IND,M,,,,1705,0,40,MAY26,2011,
25107720,Vivaan Rudainwal,IND,M,,,,1441,0,40,MAY26,2013,i
25138189,Vivaan Sachdev,IND,M,,,,1817,0,,MAY26,2010,
33458626,Vivaan Sandip Tank,IND,M,,,,1652,0,40,MAY26,2010,i
33397694,Vivaan Sardana,IND,M,,,,1766,0,,MAY26,2010,
33410054,Vivaan Shah,IND,M,,,,1425,0,40,MAY26,2015,i
33476993,Vivaan Sood,IND,M,,,,1410,0,40,MAY26,2014,
45075140,Vivaan Sunil Ballikar,IND,M,,,,1662,0,40,MAY26,2008,i
531023622,Vivaan Vardhan Sahu,IND,M,,,,1563,0,40,MAY26,2018,
537026828,Vivaan Varoon,IND,M,,,,1729,9,,MAY26,2015,
25787101,Vivaan Vijay Saraogi,IND,M,CM,,,1824,0,40,MAY26,2011,
33342032,Vivaan Vijayvergia,IND,M,,,,1713,0,40,MAY26,2010,i
531068600,Vivaan Vishal Chotrani,IND,M,,,,1462,0,40,MAY26,2010,i
25184237,Vivaan Vishal Shah,IND,M,FM,,,2278,8,40,MAY26,2012,
33479461,Vivan Hota,IND,M,,,,1503,0,40,MAY26,2013,i
429009200,Vivan Janardan Kamble,IND,M,,,,1418,0,40,MAY26,2012,
25147250,Vivan Sushil Thool,IND,M,,,,1426,0,40,MAY26,2012,i
537076825,Vivan Vaidik,IND,M,,,,1501,0,40,MAY26,2014,
25160257,Vivek Arun N R,IND,M,,,,1453,0,20,MAY26,2003,
429014280,Vivek Dattatray Mane,IND,M,,,,1417,0,20,MAY26,2002,
558027394,Vivek Dutt Sharma,IND,M,,,,1516,7,40,MAY26,2013,
25737910,Vivek Jaju,IND,M,,,,1596,0,40,MAY26,2010,
33394679,Vivek Joshi,IND,M,,NA,,1415,0,20,MAY26,1986,
35005804,Vivek Kaushal,IND,M,,,,1578,0,20,MAY26,1958,
45073279,Vivek Kumar,IND,M,,,,1643,8,,MAY26,1996,
537033620,Vivek Mehto,IND,M,,NA,,1573,0,20,MAY26,1999,
25067010,Vivek Prabhakar,IND,M,,,,1602,0,20,MAY26,1981,i
33390916,Vivek Rai,IND,M,,,,1473,0,20,MAY26,2005,i
46612661,Vivek rajkumar,IND,M,,,,1670,0,40,MAY26,2008,i
25048520,Vivek Ramanathan V,IND,M,,,,1733,0,20,MAY26,1981,i
46614222,Vivek Vinod,IND,M,,,,1680,0,20,MAY26,1999,i
25004050,"Vivek, A",IND,M,,,,1762,0,20,MAY26,1991,i
5054664,"Vivekananda, L",IND,M,,,,1801,0,,MAY26,1994,i
366127642,"Vivekanandan, Rishi",IND,M,,,,1442,0,40,MAY26,2009,i
547001526,Vivin,IND,M,,,,1439,0,40,MAY26,2014,
429051258,Vivin Irudhaya Britto,IND,M,,,,1495,0,40,MAY26,2011,
25019694,"Vohra, Vishesh",IND,M,,,,1486,0,20,MAY26,1998,i
46672419,Vonivillu Karthik,IND,M,,,,1545,0,20,MAY26,1982,i
33386358,Vonti Sri Guruvarshini,IND,F,,,,1472,0,,MAY26,2015,w
46603662,Vora Ananya,IND,F,,,,1609,0,20,MAY26,2006,wi
531081568,Vora Devansh Rahul,IND,M,,,,1521,0,40,MAY26,2016,
33385211,Voruganti Sai Sri Shrawan Kumar,IND,M,,,,1479,0,40,MAY26,2008,i
547042036,Vraj Brijesh Patel,IND,M,,,,1579,0,,MAY26,2009,
35071246,Vraj Kayasth,IND,M,,,,1582,0,20,MAY26,2004,i
35079115,Vraj N Shah,IND,M,,,,1732,0,20,MAY26,2004,i
33466807,Vraj Vinay Shah,IND,M,,,,1521,0,40,MAY26,2015,
25033999,Vrandesh Parekh,IND,M,,,,1843,0,20,MAY26,2004,i
25944240,Vrashank Chouhan,IND,M,FM,,,2033,0,20,MAY26,2007,i
88119882,Vrat Tushar Patel,IND,M,,,,1523,5,40,MAY26,2016,
46666230,Vrinda Mohan,IND,F,,,,1474,0,20,MAY26,2000,w
25638190,Vrishank Peddireddi,IND,M,,,,1510,0,20,MAY26,2007,i
33388563,Vrishank Royadu,IND,M,,,,1732,0,40,MAY26,2010,
25916203,Vrishav V,IND,M,,,,1639,0,,MAY26,2009,i
25968548,Vritika Krushna Game,IND,F,,,,1599,0,40,MAY26,2011,w
531073565,Vrushank Simpi,IND,M,,,,1575,0,20,MAY26,2004,
35021370,Vrushank V,IND,M,,,,1642,0,20,MAY26,1998,i
531088287,Vudugundla Rathana Tej,IND,M,,,,1458,0,40,MAY26,2018,
531079784,Vyakt Vidhant,IND,M,,,,1579,0,,MAY26,2017,
88113639,Vyas Aagam,IND,M,,,,1543,0,20,MAY26,1981,
45059489,Vyas Arya Ajay,IND,F,WCM,WCM,,1591,0,20,MAY26,2006,w
5017165,Vyas H N,IND,M,,,,1828,0,20,MAY26,1946,i
46671323,Vyas Kiran,IND,M,,,,1403,2,20,MAY26,1967,
531076084,Vyas Priyanshu Pratikkumar,IND,M,,,,1646,0,40,MAY26,2011,
547044349,Vyas Soham,IND,M,,,,1654,0,40,MAY26,2012,
33383561,Vyom Malhotra,IND,M,CM,,,1902,9,40,MAY26,2014,
531071090,Vyom Tiwari,IND,M,,,,1488,0,,MAY26,2015,
25691392,Vyom Vivek Kulkarni,IND,M,,,,1582,0,20,MAY26,2002,i
35007106,Vysetty Sahithi,IND,F,,,,1602,0,,MAY26,2004,wi
88166082,Vyshnav R Menon,IND,M,,,,1506,0,20,MAY26,1999,i
33424780,Vyvaan Danni Thomas,IND,M,,,,1427,0,40,MAY26,2012,i
5086159,"Wadhawa, Girish",IND,M,,,,1489,0,20,MAY26,1987,i
25725092,Wadhwa Maneya,IND,F,,,,1531,0,20,MAY26,2003,wi
45069778,Wadhwani Kapil,IND,M,,,,1561,0,20,MAY26,1998,i
25021249,"Wadia, Kemas D",IND,M,,,,1633,0,20,MAY26,1965,i
25057464,Wadile Devendra,IND,M,,,,1659,0,20,MAY26,1994,
25967096,Wadke Suyog,IND,M,,,,1889,10,40,MAY26,2008,
33499276,Wagh Atharv,IND,M,,,,1559,0,40,MAY26,2009,i
25071670,Wagh Shubham,IND,M,,,,1595,0,20,MAY26,2003,i
25071688,Wagh Suyog,IND,M,IM,,,2236,17,20,MAY26,2000,
5001307,"Wagh, G.M.",IND,M,,,,2117,0,20,MAY26,1951,i
25195409,Waghare Purvi,IND,F,,,,1585,0,40,MAY26,2012,w
25605798,Waghe Shauryan,IND,M,,,,1467,0,20,MAY26,2007,i
25011901,"Waghela, Dhairya Pankaj",IND,M,,,,1797,0,,MAY26,1995,i
33428018,Waghle Bhumika,IND,F,,,,1631,0,,MAY26,2014,w
48769304,Waghmare Amol,IND,M,,,,1612,0,20,MAY26,1982,
429090431,Waghmare Pritas Pradeep,IND,M,,,,1487,7,40,MAY26,2017,
35057260,Waghmare Sagar,IND,M,,,,1830,0,20,MAY26,1989,i
25072145,Waghmare Sushrut,IND,M,,,,1683,0,20,MAY26,2001,i
25065203,Wagle Aakash Abhay,IND,M,,,,1684,0,20,MAY26,2002,i
25122550,Wahane Kunal,IND,M,,,,1611,0,20,MAY26,1997,i
5089204,Wairagade Atharva,IND,M,,,,1690,0,20,MAY26,2000,i
45017840,Wairagade Khush,IND,M,,,,1768,0,20,MAY26,2003,i
45017859,Wairagade Rashi,IND,F,,,,1509,0,20,MAY26,2007,wi
5038391,"Wairagade, Pawan",IND,M,,,,1945,0,20,MAY26,1981,i
5000173,"Wajih, Nassir",IND,M,,,,2216,0,20,MAY26,1967,i
45048924,Wakhare Ishwari,IND,F,,,,1425,0,20,MAY26,2005,wi
46611983,Walde Harshal,IND,M,,FA,,1656,0,20,MAY26,1996,i
25687255,Walimbe Atharva,IND,M,,,,1509,0,40,MAY26,2010,i
25071696,Waman Manohar,IND,M,,,,1713,0,20,MAY26,1980,i
25647679,Wanjari Krupal,IND,M,,,,1662,0,40,MAY26,2009,i
33359210,Wanjari Sachin,IND,M,,,,1427,0,20,MAY26,1988,i
25063561,Wankhade Sanskruti,IND,F,WCM,WCM,,1679,0,20,MAY26,2006,wi
46611991,Wankhede Avishkar,IND,M,,,,1822,0,20,MAY26,2003,
25935186,Wankhede Manas,IND,M,,,,1556,0,40,MAY26,2009,i
45017867,Waranashiwar Aryan,IND,M,,,,1465,0,20,MAY26,2002,i
25071726,Warude Satyam,IND,M,,NI,,1822,0,20,MAY26,1998,i
25193406,Warudkar Prajwal,IND,M,,,,1410,0,40,MAY26,2010,i
25695975,Warule Aniket,IND,M,,,,1457,0,20,MAY26,1997,i
5044022,Wasave Govardhan,IND,M,,,,1494,6,20,MAY26,1963,
45069786,Wasule Dhruv,IND,M,,,,1423,0,40,MAY26,2009,i
46699740,Watarkar Yash,IND,M,,,,1815,0,20,MAY26,2002,i
46645802,Watkar Rajesh,IND,M,,,,1620,0,20,MAY26,1980,i
35079298,Watpade Vivek,IND,M,,,,1751,0,,MAY26,1999,
5006180,"Wazeer Ahmad, Khan",IND,M,IM,,,1552,0,20,MAY26,1947,i
88177009,Williamba Moirangthem,IND,M,,,,1530,0,40,MAY26,2010,
45024553,Willy Varghese,IND,M,,,,1536,0,20,MAY26,1990,
25685414,Winee Thengal,IND,F,,,,1612,0,20,MAY26,2006,wi
25922785,Wriddhish Chakraborty,IND,M,,,,1644,0,40,MAY26,2010,
33353492,Writogyan Sarkar,IND,M,,,,1492,0,,MAY26,2013,i
88171078,Yaalvendhan Vellaichamy,IND,M,,,,1738,0,40,MAY26,2013,
531094422,Yaam Kumar,IND,M,,,,1503,0,20,MAY26,1989,
429028035,Yaashbhav Kumar,IND,M,,,,1586,10,40,MAY26,2014,
35033328,Yadav Aakashkumar,IND,M,,,,1533,0,,MAY26,1993,
25963635,Yadav Annan,IND,M,,,,1671,0,40,MAY26,2009,i
25963643,Yadav Arihant,IND,M,,,,1582,0,40,MAY26,2009,i
531015760,Yadav Ayush,IND,M,,,,1436,0,40,MAY26,2013,
46641653,Yadav Gaurav,IND,M,,NA,,1548,0,20,MAY26,2000,i
25725017,Yadav Hridesh,IND,M,,,,1421,0,20,MAY26,2004,
25710273,Yadav Pravin,IND,M,,,,1436,0,20,MAY26,1988,
45055890,Yadav Prem Gopal,IND,M,,,,1901,0,20,MAY26,2002,i
48791938,Yadav Rishabh,IND,M,,,,1457,0,40,MAY26,2010,i
5054699,"Yadav, Kalpit",IND,M,,,,1891,0,20,MAY26,1993,
48770760,Yadavalli Vikhyat,IND,M,,,,1518,0,40,MAY26,2015,i
48770779,Yadavalli Virat,IND,M,,,,1548,0,40,MAY26,2015,i
33495319,Yadhav Krishna S,IND,M,,,,1811,7,40,MAY26,2008,
25932209,Yadhu Krishna M L,IND,M,,,,1599,0,20,MAY26,2007,i
537033093,Yadhukrishna V,IND,M,,,,1492,4,40,MAY26,2015,
33448116,Yadla Premi Rakshitha,IND,F,,,,1468,0,40,MAY26,2014,w
25170260,Yadnya Bharambe,IND,M,,,,1558,0,20,MAY26,2005,i
537063847,Yaduvansh,IND,M,,,,1505,0,40,MAY26,2014,
25176005,Yagave Y V,IND,F,,,,1531,0,40,MAY26,2009,wi
45065594,Yagna Priya Polisetty,IND,F,,,,1516,0,20,MAY26,2005,wi
429073707,Yagnesh Goud Yemineni,IND,M,,,,1438,0,40,MAY26,2012,i
33334153,Yagneswar Reddy M V S,IND,M,,,,1607,0,40,MAY26,2012,
33499756,Yagya Gupta,IND,M,,,,1524,7,40,MAY26,2011,
429075939,Yajas Grover,IND,M,,,,1670,0,40,MAY26,2010,
33484147,Yajas Sharma,IND,M,,,,1741,0,40,MAY26,2012,i
25724746,Yajat Vyas,IND,M,,,,1667,0,20,MAY26,2005,
429052610,Yajna Pratham S,IND,M,,,,1423,0,40,MAY26,2011,i
25751115,Yajur Shikaram,IND,M,,,,1535,0,40,MAY26,2010,i
25080733,Yajurvedi Vikram,IND,M,,,,1677,0,20,MAY26,1987,i
558030441,Yajva Vempati,IND,M,,,,1501,0,40,MAY26,2011,
25070436,Yaksh Chopra,IND,M,,,,1557,0,20,MAY26,2000,
88115054,Yakshini P,IND,F,,,,1669,8,40,MAY26,2015,w
429041910,Yakshit Krishiv Mahapatra,IND,M,,,,1543,0,40,MAY26,2016,
88188116,Yakshit Prasad Padmakumar,IND,M,,,,1494,2,40,MAY26,2016,
25104250,Yallabilli Srinivasarao,IND,M,,,,1471,0,20,MAY26,1977,i
25907654,Yamini R,IND,F,,,,1401,0,20,MAY26,2005,wi
25968971,Yamini Sriram,IND,F,,,,1489,0,40,MAY26,2009,wi
33474036,Yandamuri Rajesh,IND,M,,,,1448,0,20,MAY26,2000,
88170284,Yarroju Ramya,IND,F,,,,1582,0,40,MAY26,2010,w
33368783,Yasaswi Krishna Bommi,IND,F,WFM,WFM,,1889,0,40,MAY26,2011,w
48717592,Yasaswini Animi,IND,F,,,,1498,0,40,MAY26,2013,wi
25017101,Yaseen Sherif H,IND,M,,,,1759,0,20,MAY26,1993,i
66607302,"Yaseen, Muhammed",IND,M,,,,1478,0,,MAY26,2005,i
25602110,Yash Abhijit Patil,IND,M,,,,2067,0,,MAY26,2009,
33321604,Yash Agrawal,IND,M,,,,1468,0,20,MAY26,1992,i
564034623,Yash Anand,IND,M,,,,1496,0,40,MAY26,2010,
45044961,Yash Anchaliya,IND,M,,,,1620,0,40,MAY26,2008,i
33424764,Yash Anil Modani,IND,M,,,,1653,0,40,MAY26,2012,
48729752,Yash Bharatbhai Katariya,IND,M,,,,1521,0,40,MAY26,2012,i
537025732,Yash Bidawat,IND,M,,,,1514,0,,MAY26,2009,
429099129,Yash Chakraborty,IND,M,,,,1441,0,40,MAY26,2012,
25627120,Yash Chauhan,IND,M,,,,1572,0,20,MAY26,2004,i
46680802,Yash Dahiya,IND,M,,,,1663,0,20,MAY26,2002,
25961284,Yash Dhavalbhai Gor,IND,M,,,,1590,0,20,MAY26,2005,i
35010239,Yash Dhoke,IND,M,,,,1900,0,20,MAY26,2002,i
46691308,Yash Gupta,IND,M,,,,1575,0,20,MAY26,2002,i
25142143,Yash Haresh Thakker,IND,M,,,,1553,11,20,MAY26,2007,
5085209,Yash Hari Dixit,IND,M,,,,1852,0,20,MAY26,1999,
25044206,Yash Ingolikar,IND,M,,,,1705,0,20,MAY26,2002,i
46680810,Yash Joshi,IND,M,,,,1621,0,20,MAY26,2002,i
35027263,Yash Jyoti Bir,IND,F,WFM,WFM,,1906,0,20,MAY26,2006,w
537011600,Yash Kasaudhan,IND,M,,,,1482,0,20,MAY26,2002,i
564011372,Yash Kotnala,IND,M,,,,1612,7,40,MAY26,2009,
46665420,Yash Manoj Upadhye,IND,M,,,,1652,0,20,MAY26,2006,i
48760536,Yash Mittal,IND,M,,,,1404,0,40,MAY26,2008,i
25900056,Yash Modi,IND,M,,,,1457,0,20,MAY26,2003,i
33383324,Yash Pant,IND,M,,,,1611,0,20,MAY26,2004,i
45006164,Yash Paul,IND,M,,,,1494,0,20,MAY26,2002,i
33452989,Yash Raman,IND,M,,,,1587,0,40,MAY26,2013,
88127141,Yash Ranjan,IND,M,,,,1706,0,40,MAY26,2011,
25974262,Yash Satish Parab,IND,M,,,,1514,0,20,MAY26,2005,i
25610171,Yash Saxena,IND,M,,,,1464,0,20,MAY26,2002,i
5099420,Yash Shah,IND,M,,,,1748,9,20,MAY26,1996,
25951181,Yash Suhas Naikwadi,IND,M,,,,1500,0,20,MAY26,2005,i
48723274,Yash Sunil Dalal,IND,M,,,,1565,0,40,MAY26,2009,i
25972200,Yash Tandon,IND,M,,,,1705,0,20,MAY26,2000,
558018611,Yash Tyagi,IND,M,,,,1558,0,40,MAY26,2008,
33495726,Yash Vijay Chodankar,IND,M,,,,1517,0,40,MAY26,2011,
25972324,Yashad Bambeshwar,IND,M,,,,2000,0,40,MAY26,2009,
33410895,Yashansh Kumar Lakhara,IND,M,,,,1531,0,40,MAY26,2011,
429071682,Yasharth Dwivedi,IND,M,,,,1470,0,20,MAY26,2003,i
33418381,Yashas Anil Samdgoud,IND,M,,,,1534,0,40,MAY26,2012,i
531028195,Yashas Gowda B,IND,M,,,,1416,6,40,MAY26,2017,
547094010,Yashas Gupta,IND,M,,,,1697,0,20,MAY26,2007,
429066573,Yashas M,IND,M,,,,1497,0,40,MAY26,2015,
45067902,Yashas Pessi,IND,M,,,,1743,0,20,MAY26,2006,i
5030196,"Yashas, D.",IND,M,FM,,,2223,0,20,MAY26,1995,i
5079209,Yashashwat Srivastava,IND,M,,,,1760,0,20,MAY26,2000,i
25005324,Yashaskara Jois K.R,IND,M,,,,1794,0,20,MAY26,1999,i
45063630,Yashasvi Gupta,IND,F,,,,1573,0,20,MAY26,2006,wi
48750581,Yashaswi Devhare,IND,M,,,,1465,0,20,MAY26,1999,
25668617,Yashaswi K,IND,F,,,,1574,0,20,MAY26,2002,w
25985442,Yashdeep,IND,M,,,,1527,0,20,MAY26,2004,i
537083406,Yashica S,IND,F,,,,1505,0,,MAY26,2012,w
48715590,Yashika Amit Musale,IND,F,,,,1453,0,40,MAY26,2013,wi
25767232,Yashika Bansal,IND,F,,,,1580,0,20,MAY26,2005,w
564069451,"Yashika, S",IND,F,,,,1442,7,40,MAY26,2014,w
48798240,Yashitha Davuluru,IND,F,,,,1488,6,40,MAY26,2011,w
537038141,Yashkrishna V,IND,M,,,,1508,5,40,MAY26,2012,
33320802,Yashovardhan,IND,M,,,,1480,0,20,MAY26,2005,i
5018951,"Yashpal, Arora",IND,M,,,,1890,0,20,MAY26,1978,
45034060,Yashsva Anil Kanholkar,IND,M,,,,1696,0,20,MAY26,2007,
88122760,Yashvardhan Katjhare,IND,M,,,,1521,0,40,MAY26,2012,i
25984446,Yashvi Jain,IND,F,,,,1890,0,,MAY26,2009,w
33482047,Yashvi Kaushal Shah,IND,F,,,,1490,0,40,MAY26,2013,w
33403546,Yashvir Mohammad,IND,M,,,,1900,0,40,MAY26,2012,
88179664,Yashvitha Varma Penumastha,IND,F,,,,1440,0,40,MAY26,2017,w
25767682,Yashwant B,IND,M,,,,2003,20,40,MAY26,2010,
25770411,Yashwanth Bharadwaj M S,IND,M,,,,1502,0,20,MAY26,2003,i
45064717,Yashwanth Gowda S,IND,M,,,,1486,0,20,MAY26,2000,i
25710095,Yashwanth R,IND,M,,,,1536,0,20,MAY26,2005,i
35082116,Yashwanth Raj S,IND,M,,,,1653,0,20,MAY26,2000,i
558006478,Yasin Alibhai,IND,M,,,,1691,0,20,MAY26,1996,
35019228,Yasir Mohamed M,IND,M,,,,1545,0,20,MAY26,1991,i
531037623,Yaswanth Chezhian,IND,M,,,,1539,0,40,MAY26,2016,i
429047102,Yaswanth Yavanasundar,IND,M,,,,1512,0,,MAY26,2012,
88130037,Yatharth Agarwal,IND,M,,,,1646,7,40,MAY26,2012,
429046599,Yatharth Amit Dubey,IND,M,,,,1514,0,40,MAY26,2014,i
48707732,Yatharth Deo,IND,M,,,,1407,0,40,MAY26,2010,i
46696652,Yatharth Jain,IND,M,,,,1631,0,20,MAY26,2006,
35007564,Yatharth Joshi,IND,M,,,,1533,0,20,MAY26,2004,i
25149865,Yatharth Nathani,IND,M,,,,1548,0,40,MAY26,2011,
88150860,Yathrish N,IND,M,,,,1509,0,40,MAY26,2014,
25101161,Yati Agarwal,IND,F,,,,1689,7,40,MAY26,2013,w
5085560,Yatin Agarwal,IND,M,,,,1689,0,20,MAY26,2000,i
46605568,Yatin Kumar,IND,M,,,,1795,9,20,MAY26,1985,
531040330,Yatin Rana,IND,M,,,,1548,0,20,MAY26,2004,
88173003,Yatin Srinivas Chintam,IND,M,,,,1467,0,,MAY26,2010,i
547022825,Yavisht Acharya,IND,M,,,,1446,0,40,MAY26,2016,
25132520,Yeahia Haque,IND,M,,,,1419,0,20,MAY26,2005,i
531013171,Yedu Nandan,IND,M,,,,1405,0,40,MAY26,2011,i
537036874,Yeira Xavier,IND,F,,,,1405,0,40,MAY26,2015,w
25774930,Yeole Tanish,IND,M,,,,1433,0,40,MAY26,2009,i
46600256,Yeolekar Akshay,IND,M,,,,1491,0,20,MAY26,1993,
25041851,Yeram Siddhesh,IND,M,,,,1630,0,20,MAY26,2001,i
11203536,"Yerramilli, Bala",IND,M,,,,1675,0,,MAY26,2004,i
469050,"Yeruva, Srujan",IND,M,,,,1779,0,20,MAY26,1990,i
33410020,Yeshas H,IND,M,,,,1744,0,40,MAY26,2012,
88147614,Yeshasvi Vivek Barwe,IND,F,,,,1531,0,40,MAY26,2015,wi
33349398,Yeshwant Saravanan,IND,M,,,,1872,0,40,MAY26,2012,
5005191,"Yesu, BabuK",IND,M,,,,1589,0,20,MAY26,1989,
88172481,Yodharth Meghasham Narule,IND,M,,,,1499,5,40,MAY26,2010,
25732935,Yoga Bharath S,IND,M,,,,1405,0,20,MAY26,2004,i
46622365,Yoga Prudhvi P,IND,M,,,,1589,0,20,MAY26,1997,
5035295,Yoganand,IND,M,,,,2117,0,20,MAY26,0,i
25750402,Yoganandan A,IND,M,,,,1585,0,20,MAY26,2005,
25724240,Yogapriyan E,IND,M,,,,1417,0,20,MAY26,2006,i
25604481,Yogaraj Vivek Mahale,IND,M,,,,1518,0,20,MAY26,2006,
33421366,Yogendra Sai Kondragunta,IND,M,,,,1470,0,40,MAY26,2011,
33313776,Yogendra Singh,IND,M,,,,1403,0,20,MAY26,1985,
558098003,Yogesh Athimoolam Mudliyar,IND,M,,,,1673,0,20,MAY26,1999,
25127861,Yogesh Dahale,IND,M,,,,1506,0,20,MAY26,1987,i
429089107,Yogesh K,IND,M,,,,1517,0,40,MAY26,2014,i
537019767,Yogesh Kumar Sandil,IND,M,,,,1494,0,20,MAY26,2005,i
33351791,Yogesh Loganathan,IND,M,,,,1608,0,20,MAY26,2002,
46669841,Yogesh M,IND,M,,,,1545,0,20,MAY26,2003,i
25135376,Yogesh R Suman,IND,M,,,,1504,0,20,MAY26,1996,i
25651048,Yogesh Selvam,IND,M,,,,1672,0,20,MAY26,1999,i
25920863,Yogesh Singh,IND,M,,,,1508,0,20,MAY26,1999,i
5097193,Yogesh Solanki,IND,M,,,,1575,7,20,MAY26,1991,
33442150,Yogesh Vishwakarma Kumar,IND,M,,,,1473,0,20,MAY26,1993,i
5062004,"Yogesh, Swami",IND,M,,,,1903,0,20,MAY26,1979,i
25907565,Yogeshwaran M,IND,M,,,,1408,0,20,MAY26,2006,i
33456500,Yogi Meghnath Lele,IND,M,,,,1520,0,40,MAY26,2013,
25197240,Yogiraj Joginath Baseshankar,IND,M,,,,1486,0,20,MAY26,1981,i
5009332,"Yogit, S",IND,M,,,,1990,0,20,MAY26,1997,i
25107801,Yohan Faridun Dotiwala,IND,M,,,,1572,0,40,MAY26,2008,i
33385300,Yohan Yadav Tarala,IND,M,CM,,,1920,9,40,MAY26,2010,
48773212,Yokeshwaran V,IND,M,,,,1487,14,40,MAY26,2010,
88145689,Yrishin Kuckian,IND,M,,,,1547,0,40,MAY26,2014,
558046933,Yudhajit Banerjee,IND,M,,,,1546,0,40,MAY26,2012,
33409714,Yug Amit Sonigara,IND,M,,,,1624,0,40,MAY26,2011,i
531053874,Yug Jain,IND,M,,,,1724,0,40,MAY26,2011,i
429082943,Yug Kumar,IND,M,,,,1550,6,,MAY26,2012,
531025382,Yug Madhav Bhargava,IND,M,,,,1487,0,40,MAY26,2012,
33395195,Yug Tarun Khiani,IND,M,,,,1849,10,,MAY26,2012,
33498105,Yug Vishal Bardiya,IND,M,,,,1659,0,40,MAY26,2012,
33422087,Yugesh Kalagarla,IND,M,,,,1458,0,40,MAY26,2013,
531007180,Yugicharan G V,IND,M,,,,1513,0,40,MAY26,2011,
46670491,Yugraj,IND,M,,,,1643,0,20,MAY26,2005,
46660712,Yung David,IND,M,,,,1616,0,20,MAY26,1968,
25700367,Yusuf Faraz,IND,M,,,,1597,0,20,MAY26,2003,
558079181,Yusuf Mohammed Shaban,IND,M,,,,1407,0,40,MAY26,2017,
25034014,Yutesh P,IND,M,,,,1897,0,20,MAY26,2003,i
35081217,Yuti Mayur Patel,IND,F,,,,1615,0,20,MAY26,2002,w
35016296,Yuva Kishore Pilla,IND,M,,,,1671,0,20,MAY26,1988,i
35099531,Yuva Sankar Balasubramaniam,IND,M,,,,1588,0,20,MAY26,2001,i
33415390,Yuvaan Krishna Barman,IND,M,,,,1591,0,40,MAY26,2012,
531001564,Yuvaan Rajpal,IND,M,,,,1412,14,,MAY26,2014,
531064094,Yuvaansh A Mehta,IND,M,,,,1436,5,40,MAY26,2011,
88171086,Yuvakrishnaa Vellaichamy,IND,M,,,,1448,0,40,MAY26,2017,
25146920,Yuval Sunil Mohurle,IND,M,,,,1684,0,40,MAY26,2011,
33474869,Yuvan Akhash,IND,M,,,,1659,0,40,MAY26,2015,
5060842,Yuvan Bharathi K S,IND,M,,,,1816,0,,MAY26,1999,i
25626752,Yuvan Kumar S,IND,M,,,,1682,0,20,MAY26,2007,i
48731846,Yuvan M,IND,M,,,,1526,0,40,MAY26,2012,
25109464,Yuvan Prakash T A,IND,M,,,,1471,0,20,MAY26,2004,i
33425400,Yuvan Raj A,IND,M,,,,1540,0,40,MAY26,2010,i
429010780,Yuvan Raman,IND,M,,,,1549,0,40,MAY26,2016,
33305234,Yuvan Singh,IND,M,,,,1588,0,40,MAY26,2009,i
25924230,Yuvanesh A,IND,M,,,,1862,0,,MAY26,2012,
429078407,Yuvanesh M,IND,M,,,,1449,14,40,MAY26,2017,
25982273,Yuvanraj Balamurugan,IND,M,,,,1522,0,20,MAY26,2003,i
25197304,Yuvaraj,IND,M,,,,1440,0,40,MAY26,2009,i
88117022,Yuvaraj Chandiran,IND,M,,,,1434,0,20,MAY26,1996,i
88199550,Yuven Gaurav Jhaveri,IND,M,,,,1459,0,40,MAY26,2016,
25926020,Yuvika Sehgal,IND,F,,,,1573,0,20,MAY26,2007,wi
33388520,Yuvir Raj Aggarwal,IND,M,,,,1639,0,,MAY26,2013,
429009227,Yuvraj Avadhesh Pratap Singh,IND,M,,,,1589,0,40,MAY26,2011,
48713120,Yuvraj Badhan,IND,M,,,,1438,0,40,MAY26,2010,i
531003354,Yuvraj Goel,IND,M,,,,1434,4,40,MAY26,2011,
33345970,Yuvraj Mukim,IND,M,,,,1601,8,40,MAY26,2012,
25112112,Yuvraj Singh,IND,M,,,,1776,0,20,MAY26,2003,
429097290,Yuvraj Singh Rathore,IND,M,,,,1473,0,40,MAY26,2013,
25796658,Yuwan Das,IND,M,,,,1731,0,40,MAY26,2009,
531099181,Zaara Khazi,IND,F,,,,1428,9,40,MAY26,2011,w
366096279,"Zad, Reyansh",IND,M,,,,1545,0,40,MAY26,2011,
531019471,Zade Mohan Kushal,IND,M,,,,1538,6,40,MAY26,2014,
88165787,Zaeem Shanavaz,IND,M,,,,1466,7,40,MAY26,2010,
48754170,Zain Abdullah,IND,M,,,,1536,0,40,MAY26,2015,
88102254,Zain Ali Shaheen,IND,M,,,,1613,0,,MAY26,2011,
537014528,Zaki Shad,IND,M,,,,1566,0,40,MAY26,2011,
46689842,Zakima,IND,M,,,,1749,0,20,MAY26,1967,i
25675184,Zalte Nikhil,IND,M,,,,1501,0,20,MAY26,2002,i
25706047,Zamindar Aadyaa,IND,F,,,,1404,0,20,MAY26,2007,wi
547001755,Zammanga Tungnung,IND,M,,,,1648,0,20,MAY26,1985,i
25979370,Zanwar Rajvardhan,IND,M,,,,1569,0,40,MAY26,2009,
537035169,Zara Iyer,IND,F,,,,1435,0,40,MAY26,2009,wi
547001100,Zatinchunglura Fanchun,IND,M,,,,1670,0,20,MAY26,1983,i
88185699,Zayan Ahmed,IND,M,,,,1475,0,40,MAY26,2011,
564037754,Zayan Khan,IND,M,,,,1609,0,40,MAY26,2011,
429029996,Zayan Shameer,IND,M,,,,1488,0,40,MAY26,2013,
88111687,Zende Anvay Salil,IND,M,,,,1442,0,40,MAY26,2010,
558003460,Zeus Picasso,IND,M,,,,1587,0,40,MAY26,2012,
558099379,Zian Bandukwala,IND,M,,,,1663,8,40,MAY26,2016,
25124498,Zid Neo,IND,M,,,,1672,9,40,MAY26,2012,
146241582,"Zishan, Mohamed Zishan Riyad",IND,M,,,,1564,0,,MAY26,2007,i
531095020,Zochhuanawma Chinzah,IND,M,,,,1708,0,20,MAY26,1990,i
88127877,Zode Adarsh,IND,M,,,,1417,0,40,MAY26,2010,i
429092434,Zohmingliana C,IND,M,,,,1755,0,20,MAY26,1983,i
429033110,Zohran Kapoor,IND,M,,,,1571,0,40,MAY26,2012,
531094929,Zothanpuia Hnamte,IND,M,,,,1668,0,20,MAY26,1976,i
547004720,Zubair Haider,IND,M,,,,1568,0,40,MAY26,2010,